column,pc_01,pc_02,pc_03,pc_04,pc_05,pc_06,pc_07,pc_08,pc_09,pc_10,pc_11,pc_12,pc_13,pc_14,pc_15,pc_16,pc_17,pc_18,pc_19,pc_20,pc_21,pc_22,pc_23,pc_24,pc_25,pc_26,pc_27,pc_28,pc_29,pc_30,pc_31,pc_32,pc_33,pc_34,pc_35,pc_36,pc_37,pc_38,pc_39,pc_40,pc_41,pc_42,pc_43,pc_44,pc_45,pc_46,pc_47,pc_48,pc_49,pc_50,pc_51,pc_52,pc_53,pc_54,pc_55,pc_56,pc_57,pc_58,pc_59,pc_60,pc_61,pc_62,pc_63,pc_64,pc_65,pc_66,pc_67,pc_68
tag__Singleplayer,-0.013034114,-0.0035872515,0.057569817,0.024906095,0.016421702,0.039955772,-0.05246593,-0.12642556,-0.08789149,-0.07660355,-0.04185338,-0.020299051,0.0055450737,0.006613275,-0.008965409,-0.024197781,0.010357195,0.029907217,-0.055316903,0.028468357,0.024487851,0.04573693,0.021225818,-0.018631075,0.10136574,-0.032450955,-0.074001394,-0.038186096,-0.062492903,-0.066851944,-0.0775947,0.094755,-0.15297478,0.12987688,-0.1670381,-0.055303734,0.10982713,-0.13087353,0.027192457,-0.17755543,0.0880951,0.114056155,0.100754015,-0.030653723,-0.0008543062,0.2786704,0.12036592,0.30715305,0.07956718,-0.20540836,-0.064187005,-0.047977105,0.26558006,0.074184,0.22438084,-0.13950631,0.032724716,0.086353734,-0.080903426,0.22449927,-0.036962505,0.008015832,-0.05788362,-0.09934082,-0.060565032,-0.038893312,-0.04610806,-0.13883409
tag__Roguelike,-0.11253629,0.09298721,-0.017548602,0.103583895,0.011567201,-0.040655173,-0.11128922,-0.04277214,-0.0034190787,0.09208069,0.42633882,0.019165572,0.51799357,0.09931169,0.08329211,0.21448283,-0.3173489,0.3346164,-0.25188565,0.13453944,-0.04296872,-0.17575037,-0.081715845,-0.09460761,-0.008446443,-0.026648793,0.04666767,0.04209424,-0.051482476,-0.112173,0.015730597,-0.0039329147,-0.042684447,0.0029914922,-0.011665617,0.0042565977,0.042825777,-0.035050966,0.018438539,0.021488737,0.046090215,-0.020766642,0.0446779,0.04437782,-0.04988253,-0.0024045275,0.02474636,-0.042740773,-0.054905694,0.07352433,-0.049277674,-0.0046203877,0.012950006,0.040729452,-0.041599143,0.015165329,0.0037610051,0.00127947,-0.015392488,-0.019162472,-0.071640804,-0.02204529,0.020746967,0.018425528,-0.01195953,-0.010207379,-0.01362609,-0.0027288303
category__Steam Achievements,0.020670272,0.33169535,-0.030926002,-0.11637878,0.14666378,0.24759403,-0.073044,-0.03289903,0.2775463,-0.31851566,0.06353771,0.15956904,0.026384482,0.1464396,-0.015207761,-0.17795263,-0.054635294,-0.053360607,-0.10445829,-0.13993984,-0.068450205,0.11261667,0.12005288,0.10374998,-0.10437734,0.04488737,-0.044502016,-0.17850307,0.043658737,-0.28670207,0.10509327,0.14099815,0.19714865,0.12242084,0.08826581,0.054849356,0.13422409,0.03271087,-0.21599697,-0.023830943,0.05883144,-0.029906275,-0.113106646,-0.16024336,-0.15442552,0.021831028,-0.02818874,-0.086146206,-0.04143936,0.021818556,-0.036475383,-0.043396156,-0.03805775,-0.022400718,0.01866431,-0.041417785,-0.0020512606,0.018737998,-0.04599365,0.0280945,-0.08594977,-0.014919078,-0.101395056,0.03448786,-0.009031659,0.044333674,0.047349736,0.017684737
tag__Roguelite,-0.049574118,0.18368167,0.06948766,-0.04185126,0.29055035,0.054489806,-0.08575804,0.28372577,-0.034011137,-0.0526041,-0.049665097,-0.31418738,-0.46081263,-0.12973228,0.37358898,0.26073715,0.008896604,0.15638731,-0.22135666,0.05430028,-0.002920902,-0.08224015,-0.028111279,-0.16611056,0.0038111156,-0.11744943,0.0764194,-0.0073286,0.08716943,-0.11346396,-0.0017816387,-0.048974,0.10197189,-0.007151243,0.044655357,-0.038597822,0.047734383,-0.10945771,0.034406267,-0.047298416,0.01785667,-0.025394479,0.039408542,0.040229563,-0.00076360913,-0.00491937,-0.031826764,-0.01895479,-0.025381245,0.006341786,0.023721019,-0.049414653,0.03349427,-0.011526416,-0.04017084,0.051920544,0.0020876098,-0.0013727389,-0.060788494,-0.0047994494,-0.04216069,-0.029607194,0.023057332,0.0006684276,-0.028471436,0.048399884,-0.029032312,-0.04394576
tag__Action,0.4029916,-0.009669125,0.012951741,0.020939773,0.07914422,-0.1014085,0.0027985908,-0.06453665,-0.02693039,-0.023909247,0.12465523,0.06770712,-0.07289789,-0.08966131,0.0081459135,-0.06056732,-0.026092919,-0.07723897,-0.012723703,-0.012351742,-0.025446225,0.0050140903,-0.050230343,-0.13998553,0.09071606,0.0032309254,0.031604122,-0.008468213,-0.06318832,-0.061319698,0.12689087,-0.08335951,0.009386787,-0.044072624,0.0134762,0.079435974,-0.030503735,-0.05850868,-0.01843447,-0.06461864,-0.042933352,-0.020552352,0.050033305,0.107627526,-0.116406865,0.13582827,0.022028588,-0.0696283,-0.19824374,0.03819711,-0.18525074,0.12313685,0.13131872,0.03255003,0.14541094,-0.0332205,-0.11691474,-0.011226669,0.28502792,0.19612639,0.033195887,0.005675389,-0.053841032,0.03888763,-0.05358513,0.113906905,-0.021626454,-0.09678129
tag__2D,-0.096541576,0.13975795,0.50067544,0.19465782,-0.13455874,-0.030237868,0.08158467,0.120483525,-0.03466289,-0.026811365,0.051313866,0.15362501,-0.033128932,-0.06051353,-0.03884009,0.03974622,0.13152054,0.10368771,-0.06860952,0.022023525,-0.2026367,0.22436318,0.03553524,0.0026261169,0.21040247,-0.03969979,0.027295746,-0.036633663,-0.093719974,-0.05456188,0.09151324,-0.041160543,-0.104051724,-0.05798244,-0.14699104,0.13768907,-0.030933985,0.01490841,-0.13754247,-0.117921904,-0.02863813,0.2557294,-0.121836424,-0.018710447,0.051759604,-0.19976641,-0.108467005,-0.08582786,0.08416262,-0.0703202,-0.022280555,0.0043496024,-0.0358386,0.10922238,0.023415051,0.074569926,0.00993045,0.0614816,0.033314586,0.0275681,-0.016058788,-0.049353074,0.0771334,-0.034987565,-0.078979604,-0.039741315,-0.07356566,-0.01065413
category__Steam Cloud,-0.030047465,0.4131902,-0.09586516,-0.08518196,0.22221157,0.28618693,-0.068463385,0.044561714,0.1852401,-0.12590186,0.10610691,0.23187037,0.018496774,-0.07441673,-0.12248378,-0.013215234,-0.06487816,-0.07056837,0.10802109,0.05060308,0.01625092,-0.02418478,-0.012593208,-0.013433192,0.24443619,-0.14789434,-0.025110101,0.14519659,0.07304858,0.32470128,-0.19757375,-0.10412972,-0.17393528,-0.23376583,-0.11449061,-0.06289009,-0.054017976,-0.026916193,0.23265953,0.006707377,-0.025990864,-0.020788277,-0.046116456,0.100592405,0.03204406,-0.021086775,-0.057685964,0.009708922,0.051601082,-0.04888161,0.040918816,0.016880292,0.06551847,-0.052516904,-0.009739533,0.047352817,-0.022431592,-0.014347756,0.036849644,-0.049192257,0.051424697,-0.019878237,-0.042007778,0.020363715,-0.0069227833,-0.016911317,-0.002609428,-0.010449389
tag__Action Roguelike,0.3693859,0.04464464,0.06491427,0.091383785,0.139399,-0.110724434,-0.0028195467,-0.09701851,-0.07647506,0.042291537,0.21206534,0.052179534,-0.01481973,-0.14379992,-0.090073064,-0.1336542,0.07318395,-0.11040013,0.18242556,0.009982511,0.011614557,-0.042983484,0.04084721,-0.23338275,0.112412564,0.054394476,-0.022100866,-0.021438586,0.011266828,-0.025077429,0.0009018809,-0.052429333,0.05761311,0.039846785,0.109629855,0.1705678,-0.036357712,-0.26865435,0.09802349,-0.018104782,-0.008140362,0.023698991,-0.0126717575,-0.031118432,-0.17728867,-0.072319016,0.013155155,-0.052310854,0.005340114,0.2018931,0.05677215,-0.072880566,-0.06172123,0.13162985,-0.18459639,0.054757938,0.13104345,0.022311533,-0.22503859,-0.013362579,-0.056002453,-0.06208469,0.061546322,-0.0631586,0.019892514,-0.01879937,-0.0477183,-0.06882997
category__Full controller support,0.18222037,0.3634787,-0.10110665,-0.037569363,-0.06268627,-0.009042244,0.042472795,-0.023170877,-0.26364523,-0.07742688,-0.26646706,-0.05245593,0.11867324,0.1863757,-0.0047585503,-0.12306398,0.05416559,0.14673384,0.05954381,0.41431898,0.1689535,0.07079031,-0.06190058,-0.09784721,-0.06020108,-0.094364196,-0.040693887,-0.044620425,-0.05757283,-0.0033093193,0.053076614,-0.002657699,0.08954668,-0.005188695,-0.010316026,-0.0052451156,-0.06958106,0.059643056,0.035725027,0.0104736155,-0.00081053696,0.10433994,0.0031073573,0.01383734,0.06534046,-0.025450494,-0.028227834,0.026712783,-0.10871191,0.0034243434,0.011047694,0.09985908,0.058324065,-0.09968478,0.030257983,-0.02030521,-0.04060572,-0.06491375,0.10411046,-0.009239293,-0.09647995,0.003981375,0.11034092,-0.071390696,0.0566682,0.063481905,-0.025317442,-0.071895875
tag__Strategy,-0.36193454,0.03019661,0.021566212,-0.08142229,0.13957311,-0.05924466,0.040139865,-0.019139618,0.045300674,0.022860155,-0.15023404,0.008935946,0.09283332,-0.16061121,0.1247038,-0.09294317,-0.006094006,-0.007598279,0.11980072,-0.018117622,0.004315925,-0.08699369,-0.043304417,-0.24782355,0.02983492,0.08167788,-0.033215784,-0.05222879,-0.050492816,0.21264027,0.08566127,0.056067456,-0.083405964,0.1874601,0.058679994,0.13480361,0.010117968,0.07137648,-0.06340057,-0.015976883,-0.06516709,0.009805187,0.03936388,0.016221624,-0.18938765,-0.1479192,-0.06792754,-0.08620793,0.05486065,0.20434102,-0.18701628,0.30039307,0.1463186,-0.05168086,0.029989874,-0.14683767,0.12608764,0.08552365,0.02296178,0.10233246,-0.06834468,0.14289941,-0.13342202,-0.013235137,0.013394481,-0.122673154,-0.06950416,0.041360255
tag__Casual,-0.051236186,-0.08180602,0.24134098,-0.22350717,0.05652913,0.31853902,0.34614897,0.0290573,-0.14681901,0.17319229,0.21429135,-0.22099492,0.09188829,0.28000313,0.21199682,-0.2036569,-0.06416413,-0.08994276,0.09312124,-0.15022844,0.12228916,0.14152971,0.10291596,-0.07481882,0.050524198,-0.21949434,0.026941363,-0.08983371,0.0946085,0.0012995179,0.08176754,0.030868199,-0.07601418,-0.046814196,0.058809325,0.13881128,-0.079374015,0.04747608,0.11499377,0.0701348,-0.020170422,-0.037131663,0.075972095,0.050253585,-0.006231154,0.09950234,-0.058877904,0.016311675,-0.09184524,-0.03432851,-0.028295785,0.025110593,-0.016030122,0.007653083,0.0049756,0.013114609,-0.053107277,0.018515585,0.0794434,-0.07115221,0.040155623,-0.0027004417,0.020775473,-0.008729174,-0.046754315,-0.052484453,-0.04019995,0.0015736797
tag__Pixel Graphics,0.052536316,0.12397138,0.40840775,0.24010672,-0.19998135,-0.0795422,-0.115687475,0.10081099,0.18011057,-0.09409787,-0.122731,-0.05716239,-0.01868616,0.07990831,0.05625528,-0.06860001,-0.2936585,-0.17039159,0.046895422,0.042746954,0.23052569,-0.22250792,-0.0040628207,-0.058097824,-0.16228051,0.13044125,-0.120225534,-0.027070422,0.21498957,-0.024253633,0.039584972,0.088002324,-0.07862631,-0.15121166,0.04392772,0.04017278,0.04218726,-0.04270515,0.09397174,0.021191217,-0.022134783,-0.10125777,-0.11062142,0.11195768,0.020503426,-0.09215221,0.14048317,0.12386235,-0.0898231,-0.0800936,0.00040756958,0.10212016,-0.056021657,-0.05404809,0.03069373,-0.020259894,-0.032744285,0.1055264,-0.040931724,0.047289684,0.0814711,0.07807418,0.06879453,-0.037645265,0.046842285,-0.043504406,0.0048125666,0.04381443
tag__RPG,-0.03540185,0.06000342,-0.11963704,0.39533156,0.16719162,0.26535228,-0.03659338,0.10544178,0.044526327,0.45438945,-0.08497094,-0.07223247,-0.10357668,0.15859383,-0.092539065,-0.059205513,0.003280082,0.15828861,0.010156091,0.012828687,-0.020802177,0.18473414,-0.008925715,0.026691254,-0.05759369,0.2775972,-0.21702556,0.13773753,-0.0214942,0.03501383,0.0052648713,0.024431506,0.0019165695,-0.032058675,-0.042244755,0.14849183,0.01422446,0.0027788184,-0.09415593,-0.009160225,0.0101528745,0.023128822,-0.10110883,0.15238431,-0.104073144,0.14072403,0.011854563,0.009325668,-0.00088809733,0.10395287,-0.009465839,0.033795647,0.009993118,-0.011367778,0.02173553,0.026564475,0.028281046,-0.051025704,-0.009312687,-0.017098358,0.03590816,-0.0707557,-0.08479118,-0.08942859,0.003562204,0.062954165,0.07251153,-0.067453094
tag__Fantasy,-0.045914665,0.07409015,-0.01783259,0.36338857,0.20583875,-0.058375258,0.36226702,-0.17422768,0.11152682,-0.13592616,-0.023528844,-0.10803999,0.10560399,0.13794495,0.017188236,0.1825076,0.08541521,-0.36976576,-0.17278972,0.10882668,-0.0605889,0.10011185,-0.08548621,0.04083831,-0.17375548,-0.015770575,0.3209464,0.101630405,-0.04531896,0.05158296,0.028444383,-0.038414888,0.061702564,0.048336,-0.05929049,-0.07822187,-0.16438538,-0.012566012,0.042084854,-0.10505558,-0.1289894,-0.048287313,-0.010060175,0.051884957,-0.12966454,0.004871589,-0.10200787,0.07985871,0.0070583806,-0.051902406,-0.015894933,-0.014206866,-0.04832822,0.0009377854,-0.0115681365,-0.03549774,0.05882898,-0.036510494,-0.0039277193,0.0016420571,0.015340919,0.024292763,-0.023356102,0.022733506,0.07950815,0.022687206,-0.1012647,0.046760693
tag__Adventure,0.057879124,-0.054185845,-0.16458851,0.2879484,-0.22889571,0.19382638,-0.071594305,0.097138435,-0.08435605,-0.051080048,0.035319734,0.38020924,-0.04360445,0.15152912,0.489385,0.027373603,0.052667044,-0.08734555,0.1435651,-0.026543653,-0.13121486,-0.14176176,0.04575132,-0.19674164,-0.010329574,-0.06651209,0.022341419,-0.03424578,-0.12030373,0.085036635,-0.10294303,0.10086399,0.113022424,0.08826441,-0.016042797,0.12105767,0.006761979,0.030267213,0.023591857,0.06437432,0.13756531,0.04328702,0.0813209,-0.037890658,0.005500294,0.015082441,-0.05084262,0.036830284,0.046939075,-0.10659379,0.09313078,0.037704226,-0.094185,-0.01839277,-0.047618065,0.006082232,-0.025772614,-0.1355022,-0.033215433,0.024500703,0.050216302,0.0940144,-0.013601503,-0.029262712,-0.017959502,0.0061176624,-0.056066666,-0.020223124
tag__Combat,0.15386042,-0.07550207,0.034036607,0.13215078,0.10432223,-0.078273624,0.15209454,-0.32138932,0.17637703,-0.15668781,-0.10694298,0.10894897,-0.13069138,-0.019289153,0.25790718,-0.0081590675,-0.26854745,0.49773368,0.19925365,-0.15336657,0.031837557,0.23171397,-0.2078242,0.15397872,0.0359017,-0.032813467,-0.06239195,-0.005524724,-0.023747668,0.043136876,0.050542906,-0.008706601,-0.060096316,0.030898415,0.12151428,-0.0877275,-0.036506273,-0.02979725,0.08024118,0.052124042,-0.124619566,-0.034563903,-5.4063557e-06,0.0068366337,0.037899025,-0.010114956,-0.11231617,0.06072823,0.06471356,-0.022721704,-0.03022769,-0.0049238447,-0.04135883,0.019641781,0.0050763506,0.0132830255,0.010450028,0.055115126,0.022771975,-0.07078083,0.022322398,0.01566467,0.011934883,0.017455269,0.012623282,-0.03886866,-0.025846163,0.030913973
tag__Top-Down,0.12117605,0.043400105,0.14981945,-0.016602365,0.17034563,-0.10336692,-0.07149722,-0.03956224,0.12306493,0.11719803,-0.119976625,-0.0092846975,0.2884665,-0.08460669,0.30536938,-0.058559507,0.3755638,0.12219811,0.02115451,-0.14730586,0.09090329,-0.19271947,0.3095856,0.24545552,-0.14603236,-0.0064033037,0.005774343,-0.011556816,-0.18432648,0.11260891,-0.07655167,-0.018730123,0.07904787,-0.20059627,-0.10959211,0.013746732,0.06968993,-0.06208744,0.06600073,-0.09057695,-0.049583893,0.05934918,0.042428013,0.10521794,-0.04414929,-0.029486459,-0.022133071,-0.03173685,-0.10460102,-0.026714483,0.001897462,-0.07695422,0.0044606635,-0.0126211895,0.082704015,-0.026571775,-0.13925946,0.05557928,-0.01975464,-0.023778105,-0.05039342,-0.087472536,-0.07158201,0.08965561,0.027364949,0.04554689,0.011029214,0.023272648
tag__Bullet Hell,0.18511765,0.052935123,0.21635716,-0.10439062,0.21719596,-0.061189346,-0.097079314,0.0031358772,-0.020797126,0.23750748,0.043393362,0.07427048,0.05299639,0.11446188,0.010725403,0.08614755,0.09847101,-0.12487585,-0.048544843,0.048144296,-0.12717687,-0.021188283,-0.22249477,-0.061177727,-0.06872529,0.034824718,-0.090640485,0.022858493,-0.002355116,-0.0108194,-0.14781569,0.13850087,-0.07817406,0.01647538,0.3915152,-0.13984227,-0.023030123,0.0674349,-0.0726369,0.08979644,-0.095117405,0.05009872,0.05470286,-0.23417914,0.14139403,-0.092786364,-0.17979431,0.09242721,0.06764708,-0.07364004,0.09985207,0.12864988,0.048417725,-0.016924363,0.064305454,-0.043706097,0.0053050327,0.008895463,-0.04470168,-0.04844333,0.053793214,-0.032825638,-0.118869096,0.027482584,0.04517943,0.028244462,0.11112814,0.028029637
tag__3D,0.08589873,-0.14000002,-0.30617386,-0.11815351,0.14734906,0.041899975,-0.003437397,-0.16885474,0.028785685,-0.028647281,-0.047794856,-0.15182646,0.009636701,0.22326517,0.13761318,0.011042329,-0.068990715,-0.069516055,0.011717486,-0.033136036,0.11647823,-0.14236945,-0.030066226,-0.09252893,-0.002708269,0.1251116,0.028301466,0.03791955,-0.014561741,-0.13459176,-0.023907766,-0.054836113,-0.24058029,-0.13122006,-0.08238437,0.15219092,0.082342744,-0.011235499,-0.08635649,-0.14836837,0.04604527,0.23801118,-0.26161137,-0.11040401,0.05664612,-0.2705415,-0.13142373,-0.04006363,0.046256453,-0.054328837,0.036573157,-0.08948261,0.033363026,0.0663826,0.093400925,0.072018065,-0.057234637,0.07463758,0.013114185,0.057764318,0.109529145,0.035753597,0.09996295,-0.047467448,0.05370966,-0.09855078,-0.007578509,-0.09414153
tag__Procedural Generation,-0.036329743,0.076284036,-0.057712458,0.06315387,-0.08495879,-0.15997523,-0.22236638,0.05261696,0.09135281,-0.1766387,0.15988198,-0.294974,0.094910145,0.13781856,0.14139955,0.14234708,0.2531198,-0.07648512,0.23338658,8.522309e-05,0.14767459,0.20834069,0.006195996,0.002339899,0.45405045,0.25632453,-8.870158e-05,0.10561298,-0.14212914,-0.10726835,0.10516236,0.06714227,0.04421816,-0.04227389,0.10161784,-0.09918163,0.029425295,0.14030114,0.033408836,0.09732196,-0.006117552,-0.05801959,-0.04834204,0.028540073,-0.043486364,0.06904656,-0.015511857,0.01838229,0.050769866,-0.0028345909,-0.032370318,0.07541324,0.046402168,-0.048136983,-0.037392937,-0.0092272265,-0.07597919,-0.007119345,-0.00034971704,-0.09116523,0.03699511,0.029721476,0.00032564776,0.029511368,-0.008836493,-0.056607217,0.035016403,0.044496533
category__DualShock Controller Support,0.094737716,0.32096875,-0.10707514,-0.023690762,-0.15925184,-0.07053835,0.1380943,0.0031463949,-0.25584382,0.07567004,-0.18540633,-0.043819442,0.12852037,-0.114023246,0.08638776,0.12293339,-0.14567588,-0.07109845,-0.06713128,-0.2819444,-0.07372178,0.054879136,0.029068971,0.025549756,0.05968719,0.07277325,-0.031625334,0.0019270764,0.017859567,-0.0005038018,-0.029081808,-0.054263767,-0.04113329,-0.029083192,0.061808053,0.014339237,-0.0057109594,-0.000253165,-0.023365248,-0.020498848,0.028778516,-0.02819104,-0.05762386,-0.038378816,-0.041004505,0.0035162044,-0.0065550976,-0.005331447,0.045613963,-0.013211254,-0.02650986,-0.05273993,0.0251637,0.011836833,-0.033226136,-0.013500624,0.028864216,0.01925213,-0.014109272,-0.002967751,-0.009875249,0.007409088,-0.017247347,0.040195502,-0.0365645,-0.007044079,0.015586409,-0.016361028
tag__Deckbuilding,-0.24070376,0.076689065,0.021762015,-0.04167029,0.11719565,-0.23568825,0.019252324,-0.0836932,-0.1731576,-0.04728762,0.1155637,0.10449109,-0.10157447,0.03816802,0.12313906,-0.1271756,-0.057818986,-0.07295724,-0.030020358,0.07129679,-0.020974612,-0.08888102,0.011928671,0.034519877,-0.0062267906,0.13535547,-0.12338486,0.014154806,0.06397345,0.00089645234,0.07295808,-0.06996015,0.06438879,-0.06699154,-0.047676187,0.048131913,-0.058706447,-0.025486328,0.07387195,0.010027207,-0.012569424,-0.03628364,-0.048157047,-0.015890077,0.04103463,0.089755625,-0.018791309,0.033945113,0.061485816,0.06717137,0.03691283,-0.014711057,-0.0270972,0.0105653815,0.012918134,0.0067678676,-0.030541651,0.02456482,-0.0013239057,0.007969786,-0.07827181,-0.020310916,0.0031909398,-0.03412972,0.21347131,0.06314185,0.011671995,-0.1371961
category__DualSense Controller Support,0.078579396,0.30628318,-0.09433436,-0.020149982,-0.14778621,-0.07759727,0.12261904,0.020209266,-0.24201383,0.08234281,-0.17963533,-0.05654946,0.1323858,-0.0923676,0.08164129,0.09903788,-0.13530867,-0.07513843,-0.04196048,-0.28177685,-0.06582156,0.075861715,0.041012477,0.031900153,0.03406729,0.08245345,-0.04501853,0.0012128808,0.025188921,0.00255036,-0.05898212,-0.03184942,-0.032499675,0.0021323443,0.06082586,0.017090177,0.036841214,0.0021377953,0.00063753873,-0.04660337,0.016544243,-0.057353366,-0.031984612,-0.0053543374,-0.004881402,-0.0034156505,0.0069279475,-0.01999538,0.07243378,0.0014641779,-0.02646966,-0.015426479,-0.027620338,0.032606803,-0.056020286,0.0073154545,0.008441976,0.034997508,-0.045362122,0.019290948,0.040121008,0.0017154897,-0.034250867,0.01537427,-0.03302376,-0.025790166,0.02900105,0.047576856
tag__Early Access,0.010692889,-0.0049260114,-0.026799386,0.0354396,0.14689273,-0.063686326,-0.023624223,0.14876112,-0.05490503,0.15283498,0.06268062,-0.029513963,0.01456182,-0.14441922,0.029585864,0.21305788,-0.2405741,-0.17641087,0.46663603,0.21331269,-0.066316225,-0.027284103,-0.04512564,0.334714,-0.03663851,-0.2637311,0.05799572,-0.22007792,-0.13561293,-0.106041774,-0.04908213,-0.107472815,0.038596395,-0.055148933,-0.058314215,0.13786983,0.10099811,0.041186124,-0.21705195,0.07510758,0.065110244,-0.057594538,-0.1427999,-0.0441981,-0.07721577,0.03288433,-0.041815866,0.07478403,0.026641093,-0.04676498,-0.09561775,0.013438471,0.05353743,-0.039050195,0.0879317,-0.031316824,0.03871001,0.07691538,-0.01989671,-0.023735957,-0.028768925,-0.0036191118,-0.00031815597,-0.030590495,-0.015460823,0.01991261,0.003746979,0.015338814
tag__PvE,0.058111344,-0.02088045,-0.0045426963,-0.015053356,0.077286944,-0.20432255,0.13439457,-0.03599944,0.1991649,-0.030854266,-0.08495625,0.019747384,-0.04317206,-0.00012809286,0.013165444,0.02740323,-0.12171172,-0.025810616,-0.13801089,0.14969449,-0.045294575,0.05300215,0.5118824,-0.09298464,0.04259621,-0.17710812,-0.23037593,0.32244515,-0.15934832,-0.1199602,-0.13268617,-0.18429802,-0.114896886,0.16096503,0.12284298,0.17842513,-0.0013367847,0.19288018,-0.035896517,0.16157219,0.063409954,-0.085350715,0.008584853,0.029222582,0.13733451,0.086640395,0.017400691,-0.031140853,-0.02204574,-0.042259667,0.014495762,0.08766023,0.0076080826,0.003789842,0.029257985,0.017299717,0.058142252,-0.046901803,-0.039881527,-0.008290821,0.035887796,0.08820783,0.017201243,-0.026950128,0.014376631,0.008272241,0.009523835,0.010118054
tag__Arcade,0.117277786,0.070630565,0.14983007,-0.1300727,0.029415216,-0.008437246,-0.013162535,-0.005675344,-0.034600068,0.01950577,0.032484993,-0.109147,-0.09139273,0.24971353,-0.05180499,-0.10960391,-0.08732332,0.05301452,0.09609806,-0.16010256,-0.19004972,-0.1715349,-0.06532597,0.022540152,0.041821197,-0.038353298,0.108851686,0.17222425,-0.1692713,0.14502072,0.026066659,-0.19199462,0.2067885,0.29396263,-0.12808584,-0.20796616,0.073854305,0.13138437,0.0022587685,-0.022958307,0.25326747,-0.017288672,-0.18215057,0.24138632,-0.036699597,-0.2311018,0.11573493,0.12009173,0.002271504,0.053660233,-0.0011042284,0.06840193,-0.009830831,0.08184979,0.027867103,-0.076034516,0.052925818,-0.02939677,-0.039078265,0.012991899,0.04648667,-0.09732366,0.012916155,0.03256441,0.0906576,-0.041044615,0.07773952,0.0050962325
tag__Colorful,0.010277793,0.014284892,2.5797635e-06,-0.108061686,-0.030025143,0.069687866,0.13949756,-0.122567445,-0.01840064,-0.12899895,0.11153402,-0.020150706,-0.047808155,0.005442596,-0.1017977,0.3538447,0.061936766,0.028559966,0.22001041,0.06063592,-0.33415735,-0.036402903,0.1705166,-0.11811252,-0.23152688,0.25320122,-0.25421432,-0.21290804,0.06365771,-0.030875808,0.072752304,0.12562469,-0.02365914,-0.028407302,-0.008306449,-0.03117339,-0.032262664,0.05958571,0.1335872,-0.048065677,0.05825172,-0.0075170808,0.052384224,0.3224016,0.11113848,-0.03421871,-0.18974094,-0.013675009,-0.085778646,-0.0018677394,0.027609652,-0.011210501,0.19862431,0.013998607,-0.0012216831,-0.03202038,-0.046129357,-0.014255174,-0.012286106,-0.0077397414,0.060214255,-0.044806037,0.057691928,0.07780685,-0.05578885,-0.006767745,-0.01900325,0.049070314
tag__Controller,0.12197317,0.10005373,0.015851405,-0.04987127,0.047804143,-0.026495045,0.10060963,0.0044807717,-0.073443845,-0.10224362,-0.09915165,-0.054125793,0.0010094906,0.096631326,-0.0033028964,0.02540122,0.11144892,0.07431319,0.113559306,0.12498398,-0.05453081,-0.2078439,-0.083343334,0.24078108,0.048849236,-0.09461555,-0.034584112,0.23696458,0.16536538,-0.09189922,-0.02419906,0.4542641,-0.1407938,0.15231901,-0.18994339,0.16013108,-0.09635528,-0.021091156,-0.12980197,0.11025218,-0.051024232,-0.018344065,0.24303015,0.103153236,-0.070709966,-0.06643733,0.084571846,-0.20462465,0.15227672,0.030712198,-0.0334348,-0.033538267,-0.017259832,0.092188284,-0.034248825,0.05695561,0.017591828,0.021608034,-0.030304536,-0.032950565,-0.014545241,-0.035104223,-0.00024865128,-0.09160266,0.056858607,-0.06898672,0.05860874,0.015825806
tag__Cute,-0.008918536,0.032674804,0.062386833,-0.060584754,-0.0086617395,0.11861982,0.18706957,-0.0019201776,-0.07909932,-0.061391093,0.15191174,0.09266688,-0.055983767,-0.051772356,-0.055667426,0.25090694,0.09645791,0.04084928,0.016700326,-0.029830726,0.3960712,-0.101600364,-0.009267064,0.023738232,-0.1264618,0.017805507,-0.20172778,0.20247701,-0.09537357,0.08340375,0.1428872,-0.0047047846,0.15329385,-0.06185269,0.11929358,-0.02321107,-0.21157536,-0.09365246,-0.14828078,0.18028633,0.19041732,0.23222378,-0.18565473,-0.029026441,0.027905786,0.09060391,0.015533313,0.055770304,0.13468452,-0.015832037,-0.09364983,-0.027165888,-0.10915034,0.021033084,0.010075844,-0.08678247,0.07722338,0.00018210727,-0.014731827,0.151993,-0.135063,-0.034473848,-0.03683393,0.124598585,-0.0034383524,-0.14654116,-0.01324223,-0.025832588
tag__Card Game,-0.21774451,0.050455038,-0.023767319,-0.017143913,0.111614875,-0.18716398,0.0014991551,-0.050577246,-0.18321973,-0.018399099,0.078344375,0.12515791,-0.11507123,0.07515939,0.10215489,-0.14083256,-0.012546977,-0.047533408,-0.02166836,0.025751365,-0.049706805,-0.016329285,-0.0005536082,0.11385634,-0.014084428,0.08406548,-0.07067921,0.007296508,0.07074263,0.0038185318,0.0060646045,-0.07733656,0.023495058,-0.07711246,-0.027927997,0.012882875,-0.02753844,0.07818028,0.016100906,0.0047883186,-0.056084976,0.023578636,0.0073847165,-0.0268297,-0.05284545,0.0042654155,0.04029712,0.01821904,0.017267108,0.024254821,0.073090695,-0.04013309,0.024547257,0.034648355,0.015416715,-0.041519437,-0.08363737,-0.12615408,-0.018525446,0.033926442,0.094811425,-0.09391404,-0.0057894085,0.004706127,-0.011757445,-0.07877037,-0.010889884,0.12334154
tag__Shooter,0.11174315,-0.027402272,0.028952854,-0.13549711,0.04588249,-0.084875084,-0.12971072,-0.021826683,0.053956144,0.056456838,-0.043096896,0.16422904,-0.051025536,0.11989735,0.06577899,0.22118682,-0.015483169,-0.082313284,-0.16784975,-0.07730553,0.15560028,0.21402653,-0.07972304,-0.038073044,-0.037656393,0.045743518,0.023820378,-0.25209126,0.014092042,0.03051486,-0.019011004,-0.069934316,-0.09056708,0.06717177,-0.23492393,0.12512396,-0.1694257,0.12029052,0.001964904,0.18915707,0.011328231,-0.03787492,0.060563046,0.19940393,-0.10470149,-0.022232575,0.18612625,-0.15868121,0.13897163,0.03613741,0.013192928,0.07196505,-0.053996343,-0.06306181,0.14114726,-0.067183435,-0.06569066,0.017226733,-0.15299854,-0.11650404,-0.06268879,-0.10636996,0.023630217,-0.0064035268,-0.04125873,0.030706475,-0.05892363,-0.0713335
tag__Survival,0.050815888,-0.04143596,0.02729472,-0.061177496,0.04211646,0.054112133,-0.052133124,0.0059700594,0.01646102,0.11077669,-0.06993721,0.05718959,0.18515533,-0.15940617,0.14258584,-0.039734337,0.053955697,-0.14712945,0.0065819207,0.019051023,-0.112345524,0.17096338,-0.2405882,-0.13367921,-0.07172915,-0.13414223,-0.25369793,0.2611613,0.12202163,-0.19203839,0.34886247,-0.107647024,0.118104056,0.00016075875,-0.27729407,-0.13458768,0.1678518,0.047715798,0.08649398,0.12702364,-0.014962752,0.04511066,0.022771617,0.007577818,0.03349799,-0.077835105,-0.052056555,-0.011046911,-0.010122467,-0.08405679,0.06869794,-0.09206208,0.049256105,-0.045686547,-0.041956708,-0.086576425,-0.05284554,0.03981154,-0.03523982,0.026181843,-0.06977571,0.12979615,-0.02435798,-0.07591704,0.041606255,0.018065207,0.039765652,0.04994008
tag__Retro,0.030428354,0.04204122,0.15693685,-0.009530997,-0.1103776,-0.06681653,-0.07557614,0.03194193,0.08912156,-0.019327758,-0.08769308,-0.16137439,-0.08325102,0.20569876,-0.06948859,0.0033375018,-0.16743354,-0.045811605,0.019522175,-0.03960689,-0.03748306,-0.15608506,-0.018530913,-0.058645964,-0.11609925,0.03235147,-0.109297164,-0.00807372,-0.2687085,0.1945497,0.039897628,-0.0655034,-0.02552361,-0.008923756,-0.18106793,-0.077202864,0.022622917,-0.025966184,0.08339158,0.1599485,-0.049603663,0.090033695,0.1112741,-0.31162897,-0.20135544,0.25200087,-0.27481073,-0.26876312,0.11331607,0.0070250495,-0.065158874,-0.19130254,0.13107593,-0.027385937,-0.09911494,-0.01760941,0.018949302,-0.04316435,0.046676703,-0.074732766,0.014369601,-0.04874382,-0.045858182,0.0140399635,-0.033617876,0.017010704,-0.06730671,-0.029197782
tag__Dungeon Crawler,-0.0039278874,0.08398952,-0.07533325,0.1592313,-0.018119868,-0.03047844,-0.07152677,0.017006375,0.08297789,-0.007316882,0.12444646,-0.15892789,0.060214467,0.07302138,0.056394897,0.043855645,0.06968096,-0.018611567,0.060766395,-0.044032384,0.05852517,0.066748664,0.13413596,0.015803589,0.05424836,-0.06005045,-0.18250284,-0.21028048,0.23428747,0.20506333,0.007805584,-0.20749968,-0.055542342,0.28857532,-0.11803336,-0.068518154,-0.18326208,-0.13843305,-0.22117516,0.07083491,-0.0059029493,0.03364375,0.16512911,-0.22689259,0.24221906,-0.23584935,0.034380738,0.06262514,-0.090240225,0.14493327,-0.035697397,-0.10653687,0.06320374,0.07420051,0.024547812,0.013795225,-0.07641114,0.027496103,0.08321999,0.025587834,0.03516557,-0.04510912,-0.026931504,-0.038553897,0.07840414,0.112602524,-0.021647587,0.031649373
tag__Hack and Slash,0.09677274,0.040538188,-0.08798133,0.14066704,0.064715035,0.025163354,0.049812388,-0.03558634,-0.03950502,-0.022323677,0.09821003,-0.14287366,0.001298238,-0.19343477,-0.06468374,-0.15326464,-0.07801278,0.082223825,-0.023713732,-0.057595965,0.058061723,-0.13045895,0.19297498,-0.030065406,-0.042392325,0.02263323,0.04158888,-0.12420455,0.009580367,-0.0976331,0.20000662,-0.00962831,0.05931326,-0.15856972,-0.21167827,-0.17088792,-0.10211041,0.06534902,-0.034487855,0.10989276,-0.02049256,0.082949236,0.10144654,-0.11766365,0.022878697,-0.07820979,-0.08725204,0.016735308,0.13709788,-0.08409507,0.16734964,0.32852167,0.014876876,-0.1277961,0.20040654,0.019725028,0.2418144,-0.08409477,-0.09438532,-0.13784039,0.14605184,-0.028905138,0.010783816,-0.05598477,-0.11082351,-0.0471978,0.11489072,0.044068582
tag__Difficult,0.010232062,0.10947582,-0.04932391,0.022361744,-0.031230656,-0.11213916,-0.16721092,0.018353004,-0.005751656,-0.019800479,0.17564628,-0.081048906,-0.046468023,-0.09291009,-0.064300545,-0.061909053,0.037569586,0.032956675,0.07580899,-0.15440376,0.032330822,0.16669483,0.053512186,-0.12164422,-0.38918546,-0.13032492,0.14161508,0.041692473,-0.00042384115,0.0038391012,-0.15070929,0.056489643,-0.1579248,-0.017882047,0.018437468,-0.037033055,0.08152384,0.23542976,-0.013855798,0.08331702,-0.1823574,0.11608803,-0.056968063,0.081213295,0.031450115,0.027331898,-0.039903287,0.08953859,0.12768759,0.06861357,-0.0915838,-0.018275527,-0.030815393,-0.06369201,-0.16058768,0.03411923,-0.23484048,-0.03821485,0.03719993,0.17364174,-0.11706355,-0.08204438,0.076371245,-0.14959762,0.008122694,-0.130173,0.009572998,-0.07102726
tag__Turn-Based Combat,-0.15805267,0.06654911,-0.049360596,0.110648036,0.02584615,-0.06333784,-0.03076442,-0.03374464,0.043926604,0.06484488,-0.1209005,0.059364382,-0.022714049,0.17520235,-0.12097686,0.094733134,0.07457269,0.014650848,0.10726992,-0.15926862,-0.016544532,-0.05321846,0.038360905,-0.09303689,0.04340482,-0.19643393,-0.046183653,-0.02460772,0.06387153,-0.11661351,0.016537078,-0.023311138,0.03826458,0.05811949,0.024361439,-0.026256606,-0.057855047,-0.0058820685,0.031635277,0.047701858,-0.09286972,0.05676478,0.10337456,-0.057522472,-0.18897709,0.01669442,-0.0017441548,0.1943394,-0.18997476,-0.08325456,0.006236246,0.04907453,0.11048065,-0.010073173,-0.11390583,0.19322526,0.06969209,0.18973139,-0.07814227,0.03685696,-0.049627118,-0.09936973,0.16620052,0.17482747,-0.08154429,-0.08286142,0.08939854,-0.19921575
tag__Magic,0.010730939,0.009136157,0.015681993,0.16048416,0.09569909,-0.034663066,0.18777598,-0.098652124,0.043128736,-0.046438422,0.0063945875,-0.04559136,0.025670908,0.0011055192,0.026934206,0.010252884,0.049434967,-0.13212627,-0.039635304,0.042301822,-0.02714127,-0.059956327,-0.09496689,0.07476909,0.07245212,0.013060484,-0.08000831,-0.16643628,0.09240807,0.16380283,0.042967986,-0.074642,-0.13253346,0.04522512,0.18869998,-0.08381742,0.50391454,0.034552827,0.039087772,0.10781913,0.17752692,0.29688644,0.12191838,0.10455075,0.07533979,0.06386276,0.22431988,-0.18522295,0.021347638,0.035348654,0.037626892,-0.05755418,-0.09798938,-0.24507394,0.029992675,0.117318094,0.080245644,-0.037504904,0.06295083,0.01223243,-0.06377368,-0.05249812,0.030505538,-0.007380275,-0.061632298,0.0025609322,0.07160638,-0.12784769
tag__Perma Death,0.01672786,0.031533692,-0.016907535,0.041502133,-0.05031929,-0.09064063,-0.14947386,-0.023676023,0.048464634,-0.03763652,0.09802334,-0.14348294,0.033841584,-0.036404677,-0.10789743,0.05529316,0.00087001454,0.017909208,-0.017283302,-0.101524636,0.0462414,0.059075642,-0.11275223,0.14101025,-0.12288216,-0.09150676,-0.0066596325,0.13176116,0.21055484,0.17869923,0.06993371,-0.03760571,0.28564072,0.14669544,0.11070156,0.52618694,0.017587997,0.09565251,0.28843135,-0.20364642,0.15482819,0.064660594,0.066897556,-0.086678684,0.056891654,0.004679337,-0.09372382,-0.0024255253,0.11837582,-0.13821968,0.07521089,0.036319025,0.120619565,-0.0034979526,0.11986222,-0.0065365927,-0.023923349,0.03663733,0.008492619,-0.073950484,0.08521513,-0.039883327,-0.030583814,-0.046229538,-0.07878123,-0.0007071011,-0.003120197,0.007672808
category__Custom Volume Controls,-0.025795955,0.16484016,-0.022376142,-0.091060355,-0.22264987,-0.001632832,0.0547271,-0.25454155,0.19667481,0.23579454,0.07805995,-0.015646849,-0.14777714,-0.07802176,0.077640645,0.022828184,0.059135094,-0.024233267,-0.03100691,0.10246394,0.014006291,-0.070919365,-0.03556616,0.021248851,0.045802966,-0.051857907,0.032819197,-0.02854968,0.014040161,-0.04388901,0.038949244,-0.002545313,0.024659857,0.0074531436,-0.0008243155,0.03314095,-0.00073343003,0.0027828338,-0.034689397,-0.02407292,-0.008676912,-0.024174554,-0.037132762,0.00011952408,-0.018984877,0.014022466,0.0015898561,0.03696356,0.011301321,0.03480315,0.0036550704,0.0072119003,-0.016047437,-0.003756152,0.0036342288,0.009006228,-0.03496198,-0.0005623014,0.06793472,-0.033897523,0.00028739497,0.028113622,-0.04129497,-0.004911218,-0.012799986,-0.057954945,-0.025559535,-0.014338473
tag__Free to Play,0.01704951,-0.13513689,0.025461407,0.019228378,-0.07403384,-0.093350224,0.08747954,-0.09159561,-0.004086393,0.054724865,-0.005363738,0.03375324,0.031495824,0.016380057,0.007258348,-0.0083389785,-0.011028573,0.038036488,-0.065012,-0.0037708282,0.006724231,0.065648966,0.08080184,-0.14566275,0.121905625,0.016134828,0.048882723,0.080737196,0.3926991,0.0687463,-0.33283812,0.06027478,0.31467563,-0.1556457,-0.08055664,-0.08906767,0.106729135,-0.07530431,-0.19936153,0.20144165,0.08386529,-0.10588709,-0.0952857,0.06119329,-0.1373034,-0.09247343,-0.20816687,-0.08865614,0.104491964,-0.13667674,-0.19847503,-0.013075277,0.17882249,-0.09993312,0.10364941,0.07695601,-0.01097716,-0.009492695,0.029300403,0.06667841,-0.022484146,-0.10468723,0.0062123626,0.032606132,0.085065536,0.04717463,0.011829473,-0.045141988
category__Multi-player,0.048993714,0.030431047,-0.1461387,-0.07137059,-0.039809234,-0.19762638,0.24625975,0.34550476,0.18831936,0.0787999,0.0786972,0.06054471,0.009940788,0.03838993,-0.0063784174,-0.060657404,-0.011466159,0.056937456,-0.0009624064,0.023608416,0.0014934102,0.02030063,-0.029366191,-0.00047301315,0.0031204447,0.043092776,-0.009407788,-0.04282827,-0.036122452,0.026922727,0.0337149,0.065665014,0.014343478,-0.006001503,0.009665277,-0.040806986,0.0015323088,-0.013799103,0.0704655,0.01516934,0.008056127,0.028992098,0.0025569568,0.0062956624,-0.008622294,-0.04867229,-0.00026808307,0.016180309,0.004542715,-0.026886798,0.032796793,-0.027824342,-0.0024659056,-0.0050597116,0.03717809,0.01767227,-0.037088018,0.06797062,-0.0065853843,-0.028053101,0.008738178,0.0024233805,-0.0030315993,-0.045321725,-0.008209608,-0.0176017,-0.016096028,-0.0029914435
tag__Turn-Based Strategy,-0.16178824,0.043375507,-0.026943719,0.035148874,0.05299205,-0.067529105,-0.030637786,-0.024813022,0.012717329,0.05034881,-0.114170335,0.06529586,0.026189573,0.07832585,-0.115116864,0.062168248,0.04528407,0.03239855,0.13228017,-0.14625609,0.0486409,-0.12957954,0.012458611,-0.13410154,0.059188016,-0.14543666,0.044200294,-0.023364276,0.007906467,-0.2487086,-0.018245742,-0.051339183,0.0631914,-0.043628,0.11794621,-0.033569045,-0.049035486,-0.013772108,0.07393292,0.014274839,-0.054025106,0.1491002,0.07142448,0.13946995,-0.037607092,0.010907792,0.06715658,-0.075773,0.14887235,-0.051961046,-0.01725544,-0.04848654,-0.08188787,0.08160252,0.058079697,-0.11959309,0.03571469,0.10885509,0.13912323,0.044433188,0.17026135,0.044373285,-0.020180058,0.08065321,-0.034964122,0.18628408,0.041338526,-0.05599591
tag__Replay Value,-0.057053715,0.12660107,-0.05760575,0.022013726,0.005646277,-0.1016051,-0.10227286,-0.013267783,-0.026037954,0.0057958313,0.17397505,-0.08522102,-0.06645915,-0.045938917,0.019760948,-0.08751754,0.016020488,0.0010806471,0.11142419,-0.055204164,0.05476377,0.20932923,-0.02661347,-0.10908696,-0.24902508,-0.059138007,0.12031977,0.08314197,-0.06765043,0.08456847,-0.11293244,0.13977136,-0.092018455,0.04696271,-0.06996833,-0.06896144,0.06616775,-0.14990641,-0.047367197,0.055678807,0.13763553,0.09483127,0.03322604,0.049799234,0.092336655,-0.017668705,0.0098939985,-0.262878,-0.0936457,-0.14031813,-0.01805358,0.015127804,-0.0609935,0.11917885,0.048805166,-0.031586565,0.23253492,0.09083418,0.052471854,0.024264853,0.09592759,0.19413607,0.10629226,0.12823048,0.028632179,0.081986904,-0.04278069,0.065588616
tag__Sci-fi,0.043809116,-0.013542316,-0.014280717,-0.111342736,0.046615265,-0.0438955,-0.16052018,0.014917956,-0.00084867066,0.11160033,-0.09632723,0.11327517,-0.011042414,0.087955326,-0.006520858,0.08376963,-0.12410594,0.025744027,0.06675185,0.09786804,-0.0567614,0.08376004,0.24356744,0.06519641,0.053876076,0.061880406,0.2953736,0.07762769,0.20804809,0.16148598,0.3580266,0.02725655,-0.06444568,-0.09085581,0.07380594,-0.03157767,-0.039758056,-0.043477062,-0.08877669,-0.039296877,0.12954108,0.15739907,0.09413003,0.008303028,-0.06186316,0.06338947,-0.04804473,0.064141504,-0.035259902,-0.07516724,0.008106857,-0.052019015,-0.03742555,-0.034780346,-0.14727674,-0.015496351,0.006472515,0.0073123476,-0.010371979,0.028344417,-0.0033778255,0.08511815,0.008722253,0.0027028273,0.09845384,0.009363768,-0.09283192,0.010162873
tag__Card Battler,-0.17401753,0.0548916,-0.030599762,0.00074303744,0.10098428,-0.18849382,0.0072062532,-0.0403023,-0.14246513,-0.0060647638,0.07122421,0.11716086,-0.09573219,0.06832035,0.058919374,-0.09677135,-0.039579276,-0.04277705,0.031060543,-0.0009754569,-0.008404,-0.021828614,-0.0068851993,0.08479059,-0.020105949,0.04414193,-0.085041225,-0.0023193827,0.019477138,0.0017556212,0.049785104,-0.039517093,-0.0005912936,-0.048025817,-0.022390641,-0.0171512,-0.013111539,0.059588123,-0.04620383,-0.019083085,-0.046223544,0.0038931116,0.016563758,0.006658419,-0.016827848,0.02473341,0.02518065,-0.0086873025,-0.032276463,-0.039296508,0.11494971,-0.12097878,0.009157976,0.05751157,0.039270397,0.029191623,-0.050982203,-0.11978983,0.00015852983,0.049706273,0.080290414,-0.14670913,0.07012142,0.012931295,-0.06909603,-0.14222948,0.017765926,0.021196572
tag__Roguelike Deckbuilder,-0.15920351,0.07489765,-0.013865024,-0.034249388,0.045773596,-0.16889557,-0.031229569,-0.059331875,-0.12635419,-0.0011453424,0.12096577,0.08071374,-0.07077965,0.034600157,0.06859873,-0.14997198,-0.026131982,-0.042574532,0.05002242,0.011629499,0.018285537,0.026881516,0.00888247,0.08648852,-0.061024815,0.13328536,-0.04063434,0.0674271,0.00212528,-0.0610356,-0.005718012,-0.0032609887,0.03728731,-0.0071936124,-6.05595e-05,0.016132392,-0.034750268,-0.02423016,0.025480563,0.0046812445,0.036708824,-0.026750183,0.03658769,0.02654864,0.06489215,0.015281264,-0.026360953,-0.0509412,-0.06775952,-0.047797814,-0.052502993,0.054732572,-0.034453653,-0.008085701,0.02521256,0.1200314,0.043434452,0.11684305,0.07779892,-0.09531542,-0.13057476,0.080944054,-0.06891949,0.015524756,-0.056729905,0.23578134,-0.034223236,-0.067788295
tag__Action RPG,0.084862836,0.03967164,-0.05658629,0.14499287,0.10822612,0.097387545,-0.0058531053,0.02921876,-0.049516305,0.1256433,0.062898524,-0.090962395,-0.04707871,-0.053628083,-0.040551223,-0.14248411,-0.066082306,-0.005236351,0.005806672,0.09004397,-0.074755296,-0.097399086,0.087241076,-0.027896307,0.0082396185,0.11505734,-0.055901412,-0.027193863,0.0058409814,-0.033747133,0.096476704,-0.018240763,0.017352028,0.05946851,-0.02574488,-0.08291895,-0.05591427,0.10595339,-0.024440993,-0.13015677,-0.034858298,-0.059260502,0.08010982,-0.013427835,0.075582944,-0.019514378,0.09336251,-0.09491427,0.28389952,-0.1830827,-0.2701846,0.010227368,-0.1636825,0.016150745,-0.0010726955,0.10333352,-0.2839088,0.12616879,0.0736989,0.05369792,-0.024538554,0.048121247,-0.047250275,0.24814191,-0.06455932,-0.10366941,-0.11650932,0.04595125
tag__Stylized,0.003675756,-0.01957287,-0.0781133,-0.06908876,0.038607996,-0.019214809,-0.003365349,-0.0614034,-0.047759198,-0.05698887,-0.018851979,-0.09992706,-0.05335634,0.078451335,-0.02340147,0.12803023,0.08129556,0.098133385,-0.05978918,0.05125649,-0.30373546,-0.006403961,0.023631452,-0.024047086,0.018704403,0.011290199,-0.035024535,-0.050959516,0.011039144,0.14931919,0.02344757,0.07131107,0.082012445,-0.15286632,-0.0948723,0.18427628,0.036507912,-0.037743196,0.219491,0.26411313,-0.17563778,0.059263844,-0.19169454,-0.26232773,-0.057236653,-0.081343256,0.3021645,0.09130601,-0.16427398,-0.12820162,-0.2555492,0.09403339,-0.22789711,0.02356728,0.006001339,0.033407494,0.052919462,0.019774115,0.1488064,0.043443117,0.009851049,0.06508842,-0.053899974,-0.0015481097,0.0013547922,-0.010542505,0.09124021,0.056554668
tag__Simulation,-0.05339045,-0.04205043,-0.008355204,-0.083366916,-0.11496449,0.13974085,-0.023956107,0.074105486,0.023721017,-0.01812996,-0.043753978,-0.012156319,0.035784762,-0.08530664,0.054474603,-0.0847057,-0.085812286,-0.028223168,0.010490974,0.049102373,-0.08584964,0.013637396,0.0047709513,0.15414521,-0.032418523,0.13242976,0.12471141,0.073202245,-0.033415925,-0.14040986,-0.061587594,-0.19001898,0.0063039716,0.21118888,0.13684721,-0.01177128,-0.18723856,-0.21420239,0.12872589,0.11775707,-0.118806235,0.31351796,0.03267413,0.07098718,-0.09551031,-0.05221454,0.054221485,-0.13680746,-0.053820465,-0.085441604,-0.07978393,0.0981696,0.17212066,-0.19732293,0.07490468,0.23913348,-0.09013773,-0.029089488,-0.110595234,0.060332336,-0.06196383,-0.05363744,0.030836135,0.006319182,0.079085365,-0.12631233,0.022917038,0.07452302
category__Partial Controller Support,0.036151756,-0.018513015,-0.014894922,0.049133807,0.03884139,0.012273883,0.02389717,0.06140428,0.07211287,0.038852315,0.14555916,0.027153464,-0.07283966,-0.093751855,0.0468877,0.10907635,-0.039759967,-0.13068531,-0.012659139,-0.3765485,-0.10450113,-0.18125781,-0.009978796,0.17275794,0.06743012,0.06123904,-0.008116045,0.20365241,0.10369644,-0.055435326,0.059061058,0.12791537,-0.18515289,0.032126434,-0.076200694,-0.04941658,-0.11615992,-0.027352221,0.009777025,0.04166245,-0.008715222,0.08277443,-0.034008652,-0.06759952,0.02393228,0.08823122,0.04638374,0.029112324,-0.10298712,0.013999106,-0.043403182,0.12705517,0.06596163,-0.019634532,0.043349672,-0.089175425,-0.04470421,-0.1232707,0.12437885,-0.07218776,-0.12401904,0.12786989,0.10826607,-0.12487582,0.08336647,0.11911579,0.022786528,-0.12136416
tag__Atmospheric,0.012062558,-0.022337172,-0.08692461,0.0377533,-0.06616448,0.0011263601,-0.08048296,0.003631071,-0.06582117,-0.080291025,0.062082738,-0.068645775,0.015123002,-0.0014678371,0.029132007,-0.097652115,0.11094628,0.012191625,-0.10463955,0.023560591,-0.102405205,-0.013928778,0.059051644,0.0038401908,-0.10166064,-0.1553311,-0.07296357,0.026099205,-0.0030303546,0.17874144,0.25594753,-0.016363993,-0.16428916,0.02988557,0.20520471,0.02253801,0.038993284,-0.17460191,-0.13398871,0.25891256,-0.1582542,-0.12154734,-0.17078811,0.17962135,-0.2658139,-0.08731193,0.086911716,0.1283388,0.19377828,-0.11763989,0.22500591,-0.117530726,0.18580605,0.10402916,0.10559954,0.046439987,-0.048331704,0.03311418,0.021856459,-0.050657675,-0.00986051,0.040378083,-0.08081966,0.01959446,-0.1765859,0.06689349,-0.021405429,0.062228244
tag__Dark Fantasy,0.009054157,0.04372013,-0.038530454,0.10970733,0.03885804,-0.016313145,-0.041081797,-0.038227096,-0.004222469,0.065842524,0.021929562,-0.11473818,-0.027643552,-0.08235706,-0.080207534,-0.16955347,0.066456765,0.085207075,-0.10433105,-0.055456333,-0.09187888,-0.12603056,-0.09830501,0.045228295,0.15056075,-0.050101317,-0.030258868,-0.17630996,-0.0074949586,0.01689292,-0.028654577,0.06765543,-0.02016089,-0.05757474,0.15761279,0.025920974,-0.21648811,0.33934623,0.02133577,0.15017143,0.14569941,0.019001141,-0.008850312,0.06840222,-0.093616456,-0.06536658,-0.077604085,-0.011510085,-0.21245955,-0.20853354,-0.06321636,-0.30663446,-0.0006939085,-0.09782896,0.08158514,-0.14900975,0.05525393,-0.041050363,-0.18764196,0.048331846,-0.0949365,0.19592938,0.13575532,-0.007002403,0.05903444,-0.06613204,-0.15849352,-0.029431773
tag__Turn-Based Tactics,-0.13687968,0.029017923,-0.020338481,0.047267407,0.05432957,-0.0533135,-0.0070798774,-0.0126088,0.013253936,0.035658494,-0.12508732,0.08546115,0.03044867,0.08809531,-0.1622282,0.09858786,0.039120324,0.0324775,0.08712372,-0.13534316,0.058999844,-0.13028358,0.030665014,-0.16744229,0.05051672,-0.18267412,0.042759057,-0.06570525,0.0036740978,-0.14314091,0.09080933,0.0017059839,0.052806538,0.008146689,0.09120267,-0.020258496,0.023370592,-0.09896111,0.041321274,-0.036463454,-0.031138299,0.00090833625,0.018564569,0.05010929,0.04945223,-0.054429337,0.025895579,-0.083300576,0.13580103,-0.025316466,0.0062933206,-0.08392449,-0.12467529,-0.026737913,0.116618216,-0.05503699,-0.09235553,-0.045820236,0.15037379,-0.089799084,0.073958434,0.018740362,-0.10957617,-0.1548738,0.02298297,0.006488748,-0.022537094,0.093533576
category__Steam Leaderboards,0.0053623007,0.06189987,0.006034121,-0.101427935,0.015578546,0.02968668,-0.044370867,-0.00795009,0.08212053,-0.01020283,-0.00066163315,-0.051417485,0.031162877,0.058872376,-0.007322015,-0.061428305,-0.08985173,-0.061959043,-0.0553786,-0.09105374,-0.1031902,-0.0049938154,-0.07321524,-0.016459743,0.03538715,0.10260171,0.07912152,0.0044924947,-0.18189982,0.06903637,-0.02656557,-0.008470797,0.29006678,-0.17208067,0.021026846,0.18095607,0.0462269,-0.08628685,-0.2666252,0.099912256,-0.2554078,0.06417967,0.3098832,0.19787681,0.28752816,0.009059778,0.08962921,0.22944173,0.14882365,0.06970049,0.019840445,-0.021870995,0.035293218,0.017210087,0.012040657,0.038501494,0.1491627,-0.07361852,0.052635234,0.0005450559,-0.03773058,0.16066536,0.16534896,0.005512959,-0.008278386,-0.11933558,-0.038823746,-0.110132605
category__Playable without Timed Input,-0.038136356,0.13896848,-0.01578516,-0.075231485,-0.18299918,0.0030985582,0.034995887,-0.22528234,0.16616327,0.19946305,0.047428817,-0.016397774,-0.10647161,-0.023945615,0.06687946,-0.012753122,0.057254586,-0.004054453,-0.006867393,0.08061061,0.03131444,-0.07932669,-0.023641609,0.024031803,0.027683288,-0.013805241,0.037386045,-0.0037847687,0.027698778,-0.0098451385,0.026510453,0.02288377,-0.0045216386,0.019112192,-0.008587909,-0.029393045,0.0107093,0.00087623775,0.024567677,-0.013748179,0.013149272,-0.020587258,-0.025351347,-0.03286833,-0.040597696,-0.0016235743,0.014117014,-0.018529808,0.0799032,0.017337473,0.0116551705,-0.015562675,0.04795088,-0.017218068,0.02832502,0.010032346,-0.0027431573,-0.0035768957,-0.02804533,0.034454875,-0.030985085,0.06450546,0.05442887,-0.0069547924,0.013080325,0.025785219,-0.0078069214,-0.07197902
tag__Top-Down Shooter,0.085254565,0.02492974,0.070293345,-0.07369621,0.0897132,-0.040777907,-0.08535592,0.023402117,0.033553258,0.08666139,-0.018064644,0.14240576,0.059841674,0.04710644,0.08573447,0.049416613,0.14133109,0.026997225,-0.07522951,-0.006678161,0.0380935,0.036179576,0.034254406,0.00839408,-0.08064112,0.036127694,0.045451656,-0.17563938,0.0646724,-0.015291353,0.020393195,-0.054797992,-0.024047047,0.058701135,-0.07437469,-0.03847678,-0.080881424,0.07750663,0.082483105,-0.054697745,0.07760473,-0.045265384,-0.20260328,0.00055682095,-0.020922936,0.14674585,0.14374119,0.0028668663,0.14473456,0.0320967,-0.078189336,-0.051271033,0.21099748,0.011602371,-0.058675595,0.24120294,0.29750776,-0.029536277,0.13570847,-0.05199759,0.17622562,0.28797725,0.07696843,-0.13984597,0.080605626,-0.19923334,-0.0032513589,0.10594238
tag__Medieval,-0.018259186,-0.0059195887,-0.00015488778,0.10565331,0.023944318,0.012402633,0.09009782,-0.058280658,0.08583235,-0.05891152,-0.08931489,-0.065902226,0.0035409615,-0.051999617,0.011692085,-0.08442053,-0.01507007,-0.01329088,-0.04494674,-0.009968753,-0.061362438,-0.047513876,-0.090794615,0.0052594664,0.024851901,-0.035638742,0.11092975,-0.09279187,0.027845016,-0.046506323,-0.05048518,-0.017371412,0.042117454,-0.22266224,0.012855859,0.01799698,-0.104178816,0.1659103,-0.017769808,0.19592316,0.3313953,0.12768826,0.048414424,-0.046920575,0.104644656,0.08630415,0.14825028,-0.0367717,0.05780749,0.105393365,0.13956676,0.15320952,0.26919907,0.39888686,-0.23413664,0.08519885,-0.20338272,0.10411328,0.06608034,0.03190528,-0.088253856,0.004386173,-0.13229138,0.041072924,-0.028089613,0.029223133,0.04530336,0.14261317
tag__Female Protagonist,0.027071103,0.014493262,-0.011923953,0.030961104,0.038227882,0.077325575,0.00965621,-0.03463889,-0.08747732,0.039623976,0.017945047,0.10022241,-0.07203057,-0.075866446,-0.039620977,0.08254069,-0.03356956,-0.052714948,-0.1357241,-0.03942318,0.23584704,-0.07324801,0.06261721,0.118996315,0.023015337,0.086939745,0.07622728,-0.05622603,-0.13134256,0.018888248,0.10715156,0.10388355,0.04673598,0.13809419,-0.057601012,0.052824423,0.19974181,0.12140856,0.06377347,0.23220962,-0.12343606,-0.06033039,0.052035194,0.048814513,0.16173401,-0.18538702,-0.13830416,0.025520884,-0.13506973,-0.073168874,-0.087746285,-0.032606296,0.106627576,0.06521414,-0.2158451,0.11288614,0.05395179,0.14319225,0.0071303574,0.18711138,0.20901972,-0.03937995,-0.24485797,-0.055725183,0.046456393,-0.002908798,-0.014285774,-0.09902568
tag__Tactical,-0.0842076,0.018613847,-0.011040376,-0.015828673,0.06250695,-0.043804616,0.031968866,-0.027635315,0.08064095,0.004124286,-0.09151061,0.031638917,0.050876006,-0.048008237,-0.081671245,0.014287849,0.032892928,-0.007083502,0.07959922,-0.09139279,-0.011755027,0.004563651,-0.07134785,-0.19082704,-0.01847696,-0.031551126,0.06271023,-0.028461382,-0.14863901,0.048384394,0.252615,0.06642209,-0.050511576,-0.06294864,-0.0054523475,0.085617885,0.036370352,-0.12441538,-0.026056118,0.049905792,0.15523794,-0.25183737,-0.01725649,-0.096316084,0.17821606,0.042202473,0.04358917,-0.062245656,-0.053956546,-0.17579116,-0.10699512,0.054089334,-0.012750398,0.09136987,0.10956701,0.29445207,-0.14399038,-0.17415455,-0.26725936,-0.022008859,-0.023913644,-0.16616853,0.10097744,-0.020003537,0.18095036,-0.034036994,-0.04982833,-0.08127499
tag__Funny,0.010556411,0.012361211,0.03252306,-0.052636437,-0.04416365,0.051075898,0.1148916,0.0312289,0.0118680205,-0.0723476,0.063667715,0.044838205,-0.042934522,0.007939836,-0.02442106,0.06563695,0.09456955,0.092323504,0.07881428,-0.0026098639,0.09676029,0.009168917,-0.10080889,-0.003475435,-0.15423626,0.08884109,-0.092202105,0.09745002,0.0070144334,-0.011928083,-0.059023075,-0.2517458,-0.05985512,-0.15897156,0.055125125,-0.00030392237,0.072724834,0.124911524,-0.19164853,-0.15077566,0.005775477,-0.0666523,0.24723417,-0.13510488,-0.22986524,-0.20211683,0.23282133,-0.002279835,-0.029578572,-0.21205978,-0.1064713,0.01682043,0.10669242,0.03338028,-0.158564,-0.01927306,0.03740738,-0.14134555,-0.032657553,-0.16821152,0.12370839,0.0964614,-0.08948452,-0.046330925,0.005209332,0.006312166,-0.1755303,-0.109316714
tag__Anime,-0.003930652,0.020124193,-0.009595586,0.032223966,0.031974453,0.09494784,0.042809892,-0.0015674289,-0.12789212,0.048483476,0.029047618,0.15570325,-0.09629331,-0.037277874,-0.089337066,0.071322456,-0.016840892,-0.051687576,-0.1204135,0.027451392,0.22154059,-0.045377053,0.04618406,0.10043157,0.09214063,0.06664454,0.049568236,-0.017133186,-0.10273628,0.06639302,0.07168263,0.017986082,0.030121312,0.16343671,0.026537998,-0.037083786,0.19306901,0.06170696,0.12349051,0.05789749,-0.112199485,-0.022594815,0.009634512,-0.0066244705,-0.0056418176,-0.1222738,-0.13526064,0.029356472,0.055677824,-0.04152437,-0.07000237,-0.019526482,0.11627955,0.15968776,0.09117367,0.04394218,-0.15327214,-0.04787397,0.023937793,-0.1494908,-0.09194391,0.13760103,0.3339235,-0.00520212,-0.07835656,0.1409741,-0.0033239976,0.09766814
tag__Choices Matter,-0.05199578,0.0048607066,0.009369943,0.014769653,0.0024201954,0.038838193,-0.023524025,-0.022801695,0.005335435,-0.033786383,-0.01052649,-0.0232606,-0.022824388,0.017792603,0.015490462,-0.08500291,0.058619812,-0.044366457,-0.001605943,0.0057306895,-0.084255,0.09832154,0.005438276,0.07491841,-0.06478313,0.055616397,0.04818978,0.060452927,-0.13787572,-0.17938124,-0.015464345,-0.035040196,-0.15388973,-0.13279806,0.019388547,0.058298912,-0.065937914,-0.1336314,0.22033787,0.15007652,0.34614265,-0.14684868,0.21239668,-0.04280037,-0.00904209,-0.26069802,-0.06409013,0.22605874,0.24463257,0.17114805,-0.20021093,-0.120157875,-0.013397886,-0.24225497,-0.013487963,-0.0009862635,0.059706114,0.060675927,0.0060822642,0.12488349,0.009631868,-0.02623868,-0.0155240325,-0.07768969,-0.06686722,0.08913597,-0.008436937,-0.037066657
tag__Exploration,-0.006277462,-0.014982821,-0.07288855,0.01964672,-0.12555413,0.08550754,-0.06346034,0.063386396,0.041360274,-0.034196027,-0.03971582,0.0061277747,0.028047783,0.03300191,0.09873571,0.013507456,0.04550071,-0.043975886,0.009304374,0.037070036,-0.048007686,-0.010164157,-0.038760506,0.13186365,-0.043324012,-0.111999385,-0.049497098,0.11461204,0.08994905,0.07329053,0.10087598,-0.038050696,0.030408485,-0.18327479,0.108650856,-0.10016347,-0.023571488,0.16021524,0.02008165,-0.022281067,-0.13165964,-0.06441543,-0.006109813,-0.036349252,0.083611,0.021758558,0.022967674,-0.16575739,-0.02826785,0.30192265,-0.13675967,-0.0146542145,0.07341944,0.18874387,0.2654679,0.022542518,0.14410757,0.066895746,-0.1893321,0.20231937,0.16757675,-0.060216486,0.1047784,0.101813175,-0.08320753,0.02792048,-0.16680467,-0.16965312
tag__Multiplayer,0.032376982,-0.019167537,-0.11548802,-0.05433327,-0.026933767,-0.1593854,0.17044452,0.22635528,0.13721494,0.057195973,0.03815611,0.059529364,-0.0033871469,0.005533425,0.013644745,-0.046576526,-0.076722935,-0.0011000078,-0.03670264,0.011732681,0.024024362,0.08054913,0.022359414,-0.016340883,-0.0123750875,-0.033707764,-0.0570297,-0.05577145,-0.072745584,0.032483064,0.027294707,0.21966639,0.09407219,-0.010508092,0.00080429146,-0.08040204,0.0012658129,-0.032260336,0.08016451,-0.079403326,0.016299546,0.09945942,-0.004460107,-0.031569064,-0.053771436,-0.09087406,0.051493008,0.09880857,0.015232495,0.022987504,0.014818579,-0.03342252,0.09003183,0.0018291415,0.038257215,0.039175753,-0.037767738,0.06600624,0.006771992,0.014911139,-0.041463595,-0.048747215,0.0016549056,-0.0053399503,0.011108259,0.015740652,-0.06262071,-0.0318978
tag__Action-Adventure,0.053685583,-0.028532479,-0.050511423,0.100736104,-0.06790728,0.06561218,-0.0011248831,0.021506285,-0.03895286,-0.036627978,0.0521917,0.095969886,-0.05556811,0.004205679,0.08905165,-0.03898122,0.021243775,-0.022153279,0.03135226,0.027322045,-0.044356234,-0.06222396,0.028431648,-0.09721273,-0.049212985,-0.013881556,0.050606478,0.0052573034,-0.024757572,0.0741558,0.08244165,-0.10419256,0.008230372,-0.003857272,0.13539273,-0.07143068,-0.15928517,0.14751364,0.0095616095,-0.14877217,-0.12074364,-0.04243959,0.045322098,0.022383833,0.13938954,0.049168345,0.11084013,-0.0978775,0.06637301,-0.09703907,-0.2179603,-0.17313752,0.13083954,-0.032333054,0.024029763,-0.019243464,0.10163118,0.29441085,-0.03237591,-0.16071014,-0.17970614,-0.11270381,-0.08047762,-0.10504225,0.20808564,-0.00025979895,0.36574182,0.04753622
tag__Auto Battler,-0.06616326,0.007837096,0.031699315,-0.011317286,0.05603126,-0.017434064,0.05460378,-0.0046074614,0.05167299,0.007874148,-0.024464354,-0.013570109,0.046790067,-0.086311914,0.028199028,-0.026384857,-0.055663846,-0.012253587,-0.04674914,0.039684452,-0.036502406,0.019182866,-0.07908044,-0.04065277,0.021500232,0.0048656175,0.013589691,0.024299283,-0.14314155,0.07298591,0.05884874,0.09763565,0.02305231,0.016434424,0.0025767016,0.08295998,-0.19242872,-0.15557964,-0.09977953,-0.03684905,0.033180594,-0.06681264,-0.13858287,-0.018084196,0.13367602,-0.032078426,0.13888927,-0.108116634,-0.0538162,-0.018698407,0.00024585018,-0.20399448,0.1513016,-0.21573947,-0.13715778,-0.15927064,-0.13863519,-0.054547064,-0.03595742,0.04360276,0.32031178,0.011957738,0.08017468,0.03179384,-0.19173296,0.023297062,0.28442,-0.13437182
tag__Shoot 'Em Up,0.06496892,0.02149271,0.08280813,-0.063792594,0.045705948,-0.0065993983,-0.07127223,-0.025006076,-0.012569054,0.06833713,-0.020687906,0.07842567,0.020198941,0.09140649,0.023257231,0.057636015,0.0049782144,-0.015440107,-0.024787052,-0.011524119,-0.020115165,-0.02993376,-0.04715207,-0.002801528,-0.030643053,0.054217014,0.075860776,0.0026761568,-0.012032425,0.03446333,0.0028850604,0.03761946,-0.06785087,0.06359403,0.061453607,-0.09370446,-0.14219,0.11940187,-0.014222143,0.026970092,0.045535352,-0.11861315,-0.024488347,-0.10525413,0.004193949,-0.041952804,0.08258425,0.036760613,0.09258651,-0.06554594,0.057952326,0.14446396,-0.03143716,-0.06607128,0.111036986,0.11612403,-0.014280717,0.01934164,0.12692927,0.085606545,0.033669718,-0.16530788,-0.04143784,0.029113764,-0.16908488,0.11857651,-0.095105566,-0.18708496
tag__Cartoony,-0.007677368,0.0008205177,0.009294312,-0.02989043,0.0070642987,0.035130687,0.08106429,-0.020384865,-0.05169058,-0.058571234,0.09534505,0.009981197,-0.008336807,0.0054994295,-0.03389896,0.110980675,0.07112203,0.06030028,0.033211954,-0.07313037,0.007669129,-0.051460117,-0.029359898,-0.0015733744,-0.029424412,-0.0056263353,-0.06126534,0.07232198,-0.028676586,0.06474937,-0.017118372,-0.021970905,0.058428243,-0.01760985,-0.030365694,-0.007443107,0.008154142,0.06569808,-0.11684678,-0.14907792,0.02400354,-0.048297714,0.089732066,-0.059032008,-0.116315715,0.06019025,0.04157423,0.014534648,-6.741398e-05,0.072405845,0.18749273,0.121496245,-0.02474498,-0.2641294,0.059168637,0.28356457,-0.09089385,0.28758416,-0.08608607,0.10076041,-0.010339971,0.1611938,0.14130424,-0.023793174,0.0477046,0.06842751,0.014461858,0.0624821
category__Steam Trading Cards,-0.010655687,0.10071093,-0.046951283,-0.01320784,-0.007246391,0.017644579,-0.010889596,0.021476645,-0.00041980826,0.02705766,0.03522767,0.009934477,-0.035420362,0.00042544983,0.007961756,-0.0010750466,-0.0010096162,-0.035495177,-0.03757538,-0.042069905,-0.003405106,0.016159726,-0.066955395,-0.033901125,0.0051348503,0.08740745,-0.0015455363,0.06315675,-0.09543426,-0.03626886,-0.095635,-0.016388586,-0.020901736,-0.0010128461,0.045321908,-0.033003822,-0.0006229679,-0.05579256,-0.046375223,0.030520279,0.05796229,0.029158957,0.17381847,-0.005420545,-0.059743155,0.033848718,0.077117726,-0.0033864419,-0.18837702,-0.12906907,-0.0080755185,0.018856704,-0.0014718489,0.10954263,0.24923098,-0.05261479,0.021147348,0.041696593,0.010242469,0.10119323,0.16099373,-0.21068314,0.056887817,-0.17567752,0.050532393,-0.07505281,-0.08019961,0.3499664
tag__First-Person,0.030691989,-0.060482137,-0.11287701,-0.054819744,-0.05908811,-0.039961312,-0.064910166,0.007936327,0.044168916,-0.050814018,-0.0018556857,-0.033550113,-0.038518842,0.09466379,0.0019076085,0.047645826,-0.0901951,-0.10268762,-0.107935004,-0.0065672295,0.015849315,0.022451714,-0.08756801,0.011934574,0.06624053,-0.07886118,-0.15172027,-0.068831965,-0.044958085,0.07707089,0.03188177,-0.09812976,-0.036376774,-0.093787715,0.010965979,0.017319208,-0.08140014,-0.07743563,-0.06854276,-0.082610674,0.0054003545,0.03866292,0.09063597,0.13844796,-0.053820387,-0.041034438,-0.15039729,-0.045220546,-0.013344683,-0.054227352,-0.0108759655,0.066948004,-0.10574519,0.079418726,0.0108361,0.078508854,-0.06469464,0.06410263,-0.054500952,0.07459706,-0.07053219,0.04861094,-0.12946288,-0.04216579,0.038000703,-0.040306658,0.1662879,0.03928712
tag__Tower Defense,-0.03611075,-0.018979726,0.04096113,-0.069303714,0.059416782,0.04404083,0.02889623,0.000972291,0.059809435,-0.058109913,-0.06575083,-0.043142438,0.09171031,-0.17714435,0.07185619,-0.010297903,-0.0037654915,-0.026186435,-0.017770931,0.02692381,-0.001242613,0.0068352725,-0.032285098,-0.13071449,0.025931852,0.07164907,0.013300888,0.008017998,0.009436972,0.15165244,0.024023984,0.07452375,-0.06522852,0.044720236,-0.027903536,0.0679097,0.045389988,0.14235039,-0.13137063,-0.067118496,0.054467738,-0.04679122,0.058138866,-0.059493028,-0.10079969,0.086351156,-0.028783351,0.09498693,-0.022098603,-0.034509167,0.023944613,-0.005696909,-0.13730511,0.046103228,-0.0108307535,-0.056484535,-0.0020699145,0.07976653,0.014979924,-0.011009882,-0.02018694,-0.0862828,0.14552051,0.008719579,0.042584922,0.039163325,0.115005694,-0.03053096
tag__Relaxing,-0.039411508,-0.0030098762,0.042304795,-0.0673765,-0.04246404,0.07788454,0.059214853,-0.005196076,-0.020848406,0.012475169,0.08493715,-0.06939609,0.008256921,0.02226819,0.013194373,0.032164715,-0.013657278,0.024767715,0.03742546,0.0063380497,0.031917542,0.0634399,0.026327817,0.030008694,0.065356776,0.030655758,-0.021215769,-0.05417315,-0.046931513,-0.0065140193,0.013055343,-0.018365277,-0.07015898,-0.08042136,0.030724531,-0.009549206,0.11761904,0.004347948,0.058212377,0.013566558,-0.06531205,-0.09508094,-0.0075541297,0.011309828,-0.0493183,0.034850743,0.114659145,-0.084478974,0.16154791,-0.11420194,0.07136058,-0.030108284,0.01705231,0.090936534,-0.0803648,0.018352425,0.12174915,0.010738119,-0.07842995,0.21309063,0.038518608,-0.12565193,0.056624472,-0.12939413,0.3017792,0.21888818,0.07378099,0.12488117
tag__Hand-drawn,-0.034470573,0.019526623,-0.0071727033,-0.008930459,-0.021854348,0.016169418,0.024913743,-0.017838066,-0.056406207,-0.034364462,0.05568036,0.02305487,0.0033410473,-0.05601493,-0.048028212,0.015414331,0.08475969,0.057502437,-0.056109022,-0.0049841795,-0.09814469,0.061898258,-0.01217834,0.030038996,-0.003390923,-0.080134325,-0.005344105,-0.01563265,-0.014768022,0.014884224,-0.0033984173,-0.046386093,0.0717773,0.035353746,-0.022735748,-0.06647896,0.0065720286,-0.0053509823,-0.0070960377,0.118878745,-0.0009637439,0.12919016,-0.02790251,-0.010394004,-0.00093835936,0.10799025,-0.022394216,-0.05674055,0.013880552,-0.00337004,0.023314135,0.17847192,-0.086797886,-0.08232652,-0.025542056,-0.12818448,-0.24910562,0.19421513,-0.11986029,-0.08800659,0.3341057,0.043992687,-0.027428225,-0.171566,0.19543664,-0.07085071,-0.059263825,-0.25218803
tag__Story Rich,-0.0077500856,0.029893206,-0.029634155,0.055978447,-0.054078255,0.081277534,-0.016460398,0.018538514,-0.087249406,-0.0006627769,-0.018000385,0.03573271,-0.04532109,-0.037341774,-0.036822453,-0.0052837958,0.04505716,0.020470375,-0.0765511,0.040544555,-0.02058965,0.05739641,0.03607659,0.048252244,-0.112970926,0.022295147,0.053158052,-0.0020811332,-0.048268557,0.008702848,-0.0014211263,-0.018663608,-0.08997068,-0.06026242,0.10432716,0.019868053,0.079302244,-0.15824832,0.013109789,0.10146751,0.122503206,-0.118472286,0.042388164,-0.03716205,-0.06233457,-0.041805528,-0.0055206106,-0.0009877824,-0.05818609,0.06622511,0.009621426,0.08322719,-0.005778637,0.09153064,0.1591484,-0.18440384,-0.07499136,0.22529814,0.091723725,-0.22922352,0.030901153,0.05441665,0.0974536,0.19850025,0.20980929,-0.16452841,0.057532378,-0.069589995
tag__Character Customization,0.019672414,-0.011656501,-0.03184667,0.013934583,-0.00876853,0.03508795,0.021124493,0.020642487,0.05822713,0.02794273,0.017224694,0.0071319225,-0.021547178,0.026465824,-0.025784798,0.05460596,-0.009236325,0.020111177,-0.0023518165,-0.00077843864,-0.057628874,-0.014652387,0.062824756,-0.00015429819,0.026894057,0.07292686,0.026955066,0.07355854,-0.033871267,-0.0033810006,0.031227784,-0.078217514,0.019818343,-0.0481387,-0.016463637,-0.006182872,-0.04313119,0.044715405,0.018867502,0.019722866,-0.009696427,-0.16823065,0.020028336,-0.07472369,-0.015019562,-0.11959782,-0.020143475,-0.14190568,-0.041462798,-0.06697729,0.28872573,-0.10540212,-0.0399835,0.0014545516,0.0043982207,-0.082351245,0.107270576,0.29705098,0.2912071,0.1798009,-0.18186502,-0.058088694,0.10276378,-0.24812141,-0.080009386,-0.21635294,-0.06893162,-0.10934189
tag__Co-op,0.042569697,0.008850584,-0.08767101,-0.033103198,-0.01933489,-0.10010037,0.11380694,0.20334965,0.120473064,0.02707982,0.053654216,0.036578618,0.0026744548,0.012486026,0.020839242,-0.032507446,-0.008286267,0.032916665,-0.060240332,0.029949792,0.015297489,0.042645752,-0.00815663,-0.0091542015,-0.006582833,-0.022559304,-0.058911514,-0.037590507,0.04206145,-0.013058099,0.030105578,0.08154411,-0.013297114,0.0077416543,-0.027041512,-0.024317397,0.012299244,0.028371591,0.0989573,-0.059708934,0.017453345,0.113908626,0.043304835,-0.006105089,-0.098972656,-0.024777504,-0.025768088,0.15436864,0.10418486,0.042471286,-0.077746205,-0.029691804,-0.04315525,0.12822942,0.021100882,-0.017179312,0.03222244,-0.029349567,-0.014505493,0.050275132,0.09988126,-0.0020462552,0.03069429,0.08982279,0.10061288,0.0032526099,0.089217275,-0.050112396
tag__Dark,0.0046953326,-0.0128142135,-0.06036571,0.021174742,-0.054623142,-0.03260031,-0.053198762,0.010000193,-0.008423457,-0.0331869,-0.006039247,-0.041252792,0.0060732393,-0.009665063,0.013839745,-0.07218126,0.045897655,0.015519088,-0.12928317,-0.05281218,-0.058473498,-0.049335677,-0.049402703,0.07174848,0.0124690635,-0.11583577,-0.07229828,-0.08638526,-0.037714683,0.03428211,0.08195015,-0.0032602188,-0.08552926,0.010264801,0.106048614,0.016364038,-0.06008351,0.008979178,-0.10756407,-0.022163678,0.044604085,0.044378847,-0.098314166,0.1331802,0.0012995997,0.050410487,-0.080297336,0.03870856,0.025672654,0.00059724867,-0.0543,0.10187169,-0.024400016,-0.08433407,-0.117211945,0.037255757,0.123917334,-0.013613808,0.08542946,-0.0473874,0.08268109,-0.1545144,0.094216846,-0.023656918,0.22919768,0.1823087,-0.19612688,-0.050015703
tag__Turn-Based,-0.09085445,0.06680124,-0.04172112,0.020374259,0.028106788,-0.050578367,-0.02985762,-0.0072021917,0.002461828,0.05629805,0.01568583,-0.0016274523,-0.021702424,0.049712192,0.0054314635,-0.05038851,0.018819863,-0.013629111,0.070960715,-0.05316501,0.047353182,0.12051924,-0.033236757,-0.0015405356,-0.0852702,-0.013992531,0.022884717,0.06625731,-0.03687907,0.0046927854,-0.00683611,0.0747248,-0.0296983,0.012530536,-0.019265562,-0.030178795,-0.0024320567,-0.05084224,-0.053392887,0.04667071,0.05345092,-0.015176876,-0.03145375,0.07460958,0.062346797,-0.0057852566,0.026994752,-0.03114604,-0.1913218,-0.14604829,-0.0022555385,0.031462476,0.0390797,0.0821264,-0.044254724,0.079867534,0.092340305,0.036501322,-0.029157715,-0.09785563,-0.030786248,0.021030804,-0.11241369,-0.011829638,-0.08994275,0.02874761,0.044059023,-0.047565807
tag__Third Person,0.03529777,-0.04102347,-0.09923756,-0.0035496294,0.030266471,0.027747855,0.030023396,-0.045141984,0.0014472775,0.016179577,0.0034793327,0.0017925989,-0.036966283,0.023070794,0.02745997,0.00030298412,-0.04003074,-0.018623872,0.008158319,0.0073441193,0.008348227,-0.0347194,0.04737182,-0.11114172,0.017134005,0.042027038,0.06266816,0.052488796,0.03291385,-0.016524987,-0.0012012685,0.04851446,-0.017841162,0.002358545,-0.023885585,0.019869937,0.034487534,0.05032231,0.014659555,-0.0030159487,-0.071070224,0.116266824,-0.117546916,-0.06964167,0.06771981,-0.0080502825,0.17549543,-0.022339808,0.103812315,-0.0027418023,-0.009793287,0.06716936,0.12038738,-0.05921344,-0.12900606,-0.22192307,0.047942277,0.17141822,-0.15081394,-0.16813011,-0.046460047,-0.11791879,0.113916956,0.049743436,-0.13498257,0.18842912,-0.19110155,0.11055535
tag__Score Attack,0.035825502,0.016903248,0.047321968,-0.06756242,0.014115011,-0.0031954376,-0.020932114,-0.017227994,-0.008685717,0.0383906,-0.0030946576,-0.055998847,-0.015406456,0.070836246,-0.07076273,-0.024588628,-0.0315628,0.0017540668,0.0017435563,-0.008023218,-0.11988167,-0.025341203,-0.023993568,-0.02140875,-0.00071207405,0.024214888,-0.03642041,0.045048673,-0.07297233,0.038270622,-0.039245944,0.030366477,0.0063212193,0.008593749,-0.069302104,-0.002737909,0.052821077,0.012553436,0.0097431615,-0.05412967,-0.02616534,-0.010930465,-0.0408581,0.0025308935,0.040512264,0.035252355,0.031766783,0.04955456,0.09119074,0.033272848,0.04484909,-0.078841776,-0.102357,0.051235843,0.07311754,0.17661443,-0.077136286,0.17020899,-0.08792945,-0.05592317,-0.016767293,0.16984701,-0.10037743,0.09095609,0.097260445,0.13747834,-0.18265915,-0.030461188
tag__Resource Management,-0.048684467,-0.00989893,0.023197472,-0.062615976,-0.028625794,0.06306418,-0.015725564,0.021782842,0.047904816,-0.05651151,-0.03412061,-0.050267074,0.1007062,-0.14302456,0.038546424,-0.020679025,-0.05640509,-0.02200581,0.057668865,0.06990303,0.03458441,-0.026552394,-0.013399164,-0.043779727,-0.014444424,0.14200112,0.009573904,0.0037248835,-0.0081334375,-0.027429499,-0.061459824,-0.038135413,0.028333578,0.09873045,0.022199903,-0.018372955,-0.10154188,0.042242385,0.0093809515,0.066936575,0.008232595,0.061057944,-0.030422032,0.07407205,-0.071917936,0.019808097,-0.03594597,0.04546541,0.009119354,-0.069719985,0.070271276,-0.12485461,-0.11900521,0.12451622,0.026924888,0.091086715,-0.007901848,0.079701364,0.113669634,-0.1040375,0.099194504,-0.025568614,-0.039794665,-0.093866676,-0.028851938,0.18495424,-0.0747922,-0.14677712
category__Adjustable Difficulty,-0.014364892,0.09970346,-0.023817109,-0.047926266,-0.12129328,-0.004949556,0.0066229883,-0.116604574,0.10380042,0.12001038,0.031534437,0.011973753,-0.09162065,-0.06477014,0.035499237,0.031674534,0.037178688,-0.009328586,-0.0013053963,0.05629119,-0.00043212203,-0.041900925,-0.021438612,-0.040739704,0.0120349685,-0.007751934,0.06471994,0.016627453,-0.039154906,-0.020228434,0.032782186,0.004505293,-0.0068682763,0.013159559,-0.0032423208,0.01760725,0.024698159,-0.025124535,-0.010357045,-0.0010995773,-0.0017297145,0.027045205,-0.028339133,0.004741323,0.00021879369,0.047777824,-0.009990685,0.01016312,0.009231208,-0.0023340536,-0.013152895,-0.01782099,-0.09481613,0.016443782,0.033991914,0.014904379,0.049559575,-0.027179219,0.024195934,-0.020039737,-0.006880943,-0.18422092,-0.09266225,-0.03753731,-0.048580043,-0.083162084,0.008604668,0.14518148
category__Mouse Only Option,-0.055519253,0.088918224,0.0076628188,-0.051492907,-0.12264456,-0.011958741,0.025494048,-0.13978258,0.09017454,0.12678832,0.048126236,-0.03009907,-0.060760513,0.00011471659,0.030285355,-0.027678868,0.024468517,-0.020378053,0.004373038,0.067838565,0.013110677,-0.030854955,-0.0062368363,0.03485228,0.0046372283,-0.045769297,-0.010878231,-0.026173774,-0.04373908,-0.010353797,-0.00037626177,0.023749795,-0.0057747103,0.035263773,-0.03830658,-0.018586839,-0.040374868,-0.021684747,0.026177058,-0.010460736,-0.016372792,-0.00869384,-0.0075989235,-0.060389325,-0.011024097,-0.04419575,0.011419387,0.010665816,0.009893432,-0.024905995,0.02474384,0.018888365,0.04941381,0.016328178,-0.03976015,-0.009517009,-0.035604298,-0.001498282,-0.09132441,-0.008045472,-0.040578913,0.08045527,0.08348408,0.117327005,0.018904617,0.12730014,0.10833031,-0.08745542
tag__2D Platformer,0.016015101,0.0073301997,0.044168048,0.038777318,-0.08900833,0.004814461,0.035210013,0.033251718,-0.0735811,-0.05686374,0.04714114,-0.0055446997,-0.05157519,-0.026249759,-0.037982184,0.043699082,-0.03832703,0.027282467,0.009234224,-0.017566616,0.027981132,0.025008809,-0.021496687,-0.06472397,0.037276622,-0.058537535,0.10397549,0.06853974,-0.036926348,-0.030787742,0.057952665,0.074737564,-0.06952196,-0.045306254,-0.0329754,0.09198756,0.017856492,0.16313276,-0.016652957,-0.005868029,0.0055531347,0.033260815,0.0021792464,-0.05611127,0.0019631786,-0.019849723,0.012589226,-0.0016667165,-0.067144215,0.1839086,0.0712565,-0.13985004,0.058055375,-0.14583297,0.18449527,0.13000207,0.046680223,-0.06477311,0.13847911,-0.014401898,0.01444041,-0.0059667695,-0.18544668,0.14217642,0.14534652,0.0647403,0.08925619,0.0029018745
tag__Loot,0.0039135735,0.019593403,-0.030474873,0.051524907,0.017053852,0.026650907,-0.0065665175,0.040215034,0.040789746,0.03041007,0.016879631,-0.051244464,0.024267849,-0.015543871,0.0059395675,0.040627707,-0.03557646,-0.0068841483,0.074481554,0.0009961165,0.0049131326,0.05725477,0.06326528,0.050338425,0.025662608,0.00072212704,-0.030195124,-0.05785727,0.01882423,0.019875675,-0.0047277696,0.025194097,0.042345546,0.05436793,0.006794761,0.0026055854,-0.024317544,-0.047500912,0.038010392,-0.0211513,-0.07339029,-0.093317434,-0.0502735,-0.03369175,0.07662454,-0.07489447,0.09582655,-0.106063664,0.1261719,-0.15877374,0.13196446,0.0846158,0.004301116,-0.07174279,0.013457097,-0.21098778,-0.026878312,-0.13898195,0.05089143,0.23845537,-0.12979797,0.0833496,0.008666355,0.14191268,0.22906831,-0.0109316185,-0.07662813,-0.043752998
tag__Space,0.021200256,0.002038321,0.036711045,-0.07271671,0.002567308,-0.016333789,-0.06782227,0.0026066732,0.01930894,0.054696105,-0.06013207,0.04310967,-0.007754339,0.05537735,0.006317945,0.026139848,-0.053316057,0.029575182,0.011467298,0.031609032,-0.030277768,0.058860075,0.10919882,0.05990112,-0.021570297,0.032343198,0.13705242,0.06552991,0.05411923,0.073290996,0.15071557,-0.0334501,-0.021863386,-0.057896495,0.09049325,-0.032719243,0.0049902685,0.04879495,-0.02971749,-0.021714557,0.07568152,0.039426822,0.1281194,0.00033919513,-0.049583882,-0.05885146,-0.02727332,-0.1289605,-0.0043995194,0.010926582,-0.042778093,0.03783826,-0.14797507,0.06850098,-0.030565292,-0.061883878,-0.014912359,-0.084044375,-0.00983787,0.104061574,0.026390819,-0.014072631,0.1571704,-0.021620477,-0.1617048,0.08839088,0.18494731,-0.041579153
tag__Horror,0.0077149547,-0.042225882,-0.07052624,-0.024910152,-0.06548004,-0.023996983,-0.07160397,0.06411533,0.011780679,-0.05299177,0.015604149,-0.029396998,-0.008686497,0.016094554,0.025628595,-0.05166993,0.030255167,-0.05709707,-0.1023329,0.012520697,-0.024626331,-0.044841006,-0.0744949,0.08220876,0.03498291,-0.108088315,-0.14101152,-0.0101350285,-0.042945374,0.01475491,0.037229016,0.013036118,-0.048129976,-0.013085589,0.012276681,-0.014536193,-0.016878052,-0.034474254,-0.042172164,-0.123844996,0.029471349,-0.027896237,-0.053412545,0.08524765,-0.0034044539,0.02479674,-0.14328128,-0.008641094,0.04371526,-0.0955859,-0.09911144,0.19270189,-0.037497573,-0.033410642,-0.13686307,0.052204728,0.097427584,0.019027654,0.14807874,0.0066546933,0.016254231,-0.07642949,0.040161617,0.0059231967,-0.05888827,0.009009944,-0.0030996315,0.05218766
category__Stats,0.0075857164,0.029788096,0.0061812922,-0.024509948,0.011544263,0.013104284,0.006235484,-0.03174927,0.06507377,-0.016955025,-0.009701205,-0.00043973466,0.014697989,0.011693761,-0.0048202644,-0.009986028,-0.03314653,-0.021104049,0.010896834,-0.05168686,-0.07718812,0.009418262,0.008222448,-0.03732878,-0.015982773,-0.013118098,-0.02720009,0.0024167486,-0.053277493,-6.5431464e-05,0.063680276,0.016009696,0.13917238,-0.1320325,0.04239126,0.076248445,0.020740278,-0.026139459,-0.07064343,0.06272538,-0.06669359,0.050027594,0.023149332,-0.032705653,0.038093317,0.071869574,0.0135060875,-0.028894223,0.0879938,-0.03611022,-0.06520501,-0.031470254,0.12750408,-0.05916319,0.0030498728,-0.028686553,0.016867753,0.02080806,0.092347905,-0.07963579,0.00827019,-0.09642131,0.20297067,-0.11211206,0.09217465,0.106180005,-0.05364473,0.077143475
category__Camera Comfort,-0.009718396,0.094379656,-0.033302534,-0.042681847,-0.115855455,-0.011583384,0.025303928,-0.12664749,0.102086015,0.14759155,0.038682908,-0.011911258,-0.06067497,-0.021237068,0.03282303,0.009555835,0.052452996,-0.01815864,-0.007240759,0.0314883,-0.016282978,-0.03146013,-0.0067541543,-0.005088192,-0.016716942,0.0014906232,0.014479546,-0.026648784,0.02851304,-0.042310447,0.026736647,-0.01804035,-0.012048085,0.0091048125,0.0018264976,0.021354815,0.0063795,0.0066185715,0.009548562,-0.02048131,0.029580519,0.015274594,0.056491658,0.027810074,-0.008235982,-0.017127914,-0.016661126,0.012103682,-0.03773528,-0.022834325,-0.01643135,0.036774363,-0.038416892,-0.04120715,0.026553642,0.01570219,-0.0011228584,-0.049102854,0.0009160526,-0.024850063,0.00310067,-0.037334442,-0.020797187,-0.048782133,0.012703458,-0.021889865,-0.019168565,0.039256535
category__Save Anytime,-0.03314113,0.07882156,-0.018277738,-0.035502177,-0.11978913,0.012349568,0.026880916,-0.13679655,0.091446325,0.13621439,0.051988136,-0.011247305,-0.07423906,-0.032437116,0.04852493,-0.00051239505,0.021051787,-0.029189743,0.020822376,0.05525377,-0.013445828,0.019189388,0.0026605874,0.01755969,-0.020890065,-0.00026516826,0.024556566,-0.02706031,0.0028354041,-0.007323344,-0.0025919024,0.020141948,-0.026748683,-0.02104296,-0.014428478,-0.01416616,0.008044344,-0.015459523,-0.0003101842,-0.026006753,-0.036587775,0.0014602188,0.031832308,0.03042744,-0.031261474,0.014335129,0.0026626836,0.041777477,-0.0059503196,-0.023933727,0.061277706,0.031545777,-0.026591845,0.046325393,0.0035372358,-0.017009454,0.018010668,0.035195813,-0.0016461088,0.044427052,0.04911053,0.0025164634,0.04146082,-0.0012314098,-0.03946852,0.07369776,0.14323774,-0.01953096
tag__Minimalist,-0.010959356,-0.008098217,0.025642293,-0.05957382,-0.017423986,0.019490495,-0.0060007744,-0.0075677936,-0.01248601,0.00404563,-0.028042804,-0.045718126,0.04049084,-0.032075506,0.003935565,0.024734559,0.02708586,0.06464193,0.026795473,0.013688352,-0.059917882,0.0406425,0.022192603,0.0017936615,-0.027535737,0.06447454,0.025142636,-0.03029079,-0.024262965,0.022579305,-0.01480187,-0.0023997116,0.007351529,0.025908388,0.029320588,-0.019821465,-0.04414741,-0.0180081,0.083869785,-0.027299477,0.016342418,0.034438234,-0.018761586,-0.08328549,0.059340574,-0.0013940706,-0.02006664,-0.013076225,0.0548765,-0.12207443,0.09826896,0.06694925,-0.035661157,0.1240287,0.09963046,0.06927974,0.14569002,-0.138711,0.013867634,0.0404278,-0.19248945,0.037451256,-0.10611968,0.0017584842,2.9832718e-05,0.10464638,0.007897931,-0.121278465
tag__Isometric,0.013827743,0.030470805,-0.06602642,0.019072143,0.041282177,0.014778571,-0.0033148706,0.011230271,-0.014369901,0.0038663617,-0.013518928,-0.059678696,0.035912123,-0.07804186,-0.014081667,-0.002715169,0.010443151,0.020912737,0.04157165,-0.042487476,-0.00838001,-0.032691166,0.036181055,-0.021629078,-0.01929522,-0.02802269,0.00022768964,-0.019831844,0.060193572,-0.001506932,0.09289399,0.015278032,0.017886277,0.08566359,0.029650502,-0.10868621,-0.014241148,-0.008248877,0.03752351,0.0011404275,0.05423582,-0.16922894,0.092476256,0.00011167093,-0.034051318,0.074372105,-0.01577328,-0.02464903,0.08293111,0.009519977,-0.0039417073,-0.05002287,-0.081689246,0.04934299,-0.00020105996,0.12251382,0.016570592,-0.12591626,0.073929496,0.022016631,0.048201077,0.013729909,0.045112073,-0.020435419,0.02409011,-0.12712346,-0.049790416,-0.058561597
tag__Strategy RPG,-0.055662356,0.0015895694,-0.021470493,0.039547443,0.02969453,0.023937963,-0.005914509,0.012832774,0.04365799,0.085457414,-0.11338328,0.013506239,-0.015523915,0.0058952486,-0.067904755,0.030434875,0.02754629,0.05688685,0.0132431295,-0.07014303,0.026113212,-0.048254084,-0.026727868,-0.027040716,-0.020644253,-0.023243759,-0.016151834,-0.013757071,-0.012254488,-0.012403395,0.020729305,-0.013734161,-0.031040048,-0.016172951,0.044534285,0.07048903,-0.0066051288,0.0016698999,0.007337989,0.0045638117,0.007894247,0.04278877,-0.049593475,0.019904831,-0.017028505,-0.088830434,-0.04320315,-0.021537751,-0.046261013,0.13991983,0.055561155,0.019557584,0.086778246,0.024447158,0.0032871554,0.013361766,-0.033567287,-0.11484428,0.09136832,0.030175403,-0.074123256,-0.015352779,0.020356681,-0.013671587,0.1325277,0.07998853,-0.047791254,0.07349568
category__Gamepad Recommended,0.04397339,0.05489821,-0.03288095,0.014649174,-0.022918478,-0.0100647705,0.061459955,0.008910755,-0.067455076,-0.040082578,-0.023177516,-0.033442874,0.025869498,-0.009556679,-0.005268834,-0.0043769297,0.023498047,0.049926177,-0.00032644015,-0.026870564,0.017670192,-0.02503517,0.017815145,0.0028045776,-0.025604762,0.018683998,0.064116746,-0.008755537,0.032822773,-0.009948857,0.0072019775,-0.022216218,-0.040062528,0.003711375,-0.04151938,0.027219858,-0.014146665,-0.014852363,-0.040908936,0.03980293,-0.05282309,-0.031119272,-0.051190417,-0.020513369,-0.013400955,0.08567468,-0.02210336,0.041002367,0.00448032,0.07763518,0.11601903,0.040908866,-0.08145938,-0.04502361,-0.063814394,0.058398843,0.013142668,0.08141902,-0.1374731,0.062412936,0.11101301,0.052267462,-0.037638698,-0.03015844,-0.011704866,0.080120325,0.059691794,0.06170149
category__Remote Play Together,0.02573521,0.049859263,-0.0345579,-0.030691292,-0.032016765,-0.045254447,0.121062435,0.16117156,0.07668829,-0.008455812,0.015478243,0.030652823,0.011210891,0.068841435,-0.031033162,-0.057498183,0.107803784,0.090983555,0.042372353,-0.0058213454,-0.026697977,-0.10134001,-0.09798491,-0.0180944,-0.018595614,0.10083177,0.10809512,-0.009878221,0.07167178,-0.027991153,0.018115962,-0.17099465,-0.091125876,0.039794765,-0.026728893,0.07382879,0.045821946,-0.044736274,-0.019039698,0.08061842,-0.044318408,-0.061705954,0.0072679617,0.0054387986,0.08967887,0.11871448,-0.09874864,0.032536816,0.0047498816,-0.066222996,-0.0284128,0.013865346,0.0120474445,-0.020368386,0.013665547,-0.06404906,0.0031757466,0.036762413,-0.04696937,0.06338336,-0.032889295,0.018622711,-0.019058079,0.008459009,-0.044536002,0.022043724,-0.019320657,0.004292437
tag__Cartoon,-0.011355363,-0.0013919701,0.0077416487,-0.0264798,0.023705902,0.040722024,0.03112765,-0.02827149,-0.040671196,0.0010204657,0.03748863,0.037077766,-0.020415848,-0.018952793,-0.015863078,0.016944243,0.050839815,0.088082775,-0.016707158,-0.019492168,0.020299213,-0.0021216094,-0.027218008,-0.0035790207,-0.0043947436,-0.006328751,-0.053039663,-0.013797625,-0.045561284,0.03928757,0.00624939,-0.007889242,0.048627406,-0.029863818,0.010609296,0.03638249,-0.046789154,0.04040647,-0.010377455,-0.0060868096,-0.004859437,0.0071894336,0.008388346,-0.05387292,-0.0065742373,-0.02689895,-0.02887451,0.047829427,-0.029619368,0.09016998,-0.04341102,-0.028580697,-0.07920528,-0.10558822,0.02537336,0.030386427,-0.004524496,0.04899891,-0.027656,0.20132868,0.12527363,0.085631095,0.033653494,-0.07992627,-0.02835266,0.26995963,-0.012842649,0.26998603
tag__Online Co-Op,0.0314674,-0.0064579956,-0.07513942,-0.03461012,-0.007209353,-0.0871179,0.08046071,0.14820682,0.092658974,0.044299386,0.046014637,0.013495284,-0.0005815155,-0.025644653,0.0010379405,-0.0012829237,-0.061828334,-0.033699036,-0.045361057,0.01923609,0.011627788,0.07589549,0.066099286,-0.012516775,-0.0060774866,-0.053436127,-0.09526897,-0.039512984,-0.058592625,0.028482007,0.020707352,0.12918581,0.039706927,-0.04062132,0.013053919,-0.06131144,0.009452997,0.058563974,0.09716235,-0.07103918,-0.0041608205,0.12236477,0.090580516,-0.023751505,-0.13859901,-0.105990835,0.054917596,0.10108539,0.045444787,0.044459324,-0.04403455,-0.01013278,-0.017622083,0.09787516,0.0023083948,-0.0031824866,0.011125924,-0.02599641,0.0156213455,-0.042675816,0.060373906,-0.04442594,0.013157077,0.024684373,0.08189421,-0.026279744,0.065474875,-0.027611531
tag__Futuristic,0.01401473,0.00045138854,0.00043926356,-0.04136488,0.0029950626,-0.023881847,-0.058611117,0.003396977,-0.013952177,0.03824809,-0.040222086,0.04951509,0.00091479626,0.052225456,0.0057019386,0.03477974,-0.08463743,0.01749027,0.0064011533,0.025149409,-0.046952076,0.012426431,0.111160606,0.0026624408,0.028666237,0.041378334,0.11861852,0.056428906,0.06577654,0.060509883,0.11186259,0.03354542,-0.042648662,-0.04073235,0.051759843,-0.014187001,-0.009615282,-0.0032347462,-0.04800402,-0.02923482,0.0045387223,0.11535569,0.0623399,-0.021595052,0.040171023,0.03528975,-0.010307778,0.05913041,-0.047682658,-0.062733345,0.06733397,-0.049666714,0.056435082,-0.06874129,-0.04210568,-0.048539262,0.04997036,0.04482482,-0.078439966,0.024420746,0.034374017,-0.07362477,-0.16023026,0.033414762,0.08769945,0.059630886,-0.1262643,-0.042071376
tag__Platformer,0.02999831,0.016419232,0.009213837,0.03904481,-0.09530176,0.0008199215,0.02149119,0.02560639,-0.047565922,-0.07961166,0.068142526,0.012635522,-0.0710089,-0.016347937,-0.01346547,0.011571689,-0.038383078,0.010634223,0.030925063,-0.017570104,0.014605958,-0.019407032,-0.0049599013,-0.09302481,0.004552337,-0.031441085,0.13043466,0.071801,-0.03327034,-0.028807085,0.040183395,0.04663065,-0.08535683,-0.035939887,-0.0366749,0.06963362,0.022560408,0.10888836,-0.06554449,-0.008598541,-0.076574184,0.016886743,0.003356266,-0.008318042,-0.033737436,-0.0012542426,0.028284265,0.010602612,-0.037783634,0.08793251,0.078055546,-0.09592991,0.096809834,-0.082495965,0.1789071,0.053440843,-0.003929443,-0.089860216,0.03745309,-0.03417448,0.015894074,0.0040711807,-0.11851788,0.13618435,0.058612213,0.04023377,0.06628521,0.02595477
tag__Puzzle,-0.025402097,0.009504896,0.003894808,-0.008486685,-0.05280611,0.05193669,0.006382453,0.008871572,-0.0068607717,-0.03455552,-0.007028767,-0.03640196,0.027389284,0.033805694,-0.013298635,0.013390168,0.014285503,-0.034426138,-0.025975117,-0.012765548,-0.03507794,0.0051661036,0.037236866,0.009457958,-0.0005530476,-0.06501459,-0.016300965,-0.013330841,0.034848515,0.016133105,-0.01439386,0.01858165,-0.029948844,-0.051575508,0.008966531,-0.0749287,0.033911683,-0.055770673,0.011771105,-0.04704901,-0.040729053,-0.036165453,-0.059976038,0.011023029,0.1624667,-0.002200793,-0.013473951,0.0014250962,-0.029590648,0.13549206,-0.16073881,-0.015946489,-0.06693749,0.0569449,0.104959704,-0.06354189,0.102222204,-0.040420286,-0.11421033,-0.14994042,-0.14404568,0.003290932,-0.1382629,-0.18092819,-0.13614438,-0.02001588,-0.05575049,-0.07759975
tag__Zombies,0.019524269,-0.009407697,-0.011627078,-0.031048754,0.030880192,0.01870555,-0.02691031,-0.0041595194,0.021418048,0.041663807,-0.028343303,0.044788744,0.035866138,-0.044606764,0.03772483,-0.002543473,0.041024573,-0.03607336,-0.01976987,-0.044861756,0.030844444,0.022402963,-0.08293672,-0.03054284,-0.024049172,-0.00512635,-0.08960958,0.03430842,0.021134933,-0.060551245,-0.023325497,-0.025493471,-0.05677347,0.061029036,-0.08813451,0.06305608,-0.02491793,0.019398205,0.008879871,0.017531231,-0.009271818,-0.05523106,0.006636358,-0.043089055,0.071876206,0.041588288,0.05159252,-0.004464229,-0.026254322,0.024943473,0.022207923,-0.10633392,-0.02477644,-0.07007218,-0.027107824,0.07864732,0.12456338,0.040641528,0.09579925,-0.09082652,0.02849999,-0.16148886,0.13595575,0.25300643,0.029816587,-0.08008218,-0.0041505694,0.030120954
category__Shared/Split Screen,0.029227247,0.045684382,-0.037879687,-0.03363653,-0.03301428,-0.069683805,0.13105442,0.16035458,0.07441435,-0.016417349,0.020899806,0.03502662,0.01216254,0.06165753,-0.025208795,-0.043642286,0.11122379,0.09576682,0.035032682,-0.006870223,-0.01820014,-0.1005967,-0.08331203,-0.00930987,-0.015857229,0.09855995,0.10866157,-0.018649427,0.078956604,-0.028903963,0.019658845,-0.1563891,-0.08024631,0.03434883,-0.029727638,0.09016093,0.05004003,-0.01924649,-0.024702711,0.0879953,-0.03335446,-0.05663155,-0.033153087,0.009146293,0.07835353,0.09607895,-0.09202518,0.016153062,0.008650533,-0.04718929,0.005129091,0.010465264,-0.0081753135,-0.004557293,0.010669838,-0.054108854,0.006958734,0.027092682,-0.030203179,0.04950606,-0.024621855,0.03438688,-0.014864042,0.03381105,-0.05203142,0.02534363,0.0073228506,-0.002254405
tag__Post-apocalyptic,0.012625371,-0.012363758,-0.013683867,-0.026574826,0.0051762243,-0.008654371,-0.056749064,0.009657895,0.008691316,0.033911247,-0.031093404,0.038462143,0.0121334465,-0.047183406,0.018034399,-0.00607213,0.01823077,-0.03509022,0.0018182682,-0.012861831,0.0059796865,0.04267699,-0.028535007,-0.028009841,0.014142114,0.015127046,-0.050270725,0.040250804,0.021335604,-0.086121194,0.049893152,-0.03169395,-0.054199252,0.006949784,-0.100637875,0.05409742,0.014432265,0.015869033,0.022564664,0.042760298,-0.0027388188,0.016276669,0.015566895,-0.010293934,0.07380019,0.0050915824,0.019446276,0.09258891,-0.014760022,-0.027587013,0.03616103,-0.008568588,-0.03522697,-0.10852645,-0.037956964,0.028702743,0.08109683,0.03155649,0.124104336,-0.063213415,0.011880331,-0.17061287,0.02101677,0.31177548,0.012566819,-0.053903684,-0.14297484,0.10436188
category__Stereo Sound,0.016345285,0.054604802,-0.04013032,-0.03276121,-0.08439799,-0.0042993478,0.020560445,-0.08257548,0.08394077,0.06661616,0.016545253,-0.010683995,-0.08498975,-0.039319552,0.034157436,0.03156369,0.02356831,-0.007750719,-0.003718609,0.028789151,-0.0062347697,-0.039144818,-0.020611929,-0.017607389,0.00751631,-0.014751237,0.0011387632,-0.012903617,0.024393601,-0.029152224,0.05821609,-0.021852573,0.040612496,-0.002124917,0.0010964308,0.019350963,0.049596258,-0.010724688,-0.06834188,-0.031152308,0.015722964,0.011598494,0.0086813485,0.02780556,0.028662011,0.022295091,-0.0052536987,0.06815976,-0.038343433,0.057443492,-0.014945515,-0.03361125,-0.04228681,-0.007034429,-0.046059866,-0.040766403,-0.039363205,0.018306622,0.07204478,-0.083544634,0.030393315,0.009969878,-0.10668617,-0.043679867,0.041663766,-0.1275613,-0.110870756,0.012044897
tag__Arena Shooter,0.04022045,0.0028850122,0.028801216,-0.0448114,0.041119773,-0.027089367,-0.04204871,-0.0006860358,-0.0008239067,0.060953047,0.0055488646,0.015522892,-0.006270505,0.011097772,-0.032137748,0.0414318,0.017224198,-0.021979056,-0.033164635,-0.0035605766,-0.027607504,0.039516803,-0.023789668,-0.026639996,0.0018073125,0.007632772,-0.03899687,-0.011684553,0.005534257,0.0047644377,-0.022429153,-0.024806945,-0.01931894,-0.024669645,0.020294264,-0.042215668,-0.046537418,-0.0010093804,-0.057676908,-0.012347681,0.051603872,0.04651692,-0.0028442258,0.026928678,-0.004771433,0.04736645,-0.035105467,-0.026363786,0.00072241476,0.013608323,0.04793417,-0.06697634,0.029766835,-0.01846767,0.06932182,0.0872201,0.0040804334,0.0052410834,-0.04421414,0.019483924,0.03403812,0.25161093,-0.096673466,0.045711104,-0.013214333,-0.07626866,0.035077058,0.086411044
tag__Bullet Heaven,0.041519348,0.04255379,0.046971567,-0.0099224085,0.05986201,0.0065472834,-0.0098631475,-0.0051787584,-0.0037412306,0.057517897,-0.0151773,0.012406019,0.021275576,0.0037998403,-0.014653586,-0.004608911,-0.010049361,-0.02988344,-0.021211727,0.054340888,-0.052219864,-0.043134682,-0.03798809,0.035913557,0.05799276,-0.0053073713,-0.03543324,0.057075065,-0.002969059,-0.03032912,-0.07169704,0.06306282,-0.021654207,0.01905541,0.11982689,-0.007948192,0.002515409,-0.050257638,-0.032144275,-0.0292269,-0.058018085,-0.0075040353,0.021728618,-0.06124493,0.04786622,0.032112766,-0.015834244,-0.036120232,-0.025295189,-0.0036158762,0.008449138,-0.0045586117,-0.0014564794,0.017858876,-0.06035498,0.0066603175,-0.051059216,-0.024053402,-0.00789069,-0.008548247,0.089686505,0.03667972,0.07800314,-0.038232964,0.016280416,-0.06376028,-0.12929963,0.13982655
tag__Comedy,0.0035164976,-0.00034853444,0.009764953,-0.019397916,-0.033081487,0.016581282,0.047776807,0.027919427,-0.01586822,-0.017963817,0.021198515,0.012382599,-0.008764176,0.0047119153,-0.042197052,0.04150181,0.039383966,0.058099486,0.014463356,-0.035467643,0.039987583,-0.014129216,-0.02676693,0.03012007,-0.031940993,0.011897757,-0.038894217,0.0281909,-0.03107684,-0.034815587,-0.0016676763,-0.10693743,-0.015622424,-0.05587938,-0.00927738,0.012476466,0.057901144,0.025458608,-0.04643119,-0.07540737,-0.01593266,-0.066851184,0.090849906,-0.03715669,-0.07566333,-0.077723674,0.093182094,0.0162218,-0.08745419,-0.052952673,0.007798687,0.041133344,0.089701004,-0.012803492,-0.10434499,-0.044349164,-0.05646904,-0.12392085,0.09158834,-0.028429084,-0.061278705,0.019692712,-0.043762863,-0.044932526,0.024810292,0.054804366,0.0129306,-0.07070473
tag__Twin Stick Shooter,0.04150702,0.023806207,0.016364282,-0.035729717,0.039403833,-0.023584079,-0.03907819,0.021267736,-0.016021624,0.007825136,0.0047215223,0.029979778,0.028868543,0.028245613,-0.004583538,0.02585565,0.0770988,0.026541922,-0.0015457462,0.017831165,0.023423763,-0.0041592265,-0.018405002,0.03437404,-0.07756191,0.022844102,0.04042351,-0.0816285,0.030501302,-0.025517315,0.0029547238,0.010513294,0.003494899,0.032862402,0.028029239,-0.0025483826,-0.06977362,0.015019303,0.012314576,0.024255352,0.017611546,-0.043780174,-0.059703648,0.00048611636,0.04456446,0.042587124,0.033876065,-0.005250647,0.024231713,0.049072642,-0.025485229,0.04475705,0.0489424,0.0033308729,-0.029354833,-0.019709477,-0.022934085,-0.046420667,0.11015282,0.046606768,-0.027300436,-0.027158994,0.08468767,-0.12593217,0.06228948,-0.027939014,0.050369468,-0.056225833
tag__Crafting,-0.007119079,0.0067698304,-0.0025368223,0.009006298,-0.023563333,0.0414133,-0.00049607176,0.018546168,0.04869884,0.00935803,-0.02822717,0.019267272,0.046319943,-0.050059177,0.04745787,-0.0036064412,-0.034096472,-0.043049887,0.0457297,0.033089723,-0.025983874,0.03076721,-0.045073308,0.04053649,-0.045252208,-0.013464664,-0.030980622,0.04380681,0.060474258,-0.08124886,0.012754891,-0.065084785,0.03074432,0.0068238885,0.021798715,-0.057104703,-0.025544904,-0.0007738113,0.06438099,0.09144115,-0.07208686,0.03715445,-0.005009577,0.011888109,-0.024733398,-0.007936866,0.048792742,0.007322822,-0.043658767,0.04030611,-0.0072302227,-0.018113017,0.020519061,0.083992556,-0.045604613,0.09475374,-0.0395498,-0.082650095,-0.013298966,0.0798506,0.06127264,0.045621973,0.014337523,0.03438516,0.037759326,0.027818134,-0.108487636,-0.04524745
tag__Management,-0.042761695,0.0036811735,0.0196179,-0.05020427,-0.015592667,0.06512985,0.0030414527,0.011210631,0.045554165,-0.037629474,-0.028640231,-0.051373433,0.06565202,-0.09057787,0.027097167,0.00093241205,-0.047168475,-0.01891239,0.030019468,0.042051107,0.008839422,-0.009874083,-0.009084089,-0.005082762,-0.027711704,0.11678997,-0.0024145725,-0.010737245,-0.034345724,-0.023610264,-0.05465499,-0.014100373,0.03841419,0.02891712,0.04041268,0.036708325,-0.09753485,0.0011300013,0.018497312,0.034954987,-0.025327532,0.042289894,-0.020757847,0.042620786,-0.017266676,0.021326011,0.039335255,-0.013681928,0.023613064,-0.05014574,0.013318449,-0.09201769,-0.016483257,0.07118191,0.06337231,0.05425323,-0.014246981,-0.030549256,0.050099693,-0.07379571,0.100385435,-0.023630742,-0.011655813,-0.04461051,0.02927632,0.07828856,0.007218586,-0.09224614
tag__Base Building,-0.023034245,-0.015500378,-0.00094412547,-0.037125815,0.009986846,0.046999313,-0.007694822,0.023354856,0.03598207,-0.04214466,-0.060745846,0.0025249922,0.07711142,-0.15285823,0.016409282,-0.008566972,-0.017816607,-0.031527195,0.04895544,0.0323234,-0.031675603,-0.018006802,-0.032565586,-0.06550912,-0.026340619,0.08071465,-0.0069503547,0.016894454,0.019546775,0.009627902,-0.020692261,-0.03421598,0.00827899,0.058734056,-0.039047457,-0.007211107,-0.053475242,0.09451571,-0.069479436,0.06840454,0.023845484,0.033406943,-0.015564117,0.028156558,-0.04033608,0.029022982,-0.032651864,0.10022303,-0.02953433,-0.006642075,0.009574402,-0.09099392,-0.1139147,0.08417445,0.016998325,0.034858007,0.00491759,0.023632096,0.10176695,-0.0612635,0.03290821,-0.06803943,0.09148918,-0.0646942,0.020548768,0.0689972,0.0059661465,-0.05786814
tag__Building,-0.02375434,-0.016793787,0.011200034,-0.048387177,0.006177611,0.056655,-0.01012977,0.024758486,0.047577806,-0.042437736,-0.057598602,-0.032264818,0.047180094,-0.12703128,0.030510824,0.0042123073,-0.023536954,-0.028060088,0.06672782,0.039665133,0.0027623144,-0.017542435,0.010153015,-0.033708762,-0.015625278,0.08487457,0.008330554,0.0016186837,0.03693716,0.01474748,-0.043465964,-0.010186493,0.0050873547,0.06204899,0.021291692,-0.005531055,-0.036436718,0.070358925,-0.019984752,0.03678689,-0.009379108,0.09655904,-0.013732484,0.0119540505,-0.05347872,0.014246698,-0.034115165,0.083299816,-0.042131264,0.008303388,-0.011791042,-0.05709115,-0.111341,0.082221955,0.074701555,0.056269806,0.023875138,0.008204094,0.043792576,-0.041655794,-0.019352205,-0.035398107,0.019745532,-0.060410142,-0.023476522,0.04400626,-0.011025317,-0.021359142
tag__Multiple Endings,-0.012158716,-0.00070902926,0.0020281742,0.01610457,-0.045713075,0.050489686,-0.014764673,0.015605694,-0.019567788,-0.019340899,-0.020704567,0.02464911,-0.049515456,0.00774462,0.00034006056,-0.016730502,0.046578977,-0.0143100945,-0.08101626,0.02086696,-0.033874366,0.030197648,0.012297416,0.048394777,-0.014082051,0.029771864,0.028779296,-0.019633627,-0.04915269,-0.037139807,0.011005264,-0.018493008,-0.035913613,-0.035942875,0.0143259475,0.020957006,0.036093377,-0.080519296,0.01784013,0.052821185,0.06942562,-0.03287916,0.015224185,-0.01879258,-0.035983317,-0.017687608,-0.072355755,-0.030971821,0.002498575,0.100482345,0.017331297,0.055679593,0.057705466,0.042696767,0.033547565,-0.07034688,-0.023158124,0.090567425,0.0825252,-0.081872255,0.025355725,0.0054996074,0.054812726,0.035798945,0.111331955,-0.010596868,-0.030598374,-0.025082216
tag__2.5D,0.015196067,-0.0027907963,-0.014690446,-0.007849687,0.010566907,0.015341366,-0.014695426,-0.013820009,-0.00891527,0.0018767392,0.017674984,-0.013145251,0.002837909,-0.033186268,-0.01679414,0.011996215,-0.013769584,0.007742924,0.0071787336,0.01735824,0.025367085,-0.023667566,-0.014260652,0.03211008,-0.0014639634,-0.021189526,0.0016974523,0.00584337,0.02314872,0.05125109,0.002224517,0.0023540875,0.079900436,0.07791211,-0.0104574375,-0.066935666,-0.008680292,-0.047218945,0.0116200615,0.07126842,0.045775943,-0.08699226,0.10365648,0.0032347771,-0.055221703,0.12923571,0.08435079,0.03938524,-0.021731917,0.06448604,-0.0141111715,-0.01556945,-0.051029008,-0.033149756,-0.043707386,-0.056739394,0.0023019228,0.028169211,0.05654874,0.05846192,0.040385228,-0.026240638,0.01284696,0.027934778,-0.0811768,0.026884608,-0.040245943,0.12052357
tag__Mythology,-0.004569599,-0.009253867,-0.022822123,0.030168079,0.0070239063,0.007225768,0.0076283845,0.0117861,-0.029540978,0.0023976709,0.017071776,-0.015360145,-0.00358645,-0.014220563,0.007330981,-0.011803975,0.010657869,0.025051294,-0.006175845,0.025132185,-0.027224677,0.017776223,0.010813057,0.011541721,0.04510747,0.0061708577,0.018148908,-0.030287025,-0.032716703,-0.00862253,-0.021288982,0.00030199668,0.039178498,0.002083995,0.021414343,0.008666928,0.041769423,0.018565135,0.061943933,-0.011955226,-0.044477124,-0.04579038,0.0032279182,-0.052322116,-0.016577048,0.05407706,-0.0136353,-0.07889189,-0.018871166,0.07016332,0.14453451,0.07547477,-0.0362294,0.035801668,0.0094438875,-0.016901797,-0.007302451,0.022173388,-0.010930104,0.010467708,0.029789422,-0.048493806,-0.025555337,-0.031651467,0.032046355,-0.15114745,-0.021118198,-0.15635869
tag__Old School,0.013364599,0.00051704986,0.026468964,0.005723654,-0.021690719,0.002746436,-0.020888785,-0.0152049605,0.022467235,-0.011761868,-0.031983417,-0.010926107,-0.01810843,0.03973117,-0.018967766,0.028401116,-0.024220515,-0.002735928,0.020627268,-0.04769559,-0.0016590069,-0.005165593,-0.010786758,0.011881696,-0.02301014,0.007646453,-0.05583194,-0.04946331,-0.06648141,-0.0002265608,-0.024127942,-0.029035268,0.020374952,-0.0101832375,-0.045860056,-0.019374683,-0.03690816,-0.042981528,0.012868132,0.019958176,-0.003052878,-0.00030699177,0.02756879,-0.032517344,-0.017726237,0.07449745,0.002191833,0.023701832,-0.023450121,0.06843078,0.07551912,-0.015063604,-0.027194006,0.0046543363,-0.019199759,-0.0642027,-0.05106925,-0.006003573,0.05841977,0.039368812,-0.07567996,0.07534204,0.084285825,0.0007692786,0.060363617,0.04933201,-0.040922318,0.0647454
category__Shared/Split Screen Co-op,0.031467967,0.040400293,-0.02771159,-0.02470583,-0.023877963,-0.052707613,0.09829726,0.12886879,0.058597077,-0.012930703,0.033652484,0.034171537,0.016153274,0.042025797,-0.00839815,-0.03979243,0.09975653,0.07103122,0.020588763,0.0011100557,-0.012409962,-0.08176829,-0.06711825,-0.0031227632,-0.02163762,0.09150463,0.08168448,-0.017971875,0.07835262,-0.027090939,0.006556255,-0.14341618,-0.085068874,0.037858848,-0.023913212,0.08972978,0.047388386,-0.008902771,-0.037440684,0.08219865,-0.019791054,-0.035253305,-0.0028991038,0.0066227564,0.05666252,0.09011189,-0.088649966,0.027006388,0.021344058,-0.043566886,-0.012331407,-0.009496297,-0.03423272,0.01527032,0.018437512,-0.08036638,0.013067024,0.0031921319,-0.036407996,0.04285962,0.022922594,0.01889075,0.01672106,0.06444768,-0.027151985,0.0041693356,0.049855765,-0.006205867
tag__Cyberpunk,0.012194727,0.0056274356,-0.0025918456,-0.021529041,0.019412385,4.3399632e-05,-0.04107692,0.013798809,-0.016697738,0.015248497,0.0017493147,0.004234059,-0.01075671,0.007924784,-0.007873021,0.0069076726,-0.06509738,0.023600833,0.022776172,-0.002295832,-0.0060799187,-0.0033788728,0.04075502,0.0010478514,0.035115924,0.043967415,0.040167067,0.008016052,0.041716475,0.032961108,0.03628865,0.037753593,-0.011968542,0.009121653,0.004033536,0.011916011,0.024859251,-0.045790613,-0.02325144,0.049644794,-0.04360386,0.033875685,0.039349042,0.0072185183,0.016408557,-0.0017298525,0.0018666813,0.12133135,-0.033769067,0.0025297184,0.049782146,-0.024479909,0.035858408,-0.055457033,-0.011134357,-0.059226654,0.0059232377,0.0962798,-0.0046452302,-0.027540049,-0.004265398,-0.09078353,-0.08698612,-0.020094166,0.063680165,-0.04399751,-0.10783571,0.07595834
tag__Violent,0.020295525,-0.020825246,-0.033018943,0.003685731,0.0037254645,-0.0069239014,-0.028723406,-0.00065919664,0.003642813,-0.0033065556,-0.0069186827,0.010575603,-0.012187687,-0.02460058,-0.04671723,-0.02246611,-0.00016295825,-0.008671438,-0.049326144,-0.012481643,0.062283188,-0.020180501,-0.057676114,0.030764842,0.039973427,-0.00808609,-0.016223082,-0.03205711,-0.038111754,-0.03308665,0.029353894,0.035218205,-0.010858774,-0.03768812,-0.05153234,0.03793872,-0.08492272,0.044414043,0.040526282,0.019082824,-0.012673424,-0.016576562,0.052771285,0.10123663,0.008147058,-0.010797221,-0.024552329,-0.02932531,-0.04605676,-0.06383936,0.01903606,-0.009468742,-0.022268971,0.009164611,-0.07733253,-0.041584965,0.088085316,0.049712893,-0.040271472,0.0024836692,-0.014963834,-0.007724731,-0.08561197,0.014656136,0.03629551,0.038014144,-0.05133969,-0.012398066
tag__Linear,0.014413538,-0.022247111,0.013446219,-0.0046877814,-0.037583813,0.0057208156,0.012278814,-0.027987469,0.010102989,-0.026326673,0.0068520345,-0.019993978,-0.023716979,0.036442872,-0.015658896,0.0040101525,-0.012452023,-0.013625686,-0.0057770247,-0.0030659228,-0.048200518,-0.014218977,0.025327126,-0.0067392304,0.007258178,-0.014672976,-0.0033139621,0.0010678767,0.014730527,0.011376069,0.017321194,-0.0039950297,0.033483893,-0.011567371,-0.052363746,-0.00029892247,0.012196002,0.010086846,-0.054377127,0.0038931035,0.021914681,0.021913366,-0.040847547,0.057721447,0.0050411182,0.016783731,-0.008985984,-0.02214051,-0.0131105175,0.05785687,-0.022045434,0.016376091,0.020482624,-0.018412005,0.007762242,0.017952729,0.008879597,0.04578649,-0.05081849,-0.023121236,0.038571738,-0.0028294644,-0.010423189,0.001291658,0.016080022,0.0016672137,-0.024000973,-0.0067028194
tag__Physics,0.009322695,-0.0052483287,-0.023751464,-0.040953875,-0.03819915,0.007881549,0.014794048,0.0070276796,0.0048892023,-0.016336879,-0.00016247545,-0.0019793897,-0.0055265315,0.0055658594,-0.0106600365,-0.009482906,0.0042251255,0.016334014,0.043061327,-0.01585959,-0.02969158,0.0036810613,0.017574344,-0.005327399,-0.011753478,0.00461811,0.036399566,0.059080523,0.015134937,-0.0069310237,-0.0047535677,-0.013427684,-0.010428982,-0.0030804118,0.031488903,-0.017845232,0.023260422,0.025601288,-0.00032464392,-0.034076277,-0.016214099,0.020139646,-0.018746186,0.0018876231,0.04145729,-0.011155065,0.046154093,-0.020850983,-0.018650983,0.019679574,-0.036395546,-0.011542171,0.037635278,-0.04463473,-0.082473055,-0.024887549,0.005170583,0.046438783,-0.07358494,-0.003435703,-0.057718698,-0.030772857,0.018028514,0.008060121,-0.07857495,0.004250135,-0.14503682,0.0194009
tag__Family Friendly,-0.008144505,-0.0031088167,0.009677321,-0.02283815,-0.025574036,0.03781005,0.055973403,-0.015419085,-0.009076527,-0.0034523702,0.041186765,-0.021741524,0.01910969,0.027189594,-0.011369796,0.0521886,0.013829999,-0.0007974586,0.0012528029,-0.027942892,-0.011407762,-0.0017233974,0.049721614,0.004353247,-0.030125758,-0.038582057,-0.015352448,0.025760947,-0.02254149,0.00071500154,0.010255301,-0.016170597,0.0055548847,-0.012866986,-0.0027606692,-0.0042556487,-0.0046909703,-0.002142097,-0.040705692,-0.0048468797,0.007887767,-0.006443582,-0.007820811,-0.00065767614,0.024103485,0.011796433,0.06743318,0.04462119,-0.0064112637,0.034604132,-0.053911038,-0.016128499,-0.038913604,-0.041086312,0.0041939337,0.019398302,-0.036836512,0.040164858,-0.08744763,-0.032645773,-0.031845674,9.679865e-05,-0.0017106769,-0.054055832,0.03358984,0.016348658,-0.08381346,-0.0115470765
tag__Open World,0.0029307418,-0.026956191,-0.034709662,0.025219936,-0.022328254,0.032111082,-0.009619494,0.015176376,0.036652237,0.038612038,-0.027236708,0.018351464,-0.0026191392,0.029151738,0.020797776,0.0065245214,0.0063596866,-0.022775698,0.027188791,0.0075084586,-0.010092456,0.009733831,-0.03825871,0.0014676806,-0.052758258,0.00050972454,0.023414345,0.04261946,-0.023085793,-0.030444663,0.032282256,-0.017952004,0.03241034,-0.030812688,0.0050807227,-0.032113507,-0.017551301,0.0764196,0.0573247,-0.015142886,-0.052396275,-0.010177374,-0.012416942,-0.030258767,0.034438457,-0.018497733,0.0344389,-0.07315276,-0.011977661,0.028495092,0.023117512,0.03372033,-0.004347219,0.067994274,0.01670672,-0.004975159,0.023680195,0.03476787,-0.06697445,0.12145647,-0.052863162,-0.006776677,0.019444104,0.0048738928,-0.04784918,0.0011526293,0.016226904,0.06634889
tag__Demons,0.013771817,-0.0037991896,-0.00778519,0.010524717,0.000614845,-0.002066905,-0.009082417,-0.0182036,-0.0011650753,-0.0120665915,-0.012636691,-0.005268605,0.021078456,-0.021878418,-0.008015865,-0.045203034,0.037387785,-0.0051532737,-0.05498219,-0.021419426,-0.011223779,-0.02117823,-0.014831453,0.009508108,0.016296756,-0.036877617,-0.059819225,-0.042793203,-0.020383414,-0.003071033,0.0118707875,0.01152516,-0.030069634,-0.023682727,-0.010599222,0.049153607,-0.04588913,0.03627413,-0.036474768,0.011063655,0.008117336,0.018492803,-0.02687681,0.032325637,0.006206408,-0.016821988,-0.018982278,-0.024745412,0.007369715,-0.014108376,0.076729886,-0.0006960445,-0.07999068,-0.069415376,-0.061248347,0.034746163,0.01976988,-0.0068560736,0.013497855,0.015198095,-0.086726494,-0.0199482,-0.023584073,0.033948977,0.022521446,0.005245261,-0.048085093,0.04378103
tag__FPS,0.026087781,-0.027045235,-0.047583926,-0.047189064,0.00034176724,-0.028788002,-0.037330817,-0.004073869,0.018090937,-0.018991273,-0.021398753,0.0010360879,-0.045975126,0.041108232,-0.025661252,0.07121338,-0.07668853,-0.06359391,-0.060833454,-0.023239298,0.02980328,0.052503116,-0.05099549,-0.0071513476,0.035070386,-0.0007559978,-0.04183084,-0.055097222,-0.034066223,0.02667832,-0.013550969,-0.053937797,-0.032601085,-0.061507963,-0.05450063,0.064277194,-0.053955656,-0.02055698,-0.031332076,0.028194832,-0.014542128,0.0263934,0.098258324,0.09691221,-0.04717933,-0.028541556,-0.039866038,-0.025683425,-0.024882946,-0.029680248,0.03573021,0.027568676,-0.115099184,0.006877157,0.039951198,0.006760308,-0.076777115,0.016208164,-0.07788944,0.017854035,-0.0759328,0.06823852,-0.050041407,-0.005355255,-0.031485397,-0.0052771047,0.07477982,0.024957668
tag__Gore,0.020271372,-0.013369506,-0.022162164,-0.0056720274,-0.0070751677,-0.016288055,-0.044566683,0.004629564,0.0054028644,0.001418581,0.0040394324,-0.006489451,-0.0019640052,-0.035043716,-0.026813932,-0.021135906,0.010689071,-0.025866134,-0.04802775,-0.049255207,0.03163338,-0.03459284,-0.06055649,0.015664693,0.020454401,-0.026933614,-0.023484096,-0.02441889,-0.04031756,-0.013981689,0.02901516,0.00050163793,-0.0078596985,-0.04501474,-0.06201696,0.025786182,-0.072189026,0.033466358,0.027423652,0.010424715,-0.0048950366,0.0073327995,0.050550044,0.0774254,0.039516814,0.0010013597,-0.026020972,0.0077030864,-0.0563082,-0.05791648,-0.001234675,0.050650954,-0.021199198,-0.01421413,-0.07683752,-0.050790638,0.10574594,0.011388405,-0.08304031,0.005500633,-0.015658034,-0.02203384,-0.10656384,0.04935158,0.0632275,0.021250017,0.0010968037,0.0011592228
category__Online PvP,-0.010994935,-0.012054209,-0.033135895,-0.017861051,-0.008918371,-0.07474179,0.07352261,0.08067284,0.027611405,0.0330499,0.0064346185,0.0054659275,-0.016057756,-0.0011526707,0.0028877247,-0.027842179,-0.030621808,-0.013547428,0.017720466,-0.008256882,0.01281685,0.03126324,-0.013060713,0.0129924435,0.0038680998,0.0016816736,-0.012336341,0.00025464979,-0.071950205,0.044650603,0.006485504,0.13432972,0.06577848,-0.0033616286,0.019552436,-0.07049588,-0.043712072,-0.054052755,-0.00926313,-0.031680625,0.053744853,-0.032211628,-0.046839114,0.027621593,0.05242618,-0.052145336,0.06652119,-0.08527483,-0.07093136,-0.022404065,0.06724957,-0.03643651,0.041257374,-0.094676174,0.016066875,0.07304295,-0.034901146,0.06527895,0.051447514,-0.040555056,-0.024156045,0.023924667,-0.040784042,-0.09122467,-0.06345781,-0.008905381,-0.09082638,0.008344853
tag__RTS,-0.02766006,-0.007005359,0.0029647865,-0.024679989,0.024615837,0.02965182,0.008184777,-0.0024850492,0.030860385,-0.018796882,-0.045185767,-0.008910613,0.057857607,-0.09683306,0.035542518,-0.00020835875,-0.0024112125,0.017238025,-0.017225893,0.020156639,-0.020621428,-0.0009936469,-0.040942162,-0.05036343,0.00609408,0.043535262,0.018410927,0.028342303,-0.019566806,0.09040041,0.011264062,0.05969245,-0.025753738,0.030484341,-0.015221603,0.016103365,0.025823835,0.033636585,-0.0723902,-0.012211644,0.046545804,-0.020869516,-0.0059256866,-0.008790638,-0.020828431,0.021554396,-0.030369027,0.07153949,0.04824103,-0.031747293,0.0110665355,-0.00075237494,0.003698233,0.025647663,0.027008815,0.02661225,-0.06506165,0.020316353,0.015082049,-0.024612349,-0.023220839,-0.028544469,0.020839246,0.04733718,0.0074324775,0.0025124326,0.05059495,0.006680256
category__Keyboard Only Option,0.0008740631,0.04748126,0.0052043367,-0.01994037,-0.08056418,0.012025034,0.016303534,-0.06257966,0.024348915,0.06646912,0.024151223,-0.015329583,-0.05432187,-0.011382954,0.010343152,-0.0075676776,0.033671528,-0.019350493,-0.008548418,0.03633711,-0.0121302195,-0.014483035,0.0027882566,0.0042206002,0.012276539,-0.034056187,0.013264115,0.013520194,-0.019631835,-0.018777186,0.00365837,0.008283727,-0.004909189,0.020713506,-0.024759045,0.00533596,0.00053549884,0.008189746,-0.03638991,0.0037832533,-0.032596797,0.0052965144,-0.004327197,-0.038689762,-0.011412029,-0.008178144,-0.0005678943,0.01429026,-0.010208496,0.012349544,-0.0050295587,-0.0040296135,-0.050555304,-0.008727793,0.0009995878,0.00046242648,-0.030813718,-0.041870303,-0.022642719,-0.044471666,0.019629478,-0.008919164,-0.037196636,-0.040246796,-0.018300047,0.018291678,-0.047923263,0.023360752
tag__Class-Based,-0.008565487,0.004294936,-0.0022017173,0.03393543,0.017600968,-0.00921569,0.0014217127,0.012578135,0.0458129,-0.016879233,-0.0126044545,-0.013408938,0.011976456,0.029974494,-0.007931585,-0.01570154,0.012674348,0.0029228677,-0.025200043,0.018286169,0.006447861,0.0044130106,0.014053805,0.022121856,-0.02869141,-0.0048348587,0.010083795,-0.0058363685,0.0112673575,-0.017337192,-0.02128267,-0.028315743,-0.017211819,-0.007787779,-0.0054848157,0.010730742,-0.017602902,0.0054286453,-0.012715379,-0.029726274,0.035373274,0.04662174,-0.02110926,0.0035953447,0.040376537,-0.047699746,0.008422334,0.047302097,0.013855634,-0.0134657975,0.04838537,-0.0017002067,-0.0076775867,-0.010460081,-0.049345948,0.018873453,-0.0055777095,-0.030152716,-0.021495037,0.009724508,-0.03685566,-0.021836068,0.027699828,0.02356447,-0.0047323913,0.024365973,0.021708827,0.03519697
tag__Incremental,-0.016601969,-0.012406875,0.023890804,-0.03493821,-0.019117896,0.06442997,0.019983575,0.010401409,0.027257636,0.016009532,0.020331504,-0.041059658,0.010343399,-0.023855094,0.0033732317,0.0027739168,-0.01785295,0.013414892,0.009889973,0.011171267,-0.023199711,0.022368621,0.019959014,0.014677122,0.015121215,0.014327675,-0.013433929,-0.047904573,-0.023782928,-0.0019441247,-0.028280176,-0.0018873774,0.0060319602,0.028738476,0.0067836028,0.043808445,-0.0030424767,0.010017537,0.01642764,-0.03653558,-0.08930191,-0.017007764,0.024914898,0.012919968,-0.012480311,-0.039086625,0.028343305,-0.0683561,0.049235344,-0.04708255,0.09485579,0.023206614,0.036874026,0.0030959547,-0.05120573,-0.046612836,0.056247097,-0.041651364,0.016272683,0.0741598,0.032909427,0.0073197167,-0.031915598,0.15893792,0.066934675,0.0094854245,-0.0012774363,-0.048621174
tag__PvP,-0.0065729073,9.8169316e-05,-0.038294297,-0.029302165,-0.009170704,-0.07140221,0.08026731,0.070384994,0.03451793,0.032453097,-0.012109675,0.022387974,-0.0074863173,0.0025034482,-0.0056317267,-0.01287818,-0.023470834,0.006077849,0.007513842,-0.012144735,0.013618495,0.008474591,-0.016700929,-0.010365495,0.009726152,0.009945285,-0.008565449,-0.0068643857,-0.07299185,0.051599223,0.01781333,0.08631329,0.052458484,-0.02476088,0.007303657,-0.066721335,-0.027960263,-0.046893477,-0.004341524,-0.03327228,0.048809886,-0.031259254,-0.0466338,0.028314253,0.070224956,-0.014920894,0.054388262,-0.07190069,-0.05785987,-0.001916077,0.053326633,0.0067510344,0.058577914,-0.104091525,0.010757372,0.05869393,-0.061271176,0.058406115,0.034404665,-0.03263676,-0.019290846,0.0029062647,-0.054307677,-0.04091668,-0.09204143,0.019436875,-0.12354432,-0.0006629061
tag__Souls-like,0.020904228,0.0137602165,-0.033979516,0.036419313,-0.0055343024,0.008531047,-0.017519472,-0.012463331,-0.018441627,-0.0022238856,0.05274012,-0.038701613,-0.025831254,-0.06907806,-0.01840398,-0.04346272,-0.029732112,0.036521118,-0.016688902,-0.02835393,0.002090557,-0.0108078215,0.032385748,-0.030804344,-0.01651798,-0.04185629,0.033131406,0.01512071,0.003184216,-0.007877233,-0.011386287,0.020500608,-0.029054444,-0.011645867,-0.043134443,0.032252602,-0.030252166,0.05103138,0.0055767186,0.002105128,-0.02775278,0.010628441,0.01452368,0.0040065222,-0.009853104,0.023686677,0.005702233,0.0019743163,0.037303597,-0.032655638,-0.015641734,0.0026823003,0.007715784,-0.030653082,-0.026987959,-0.01763995,-0.0801575,-0.046825238,0.007816283,0.02587213,0.008084306,-0.00764598,-0.023567598,-0.037668232,-0.0065920274,0.023059703,-0.039548825,-0.0034328345
tag__Aliens,0.013000855,-0.0125020305,0.013826416,-0.029408665,0.010261699,-0.009612737,-0.020938322,0.013328351,-0.00765434,0.020767927,-0.017982526,0.025582395,-0.01925097,0.01922742,-0.017857311,0.022088867,-0.005324675,0.026608605,-0.00357188,0.019575357,0.0012054127,0.017320361,0.05820831,-0.010181229,0.002495803,0.012850931,0.027924173,0.04807796,0.055599883,0.0030220337,0.06417897,-0.041548427,-0.010587594,-0.01719674,0.0014496418,-0.010166286,0.0064238477,0.022102494,-0.042003293,-0.020756198,0.054893367,-0.00025114883,0.06980058,0.017401904,-0.010141645,0.005176196,-0.018310037,-0.019200863,-0.009709015,-0.0151310675,-0.056281418,8.8461675e-06,-0.0145394765,-0.0072475206,-0.03171546,-0.030896315,-0.011375379,-0.03365956,0.011136854,-0.03669768,0.017349873,0.08132126,0.03262933,0.0043556374,0.018893238,0.043547824,0.088392474,0.021721914
tag__Fast-Paced,0.023725277,0.0072668074,-0.006610943,-0.02234099,-0.013900327,-0.026621558,-0.028583176,-0.017814565,-0.017190505,-0.00974659,0.009320909,-0.030858975,-0.031196902,0.0037519196,-0.031547338,0.010069544,-0.025868408,0.007315106,0.008480398,-0.030240752,-0.024611026,0.019401114,-0.022664526,-0.03746602,-0.037292026,-0.006672196,0.008126577,0.0015006699,-0.026534747,0.02558206,-0.049934108,0.0048997346,-0.028101671,-0.019654091,-0.017237581,-0.0022313884,-0.0024773236,0.00033404445,0.021699889,-0.004125701,-0.019836104,0.057221867,-0.0021439064,0.024337064,-0.004576331,-0.044727992,0.0019314643,0.026894428,-0.014175001,0.02226067,0.027574982,-0.043036893,-0.05771002,-0.031644117,0.014429836,-0.018617768,-0.01520777,-0.049876258,-0.0291036,0.014014974,-0.04516259,0.03767012,-0.014811427,0.08547948,0.041712068,-0.026964648,-0.021995578,0.04506176
tag__Side Scroller,0.0111425975,0.008909117,0.018117879,0.009013935,-0.038920574,0.009279085,-0.018704811,0.01695764,-0.01694688,-0.045423802,0.016493928,0.014486984,-0.038096078,-0.010417567,-0.026845915,-0.005922435,-0.019806212,0.019533813,0.030296205,0.007443459,0.022944793,-0.004337933,-0.013156084,-0.03424874,0.012446014,0.0011916638,0.03443605,0.051462144,-0.034455515,-0.0028782226,0.007531612,0.03371752,-0.029224934,0.034910806,-0.00078846124,0.012630258,0.034960963,0.07386164,-0.029395219,0.024124889,-0.0022674222,-0.00017375872,-0.019836688,-2.9672403e-05,-0.035505313,-0.032776423,0.042768978,0.009324368,-0.04058182,0.038299795,0.016438812,-0.024520054,0.022393592,-0.02289998,0.050978817,-0.0131268175,-0.014431644,-0.029151816,0.0052547846,0.0077598915,0.045830395,-0.029246816,-0.03261701,0.008091156,0.0865501,-0.041083276,-0.031309612,0.008759226
tag__Psychological Horror,-0.0018788734,-0.030339241,-0.035046805,-0.020384632,-0.06018142,0.024233142,-0.03663122,0.02434202,-0.0045890035,-0.039946724,0.0069899177,-0.020485893,0.014007019,0.021272732,0.019807087,-0.014656042,0.022574814,-0.020921037,-0.06519377,0.0061895642,-0.03535711,-0.03260984,-0.02011881,0.061108835,-0.022732673,-0.07289052,-0.041401528,-0.017183129,-0.03914421,0.008573354,-0.00016412511,0.004305588,-0.03993228,-0.012503903,0.037985943,-0.0049127303,0.021156961,-0.054813653,-0.02622222,-0.076295406,0.008536218,-0.0028776452,-0.021375386,0.043382548,-0.027675433,0.00040741172,-0.044687033,-0.01670189,0.01460315,-0.07254037,-0.03919869,0.091145106,-0.0056493394,-0.017870387,-0.10369352,0.046395227,0.025306053,-0.024757294,0.047266938,-0.007497808,0.012072809,-0.07043741,0.028378654,0.027974725,-0.03776868,0.0028605978,0.01798561,0.02883244
tag__Idler,-0.014724286,-0.0113688335,0.0137784695,-0.022424823,-0.011698177,0.057072114,0.019767877,0.020894198,0.030731326,0.03537072,0.009577895,-0.03666066,0.010194353,-0.015751757,0.005293758,0.0044937795,-0.023268966,0.004440822,0.028607823,0.0059103863,-0.0046763583,0.021958718,0.02219347,0.0062237903,0.029285226,-0.0112471115,0.0018259276,-0.06648008,-0.024294483,-0.01595479,-0.04293308,0.006534516,0.019047309,0.030383099,0.0070798798,0.02917888,-0.0076823295,-0.009559259,0.023302035,-0.029394606,-0.07295389,-0.030872183,0.0056647863,0.018231958,-0.011540998,-0.02878446,0.043767143,-0.07323886,0.03402923,-0.059809312,0.1277159,0.011455896,0.018411625,-0.016082698,-0.056996536,-0.030868465,0.04336677,-0.04214097,0.0068186535,0.1062186,0.015328339,-0.005549116,-0.022238867,0.103141144,0.06951136,0.05467095,0.034765616,-0.055826113
tag__Inventory Management,-0.005727301,0.008610893,-0.007895958,0.013974317,0.005401629,-0.0068297707,0.00238411,0.00044018176,0.024987977,-0.023891902,-0.010798892,0.00033874525,0.02961848,-0.012741147,-0.0034870368,0.007665436,-0.015632764,-0.022530518,-0.009119298,-0.0073864684,0.011486831,0.035722926,-0.019187033,0.019277774,0.019218951,-0.0223489,-0.0054564937,-0.017756118,-0.012364701,-0.010101088,0.014904851,-0.014277546,0.018331705,0.018737277,0.03174762,-0.030233562,-0.012244635,-0.053081598,-0.03439747,-0.016709927,0.010736024,0.016501488,-0.010471166,0.01634419,0.045378562,-0.014033615,0.047011755,-0.0754431,-0.0323214,0.01600559,0.0020992516,-0.044652928,-0.007578763,0.015903981,0.03181156,-0.031854745,-0.043870542,-0.00020970374,0.025817724,0.050800316,0.043995958,0.011355528,-0.013327101,0.056384344,-0.015448237,0.023907203,-0.090041876,-0.016794525
tag__Real Time Tactics,-0.020169118,-0.008199679,0.00375884,-0.016611153,0.026548643,0.009148407,0.014869627,-0.0055642026,0.018488182,-0.015376231,-0.03382579,-0.005856512,0.025153827,-0.062378142,0.03250244,-0.0012911329,-0.0068630306,0.008919611,-0.009474979,0.032230742,-0.002081667,-0.0025003029,-0.011944554,-0.03897071,0.0016100329,0.015633738,0.024710545,0.023257205,-0.032122567,0.08486227,0.028842157,0.03672908,-0.033379182,0.03235073,-0.0033244651,0.024325732,-0.008063396,0.037502218,-0.03655235,-0.020991253,0.04740099,-0.030364282,0.0020645186,-0.042115342,0.01697483,-0.0050689187,-0.03351098,0.061976764,-0.026627837,0.014127131,0.0066605387,0.041065164,-0.0015298951,-0.014406283,0.022859078,0.007850794,-0.056339797,-0.020657856,-0.020695405,0.08919873,-0.04092923,-0.036781576,0.046205662,-0.009139839,-0.011659189,0.014940862,0.0007166334,0.049537756
tag__Robots,0.019949002,0.0045647444,-0.0018982921,-0.040443506,0.007689188,-0.011841856,-0.03160452,-0.02641993,0.005483285,0.01698415,-0.027113704,0.017994883,-0.017084947,0.009483613,-0.02695534,0.032955755,-0.015093691,0.014769852,-0.020460816,0.040573016,0.014130785,0.005987324,0.05122029,0.0043169623,0.018444585,0.011838253,0.029818486,-0.010867772,0.044486135,0.041907158,0.022725731,0.03193803,-0.016244635,0.004225528,-0.014926126,-0.010729766,-0.008705815,-0.020460354,-0.008863022,-0.0091753,0.013870415,0.010045673,0.008369666,-0.016086698,0.001486147,0.07357185,0.020654267,0.029443504,-0.025118954,0.026439978,-0.024059802,-0.019933458,-0.0043603247,-0.007253365,-0.014872183,0.024758214,-0.00078631233,0.033173606,0.019961502,0.015066228,0.059022967,0.086700715,-0.024534289,0.027188664,0.012735011,-0.0501548,0.0035781492,0.008678889
tag__Local Co-Op,0.024412604,0.026355105,-0.02453424,-0.015445372,-0.015464468,-0.043557145,0.07640377,0.10723772,0.046716083,-0.009167654,0.021418046,0.029412696,0.0057363096,0.038415693,-0.006904218,-0.042974498,0.07481691,0.058823057,0.0051576793,0.0051653497,-0.009108296,-0.05229864,-0.06558342,-0.0024819714,0.0022081952,0.059735183,0.055658154,-0.018344792,0.08312106,-0.024916362,0.0029773116,-0.08917211,-0.05578242,0.045992535,-0.031589057,0.06208878,0.039267257,-0.0040647653,-0.010808196,0.06009618,-0.0019285865,-0.01882769,-0.014267152,-0.0012649961,0.041241605,0.069737926,-0.07412407,0.017452424,0.01837875,-0.027484206,-0.013724005,-0.015062856,-0.035364613,0.017552538,0.011195229,-0.060194083,0.019937204,0.0008529663,-0.027542846,0.027724048,0.04299103,0.037380774,0.018364148,0.07505394,-0.015008067,0.03344854,0.055977758,0.018776584
tag__Tactical RPG,-0.0258252,0.0064201998,-0.018877218,0.019919213,0.012390178,0.018464858,-0.00024205446,0.0018291454,0.04617361,0.047984984,-0.07585371,0.0006903663,0.0027942066,0.0084072715,-0.05476557,0.025528744,0.013113015,0.015496813,0.028978908,-0.05040779,0.029348744,-0.019199995,-0.028667754,-0.04618942,-0.029690575,-0.022163002,0.033127837,0.0091613885,-0.041748255,-0.0074654883,0.047917187,0.009171127,-0.01525565,-0.028553879,0.017520467,0.029430216,0.022265008,-0.039759964,0.00399748,0.003287284,0.033075098,-0.024378756,0.00012221737,0.024730122,0.011638853,-0.008353455,-0.02387309,-0.0053424155,-0.012660624,0.048934486,-0.0043582446,0.027299669,0.074396394,-0.008163228,0.0062013404,0.04636612,-0.06454224,-0.055887464,0.009379327,0.046559986,-0.05398947,-0.011024649,0.005509872,-0.029641373,0.048366163,0.03512321,-0.023221087,0.057009578
tag__Beat 'em up,0.01791821,-0.0017351399,0.0015668087,0.013812584,-0.002222173,0.0030872626,0.023064781,-0.014455999,-0.012547987,-0.03159352,0.004860796,0.020073265,-0.018926486,0.00046635722,-0.004665638,-0.015218618,0.0013582022,0.033639528,0.02930691,-0.010744325,-0.04458419,-0.022893602,-0.00036554094,-0.002386831,-0.029438887,0.017409714,0.020744402,-0.000120655255,-0.008333462,-0.0016652151,0.020237925,-0.011690019,0.0047538825,0.020375403,-0.058457993,-0.02542366,0.00033796538,0.0012769597,0.004665715,-0.03394495,-0.03790466,0.0022433153,-0.017003229,0.03176645,0.030552788,-0.06398821,-0.009147593,0.025751688,-0.024870904,0.0013639778,0.021588326,0.016256515,0.018039266,-0.023400676,-0.008307354,-0.061877917,0.012869261,-0.078582704,-0.0067192973,-0.042592835,0.01793261,-0.022012848,-0.01033238,-0.0008714899,0.022055235,0.054976135,0.029704561,-0.008081741
category__Steam Workshop,-0.011608517,0.015675193,-0.017166397,-0.0071997778,0.011535477,0.021079607,-0.010266926,0.020854613,0.01491059,0.014405174,-0.0030173594,0.025142152,-0.005149304,0.0071395054,0.01006268,0.001657313,0.02213649,0.017633548,0.0004932974,-0.0075752796,0.018137274,0.014325416,-0.020289097,0.01831367,0.018983794,0.019187208,0.02195666,0.0021997069,-0.0035167753,0.011449329,0.0014730253,-0.010328605,0.02205331,0.007409929,-0.0076143015,0.033934966,0.060101405,0.033826288,-0.025112562,0.0071204477,-0.028604431,0.018971268,0.0032483095,-0.014053956,0.0029525172,-0.0092446655,-0.030180758,-0.006796748,-0.052195914,-0.008842735,-0.016876068,-0.0008130681,-0.035601255,0.029682066,0.035002213,-0.00891371,0.029899353,0.054662336,-0.048436783,-0.014564412,-0.045636743,-0.0030995687,0.0357686,-0.0130292345,-0.011493721,-0.011090607,0.063487574,0.06172519
tag__Surreal,0.0030343693,-0.013444817,-0.018356537,-0.0075660497,-0.01878649,0.00020947587,-0.012189444,-0.0015008161,-0.013490467,-0.03157862,0.023660034,-0.0035100093,-0.003562319,0.009432029,0.0014863319,0.0139505,0.028309407,0.0034854012,-0.037952747,-0.012946211,-0.040150814,-0.04284424,-0.012913818,0.014694054,-0.0011382396,-0.003251537,-0.045462843,-0.013851481,-0.026251819,0.027913745,0.010091448,0.024105582,-0.037834216,-0.02787301,-0.0026749133,0.008734252,0.0019030496,-0.04544618,-0.007884613,-0.027721718,0.00045601494,-0.0035083555,-0.02191506,0.03358861,-0.032360565,-0.018321218,0.0022910356,0.013159192,-0.009738611,0.0038543271,-0.021594282,0.06635932,0.02351851,0.004028319,-0.038450673,0.009677205,0.034217156,-0.018973617,0.016389737,0.0066311844,0.009348712,-0.018293444,0.04990063,-0.019524219,-0.068161584,0.021763435,0.0043772017,-0.024261868
tag__Dark Humor,0.0010453609,0.00080500543,-0.009912821,-0.0033167482,-0.023117213,0.012753325,-0.0061834743,0.00399597,-0.0066735554,-0.022620596,0.009231811,-0.0026749084,-0.0030659188,-0.013180509,-0.0039573126,0.0050116605,0.013142669,0.024936339,-0.0016305206,0.016839204,0.017229745,-0.01319474,-0.03417612,-0.01632134,-0.02630895,-0.01088684,-0.009536559,-0.00054390525,-0.0050013917,-0.009539064,-0.005689233,-0.04258869,-0.024674838,-0.027730275,0.006187256,0.013512496,-0.01006057,-0.013413286,-0.049267985,-0.0146320285,0.022378827,-0.022323841,0.0012438474,-0.014125163,-0.034223642,-0.08017646,0.049157463,-0.006751537,0.0015979565,-0.0039977436,0.046869293,0.04296724,0.018266113,-0.009884786,-0.014701903,0.013082921,0.016414382,-0.0119384,0.013153995,-0.036285575,-0.019046152,0.0106033515,-0.021284876,-0.016634766,0.011822296,0.04137065,0.017913481,-0.049407363
tag__1990's,0.0014698377,0.004417984,0.011354806,0.0020478573,-0.026860349,0.010255744,-0.008540619,-0.002612573,0.015152477,-0.004904647,-0.015311723,-0.018047271,-0.018457247,0.026421772,-0.019712172,-0.022629673,-0.033503767,-0.017497374,-0.0062613604,-0.019883746,-4.455666e-05,-0.0077731065,0.017986972,-0.016615512,0.006258562,-0.0046539656,-0.038567215,-0.0315167,-0.02432877,0.02304306,-0.02721279,-0.0051757297,-0.011249008,-0.0073354184,-0.024348509,-0.013461669,-0.027895961,-0.02271655,-0.011050918,0.0020752682,-0.01488584,0.019490553,0.010504328,-0.024127642,-0.019146202,0.022573864,-0.008588582,-0.00012492106,-0.0320672,0.007887676,0.0019492975,0.00340435,-0.03507001,0.021496166,-0.04016504,0.022369312,-0.025736671,0.035076678,0.0042008217,0.033385605,0.005092549,0.061709773,0.07580607,0.0011816719,-0.0017131828,0.02215851,0.032837275,0.030120404
tag__Nature,0.0006490711,-0.0058193044,0.010597446,-0.008058774,-0.004944104,0.018250225,0.0137792975,-0.009121526,-0.010602821,-0.029219095,-0.003487073,-0.023910763,0.020551002,-0.018581524,7.254474e-05,0.025992312,-0.00051724334,-0.016742017,0.01480838,0.027733127,-0.00010642546,-0.01010118,0.0034410271,-0.012997366,-0.0053315414,0.011707679,-0.012939669,0.011882544,0.018070258,0.016531633,-0.01565032,-0.013378858,0.014725307,-0.00033857187,0.023524202,-0.00038972843,0.025808683,-6.3215266e-05,0.035886336,0.023750082,0.009576771,0.0360101,-0.02981723,0.00030016506,-0.042880755,0.029847445,0.026881974,0.009159331,-0.017661393,-0.0016546645,0.016056534,-0.001786002,-0.03421111,0.0053914287,0.0014177624,0.009437971,0.008693621,0.003107974,0.0020628762,0.015945302,0.017735334,-0.021502519,-0.061547294,0.011427285,-0.028534256,0.008750776,-0.0015660413,-0.011818393
tag__Survival Horror,0.008049843,-0.031053195,-0.04294528,-0.013111179,-0.050339486,-0.0053217853,-0.0306215,0.021843193,0.007732252,-0.015391278,0.0011268397,-0.00078498834,-0.0032722435,0.00046258335,0.009888249,-0.022094619,0.0146957785,-0.04774241,-0.039282363,0.0016765248,-0.010556345,-0.012243085,-0.05262369,0.03457264,-0.0075376574,-0.057585295,-0.06982011,0.026509074,-0.008142785,-0.007925248,0.023148797,0.0033442904,0.0043337303,-0.0102493875,0.014563417,-0.011578898,-0.0027070777,-0.012491081,-0.024255851,-0.071988516,0.004592121,-0.01589035,-0.0008458718,0.05258731,0.044852972,0.0075701084,-0.083987534,-0.022896454,0.006186612,-0.02382126,-0.069876194,0.044395316,-0.013979923,0.0046037775,-0.04689451,0.013621314,0.052768532,0.021480948,0.07420667,0.025325568,0.029349685,-0.0414985,0.008338916,-0.0052025896,0.02673363,0.012631264,0.000522973,-0.008121497
tag__1980s,0.008745492,0.0044416143,0.029395703,0.00071447855,-0.012251315,-0.0014176742,-0.025776671,0.016382478,0.008175851,0.015310559,-0.005426238,-0.0049844626,-0.043400843,0.029183252,-0.009288211,-0.027815316,-0.019217633,-0.013629071,0.009685365,0.0029083407,-0.01342606,-0.027057247,0.009501561,-0.023450362,-0.0018264446,-0.0004838252,-0.030793881,-0.014320725,-0.02390978,0.014119519,-0.037484724,0.007844538,0.033279344,0.017601505,-0.030076148,-0.029889686,-0.018128965,-0.009186526,-0.034099616,0.012230084,0.0015411001,0.01021487,0.023669986,-0.017164115,0.0046379217,-0.008099686,0.002269485,0.0024958393,0.01982861,0.010788182,0.005893939,-0.038263626,-0.0032146245,0.022156985,0.0069436724,0.020623144,-0.00236203,0.01827902,0.028942436,-0.011305322,0.022180462,0.048526455,0.06276681,0.0006676449,0.0054958537,0.0054211877,0.068118595,0.0016279067
tag__Looter Shooter,0.01976393,8.0696416e-05,-0.025095211,-0.022383766,0.014202137,-0.0031344213,-0.009325794,0.012343497,0.0021574497,0.018981924,-0.00196967,0.032811992,-0.009015831,0.009926959,-0.006324826,0.041559342,-0.022079686,-0.021737354,-0.028275393,0.0026932734,0.019712279,0.048373695,-0.015279113,-0.008621765,0.003894684,0.004825661,-0.019103918,-0.049260307,-0.012150413,0.03917985,-0.0047524455,-0.004183556,0.014867155,-0.009521876,-0.009129735,0.0153076975,-0.01806563,0.012495902,0.052268878,0.01650418,-0.009748564,0.010343595,0.036223367,0.003385454,-0.026436217,-0.015471257,0.06388976,-0.023781888,0.010322464,0.013868591,0.010088306,-0.015828049,-0.0028745423,0.0115804365,0.03929334,-0.06815197,0.023750015,0.0014023016,-0.04516376,0.02299256,-0.046466358,-0.012564123,-0.014547319,-0.012618471,0.020366997,0.022806864,-0.03930367,0.032486137
category__Color Alternatives,-0.00963323,0.035813995,-0.0011065174,-0.015081039,-0.06133482,-0.006140627,-0.0023552682,-0.05285137,0.038892355,0.03606801,0.032324016,-0.016574027,-0.04134825,-0.010148139,0.022537518,-0.010009859,0.0039839433,0.0055048973,-0.0040864074,0.024450492,0.002891889,-0.021269996,0.027925935,-0.020375086,0.015072119,-0.003227061,0.018517725,-5.9413007e-05,-0.003960818,0.00049817096,0.004326713,0.003838922,-0.011372567,-0.00020871942,-0.018663196,-0.010040419,-0.0004598887,0.011163847,-0.028058147,-0.0031580315,-0.022530213,-0.025180338,0.005487862,-0.0116285905,-0.034468535,0.0135074025,0.0054416624,0.011550199,0.02882597,-0.03210828,-0.010741932,-0.027194483,-0.01827912,-0.041735873,0.012181539,0.0034646934,-0.012578173,-0.010401638,-0.015807012,0.029563814,0.0060350695,-0.060291626,-0.031075556,-0.04674303,0.028604407,-0.0006585411,-0.01658087,0.0041333106
tag__Traditional Roguelike,-0.0114154965,0.0022574568,-0.0033733011,0.031567886,-0.015322593,0.0042008767,-0.014385788,-0.008983742,0.017368574,0.01707943,-0.010017035,-0.016898457,0.03582012,0.018525623,-0.022964664,0.018923713,0.008532913,0.020700732,0.014372024,-0.02118612,0.015927456,0.02228018,0.011991381,-0.0021980947,-0.0013768268,0.010067539,-0.013218598,-0.0055361446,-0.00076632807,0.04454735,-0.012615017,0.013333089,-0.0025721884,0.045866,-0.025650572,-0.020462658,0.005305089,0.017653912,0.014765568,0.014521068,-0.0010932657,0.015605751,0.018581137,-0.015397105,0.020391872,0.011498566,-0.0041226125,0.011699476,-0.0035270823,-0.008435814,0.0087731965,0.010614334,-0.057563584,-0.012357948,0.010445082,-0.0020131331,0.0077016614,0.010754642,-0.03260024,-0.011417366,0.023675673,0.02424421,0.032410454,-0.017165108,-0.0033574626,0.002103195,0.018820196,0.047809575
tag__Board Game,-0.030572461,0.0012151287,-0.0018458252,-0.014029861,0.006555062,-0.011869103,-0.0027305316,0.004101944,-0.0110981325,0.0021843843,-0.021506425,0.009535481,0.008872219,-0.010466071,-0.0049824007,0.0036720939,0.0067803017,0.016356602,0.0036990328,-0.022184312,0.011011276,-0.030479062,0.012282,-0.017207328,0.017829692,-0.009865773,-0.018913252,0.014782861,0.014107806,-0.038318463,-0.003163669,-0.0314202,-0.00074921997,0.0026797056,0.012028809,-0.019390665,0.015125027,-0.015825663,0.017043892,0.0012825776,-0.024621254,0.007797659,0.02336839,0.005791123,0.032792944,-0.0011018752,0.0054227295,-0.017861614,0.04223047,0.011620993,-0.034134295,0.013536585,-0.027104631,0.0046597105,0.034462504,-0.030835446,-0.014690231,-0.03844515,-0.0068114894,-0.047872555,0.0080774445,0.026703874,-0.0026669807,-0.04344519,0.00852188,0.04083445,-0.0133354515,0.01001839
tag__Grid-Based Movement,-0.0220031,0.011647552,-0.007324669,0.015872885,-0.009275588,-0.004901371,-0.013965372,-0.003648493,0.032448497,0.014998952,-0.029664224,-0.014303627,0.022717992,0.035546966,-0.05411906,0.028401539,0.022533948,0.0061895656,0.02600826,-0.04344227,0.009462443,-0.014382061,0.020260261,-0.020705396,0.008308129,-0.027146408,-0.022475407,-0.001524364,0.0047775856,0.0028616034,0.04941712,-0.0065929973,0.0023962522,0.015981255,0.006175021,-0.01809221,0.0080547845,-0.0054938146,0.01736787,0.0032985199,-0.017926693,-0.037170716,-0.0031105066,-0.023161383,0.0034323975,-0.00057837256,0.009761099,0.017253421,-0.039662775,-0.008526627,-0.030546159,0.015604437,0.0009849906,-0.005551367,0.035953544,0.049430545,-0.021944115,-0.0008742421,-0.045964804,-0.0041273204,-0.016631648,0.00685383,-0.0026293017,-0.05291018,-0.023446774,0.006322167,-0.008601704,0.026212532
tag__Sexual Content,-0.0035837742,-0.0055176783,-0.010314587,0.0044249534,0.011442752,0.029979387,-0.01458663,-7.119775e-05,-0.017329397,0.0041701044,0.0062178415,0.03443516,-0.008646541,-0.012944624,-0.028400017,0.004422677,-0.00921838,0.0030737831,-0.033660535,-0.005698921,0.03729578,-0.008178131,-0.0070441025,0.016289674,0.028486827,0.0042229462,0.03461201,-0.029309813,-0.026080554,-0.03813447,0.0040339613,0.009006756,0.03379553,0.033565283,-0.027818037,0.013181078,0.042120773,0.0296681,0.022673573,-0.0014443848,-0.03159017,-0.011300714,0.010041404,-0.013121402,0.01700074,-0.020211326,-0.021913843,-0.029546298,-0.025294214,-0.003969884,-0.014540831,-0.018319808,0.03444011,0.015586119,-0.040376794,0.0053744237,0.020738518,0.050735127,-0.029018398,-0.021411685,0.0068142284,-0.009085262,0.047518834,0.0050860257,-0.0135051785,0.00491798,0.0048755286,-0.031227242
tag__Mystery,0.0014903629,-0.012466131,-0.009985279,0.0037516728,-0.023425244,0.016411977,-0.02030335,0.0022439107,-0.013313112,-0.025808763,-0.0034447417,-0.0019549027,-0.007922137,-0.0013905339,0.0039390237,-0.018094042,0.021680614,-0.001047165,-0.020013867,-0.005832551,-0.014968833,-0.009800774,0.010791135,0.020453943,0.0020918276,-0.027474485,-0.0060486943,0.0012522455,0.004279284,-0.016849434,0.0091472715,-0.0074943933,-0.03059262,-0.009943278,0.015990479,-0.014020122,0.015278524,-0.029199338,0.011536652,-0.014639234,0.0075723766,-0.028186094,-0.014238117,-0.012805489,0.028590055,-0.022851994,-0.011553934,-0.007126993,0.0062114843,0.0058915345,0.031859927,0.027287064,-0.003424571,0.025170695,0.00044054526,-0.02434289,0.012081666,-0.01079016,-0.029902097,-0.0025231196,0.020869384,0.0028104915,0.025816828,0.0006243655,0.0020038956,-0.017730713,-0.043588936,-0.005185443
tag__Sandbox,-0.010928248,-0.016871003,-0.014541624,0.007374231,-0.015835285,0.03604653,-0.01811509,0.019766115,0.028426556,0.01530634,-0.025490012,0.0025428364,0.024814926,-0.01957394,0.022036657,0.015986744,-0.0044856467,-0.026299614,0.040774282,0.017303705,-0.019765984,0.0077068866,-0.027195344,0.025510542,-0.036601894,0.0015484667,0.02346081,0.044817053,0.023999622,-0.036852002,0.023314694,-0.032929976,0.030689582,0.008029882,0.011108826,-0.019600168,-0.012777178,0.046221055,0.039250463,0.03807553,-0.030013539,0.027145067,-0.015427263,-0.010589128,-0.013534768,-0.026780529,0.011170323,-0.045095306,-0.04941382,0.053283192,0.0040425407,0.03354319,0.0027464812,0.027699454,0.048489038,0.03455376,0.026890848,-0.008133524,-0.04545695,0.04305958,-0.020008361,-0.012825142,0.017920759,0.014681292,-0.05029885,-0.008344806,-0.018763982,0.012691379
tag__Party-Based RPG,-0.015859514,0.008842519,-0.011712474,0.02636348,-0.0024748305,0.011157399,0.0060554254,0.0099862935,0.022817869,0.032200813,-0.0319759,0.0012366982,0.0045262747,0.026527297,-0.026880544,0.02165832,0.0009889165,0.0026265008,0.024621807,-0.020491121,0.012543958,-0.0020378558,0.0021679017,-0.00016855219,-0.007190115,-0.007546824,-0.00871272,0.0037274694,-0.015024618,-0.007306798,0.009982242,-0.00078489917,-0.029611465,0.010001877,-0.009660644,-0.0049598627,-0.003791803,-0.006364816,-0.009361119,0.014817368,-0.00502081,-0.011749083,-0.023892948,0.013163369,-0.0057516317,-0.006732448,-1.7641072e-06,0.029411204,-0.032673568,0.016828077,0.010706923,0.008507471,0.020553406,-0.030237833,-0.0115405675,0.017334318,0.00066143635,-0.001704582,0.007261043,0.006336436,-0.05587149,0.010366114,0.044131227,0.0057594157,0.030371333,0.039910875,0.027070554,0.027054135
tag__Tabletop,-0.025950823,0.0005420549,-0.0061003217,-0.016114557,0.0070623434,-0.00023458067,0.007536075,0.002664384,-0.010122861,0.006016742,0.0062138415,0.0076329997,0.003430553,0.011005954,-0.003707154,-0.007970143,0.0035914606,0.016156415,-0.0034592862,-0.005223989,0.014292464,-0.0185368,0.005528413,-0.005276218,0.008296414,-0.006016345,-0.028183987,-0.0034931898,0.009012527,-0.030362196,-6.640552e-05,-0.021209957,0.0017215871,-0.011455322,0.008080744,-0.010446427,0.008759361,0.0037109628,0.016090326,-0.0043658474,-0.019497503,0.011428935,-0.008428828,-0.0039328844,0.005241615,-0.009348699,-0.01104827,-0.021776896,0.030021304,0.0063549797,-0.0073246337,-0.010009408,-0.031220311,0.0055752187,0.04475404,-0.019081667,-0.03034205,-0.02199487,-0.015828025,-0.035866123,0.01849391,0.024050334,-0.024199605,-0.042031858,0.0032406393,0.026405277,-0.03594996,0.03416718
tag__Gun Customization,0.012156057,-0.0011202736,0.0118251685,-0.013676549,0.010940522,-0.002264337,-0.009494605,-0.002809523,0.0074445526,0.0003147173,-0.01773352,0.012638448,-0.004373904,0.0065271477,-0.00011523985,0.004707045,0.0084431,-0.007030996,-0.005478117,1.4000692e-05,0.0039112167,0.030927055,-0.03134399,-0.013880333,-0.01978677,-0.007331351,-0.010784066,-0.011797236,0.027784552,-0.0010709025,-0.015211791,-0.0074419696,0.0037196279,0.009733555,-0.017051948,-0.004894487,0.0051710564,-0.00044447818,0.009667414,-0.0057560797,0.0017085657,-0.003197483,-0.0040722257,0.0032550292,0.025180288,0.018820269,0.020721553,-0.0055651134,-0.02036542,0.0013629447,0.0074695847,0.0012768996,0.012949254,0.0103394715,0.008497859,-0.041433524,-0.033747293,-0.013863449,0.005795418,0.023219127,-0.0025108233,-0.027781349,0.019006861,-0.00964023,0.0013257442,-0.0018148087,-0.010173526,0.029804893
category__Steam Input API Support,0.007909237,0.027273191,-0.004503303,-0.0069137034,-0.015362978,-0.005078404,0.01013697,-0.014612095,-0.028439568,0.012415969,-0.019468956,-0.007838478,0.011729836,-0.0076508704,-0.0037700424,0.0092928475,-0.0035912571,-0.02462162,-0.0054105916,-0.02725248,0.007106872,0.00967647,0.0065512797,-0.007713475,0.006993623,-0.004231201,-0.004567333,-0.011383584,-0.021533899,0.027100883,0.0008121724,-0.015188692,0.013222322,-0.020806372,-0.007492851,-0.0014382865,-0.0025131116,0.005852116,-0.0076398044,0.028407818,-0.010622865,0.0016598643,-0.012789185,-0.03647252,-0.014584649,-0.0049035484,-0.0150843905,0.017606612,-0.0033330917,-0.025733374,0.0047889287,0.022806661,0.009639375,0.00069613697,0.020039659,0.018308213,0.014084095,-0.009358607,0.016120441,-0.011416526,-0.04543557,0.018597737,0.00299596,0.001355681,-0.04154149,-0.012287438,0.028242419,-0.024740208
tag__Bullet Time,0.009857935,0.00014246305,0.012582052,-0.0076223714,0.014904861,-0.0030552035,-0.004616426,-0.011772268,0.0018136675,0.012036883,-0.0018832858,0.0055257273,0.0018777539,0.0069478005,-0.0054215556,-0.003135964,0.008513248,-0.0047057793,-0.006366464,0.003652647,-0.019523628,0.0073014125,0.00040662903,-0.020207705,-0.00042368303,0.01913461,-0.0019502116,0.0087612,-0.009591596,0.025797559,-0.0022069907,-0.02641848,-0.016399087,0.016727518,-0.0020582757,0.00669311,0.0012885873,0.02496095,0.0018540323,0.0046431297,0.005707896,0.005572707,-0.007759037,-0.0019294301,-0.0029957625,0.011290809,0.0005174577,-0.0024074188,-0.025026714,0.0014554582,0.0043042568,0.028356811,0.0070962184,-0.02640962,0.0044590775,-0.066403314,-0.014343693,0.009116134,0.016787786,-0.0074710613,0.018591106,-0.08457739,0.007629736,-0.023572823,-0.009937764,0.024882281,0.014370419,0.00803359
tag__Tutorial,0.0032881792,0.005364099,0.009771914,-0.0054674353,-0.009024202,-0.013094907,-0.0002966351,-0.01932333,0.007993143,-0.018233875,-0.0050424244,-0.0038549602,0.010218778,0.01260097,-0.012849674,0.010964745,0.0043592923,0.007588163,-0.0080787,0.021697232,-0.0022103603,-0.017611295,0.037881676,0.014080555,0.011478031,-0.0008678644,-0.009578643,0.03827402,0.0036397944,-0.011124713,0.012125885,-0.01249156,-0.015830616,-0.0046848394,0.0058703213,0.03844765,-0.008041253,0.007813728,-0.01313072,-0.0037624482,-0.0022944813,0.016010284,0.017265616,-0.008730618,0.015512422,-0.0118832,0.031954095,0.0053980323,-0.030023348,0.020242475,-0.025998423,-0.0040051914,0.005674855,0.009515972,0.015361152,-0.007165569,0.002418334,-0.019399604,-0.008119517,-0.03596613,0.0012563259,-0.010556706,-0.014493835,0.01695171,-0.0033895161,-0.014124423,-0.004801177,0.0117432
tag__Vampires,0.003406593,-0.003060746,0.010877306,0.006974957,0.012535537,0.0037369127,-0.0024897493,0.0073307776,-0.0044608116,0.018858584,-0.006328484,0.005530887,-0.00050160533,-0.0014664277,-0.018673081,-0.024223113,0.015120892,-0.011722739,-0.032709707,0.010056504,-0.018470425,-0.018361881,-0.03338507,0.0015438142,0.019131664,-0.0060886885,-0.013364884,-0.019634573,0.019607656,-0.015858835,-0.024987346,0.016052457,0.0018250495,-0.020934332,-0.020766431,-0.023821298,-0.009347437,0.022612223,-0.025252057,0.00619112,0.012936541,0.034882646,-0.016523791,-0.015502752,0.02037678,0.012361474,0.008804956,0.002093448,0.03462228,-0.01727174,0.0026909497,-0.01958361,0.024136124,-0.023072867,-0.0040389467,0.0074068774,-0.011555479,0.005153378,0.0406479,-0.01532902,0.009558001,-0.020520715,0.028430033,0.026054917,-0.006569625,0.012583798,0.004510148,0.021337558
tag__Comic Book,0.0012985143,0.0025136198,-0.010678207,-0.0085149035,-0.0031704784,0.006757432,-0.003701241,-0.005572846,-0.023207692,-0.0013359609,-0.0021127146,0.021771912,0.0023613807,-0.019111242,-0.015039291,-0.00376743,0.00063706044,0.017570155,-0.013358769,-0.0136921825,-0.012551579,-0.019020654,0.016982915,0.01080591,0.02896376,0.009691286,-0.014454727,0.009794599,-0.0059340163,-0.006196749,0.012711123,-0.026144736,0.0017135208,0.01428919,-0.018642345,-0.01919513,0.0115382485,-0.017275553,0.01506779,0.006477349,-0.015299806,-0.00816683,0.003924977,-0.022035835,-0.0034260594,-0.023451775,-0.00011529569,-0.012505972,-0.03380508,0.02989803,-0.0074139363,0.0009447698,-0.013817298,-0.0131026,-0.017384417,0.026112534,-0.030084979,-0.027532151,0.00036302945,0.007967572,0.025222583,0.034706857,-0.013019794,-0.0037620554,-0.0049822265,0.01762356,0.015903052,0.007457446
tag__JRPG,-0.005995019,0.008991742,-0.008398571,0.030696217,-0.0031778403,0.022404473,0.007916412,0.0013757064,-0.006709498,0.0132481605,-0.028814515,0.0044954987,-0.0062854835,0.021951947,-0.030375341,0.022579104,0.002916394,0.0043628276,-0.0075665577,0.0038910834,0.03535526,0.0096905185,0.018543372,0.017101498,0.01615609,0.0011863202,-0.017186029,-0.0036543834,-0.005049043,0.010009548,-0.012355958,-0.006104544,-0.011268548,0.006049216,-0.013446804,-0.01672204,-0.0014559366,0.01209225,-0.0030812202,0.010605519,-0.012309035,0.019206114,0.017561967,-0.006976108,0.009785583,-0.003961686,0.007667001,0.048873827,-0.04000187,0.007232422,-0.005007292,0.014921781,0.020044029,0.0062982724,-0.018874725,0.016133962,-0.00085129315,0.0028876653,0.018693658,-0.029938528,-0.047578845,0.011504759,0.0673973,0.009080719,0.014466811,0.032297682,0.028452955,0.021820394
tag__Local Multiplayer,0.009639485,0.013600233,-0.015708946,-0.018503191,-0.014002368,-0.042611092,0.04920508,0.06762716,0.025010817,-0.008383087,-0.0032327606,0.023811009,0.0015567386,0.025382366,-0.026225487,-0.028060913,0.03919209,0.049999125,0.0015458663,0.014549439,-0.010475195,-0.0254688,-0.03493358,-0.0023152484,0.017050693,0.026701748,0.03622926,-0.02261616,0.02587817,-0.004095873,-0.008865368,-0.04049875,-0.018415207,0.03528751,-0.019821547,0.009355536,0.009523954,-0.020305691,0.019340744,0.011423764,-0.010756482,-0.026791146,-0.051979978,-0.01225041,0.039392643,0.0658424,-0.029882574,0.015110387,0.015941361,-0.0025956088,-0.007100165,0.0013554766,0.03217541,0.00035119688,0.007564327,-0.0039079473,0.015782772,0.017254617,-0.023156416,0.043381598,-0.014379002,0.026228799,-0.034565613,0.020509984,-0.04093819,0.04274425,-0.011501441,0.010194946
tag__Choose Your Own Adventure,-0.007889472,-0.006186219,-0.0022139407,0.006998587,-0.028041955,0.035371173,-0.005779915,0.0117739625,-0.0015159328,0.008816963,-0.01868431,0.0051145265,-0.018296283,0.020398663,0.007949816,0.009557952,0.01494731,-0.007205121,-0.02276221,0.015599083,-0.04614677,0.04127563,0.0076263854,0.01742812,-0.035843473,0.03250928,0.024031786,0.025487425,-0.014222831,-0.035889186,-0.0050289617,-0.007607517,-0.0054052225,-0.032321896,0.008020412,-0.012233344,-0.0038212005,-0.020515248,0.043932233,0.030025417,0.059246268,-0.028111046,0.041925322,-0.029609373,-0.005730403,-0.017727146,-0.009656671,-0.0028200196,0.0023517157,0.028074997,0.0029351145,0.0008408862,0.016978716,-0.008997765,0.03308837,-0.037000243,-0.0029934358,0.025895404,0.021055795,-0.024270726,-0.012791226,0.02770471,0.01007432,0.026214361,0.0013373406,-0.003833978,0.019511715,-0.0009477616
tag__Text-Based,-0.012244196,-0.010068994,-0.0015503744,0.0027290627,-0.021931514,0.026342923,-0.004196535,0.017418558,-0.0061274925,0.022808136,-0.011901046,-0.018094158,0.0046591638,0.009587046,-0.01804927,0.014952614,0.00081793754,0.015832432,-0.0005914304,0.005063085,-0.009733075,0.01969824,0.0096401,0.030785298,-0.004856396,0.011378395,-0.0016561018,-0.004984946,-0.009700214,-0.03342905,-0.01630856,-0.008964026,0.0005246592,-0.01754774,0.010133956,0.004282785,0.018923273,-0.016389916,0.0452108,2.7043903e-05,0.017340383,-0.038542286,0.009565213,-0.015867963,0.006651443,0.019409064,0.004391645,-0.031161467,0.032852843,0.023918755,0.063337006,0.0070401845,0.0005465703,0.021044366,0.010872869,-0.049705252,0.009440217,-0.01842015,-0.006482593,-0.029990537,-0.021399649,-0.018735046,-0.019633558,-0.0007490353,0.0658356,-0.025102392,0.00403795,-0.027251706
tag__War,-0.006514376,-0.01189839,-0.009321931,-0.0095406445,0.008959816,0.0076569538,0.0022166905,-0.008949604,0.02115386,-0.0058362572,-0.026259642,-0.0043585594,0.021496175,-0.037788525,0.013009221,-0.017953439,-0.01137916,0.0066780047,0.004868807,0.0069379304,-0.010362793,-0.0033427975,-0.02586498,-0.005853919,0.008617336,0.013256999,0.04126933,-0.008668473,-0.03436335,0.029771097,0.008918658,0.010577284,0.011679485,-0.01442955,0.0088708615,-0.010799377,-0.028352188,0.002498077,0.003880567,0.0023342127,0.017098049,0.010902744,0.0051704235,-0.03724435,0.018523267,0.007342398,0.053231936,0.024731264,0.02589879,0.025335392,0.019037507,0.017635781,0.029920459,-0.001980642,-0.018432766,-0.007641355,-0.03783172,0.010946768,-0.014055227,-0.0014572195,0.020655492,-0.023559717,0.00619558,0.025522517,-0.029891964,0.0061026644,0.0442023,-0.004618605
tag__Logic,-0.010195548,-0.006651523,0.003955738,-0.010036129,-0.02018799,0.0013043645,-0.005718581,0.010398911,-0.007299912,-0.0026194833,-0.008903502,-0.0012131359,-0.0035580439,0.010757333,-0.0033248353,0.0024068826,0.0035850003,-0.0065273074,0.009851359,0.008133917,-0.008934788,-0.005563348,0.02781447,-0.003489265,-0.007793915,-0.013234854,0.0064469595,-0.015463867,0.0075272,-0.012124554,0.0069016996,0.008648797,-0.020429881,-0.026749494,0.01896638,-0.013839775,0.0013392264,-0.02483436,0.020123549,-0.015064862,-0.0035101532,-0.009044126,-0.031734593,-0.017577222,0.03878131,-0.004084162,-0.0023652317,0.023397123,0.03298004,0.018569749,-0.0055990163,-0.014165123,-0.016842563,-0.006705819,-0.024833888,-0.012918998,0.014882634,-0.027605241,-0.056864314,-0.018419782,-0.061026268,0.0056999074,-0.0316158,-0.06425925,-0.010746848,-0.02291629,-0.0034217108,0.011319943
tag__Psychedelic,0.0018174239,-0.002216108,-0.0039702402,-0.017674394,-0.013948676,0.0012616749,-0.017940627,-0.016162865,0.00955094,-0.014935619,0.0063645737,-0.004614059,-0.005926658,0.0059891534,-0.020757506,0.009167209,0.009140903,0.022609184,-0.0031893374,0.0036115248,-0.04008088,-0.013682159,0.0030244628,0.016934562,-0.017943935,0.015111993,-0.03162777,0.0030231504,-0.00907486,0.01309133,-0.023617743,0.01773551,0.0017533886,-0.003823726,-0.01358775,0.016927293,0.025303863,0.00020966836,0.0032963976,-0.012444492,0.0006606849,-0.012963069,-0.0125870835,0.00023864668,0.0062462413,0.011081334,-0.00842415,-0.0025056622,-0.013044185,-0.009269008,-0.03422089,0.046660863,-0.005367337,0.010019516,-0.016118549,0.0032019776,0.011464938,-0.008241421,0.023056673,-0.020274667,0.016392408,-0.0064673945,0.025228437,0.026749294,-0.034200594,-0.00026460737,-0.0018934277,-0.0062531354
tag__Third-Person Shooter,0.013723451,-0.006148591,-0.024419188,-0.011206902,0.013426649,-0.00014482728,0.007780573,0.0030290189,0.0036101094,0.014848849,-0.0026980934,0.0147138145,-0.021248551,0.0007296316,0.004608111,0.019737225,-0.0097924005,-0.025749043,-0.020084973,0.0016627862,0.016592195,0.014542643,-0.0015580152,-0.032631066,0.00355808,0.006381886,-0.0008292127,0.0009402284,-0.002910779,-0.0023578573,-0.016791703,0.030637654,-0.0045946143,0.014472675,-0.026640076,0.02920607,0.016128175,0.019604625,0.031641643,0.007346946,-0.0018356411,0.035324182,-0.009473715,-0.013854742,-0.023865724,0.0058197044,0.06542824,-0.012458651,0.012361616,0.015803477,-0.00087690423,0.015420569,0.027555782,-0.0047815014,0.0057017873,-0.07141969,-0.00010003003,0.016649825,-0.059356444,-0.045774404,-0.033834744,-0.037402168,0.034876704,-0.0046340707,-0.03135722,0.057976864,-0.08306237,0.017524958
category__In-App Purchases,-0.000782532,-0.01077068,-0.009055585,-0.0005602441,-0.0070265634,-0.022486078,0.031992905,0.032251056,0.02499919,0.016002905,0.0060786977,0.0013129633,-0.0058343876,0.008772792,-0.0015315732,0.0073605953,-0.03212168,0.0043114177,0.00050544017,-0.015801065,-0.011722755,0.02094902,0.02803313,0.008576879,0.0013319787,0.017857745,-0.004460566,0.022908174,-0.006613434,0.026659051,-0.019346246,0.055012625,0.067191124,-0.015924284,0.0029673236,-0.023974642,0.0072431196,-0.0053781453,0.0015029168,0.017295327,0.0135835735,-0.04212667,0.010612568,-0.017297436,-0.0024490613,-0.022066783,0.016782654,-0.041971564,-0.0029005033,-0.0050718626,0.06377904,-0.010215513,0.01916744,-0.05141111,0.023109155,0.018834403,0.04720687,0.016357472,0.04756438,0.011232433,-0.03205964,-0.009041089,0.0064914003,-0.06973788,-0.0144512355,0.0025160573,-0.04613457,-0.043639936
tag__3D Platformer,0.007904896,-0.01596303,-0.023623142,-0.00705104,-0.0074717375,0.022647755,0.007079064,-0.017583938,-0.005599885,0.009090383,0.0039227367,0.0003349008,-0.017236948,0.02517909,0.021707484,-0.0025303033,0.0034290699,-0.0055872137,0.011001442,-0.019758744,0.017997697,-0.0046289694,0.0035018437,-0.025164878,-0.0020587062,0.0059103705,0.014119396,0.027457157,-0.0063335057,-0.0027063559,0.0015096753,-4.9509108e-05,-0.010969028,-0.0034071617,0.010115643,0.04016014,-0.0032808986,0.012244165,-0.031035481,-0.019534945,-0.033405162,0.01560762,-0.035740945,0.0058950055,0.0006480152,-0.011759128,0.015696917,-0.016310846,0.018937064,0.021345008,-0.006101314,-0.007495366,0.010154445,0.0033184818,-0.015655996,-0.025592633,-0.021535736,0.0061697513,-0.0076002474,-0.022161838,-0.01893426,-0.0051815333,0.035080932,0.003618099,-0.04513254,-0.0067828977,-0.018480143,0.021554805
tag__Automation,-0.01035844,-0.0039444207,0.013315258,-0.016554609,-0.0058333054,0.02022086,0.013536409,0.0060974704,0.011487328,-0.00090645626,0.010616625,-0.016306296,0.01151771,-0.03775508,0.007946678,0.0023275372,-0.013767406,0.020509249,0.007715784,0.02219107,0.008034037,0.016609536,-0.00017379317,0.0014729033,0.0030197124,0.025530294,-0.0030330422,-0.0069015925,-0.0118581485,-0.0003056469,-0.0071814014,0.004431838,0.015303212,0.007368802,0.018838553,-0.00014212867,-0.016811427,-0.013298679,0.0010998626,-0.0054995543,-0.009166783,0.015919078,-0.007414602,0.020202756,-0.024235444,-0.008377609,0.013454132,-0.015964542,-0.004227531,-0.013263633,-0.0042516165,-0.04111435,-0.02807389,-0.022112306,-0.02662837,0.004992182,0.019347675,-0.005479368,0.00063822325,-0.0053410064,0.031391695,0.01130801,-0.011135437,-0.02877926,-0.01998806,0.048002485,0.032773137,-0.04041958
tag__Metroidvania,0.013177842,0.013722323,-0.0027463427,0.028556652,-0.032985467,-0.0041746153,-0.002205492,0.013287174,-0.016218431,-0.027439438,0.010238933,0.004485647,-0.01588738,-0.017643312,0.0036276048,-0.0069394377,-0.01915256,0.011524709,0.010882393,-0.003973108,-0.0065924255,-0.0034181802,0.0055724354,-0.025018103,-0.0048577436,-0.009690617,0.026162378,0.007162159,0.005552689,-0.015726775,0.017289387,0.030226886,-0.018612165,-0.0139405085,0.007863804,0.033174448,0.02310396,0.053602573,-0.0118738795,-0.0021098256,-0.016123012,-0.007544318,0.0079715755,-0.003904732,-0.020524766,-0.008600331,0.013458486,-0.0102254525,-0.010880433,0.044277057,-0.0029881764,-0.050047837,0.016381688,-0.054550074,0.06042614,0.023218168,-0.002480084,-0.037798967,0.021760669,-0.027946785,0.003930076,-0.009548807,-0.04084365,0.037277892,0.032062277,0.032622006,0.045912683,-0.010972725
tag__Mystery Dungeon,-0.0060961563,0.008751662,-0.008742644,0.017275445,-0.012017966,0.012800709,0.0011516422,-0.0053599216,0.0044416906,0.000979905,-0.0065883286,-0.009206913,0.027574163,0.029013399,0.018186279,0.01175113,0.01262389,-0.016125428,-0.0043569254,-0.004467229,0.034108147,-0.0045695542,0.011457416,0.0049364027,0.0005711785,0.0034597951,-0.0015534572,0.0009857186,-0.0006739935,0.019470941,0.0043097744,-0.0075284652,0.011198193,0.020141095,0.0002467865,-0.013566605,-0.00427509,-0.0046564513,-0.015042676,-0.012093902,-0.009020785,0.013358908,-0.03627179,0.017677488,0.025902612,0.014449118,-0.0066346196,0.007742765,0.023853973,0.0066251005,-0.0077666473,0.0032161935,-0.0023475215,0.00019143871,-0.017816342,-0.028122831,0.0036254432,-0.0017940477,0.02180052,0.0016455486,0.0038776686,0.023742734,-0.014622568,0.006303442,0.020245746,-0.02731932,0.008727296,0.0055467472
tag__Time Management,-0.007860463,-0.0021623895,0.0040907874,-0.01614428,-0.017401528,0.017339263,-0.0014926661,0.010384833,0.016860642,0.0037411717,-0.008058714,-0.016804649,0.0149489315,-0.01207069,0.0017900516,-0.0003118175,0.0023671673,0.009835518,-0.0069082724,0.015102331,-0.00761724,-0.0037204432,-0.0015844419,0.0042747185,0.003961648,0.01832277,0.022010084,0.013338291,0.008216777,-0.030809147,-0.013291474,-0.021209069,0.0014321678,0.03203058,0.0045107226,0.026118033,-0.0032316793,-0.016531242,0.01339745,0.016437907,-0.043433037,0.024562374,-0.010307529,0.008302182,-0.00047310896,-0.011187884,0.009272946,-0.01404088,-0.0010545654,-0.014000038,0.045051668,0.004057696,-0.0074851643,-0.0007383422,0.017706951,0.014014201,-0.009353171,0.058407724,0.01984277,-0.01552994,-0.012522163,-0.022733513,0.020466035,-0.0005150712,0.045700654,-0.029575884,-0.004516908,-0.0022446555
category__Cross-Platform Multiplayer,0.00027694684,-0.0038376988,-0.01753229,-0.00628834,-0.0016643647,-0.031962033,0.0389466,0.035894617,0.023361653,0.020976694,0.0044922,0.003724751,-0.022235906,-0.0017694086,0.005686559,-0.011532677,-0.016293725,-0.015160052,0.008734344,0.00025390182,-0.0025309818,0.020197803,0.0025376822,0.0041706488,-0.0035590166,0.0052155755,-0.0062319506,-0.0012194291,-0.017364837,0.031800643,-0.019067006,0.058253027,0.027181927,-0.0055516106,0.018586101,-0.035555914,-0.006940349,-0.0014106082,0.024893815,-0.011761041,0.009016496,0.0046228548,0.00949312,-0.035877824,-0.003869493,-0.03694642,0.027207104,-0.013318259,-0.005234371,-0.0014513158,0.026072405,-0.005906175,-0.0077525843,-0.018935274,-0.0036081495,0.0031782826,0.015350763,-0.005501734,0.02611505,-0.04486253,-0.008884991,-0.016741972,-0.013679201,-0.042839397,0.00039264734,-0.018174866,-0.0205055,0.0155230565
tag__Lore-Rich,-0.002848048,0.0020883325,-0.009687256,0.01710361,-0.008694094,0.0066848327,-0.009079095,-0.0014017338,-0.006938756,-0.013533452,-0.004263491,0.011964207,-0.0007979814,-0.010869285,0.002546989,-0.012084038,0.006287978,-0.0010041213,-0.009954751,0.014629154,-0.025443926,-0.0044827824,-4.4502784e-05,0.015675507,-0.016825115,-0.008337309,0.02181204,-0.008410871,-0.003422806,0.012123866,0.016874954,-0.004359978,-0.019783841,-0.00080311287,0.037046403,0.004929268,0.011716504,-0.0027784528,-0.008512875,0.0017013047,0.03778125,-0.031178953,0.0068024863,-0.0040265042,-0.00049532857,-0.010507954,0.0042621465,-0.0069342074,0.017440125,0.017201943,0.009205751,0.008053522,-0.008230982,0.0021341508,-0.0032154834,-0.019836636,-0.023765244,0.014842695,0.0020241742,-0.022532884,0.024047555,0.035090543,0.021436647,0.040878266,0.021616178,-0.0308251,-0.013593939,-0.016512988
tag__Supernatural,0.006111456,-0.0063195466,-0.0075464747,0.00045119238,-0.017361578,-0.0014018794,-0.014686363,-2.32897e-05,-0.01695628,-0.004530956,-0.005200389,-0.0063790698,-0.0027901405,-0.0064593684,-0.0026331597,-0.011931758,0.013845008,-0.012104064,-0.012662021,0.00974951,-0.00825393,-0.03262193,-0.016306851,0.025184859,0.005409047,-0.033994526,-0.026716953,-0.0015220479,-0.0047581363,-0.0009954511,0.0047055082,0.0060965656,-0.017763449,-0.015188643,0.0037739123,0.0060196645,0.00923064,-0.010881321,-0.005759638,-0.010445156,0.003707786,-0.01589167,-0.011522673,0.016107256,0.010579294,-0.009234281,-0.026479261,-0.00893447,0.00017505628,-0.0013003538,0.00897354,0.036958385,0.0019877658,0.01646832,0.0058501484,-0.011407625,0.015204918,0.012989781,0.0021159444,-0.014689038,0.030647038,-0.0011157212,0.0060943854,-0.020152459,-0.002164429,0.00074032124,-0.010738015,-0.02371724
category__Shared/Split Screen PvP,0.0011080008,0.012453158,-0.01580912,-0.016440118,-0.01038063,-0.023007665,0.04687741,0.04715979,0.028973635,0.004411499,-0.008115305,0.0093963565,-0.007244787,0.0294405,-0.016217697,-0.010470863,0.025548501,0.034863472,0.019028142,-0.011741202,-0.015006652,-0.034784496,-0.030954849,-0.00045203383,0.0012426879,0.025151525,0.04845245,-0.004178673,0.007324673,-0.010506645,0.012581967,-0.03434111,-0.0040298514,0.003288546,-0.005247009,0.008111137,0.010731993,-0.011474126,0.0009945912,0.024083817,-0.01658193,-0.04040866,-0.025954274,0.0059477566,0.044396117,0.031057512,-0.016992008,-0.015867326,-0.021035867,-0.009464579,0.023008846,0.028587816,0.022145735,-0.021027999,0.003015989,0.017570155,-0.017188892,0.015856331,0.005312832,0.0075976653,-0.04200639,0.01974046,-0.031109728,-0.036599945,-0.04108635,0.025862686,-0.05459945,0.011944257
category__Touch Only Option,-0.014291621,0.03042045,-0.0004781613,-0.012622306,-0.035491243,-0.011003594,-0.0013278535,-0.035275515,0.014439306,0.04022285,0.014133061,-0.01537665,-0.024651663,0.0025608728,0.01832542,-0.004338564,0.012592006,-0.0005821034,0.003181794,0.02297483,0.006746056,-0.0020507535,0.009814287,0.005242756,0.0029107095,-0.018557495,-0.0010269402,-0.0035325126,-0.017158378,-0.0017434261,-0.0048257206,0.0048319194,-0.0036265063,0.021949211,-0.024138235,-0.009039156,-0.014697053,-0.008450905,0.013371541,0.0010882374,0.0043689543,-0.0016121877,0.0024863796,-0.026444245,-0.0034953346,-0.015361553,0.0076185,0.037937585,0.0071199937,0.003077017,0.011686974,-0.008344854,0.007668124,0.002938253,-0.01559942,-0.018685743,0.001957559,0.00419481,-0.011256492,0.031829946,-0.0219286,-0.016142508,0.009965746,0.026332788,0.022316543,0.07251257,0.049541146,-0.02939684
tag__Creature Collector,-0.0102403825,0.0025607052,0.0041385028,-0.0026062678,0.008147059,0.00018534421,0.0057155816,-0.003810095,0.0077001373,-0.004367506,-0.0011645375,-0.0021794068,-0.002725699,0.005028018,0.0015330486,0.007953339,0.006126355,-0.0022686506,0.013786307,-0.014870577,0.009489894,-0.0057355515,0.005464184,0.007905274,-0.012363289,-0.0142009985,-0.00785983,0.012606515,-0.012346341,0.0071287365,-0.0051907008,0.0029777277,0.018670563,0.00083129905,0.038273055,0.034502394,-0.019456245,0.010276282,0.009659806,0.006387079,-0.010452655,0.0076402402,-0.0056725214,-0.006514778,0.0048925956,-0.0014222515,-0.003226396,-0.0053826394,0.0092183165,-0.006537154,-0.01509665,0.024865802,-0.024568599,-0.051283237,-0.017956277,0.024003152,0.011580584,0.007360488,0.013150617,0.018966522,0.01886433,0.03545628,0.034381196,-0.0010097504,0.013873921,0.027983943,0.01452886,0.021677919
tag__Historical,-0.010463822,-0.0014620614,0.0039615557,0.00039940188,-0.0015885418,0.005813068,-0.0015783389,-0.0004928042,0.008601927,-0.0105432235,-0.024658142,0.008754166,-0.0063716006,-0.014215757,0.011642692,0.00018541988,0.006271575,0.015171692,-0.0022841757,0.0025382824,-0.0082056,-0.01333136,-0.0023271928,-0.008663876,0.0011803911,0.004962574,0.005477698,-0.0008676848,-0.027027689,0.0015611063,-0.00037667016,-0.0067732055,0.02146162,0.008911995,-0.0029076682,-0.0048347637,-0.012746331,-0.018542215,0.024269871,0.006855275,-0.0060745203,0.010798174,-0.001096542,-0.043948855,0.003374169,0.027137363,-0.00056873483,-0.010538572,0.04027169,0.017157836,0.028090226,0.017104546,0.008784991,0.0032809882,0.0023623991,0.0061977208,-0.034525,-0.019950341,-0.024150902,0.020197615,0.031315584,0.0023476947,-0.0061369403,-0.02527526,0.016827479,-0.026891343,0.006183778,-0.0056626033
category__Remote Play on TV,0.0080881715,0.021988736,-0.014172092,-0.009314418,-0.0038333167,-0.005195741,0.018221324,0.019051561,0.008405549,0.0027988974,-0.0055380063,-0.006416318,-0.0010585582,0.015310929,-0.0013110631,-0.009147613,0.0060034697,0.010446762,0.0024900925,0.013693379,0.015318035,-0.008912253,-0.013515399,0.0033829315,-0.002002855,-0.0073743556,0.011925986,-0.013400959,0.017445086,0.017474283,0.009347796,-0.010493837,-0.01162568,0.017670335,-0.003741544,0.014510345,0.00066761696,0.001792283,0.0067415684,0.01363401,-0.0056605423,-0.013237074,0.008263769,0.016479697,-0.0016992944,0.039292533,-0.0004779036,0.012287487,0.006683121,-0.018429307,-0.0044382354,-0.0052863033,0.008637342,-0.019477602,0.023670048,-0.012115906,-0.0099946195,0.007945594,0.013872672,0.006111877,-0.01757108,-0.03295782,-0.01997028,0.005619312,0.003528899,-0.000837832,-0.006021268,0.03321678
tag__Lovecraftian,-0.0011340647,0.0003270805,-0.013210524,0.010604088,-0.012848351,0.00034193555,-0.020811027,-0.003193127,-0.007223649,0.003982855,0.010063614,0.0061086845,-0.0019557548,-0.005545697,-0.003343361,-0.018253202,0.016732471,0.0031150812,-0.0042540287,-0.0023656832,-0.027898654,-0.01396772,0.0049257902,0.016532712,0.0071376767,-0.00395921,-0.03397146,0.009949084,-0.0112421,-0.002101636,0.0060997303,0.018093707,-0.03433372,-0.0076684332,0.015031283,0.008915009,-0.006549943,0.029025022,-0.0032648013,0.009381536,-0.00072500226,-0.011251857,-0.008719779,0.014265635,-0.009342998,0.022881161,-0.016057119,-0.0008329736,0.0023545276,-0.0069435057,-0.006721464,0.021137841,-0.02156066,-0.019170517,-0.013909414,0.01946413,0.01426612,-8.627473e-05,-0.0059820283,0.010867704,0.014055647,0.007936532,0.024734166,-0.019119574,-0.020788042,0.016153362,-0.033796314,-0.01578476
tag__Martial Arts,0.0015909848,-0.00020698155,-0.0034765773,0.012855535,-0.0060145333,0.010465204,-0.004705276,0.0023797005,-0.011113037,0.0026727878,-0.0047789207,0.004820679,-0.022899155,-0.015602028,-0.0069111716,-0.008250214,0.0010115423,0.022883167,-0.009940867,0.0031866727,-0.008792677,-0.0056304997,0.0032035187,0.006510281,0.017464353,0.0029839529,0.012163407,0.007019161,-0.01566189,-0.021977894,-0.004516232,0.0026251355,0.02504116,-0.0049833143,-0.010833586,-0.0016576413,-0.0002829181,-0.0026343886,0.012683755,-0.019322405,-0.027655581,-0.013455911,0.006977777,-0.007224672,-0.003774506,-0.0084042605,-0.014721016,-0.011830632,-0.019576019,0.028662615,0.021238452,0.02469415,-0.008360384,-0.0011619359,-0.009547239,-0.003964616,0.032307394,0.009533523,-0.008233423,-0.015204307,-0.015431018,-0.013967381,-0.004791166,0.0011879565,0.020353498,-0.004340912,0.0016047205,-0.036847513
tag__Nudity,0.002937013,-0.008341803,-0.010441221,0.008282021,0.009764992,0.021939151,-0.002312545,-0.0001892636,-0.01572267,0.015384719,0.008445719,0.018636022,-0.0066952673,-0.0088445395,-0.021388186,-0.0011182495,-0.0036301804,-0.00437234,-0.037054628,0.008541208,0.03206191,-0.014724625,-0.0062211594,0.0018345196,0.019975642,0.016391417,0.021361642,-0.028733471,-0.027638325,-0.025107311,-0.0032061003,0.016163226,0.020914689,0.031595737,-0.01031915,0.006755695,0.026618876,0.041820686,0.022393594,0.010289942,-0.0268114,-0.00990641,0.023691598,-0.0030116008,0.010935396,-0.028623885,-0.011329723,-0.019054247,-0.014686639,-0.01767882,-0.023542192,-0.00498012,0.026788602,0.009963568,-0.041401975,0.0070881946,0.017975098,0.029858835,-0.010015116,-0.024096189,0.0069224867,-0.00014878367,0.012381859,0.024870614,-0.0069887517,0.0076286546,-0.0079496605,-0.016915578
tag__Realistic,0.0026754264,-0.0179936,-0.023266338,-0.010113646,-0.022231957,0.001289112,-0.016420994,-0.0009995472,0.0036773975,-0.012751699,-0.0028479528,-0.0019282289,0.004508091,0.012360272,0.023837097,-0.0017266452,0.0077753165,-0.01300322,-0.010252156,0.0017071796,0.0033544954,-0.008716403,-0.00020114251,0.017135402,0.017644372,-0.027062643,-0.0048690583,0.01248477,-0.0053620953,-0.00048651965,0.014572426,0.007499397,-0.018871402,-0.0037583557,0.013985757,0.0059451126,0.0003457219,-0.0038267677,-0.01359779,-0.038194016,-0.012362529,0.0010858271,0.0045683533,0.042265274,0.018818371,0.010245726,-0.012660634,-0.023849616,0.028742474,-0.0054791057,-0.0046006492,0.021163527,0.00355883,0.0068075033,-0.034886315,0.012200505,0.010391628,0.025613742,-0.019153394,-0.0021648703,0.000616352,-0.011882338,0.0020429934,-0.017799985,-0.022484127,0.016065279,0.0069341045,0.020458924
tag__Stealth,0.0045137634,-0.013792291,-0.015705928,-0.0061775385,-0.020020789,-0.001860372,-0.023167936,0.009226496,0.005671762,-0.018003624,-0.003008868,-0.00072374084,0.0017343756,0.014629164,0.022463568,0.004179813,0.0170107,-0.001986582,-0.025431737,-0.0054247286,0.007750961,-0.011047474,-0.0159196,0.01593043,-0.0014047513,-0.017056411,-0.006713078,-0.004151957,-0.007315191,0.004788338,0.009772248,-0.0005877656,-0.01736286,-0.01324213,-0.0026707875,0.0019691328,0.004907408,-0.021605711,-0.026328562,-0.050043434,0.01140904,0.0011240682,-0.016611839,0.038083497,0.009051817,0.013111814,-0.033525873,-0.011969446,0.00069839443,-0.01611885,-0.0419166,0.03346091,0.0010088682,0.006212589,-0.0068466095,0.010708617,-0.008788555,-0.004937539,0.016306028,0.014886044,0.0132749295,-0.022799201,0.02371489,-0.010978751,0.0015803459,0.0075448845,-0.010327955,-0.007334616
tag__City Builder,-0.0120464405,-0.00094404235,0.0013505558,-0.015635777,0.002854281,0.010728646,0.002732658,0.005667127,-0.003956307,-0.018827396,-0.030765252,-0.023947446,0.013381953,-0.040712327,0.0074322917,-0.0025231654,-0.006312901,-0.0139839165,0.021759318,0.018036067,0.0027109897,-0.0069115376,-0.0066640996,-0.009582743,-0.011162934,0.03164996,-0.0009236858,-0.0074607427,0.0035160235,-0.0058060694,-0.010451936,0.0041272095,0.014888404,0.0116372835,0.010873241,-0.015797397,-0.041091383,0.025370037,0.0008763242,0.033467215,0.01246079,0.012388821,-0.006762899,0.026524877,0.006379487,0.027190093,-0.0017301552,0.04378648,-0.011721854,-0.011948923,0.0057812827,-0.019481678,-0.025846777,0.03292314,0.017161744,0.02950299,0.019850085,0.004320499,0.025091399,-0.033442024,-0.012554672,-0.006675467,-0.020396791,-0.032937583,8.5413456e-05,0.036701545,0.0067941663,-0.03086314
tag__Runner,0.0070320447,-0.004404375,0.0017522648,-0.014289884,-0.018508641,0.005733344,-0.0025881215,-0.012559309,-0.00064554624,-0.014719896,0.014909279,-0.017246895,-0.01895699,0.01073814,-0.011772671,0.00050468376,-0.0021521356,-0.014013054,0.0064189504,-0.022551566,-0.02159015,-0.0058259265,0.0032995385,-0.013213594,-0.011071376,-0.018257922,0.0064643146,0.017466359,-0.00504444,-0.0041109733,-0.0025548867,-0.005450079,0.014600673,-0.008262622,-0.00818785,0.0064476538,0.016456973,0.0163053,-0.0245955,-0.013268675,-0.02328675,-0.0051268423,-0.026343143,0.016725864,0.012486429,-0.0014370017,0.01920198,0.010304667,-0.012514034,0.02952674,0.0029785538,-0.0049388725,-0.015267225,0.0014146878,0.0015975286,-0.0032375462,-0.026690518,0.012012005,0.0037899895,-0.040359527,-0.0034415387,0.008073927,-0.010612791,0.008239607,0.009727353,-0.0049090153,0.016001424,0.0012612646
tag__Abstract,0.0005346179,-0.006484744,0.0021522476,-0.013542192,-0.012541483,-0.00373489,-0.0045388793,0.0067570778,-0.012049633,-0.008504448,-0.008348753,-0.004412916,0.0073450115,0.0009390796,-0.011120406,0.005424495,-0.0038378625,0.009521938,0.00081218436,0.0025864379,-0.020019379,0.013882337,0.017901804,-0.006486346,-0.018289978,-0.0007576255,-0.012687352,-0.009336984,-0.0033327874,-0.013922462,-0.00043923964,-0.0011634616,-0.023057606,0.0018080318,0.026274353,0.0017207836,0.0050528464,0.0018531987,0.005236702,-0.0064769583,-0.013104573,0.0024963429,-0.017519033,-0.027877364,-0.0038027754,0.0020486908,0.00975929,0.008261874,0.0026734206,-0.0065006213,6.6733366e-05,-0.007736968,-0.014332305,0.01813105,-0.015690252,0.008015386,0.0014370083,-0.043493375,-0.0068878676,0.009636488,-0.031954233,0.0023668893,-0.03922451,-0.021254592,-0.016860127,0.011745047,0.0108812945,-0.025514338
tag__Cats,0.00036790426,0.0063820765,0.012358299,-0.0026309558,0.0016778334,-0.002187039,0.0022556446,0.0089422455,-0.012319196,-0.0049570203,0.005624868,0.010081542,-0.0013307239,-0.00036485563,0.008337989,0.0018496922,0.0025398578,-0.003799357,0.0026164518,-0.020199066,0.011360649,-0.008058972,-0.015791936,-0.0027279416,-0.009139516,-0.0078104823,-0.021041807,0.0055898866,0.0027408334,-0.014741074,0.009794404,-0.0037348922,-0.002842689,0.0067953747,0.015189744,-0.0068989783,-0.007079346,-0.013226227,-0.011575977,0.014006475,0.006251619,0.0054493393,-0.03483681,-0.005511657,0.014950589,0.019697614,0.0017542436,0.0076328404,0.00110946,0.0077803945,-0.0054785805,-0.007199153,-0.027076302,0.019218903,0.010593971,-0.04216552,0.0018960215,-0.0032301706,-0.003625415,0.018374065,-0.00477324,-0.01076905,0.01226356,0.0074103014,0.022980224,-0.00047166087,0.007175082,-0.0066035343
tag__Collectathon,0.00058330735,-0.0043343855,0.005987927,-0.008824691,-0.013238321,0.011009534,0.0018944805,-0.0010745478,-0.0038638054,-0.0039972514,0.0046032467,-0.01166402,0.0024365445,0.0011653287,-0.016861266,0.006777568,0.00356139,0.0046972176,0.0013473444,-0.009963786,-0.0032138543,0.002192524,0.019148737,0.013423019,-0.018445067,0.0027469448,-0.0060654623,-0.0017793288,-0.014901756,-0.011289546,0.003104682,-0.0008342865,0.007033812,0.00795676,-0.016590908,0.002435908,0.024398334,0.008953026,0.007339404,0.0011659117,-0.013884455,0.004256259,0.008714147,0.003610927,0.010725883,0.0040455936,0.008835389,-0.026297212,-0.019671978,-0.012496726,0.004914899,0.004878043,0.0015921068,-0.0039550276,-0.0132856695,-0.01795603,0.017515156,0.0055980193,0.0075259362,0.035240576,0.01564656,0.012417965,-0.014345585,0.026286978,0.039597657,-0.014281158,-0.013036268,-0.012789836
tag__Point & Click,-0.010344859,-0.0055670845,0.0038895449,-0.012395142,-0.019297037,0.02054732,-0.004521728,0.005407891,-0.003785049,-0.0035803472,0.015229385,-0.008326546,0.0025717607,-0.003733311,-0.004011381,0.00028016232,0.0072907843,0.005815317,-0.0047422713,0.003295631,-0.020056685,0.00808802,0.014517678,0.025747828,-0.0016104169,-0.01576136,-0.005167684,-0.0156474,-0.0053529036,-0.005369985,-0.0033268693,0.0057004015,-0.009354365,0.010210324,0.0103575885,-0.0059373025,0.0066897916,-0.007064966,0.0076438924,0.009303111,-0.0007630531,0.0037590568,-0.014530025,-0.012802167,0.0039196583,0.012361488,0.004464482,0.001028398,0.011169898,0.010775735,0.0046457197,0.036079645,0.0057301577,-0.013891587,0.0024072358,-0.014620942,-0.009290071,0.0090480745,-0.019173838,0.010267571,0.0138458945,0.0043682167,-0.009520874,0.033682346,0.020619888,-0.010944339,-0.0024320735,0.0005991531
tag__Rhythm,0.0065079927,0.0012242664,0.0003028334,-0.008272475,-0.014167185,0.010582103,0.0032194317,0.0060441764,-0.009860338,0.0016897522,0.018494943,0.0085444115,-0.0017597042,0.0011076363,-0.0031791609,0.016537353,-0.0029471356,0.007950032,-0.0025454173,-0.0134847155,0.0037169266,-0.00882958,-0.0072365208,0.0153584955,-0.014141459,-0.00981419,0.024250627,0.008477602,-0.006571605,0.015049721,0.00079481676,-0.015745651,-0.017142987,0.0008001635,0.023086842,-0.011858335,0.010950405,-0.0068239095,0.013887103,0.02156002,-0.02383383,-0.007067945,0.0033690948,0.008829938,0.025944399,0.015921481,-0.012914885,0.025654506,-0.025796749,-0.0031993154,-0.0063367784,0.018413944,0.012586107,-0.002202781,0.014686884,-0.001193553,-0.041119806,-0.0137908645,0.0127631305,-0.0035109464,0.0048815445,-0.020084865,-0.012958727,-0.017382866,-0.0035197274,-0.0046063866,0.029844765,-0.008077533
tag__Soundtrack,0.004142364,0.002300666,0.001968339,0.00044098447,-0.011216963,-0.0021814248,-0.007668294,-0.0019845136,-0.0075654313,-0.011727202,-0.0011848906,-0.0005437038,-0.0023304415,-0.004352198,-0.013413799,0.0044291,0.00095419306,0.0051495004,0.0012732069,-0.0059781712,-0.0031474608,-0.0047491062,0.010122392,-0.0017808932,-0.02451269,-0.006033499,0.014367122,0.005908168,0.002019566,0.0034051859,0.010764984,0.005415157,-0.004297373,0.0054068128,0.019371882,-0.019686501,0.0025186327,-0.011006446,0.007820778,0.015134235,-0.025263693,-0.01749937,-0.017040996,0.010379956,-0.006344255,0.018018123,0.0077042887,0.022909988,-0.008021232,-0.002460353,0.016065368,-0.005117776,-0.022163505,0.011173189,0.008345374,-0.009061452,-0.03549838,0.009160035,-0.014568485,-0.016216619,-0.019860476,0.019859908,-0.034333017,-0.002287109,-0.008876445,-0.006764926,0.011560304,0.007668733
tag__Sports,0.0006434263,-0.0062424936,-0.008160204,-0.01276635,-0.01754466,-0.0028256057,0.007254804,0.00028428668,-0.012788752,-0.0068958458,0.002313548,-0.0024427087,-0.007572214,0.0011936262,0.0014441048,-0.0136474185,-0.0021933531,0.008560348,0.0062638856,-0.015156147,-0.017873151,-0.012611074,-0.00878551,-0.0105001265,0.002308459,0.008480513,0.018566392,0.013853912,-0.016212435,0.008922534,-0.020804431,-0.009141507,-0.01779601,0.018129682,-0.01377001,-0.002887505,-0.00032659137,-0.024535064,0.018288363,-0.00069330074,-0.022573425,5.7083555e-05,-0.02244573,-0.0053195036,0.021751724,-0.009662598,0.035916694,-0.0066345753,-0.0041054077,0.0024590557,-0.02167915,0.004149684,0.0046770154,-0.007951396,-0.014403211,0.0007918186,-0.022705534,0.008704366,-0.017148785,-0.0026722187,-0.019890588,-0.0009959359,-0.008408088,-0.025010189,-0.023856794,-0.025129247,0.015159749,0.01824284
tag__Visual Novel,-0.0056156907,-0.003574571,-0.009765725,0.00044248858,-0.014613056,0.027053166,-0.0054800785,0.015483176,-0.015148777,-0.0014066962,-0.0052842316,0.026977263,-0.013122684,0.0015775003,-0.014418677,0.004716701,0.011092011,0.0055853436,-0.0102454685,0.0011612028,-0.00241955,0.008282223,0.017675348,0.026728336,-0.0073776804,0.0152708385,0.01619061,0.013788378,-0.016656525,-0.016514983,-0.015166009,-0.014775973,0.00011761021,0.019458003,0.026725337,-0.0040080594,0.00852594,-0.042311683,0.026872959,0.02074936,0.056920763,-0.00057721604,0.022163555,-0.012221543,-0.003221983,-0.031811938,-0.033161364,0.018455878,0.0073169307,-0.002685898,-0.01080746,-0.010070685,0.00021933764,-0.023497475,-0.00016738172,-0.015929509,-0.019853085,0.0101924,0.014154809,-0.054910503,-0.02991902,0.0054016653,0.02824922,0.043885663,0.025551809,-0.035411734,0.03555998,0.0054962826
tag__Word Game,-0.008224675,-0.0042893714,0.006740605,-0.005498689,-0.0070606666,0.021266837,0.0048809866,0.0076847314,-0.0070262183,0.021127697,0.0026583578,-0.013284943,7.961481e-05,-0.0055589895,-0.017952623,0.007927119,0.0044930624,0.013381642,-0.0075176954,-0.005419804,-0.00596851,0.019382013,0.010698038,0.027612401,0.011525076,0.005043277,-0.00099645,-0.008575748,-0.012098022,-0.01671924,-0.008203918,-0.016015865,-0.018585278,-0.0068194508,0.0156185245,0.010698702,0.041489482,-0.017789517,0.03802502,-0.002498679,-0.010704283,-0.032614127,0.0015109759,0.010300028,0.024202812,0.004444165,-0.0004609814,-0.019304732,0.03530938,0.004995634,0.03997517,0.009581291,0.016756542,0.020835914,0.009231104,-0.02296969,0.021998178,-0.009556236,-0.021518202,0.011627578,-0.022340162,-0.008442998,-0.001206167,0.017922297,0.084402874,0.0004263658,0.026171193,-0.031299748
category__Adjustable Text Size,-0.0016686176,0.029077178,-0.013520597,0.0032552248,-0.029969677,-0.00014914759,0.0022245953,-0.027081622,0.020943245,0.031299897,0.008416565,0.000688022,-0.0145869255,-0.017089685,0.0131688155,0.0017851768,0.011401575,-0.0019059838,0.0075545767,0.017206764,0.0006806981,-0.0016861914,-0.007922197,-0.01260541,-0.01390451,-0.0014987816,0.007103729,0.0044841594,-0.0031378209,-0.0056808256,-0.0033292358,-0.010909574,0.0016545895,0.003741129,0.0014561219,0.002863816,0.002875606,-0.013755622,-0.0014058016,-0.0053765923,0.0017835656,0.02643928,0.016194569,-0.012045927,0.012396968,0.0057093333,0.0003957753,0.0015268484,-0.016924411,-0.021018045,0.014324285,0.014087232,-0.025328573,0.015471833,0.018929232,-0.00078275567,0.0047067353,-0.021002155,-0.0002317843,0.019021772,-0.0035797586,-0.029533476,-0.011296472,-0.0078746425,-0.004886002,-0.007985971,0.022397665,0.027137613
tag__Dragons,0.0010673418,-0.0053788996,-0.0036587843,0.009959637,0.004439283,0.0012884396,0.015014937,0.0009488008,0.0040688026,0.0032697907,0.00069545186,0.0009622872,-0.005163834,-0.0036916172,-0.00039223302,-0.012442995,0.0057758284,-0.006289344,-0.009389452,-0.011549391,-0.0027346853,0.01827965,0.007040509,-0.0049879802,0.014324891,0.0054019224,0.013149469,-0.016300263,-0.008611585,0.0039740494,0.0041959193,0.024373163,0.0074275513,0.0027804114,-0.0035702693,-0.0030316256,0.0033236826,0.0023451406,0.0014495975,-0.0003933739,0.009203871,0.00879508,0.018208507,-0.010581687,-0.020872975,0.024303325,-0.0108702965,-0.0043824827,0.010193203,0.019100398,0.038020972,0.019316135,-0.011240197,-0.015274416,-0.00400822,-0.013145339,0.016585054,-0.039462112,0.0027848957,0.015512073,-0.0032660943,-0.014653064,-0.013089721,0.0017064409,-0.02093006,-0.036565475,-0.015449263,-0.01728236
tag__Gambling,-0.012154592,0.0021613676,0.0026724713,-0.014099928,-0.008401417,-0.0011137323,-0.0037715968,0.010359284,-0.0040606163,-0.013960513,-0.0039936,-0.024207586,0.00038363534,0.012479778,0.011772608,-0.019095523,-0.020163067,-0.011622588,-0.015712818,0.00018379562,-0.0013027561,-0.004541492,-0.005692205,0.0076608793,-0.0002770114,0.015918612,-0.012681093,-0.0065809116,-0.0147394715,-0.009036115,-0.0012775229,0.0013719664,-0.0002155235,-0.00045327036,0.0013103462,-0.0025213917,-0.010835578,-0.032107126,0.014621323,-0.016143655,-0.0027074232,0.0068323677,-0.009481053,0.011052927,-0.0011821444,-0.01225128,-0.015454923,-0.017330296,0.0008532115,0.0037375952,-0.026295016,0.030595694,0.028654722,-0.021095252,-0.021754468,0.013658244,0.015808692,-0.005510315,0.0013795736,-0.0069925156,-0.020650199,0.0065727825,-0.0016420374,-0.004202363,0.011178845,0.005906015,-0.005813273,-0.019253751
tag__Mechs,0.009801619,0.004483002,-0.0012779719,-0.01842596,0.008348634,0.0036189326,-0.013586213,-0.008145039,-0.0067429096,0.016402505,-0.007788135,0.020990407,0.0023383212,-0.0057685818,-0.018485483,0.0026671425,-0.0100678615,-0.0063230963,0.01447952,0.01547143,0.01300495,0.008124626,0.022857595,0.0147092,0.0142720705,-0.011791172,0.03384805,-0.0071833483,0.013357158,0.010981815,0.017007262,0.007293161,-0.010659751,0.0054341303,0.0214959,-0.018124871,0.010312886,-0.015024367,0.005257933,-0.00875439,0.0054869303,-0.0020413343,0.022200502,-0.018225241,0.003698869,0.027283382,-0.015384264,0.015711743,-0.0075916117,0.016980357,0.0006710633,-0.019266445,0.010284317,0.0031636993,-0.036679562,0.003027779,0.006732618,0.001501324,0.009439589,-0.0024227998,0.019818194,0.018400323,-0.007237413,-0.008367661,0.008438014,-0.032736376,-0.007100753,0.01905983
tag__Mouse Only,-0.017802596,0.013476966,-0.0016148743,0.00066282786,0.008551935,-0.019730888,-0.009324775,-0.005876928,-0.005623323,0.00020862535,0.02026006,-0.002538579,-0.018032143,0.0063807126,0.015751934,-0.017249854,-0.0030648226,-0.009338892,0.014988808,-0.0035948935,-0.0016986717,0.035701375,-0.0042329123,0.009647726,-0.025563546,0.0030278286,0.0059030573,0.0048054927,-0.0061352225,0.005769219,-0.011599108,0.005478902,-0.007921447,0.0070623322,-0.012121146,-0.017950557,0.003398246,0.00043481402,-0.021220002,0.0011493108,-0.012734454,8.804373e-05,-0.0078564705,0.0020515427,-0.014380974,0.0095705055,-0.0032987278,-0.0050532967,-0.022591395,-0.013458471,-0.006453552,0.00956927,-0.010168146,0.010600146,-0.044675723,0.0020257367,0.029661696,-0.0013595534,-0.0046065487,0.0037974238,-0.033139613,-0.0048817135,-0.018919462,0.016224926,-0.038485035,-0.013528361,0.022110855,-0.0153466975
tag__Swordplay,0.006721773,-0.004495448,-0.0045554694,0.009951804,0.0021749698,0.008073444,0.010187605,-0.0130891,-0.004474724,-0.010015424,0.008836555,-0.0019695235,0.009283357,-0.0009320328,-0.0034182922,-0.0049249413,0.0011905261,0.0020801919,-0.00064712384,0.0008478859,-0.0031019517,0.0019283191,-0.012318841,-0.0170143,0.0021358354,-0.011848787,0.0068071806,0.0013980208,-0.0062283827,-0.004716559,0.013294928,-0.0024184773,0.009695678,-0.00946086,0.0035925189,-0.01715409,-0.0126152765,0.0051287897,0.017645098,-0.0076332684,-0.003790424,0.009591463,-0.00189921,0.004806987,0.0012740054,0.0031358125,0.008487515,-0.008678173,-0.0027258433,0.003857173,0.022772873,0.004587964,0.0006757795,0.012406784,-0.009658802,-0.012569107,0.022716278,0.006845008,-0.0051596034,-0.0031887838,-0.020877723,-0.032794043,-0.006201346,-0.015832206,-0.008090309,0.010257392,0.031181648,-0.0036482431
tag__Trading Card Game,-0.019381894,0.0002192352,-0.0011627212,-0.004176323,0.010494703,-0.023314154,0.00651875,0.0018741968,-0.025912613,-0.00047477565,0.0013533654,0.02277877,-0.0051965495,0.0038335952,-0.009611632,-0.011426372,-0.009248329,-0.004142786,-0.0024387292,0.004486303,0.004785477,-0.011388173,-0.0006854916,0.015404141,-0.003462967,0.013074052,-0.013653201,-0.0040674624,-0.0022770737,0.0091486955,0.018684575,0.003516767,0.019522365,-0.009923645,-0.009118357,-0.008271936,0.00030879406,-0.00052557036,-0.018345714,-0.0015414372,-0.017250169,0.01847686,-0.010001789,-0.017458044,0.0036137432,0.008105471,0.019639533,0.00095980044,-0.014769688,0.008062811,0.013534526,-0.017774777,0.017163292,-0.004841682,0.0096204765,-0.010859604,-0.024886955,-0.017672973,0.0015084741,-0.008055731,0.008954754,-0.014573054,0.013304349,0.0032770187,-0.0019903365,-0.040851396,-0.013379757,-0.017469525
tag__Alternate History,0.0023891304,-0.004431444,-0.0027573144,0.0039495355,0.0060050604,0.004312944,-0.00022421042,0.0042769415,-0.008973207,0.006717661,-0.001469965,-0.0013929788,0.0031510708,-0.013456838,-0.00031511253,-0.0056625656,-0.0010747284,0.002916254,0.00043765543,0.0040509715,-0.0006249072,0.0075551122,-0.0085436525,0.017360609,0.0005951305,-0.005090115,-0.0103195235,-0.0036032721,0.0028375136,-0.0058568264,-0.0017433546,-0.019328807,0.005270461,0.008107718,0.015770791,-0.01028598,-0.012042996,-0.005563581,0.010684959,0.0020338185,0.017151013,-0.025281655,0.01677341,-0.008871024,-0.004113149,0.016552422,0.00026295325,-0.0051571075,0.018751545,0.005422032,0.0120436745,0.008870386,0.003381255,0.0070896638,0.0055650496,-0.0007015304,0.0017502893,-0.0019003114,-0.010791109,0.012966474,-0.001386844,-0.01625127,-0.0033739056,0.01437376,0.023046074,-0.021563526,-0.022922363,-0.0022512139
tag__Capitalism,-0.006619406,-0.0034301584,0.0045387396,-0.019410616,-0.013002691,0.013232863,-0.007412132,-0.0017508554,0.010910598,-0.0133825075,-0.007306676,-0.019568771,0.009555951,-0.013988644,0.0086708795,-0.0044777873,-0.007180926,-0.005867151,0.0076438505,0.012015969,0.01134843,-0.009099445,-0.0050247456,0.010141071,0.0004841802,0.038696226,0.006239387,-0.010671489,0.008247543,-0.027876828,-0.013955171,-0.005731243,0.017024862,0.01957783,0.03280625,-0.002500556,-0.017916534,-0.009759257,0.015531321,0.0119713545,-0.02188231,0.029152127,0.00024411724,0.023510886,-0.013442642,-0.023432968,0.0030122073,-0.014607395,-0.007878284,-0.003940561,-0.0112496065,0.005100433,-0.012303198,0.008590622,0.005572287,0.045344062,0.008218351,-0.014532848,0.0010565015,-0.040219348,0.0015131483,0.012771769,-0.0150246,-0.006332965,-0.0011466878,0.017917851,-0.015186546,-0.019620506
tag__Economy,-0.009577981,-0.0040453337,0.004849704,-0.019062005,-0.010016037,0.027236871,-0.0038057338,0.0033274505,0.017965503,-0.017012198,0.0016882826,-0.021896487,0.02183535,-0.025352094,0.006443272,0.005347311,-0.014200768,-0.001520535,0.0076188496,0.012676388,-0.00051846495,-0.008522072,0.0021657604,0.0080547705,-0.013751282,0.043199398,0.0075548897,-0.009766276,0.004477554,-0.023060385,-0.032052856,-0.014238408,0.016984317,0.018405931,0.028982304,0.019674778,-0.030760573,-0.007939782,0.02799686,0.0070540267,-0.008971648,0.045467656,2.5819778e-05,0.0061162366,-0.007834003,-0.021106055,0.008940673,0.0036169824,0.0131184645,-0.009908831,0.0011259669,-0.018646006,-0.0095473165,0.014858036,0.001115843,0.037322443,0.004897787,-0.025484532,0.012627081,-0.027581744,0.0035182377,0.002464356,-0.034039974,0.000970782,-0.015791982,0.005132891,-0.012946603,-0.015150939
tag__Underground,-0.0023074872,-0.0042980914,-0.00037303218,0.005001048,-0.010307296,-0.000114985276,-0.007669189,-2.2540102e-05,0.00083185174,-0.0077686873,0.0049919705,-0.016001202,-0.0023237122,-0.009404878,0.00995741,-0.0015301954,-0.0025041841,0.019665033,-0.0068230922,-0.006337712,0.004314874,-0.0068738624,0.0020153676,-0.001547912,0.010639131,-0.00792264,-0.005785158,0.005392481,0.021454614,0.0022753717,0.0062034247,-0.006140356,0.006172952,0.019892553,4.8020836e-05,0.015425373,-0.016937183,-0.007512985,0.0046013277,-0.013976138,0.014091724,0.017258186,0.0019153979,-0.004800095,0.021666283,-0.009575932,-0.0066828285,0.0036573038,8.113947e-05,0.014365202,0.021386065,-0.0074364273,0.014424491,0.0092866495,0.02597953,-0.0054018036,0.0074787056,-0.022559175,0.0069775637,0.007825382,-0.00034004374,-0.020313136,-0.006460353,0.024255047,0.03515202,0.014038183,-0.036782842,-0.0051240735
tag__Vehicular Combat,0.004525647,-0.0066467635,4.5777968e-05,-0.016825946,0.0011906303,-0.0030327323,-0.0128758745,-0.0051896693,-0.008770401,9.393279e-05,-0.01109169,0.007051702,0.00030623996,0.009307113,0.00212605,0.0042534997,-0.0021723763,0.0011336282,0.005111775,-0.0045018247,-0.0011299939,0.006928995,0.0006835365,0.0084107965,0.0037251087,-0.012118564,0.012346259,0.0011652943,0.00039761185,-0.011139197,-0.0034640147,-0.00032064557,-0.0027806563,0.017222652,-0.009334971,0.007903112,0.0005699595,0.002034002,0.02516826,0.02311453,-0.006690436,0.004780145,0.007895892,-0.00894552,0.0031878103,0.0036081974,0.013142001,0.006970123,-0.003682037,-0.0047750524,-0.006725025,0.003778955,-0.00857611,-0.014644314,-0.0068711033,0.00948718,0.0066943853,-0.0050029047,0.012121755,0.022634123,0.0060407533,-0.02797752,0.00024734347,0.02467195,-0.014354453,-0.02588065,0.0005022329,0.03522038
category__Includes level editor,-0.0028389236,0.007924734,-0.003530046,-0.011787831,-0.019543333,6.588573e-05,0.007816292,0.00400054,0.020131059,0.011218032,0.0016389911,0.0034128278,-0.0144445505,-0.0024692242,0.0031438712,-0.0049018837,0.024744332,1.0449501e-05,0.005815095,0.006011338,-0.011982759,-0.002159264,-0.012170277,0.0109402975,0.0062844893,-0.004753852,0.025953876,9.174749e-06,0.0030817373,0.01287144,0.008384143,-0.009717851,-0.0014213681,0.0045286943,-0.013495416,-0.004269086,0.016548486,0.0019493828,-0.017724384,0.0051401188,-0.0019814544,0.008939321,-0.001102181,0.0106168995,-0.0037032547,-0.005292157,-0.0074099987,0.019786438,-0.004656922,0.017006483,-0.034672093,0.007207905,-0.020032642,0.0031800508,0.0015932292,-0.004953883,-0.02021713,0.008664245,0.003975104,-0.0077034133,0.012368062,-0.002153852,-0.037577074,-0.004679943,-0.0049870536,-0.01141186,0.021945493,0.001683834
category__LAN Co-op,0.0077704475,-0.00078599533,-0.011168251,-0.0001772548,-0.0012426511,-0.022299841,0.016386377,0.034697887,0.02887831,0.012123833,0.016776362,-0.00060016854,0.006587679,-8.7231456e-05,0.006711415,-0.0010799177,-0.00059228734,-0.008945809,-0.0046272255,0.0030977966,0.0026812586,0.006705122,0.008787702,-0.007536066,-0.008083538,0.0062265624,-0.014371287,0.0066914065,0.0069332668,-0.018506328,0.02529064,0.03449926,0.0012938867,0.0016168888,-0.011348622,0.0071602627,0.0075318892,0.009844506,0.025293304,-0.0020014334,-0.012396518,0.020787893,0.00905602,0.004467785,-0.027048891,-0.007872485,0.006795515,0.017254286,0.004682834,0.03553439,-0.012960509,0.014572169,-0.01561135,0.015119473,0.0035568404,-0.017585196,-0.010956661,-0.027182152,-0.0076076356,-0.00581717,0.019118372,0.012658445,0.00024878682,0.0006294026,0.033965982,0.02442348,0.005347619,-0.017056683
tag__Artificial Intelligence,0.00065142737,-0.007643474,0.003930446,-0.002127409,-0.0026424038,-0.0015041869,-0.00076315535,-0.005389204,0.0054434193,0.0016142284,-0.0018457322,0.008717551,0.0051757856,0.0050802683,0.0005486729,0.001357314,0.0013952217,0.0054741134,0.002935769,0.0016603378,0.0016364986,-0.0019056506,0.015400103,-0.0015157074,-0.00069419673,0.009313198,-0.0016060936,0.007059894,-0.00749598,-0.0026334678,-0.004377582,-0.014516735,0.0016261415,0.0048266007,-0.020660447,0.0063602226,0.013046431,0.0012518897,-0.0031071713,0.009590265,0.0050022523,-0.012129298,-0.019495673,-0.0009578286,-0.0013647658,-0.0010794534,0.010665826,0.032522492,-0.0061628725,-0.013882073,-0.0006257485,-0.008996003,-0.001304846,-0.0031239786,-0.014382014,-0.0064069205,0.026034705,0.0047798445,-0.013771464,0.0018664268,0.0052480614,-0.021625746,-0.0068443627,0.0027069903,0.00044291737,-0.011978282,0.0222589,0.009789184
tag__Boomer Shooter,0.010874545,-0.00031722753,-0.012658728,-0.018628605,0.004699788,-0.007741764,-0.020747308,-0.006269405,-0.0025142736,-0.010497916,-0.00936903,-0.010102178,-0.0150879,0.0155605525,-0.020499552,0.02937018,-0.031642687,-0.019908924,-0.011649995,-0.01037009,0.005989771,0.009774036,-0.040532313,-0.0038046779,0.022519642,0.008700485,-0.024176916,-0.030610684,-0.023132619,0.029181765,-0.018179558,-0.021380281,-0.0073321345,-0.03681676,-0.032476407,0.025292153,-0.025404112,-0.013144176,-0.0030682147,0.01950754,-0.018807564,0.011520214,0.053356186,0.039203376,-0.014994245,-0.0071442574,-0.00079126237,0.009746182,-0.010424337,0.00043784702,0.011658403,-0.0078751175,-0.042197324,-0.0005646818,0.014980099,-0.005948435,-0.020221002,0.00539447,-0.03232484,0.010268033,-0.034248557,0.047615238,-0.018615464,-0.0037072957,-0.0013785795,-0.016051669,0.029726569,0.0022807412
tag__Dystopian,0.002765804,-0.0018488131,-0.0009875145,-0.0038529471,-0.005731104,0.0053079003,-0.010042804,-0.001177898,-0.014622296,0.0048223366,-0.014953115,0.006386226,-0.0045301802,-0.002218181,-0.005136412,0.008329446,-0.008850311,0.0027212922,-0.0023092062,0.0009758062,0.0020753066,0.0006800704,0.016340375,0.0021269792,-0.010411416,0.012867061,-0.0057764626,0.0052257273,0.01544261,-0.0027931698,0.02295839,0.0002710623,-0.009987461,0.002415843,-0.005310547,-0.008678968,0.003112901,-0.025712915,0.007069554,0.031297095,0.009513376,0.007286287,0.008624251,-0.0034361624,-0.0028057946,-0.00076707435,-0.023436686,0.006563268,0.0053779497,-0.0016751032,0.02449372,-0.024047064,0.00038920916,-0.012356101,0.0015580143,0.0022892007,0.008734699,0.00516538,0.015413258,-0.021602998,-0.007935965,-0.019513141,-9.669002e-05,0.019169768,0.017526103,-0.01642939,-0.009567492,0.027580267
tag__Flight,0.0035205055,-0.0071592825,-0.010314906,-0.01106902,-0.00890225,0.009261802,-0.004244199,-0.0053072763,0.0014380405,0.010127048,-0.011360026,0.00685065,-0.006109943,0.016942924,0.01078128,0.010026164,-0.0041566156,0.0026791252,-0.0018626513,0.0069885845,0.0029207699,0.018781638,-0.0045153997,0.015043873,0.012827162,0.008029861,0.019480255,0.008953872,-0.0062771467,0.018790092,0.017078822,0.003991856,0.005706219,-0.0049423277,0.010358604,-0.001462983,0.002562046,0.021887012,-0.00038856536,0.021077752,-0.026488537,0.0028936595,0.0066455724,-0.00494032,-0.002482032,-0.01424485,0.0016088253,-0.024056707,-0.0030975668,0.019252723,0.01119144,0.024736125,-0.030382477,0.012180959,0.025378872,-0.014413959,-0.0107089365,0.0014535808,-0.003781906,0.031597286,-0.009516044,0.018582718,0.028511148,-0.006942432,-0.046116166,0.013258958,0.027958598,-0.0064675435
tag__Wargame,-0.009223334,-0.0048383037,0.001739443,-0.009656831,0.0052522635,0.0026671083,0.01681247,0.005245652,0.010722901,-0.003902896,-0.005942669,0.0059680124,0.00048760767,-0.018242095,0.010420955,-0.0014090986,-0.001443697,-0.001452852,-0.0033583397,0.008031839,0.012629735,-0.0052306955,-0.014454177,-0.017400129,-0.006061971,-0.0002587524,0.006625477,-0.004779704,-0.012466509,0.024699084,0.0032726172,0.018520985,0.00040357653,0.011696438,-0.0031628045,-0.002936585,-0.004476752,0.018783627,-0.0077014044,-0.005509131,0.023617974,-0.019278992,-0.011187227,-0.019883571,0.014480811,-0.0061153662,0.013075946,-0.004438014,-0.0004033763,0.0051269103,0.0075189117,0.01718672,0.008582378,-0.035044562,-0.009391967,-0.020152193,-0.02602147,0.010929739,-0.0026675137,0.0217826,-0.010955021,0.0064193085,0.013782179,0.006572541,-0.04314647,0.0034677777,0.0024998656,0.026286766
tag__2D Fighter,0.006147679,-0.0040072543,0.009056339,0.010617478,-0.0060911775,-0.0061663855,0.009527739,-0.0016400847,0.0051002284,-0.00330451,1.2720004e-05,0.0061187567,-0.016310066,-0.0056904666,0.0017114568,0.0047577866,-0.013798247,0.011319352,0.0006068719,-0.010117656,-0.009199375,0.010743653,-0.0005780272,0.0034619467,0.0048343106,-0.011213158,0.0047388226,-0.0059042205,0.012894679,-0.005368185,0.002946265,-0.010350082,0.0056830067,0.010346167,-0.013318072,-0.0012814848,-0.0006812194,-0.009842409,-0.008239259,0.003226354,0.005593198,-0.007938162,-0.0074530165,-0.0056299716,0.019460617,0.0013285996,0.011683774,0.0125500355,0.00038061757,0.013889351,0.00087382214,-0.007854193,0.0030679111,0.014235098,0.009640066,0.010918939,-0.00093342364,0.0024069152,0.023960989,-0.0048260232,-0.005698266,-0.0012613339,-0.004351628,-6.1214785e-05,-0.010520096,0.00082516146,0.010446251,0.0065168305
tag__Mining,-0.0035442158,0.001521793,0.009157498,-0.009782911,-0.013707157,0.017277863,0.004584424,0.0147127,0.007929026,-0.00977039,0.004199871,-0.014457064,0.00020255568,-0.008451186,0.0058802012,0.0061408523,0.0002724031,0.007831816,0.005396828,0.012573291,0.003261444,-0.0023454123,0.009157,-0.0010270849,0.0098166,0.010008302,0.009272762,-0.0037836414,0.009590116,-0.011249287,-0.0036193049,-0.012222093,0.0017729083,0.023804212,0.00038164813,0.0069055324,-0.015179855,-0.0087381415,0.0014706729,-0.00046663987,-0.00481812,0.023722887,-0.012728692,-0.010499772,0.0051113525,0.009407377,0.012014526,-0.012572467,0.009782371,-0.019388173,0.004840197,1.7438084e-05,0.00026340783,0.007769688,0.017316248,0.0063087586,0.003162166,-0.018144153,-0.015248158,0.021195134,0.005031701,-0.00020683208,-0.02095177,0.029368103,0.0298993,-0.007390648,-0.043934822,0.0001923407
tag__4 Player Local,0.008235248,0.010220149,-0.012787818,-0.010550355,-0.009209601,-0.009187874,0.034474984,0.030421298,0.012341931,-0.0076187463,-0.0053480854,0.011192896,-0.00411262,0.012567097,0.0012219243,-0.008644066,0.030524427,0.028913343,0.006032328,-0.007719955,0.0077324817,-0.022107411,-0.024949526,0.0047182697,-0.000201785,0.017499106,0.019849064,-0.012019565,0.02491815,-0.011212952,0.0040524574,-0.0395142,-0.0008165479,0.011261886,-0.011739178,0.007005061,0.014885018,-0.0070256395,0.00026661623,0.005756146,0.0051114094,-0.024108171,-0.012895111,0.0060802307,0.008919104,0.045730855,-0.020908855,-0.0018602572,-0.008192067,-0.0014688519,-0.004246695,0.006484312,-0.0034038515,-0.023983851,-0.001415072,-0.0126689,-0.008132084,0.007103223,-0.011932075,0.014992068,0.012599408,0.01299033,-0.0032113846,0.002711139,-0.027896816,0.01409873,-0.00022600545,0.008482153
tag__Cozy,-0.0010962656,-0.0021646966,-0.0029587736,-0.0076629664,-0.008321937,0.015226741,0.008263169,0.003884406,-0.006608095,-0.017850202,-0.003569362,-0.009214361,0.00037775945,-0.0086875055,0.008960527,0.021392222,0.0093693845,0.0005246531,0.023658765,0.0032661909,0.010235519,-0.0074734194,-0.0014956114,-0.002369939,-0.020126157,0.013421796,-0.017461639,0.008963976,0.012847346,0.0074397624,0.0015602341,0.021551913,-0.008955158,0.009090391,0.0036370838,-0.010694066,-0.002333927,0.006598905,-0.012671872,0.010150565,0.0068343664,0.023032248,-0.00821343,0.0029042019,0.00278984,0.02436459,-0.008340432,-0.003505069,0.0071573956,-0.012672409,-0.015955862,-0.03342153,-0.0069756745,0.014697744,0.018228078,0.00014497899,0.019123964,-0.015125836,0.010985753,0.021519858,-0.017635543,-0.01397548,-0.020112641,-0.0203578,0.013052965,-0.009063383,-0.0025578844,-0.012048315
tag__Dark Comedy,0.0038112847,0.00066188205,-0.00025407318,-0.0044778185,-0.0026477163,-0.003264645,-0.0012731382,0.00048613653,-0.013235683,-0.009736916,0.0037997998,-0.0022599099,-0.0026759354,-0.013033077,-0.0047329506,-0.003022376,0.00040250382,0.003007554,-0.0040677697,-0.007080337,0.017272357,-0.0034532116,-0.00561814,0.009565769,-0.0025962712,-0.0061347755,-0.0028251836,-0.008414133,-0.0043692216,-0.009707278,-0.0020807176,-0.017484061,0.007609385,-0.02238093,0.012342061,0.01971231,-0.005412309,-0.0013088319,0.0066013965,0.0016742467,-0.009433712,-0.00900553,0.0024079527,-0.0076282844,-0.004723673,-0.00302991,0.004861297,0.0039662654,-0.024336934,-0.0128805535,-4.3196604e-05,0.0077018198,-0.005833678,-0.017352514,-0.0045290245,0.0077083735,0.008938989,-0.004105515,-0.031958874,0.0020431937,-0.0014797803,0.030050978,-0.014796445,-0.0088817775,-0.009607456,0.005881302,0.00856271,-0.020528076
tag__Gothic,0.003000815,0.0036733057,-1.5652447e-05,0.008981922,0.005719097,-0.0022432457,-0.0035910453,-0.0021925855,0.0026581115,0.011342071,0.001243846,-0.009329074,0.007090584,-0.015503421,-0.0060780738,0.0011323132,0.012172498,0.004615795,-0.011815365,-0.004272865,-0.008625224,-0.021645404,-0.008709087,0.014583964,0.01913712,-0.017343963,-0.003981417,-0.0079784,-0.009916775,-0.0055676997,-0.0021022996,-0.0004812237,0.0063960287,-0.02187546,0.007981398,0.008650808,-0.006677728,0.028455213,-0.005768581,0.016792778,0.004271904,0.009862533,-0.011839803,0.0053526526,-0.015592322,0.012002263,0.0027155387,0.0016588384,-0.003481817,-0.004037521,0.009167035,-0.003944341,-0.0025056596,-0.018483428,-0.011471875,0.0019677184,0.005916359,0.0004755021,0.009834414,-0.0363811,-0.007939649,0.012855048,-0.0028247843,-0.011350468,0.008739291,0.0101784775,0.0078018596,0.01374498
tag__Nonlinear,0.0012597642,-0.005387384,0.00011926977,0.006990694,-0.00912186,0.0045904117,-0.0054225684,0.0052020247,-0.0017996742,-0.0075556687,0.0007004039,-0.0027574056,0.007071047,0.0038292608,0.013073191,0.0060629565,0.014507244,-0.0065255407,-0.008390693,0.004249353,-0.0023188451,-0.007997446,0.009930998,0.00048549578,0.0066009397,-0.0017580972,-0.006748899,-9.193428e-05,-0.0135536,-0.0007643577,-0.00251804,0.001618527,0.009213544,-0.004178263,0.011524189,-0.001535521,0.012500352,0.012750706,0.013431365,-0.006849558,0.0041099493,-0.013212423,-0.0011596844,0.009768458,0.019316196,0.0062365266,0.0038040334,3.2995118e-05,-0.006379613,-0.019271182,0.013073207,-0.0004187042,-0.013269996,0.00219361,-0.008706303,0.00654786,-0.00040315714,0.013305146,-0.015139205,0.004463179,0.018986471,-0.001573851,-0.011204049,-0.0027604082,-0.005402799,0.010910122,-0.004937464,0.010282155
tag__Quick-Time Events,0.001238739,-0.00752647,0.0062018675,-0.0010422753,-0.00018520422,0.010150379,0.00061296235,0.0046276245,-0.004659188,0.005886123,-0.002316967,-0.0071509434,-0.00813243,-0.0035075678,-0.0025034058,-0.0058011576,0.0015080828,-0.0008606517,-0.0057546524,0.00012314541,0.0004308036,0.009924841,-0.010152973,-0.01954395,0.0025141456,-0.0039932975,0.0012606125,0.0076131243,0.02017271,0.009009465,-0.01486013,0.005019559,-0.0024851249,-0.007085949,0.0038137333,-0.0072670723,0.0064747212,-0.0014688399,0.0018485839,-0.00061071693,-0.0134025905,-0.006125259,-0.0056582927,0.00729437,0.0068611545,0.002694438,0.0061459406,0.0017963531,0.006552886,-0.0056757056,0.018487345,0.017832125,-0.0018631356,-0.013998485,-0.0035262036,-0.007072237,-0.0086132,0.0077487123,0.0032631143,-0.01918415,-0.019083986,0.0011381273,0.0096689435,0.00867069,-0.0031004513,0.013080745,-0.010264126,-0.007295217
tag__Steampunk,-0.00077350944,0.00034047515,-0.0012489376,0.0007758703,-0.004656931,-0.0048866854,-0.005613248,-0.0042539667,0.008103628,-0.00013195715,-0.0012594765,0.008743429,0.0027988802,0.007347681,-0.00035824286,0.010673889,-0.0026584244,0.011933667,0.006390107,0.018685445,0.008709686,2.4093095e-05,0.009841394,-0.0053956253,0.0129058985,4.1394105e-05,-0.0037220714,-0.009255814,0.016572483,0.002630379,-0.013319889,0.005961713,-0.0040929858,-0.017866394,-0.007648619,-0.0061145285,-0.016068049,0.005222684,-0.004730403,0.012574353,-0.007129543,0.009990158,0.010499431,0.010921883,0.007901651,0.009714429,0.0034386986,0.00468838,0.0011999318,0.017303327,-0.010899378,0.019897643,-0.0063981307,-0.010797063,0.010197927,-0.01437585,-0.010364767,-0.0014020022,-0.013331459,-0.0055760397,0.017496005,0.01305274,0.015501064,-0.0109017,-0.017785158,-0.008416205,0.007047905,-0.002005862
