before_reviews,after_reviews,before_positive_pct,after_positive_pct,positive_pct_change,appid,anchor_date,anchor_type,days_since_launch,launch_group,patch_title
41,26,82.92682926829268,96.15384615384616,13.227016885553482,357330,2015-04-15 12:41:53+00:00,patch,8.699791666666666,<=30 days (including pre-launch),Early Access Update 1
22,20,100.0,95.0,-5.0,357330,2015-08-05 18:59:25+00:00,patch,120.96196759259259,31-180 days,Early Access Update 10
25,27,100.0,96.29629629629629,-3.7037037037037095,357330,2020-01-29 16:07:46+00:00,patch,1758.8427662037036,>180 days,Early Access Update Femtio (50)
31,96,100.0,88.54166666666666,-11.458333333333343,582330,2018-02-04 16:58:24+00:00,patch,2.2580092592592593,<=30 days (including pre-launch),Hotfix 0.4.0.1 is up!
70,22,84.28571428571429,81.81818181818183,-2.4675324675324646,582330,2018-04-11 17:49:00+00:00,patch,68.29314814814815,31-180 days,Patch 0.42 is finally here!
32,24,68.75,37.5,-31.25,582330,2021-11-17 17:48:03+00:00,patch,1384.292488425926,>180 days,Patch 0.85 is here!
26,157,73.07692307692307,91.71974522292994,18.64282214600688,582330,2022-01-26 16:42:59+00:00,patch,1454.2473032407408,>180 days,Patch 1.03 is here!
45,638,93.33333333333333,90.12539184952978,-3.207941483803552,585020,2021-03-05 18:51:12+00:00,patch,0.41100694444444447,<=30 days (including pre-launch),0306小型更新
20,102,85.0,76.47058823529412,-8.529411764705884,585020,2021-06-26 09:53:19+00:00,patch,113.03747685185185,31-180 days,0626 small update
25,112,52.0,33.92857142857143,-18.07142857142857,585020,2022-06-10 20:11:38+00:00,patch,462.4668634259259,>180 days,220611临时更新-2
20,21,85.0,85.71428571428571,0.7142857142857082,589050,2025-09-30 03:14:06+00:00,patch,7.134791666666667,<=30 days (including pre-launch),Early Access Hotfix 15
25,68,88.0,77.94117647058823,-10.058823529411768,600610,2021-05-12 16:10:58+00:00,patch,0.9688657407407407,<=30 days (including pre-launch),Patch Notes - Early Access Build 669349
45,53,100.0,100.0,0.0,615120,2018-05-19 03:50:28+00:00,patch,3.806226851851852,<=30 days (including pre-launch),"Minor Update V0.1.2 (sprinting, front facing Vive)"
21,23,100.0,100.0,0.0,615120,2020-07-01 03:26:02+00:00,patch,777.7892592592592,>180 days,SAVE & CONTINUE UPDATE (v0.5.16)
29,32,100.0,100.0,0.0,615120,2020-09-25 03:33:46+00:00,patch,863.7946296296296,>180 days,HAZARD UPDATE (v0.5.19)
23,31,100.0,96.7741935483871,-3.225806451612897,615120,2021-01-11 08:47:14+00:00,patch,972.0123148148148,>180 days,"""OLD SCHOOLER"" UPDATE (v0.5.22)"
25,28,88.0,96.42857142857143,8.42857142857143,615120,2021-03-30 08:27:00+00:00,patch,1049.998263888889,>180 days,SEWER OVERHAUL UPDATE (V0.5.24)
27,42,96.29629629629629,100.0,3.7037037037037095,615120,2021-06-22 23:54:14+00:00,patch,1134.6421759259258,>180 days,PRACTICE AREA (SANDBOX) UPDATE (v0.5.26)
24,29,100.0,96.55172413793103,-3.448275862068968,615120,2021-09-25 02:24:56+00:00,patch,1228.7468287037036,>180 days,LEADERBOARD & SPEEDRUN UPDATE (V0.5.28)
31,22,100.0,95.45454545454545,-4.545454545454547,615120,2021-11-24 09:12:38+00:00,patch,1289.0299537037038,>180 days,HQ OVERHAUL UPDATE (V0.5.29)
26,179,96.15384615384616,95.53072625698324,-0.6231198968629172,615120,2022-07-11 00:16:35+00:00,patch,1517.6576967592594,>180 days,v1.0 OPEN BETA AVAILABLE
21,54,95.23809523809523,98.14814814814815,2.9100529100529258,659540,2020-07-06 09:44:53+00:00,patch,1103.4957638888889,>180 days,Warsim 0.8.1.1 (The Wild North Improved and more! 83 Features)
22,27,100.0,100.0,0.0,659540,2020-09-17 20:06:05+00:00,patch,1176.9271527777778,>180 days,Warsim 0.8.2.1
25,54,100.0,100.0,0.0,659540,2021-02-22 18:11:15+00:00,patch,1334.8474074074074,>180 days,"Warsim 0.8.3.1 (Bugmountain 2 Electric Boogaloo, 129 features)"
35,40,97.14285714285714,97.5,0.3571428571428612,659540,2023-04-07 14:14:04+00:00,patch,2108.682696759259,>180 days,"Warsim 1.0.2 (Empire Mode Update, 61 features) Celebrating 1k Steam reviews!"
32,30,96.875,96.66666666666667,-0.2083333333333286,659540,2023-11-24 17:04:51+00:00,patch,2339.801296296296,>180 days,"Warsim 1.1 (lil' Content pack, 25 features +9 bug fixes)"
216,67,93.51851851851852,91.04477611940298,-2.4737423991155367,659540,2024-08-19 18:58:14+00:00,patch,2608.8800347222223,>180 days,"Warsim 100k Milestone, 100 feature update, and collectors edition launch!"
28,31,92.85714285714286,90.32258064516128,-2.53456221198158,659540,2024-11-19 16:24:26+00:00,patch,2700.7732291666666,>180 days,Warsim 1.2.7 (Houseparty and Mushroom Trip Improvements)
228,93,97.80701754385966,93.54838709677419,-4.258630447085466,692890,2020-09-08 15:16:50+00:00,patch,18.96318287037037,<=30 days (including pre-launch),Roboquest - Update v0.1.1
59,122,88.13559322033898,98.36065573770492,10.225062517365942,692890,2020-11-23 13:40:05+00:00,patch,94.89599537037037,31-180 days,The Autumn Update will be live this Wednesday! (11/25/2020)
370,120,97.2972972972973,97.5,0.20270270270269464,692890,2021-02-05 16:05:42+00:00,patch,168.99711805555555,31-180 days,Roboquest - Hotfix v0.3.2
50,170,94.0,91.17647058823529,-2.82352941176471,692890,2021-04-13 16:59:20+00:00,patch,236.03436342592593,>180 days,Roboquest Spring Update - Available now!
231,247,94.8051948051948,96.76113360323887,1.9559387980440732,692890,2021-06-18 14:48:25+00:00,patch,301.94344907407407,>180 days,Roboquest - Hotfix v0.5.3
99,121,91.91919191919192,96.69421487603306,4.775022956841141,692890,2021-11-02 16:23:35+00:00,patch,439.00953703703703,>180 days,Roboquest Autumn Update - Available now!
147,104,95.23809523809523,95.1923076923077,-0.04578754578753319,692890,2022-01-04 16:05:23+00:00,patch,501.99689814814815,>180 days,Roboquest - Hotfix v0.8.2
77,90,93.5064935064935,94.44444444444444,0.9379509379509443,692890,2022-04-05 09:19:24+00:00,patch,592.7149652777778,>180 days,Roboquest - Hotfix v0.8.8
73,292,94.52054794520548,94.86301369863014,0.342465753424662,692890,2022-07-07 17:03:59+00:00,patch,686.0375925925925,>180 days,Summer Update Patch-Notes
109,173,93.57798165137615,93.0635838150289,-0.5143978363472428,692890,2022-10-04 14:02:06+00:00,patch,774.9112847222223,>180 days,The Autumn Update is now LIVE!
223,483,91.92825112107623,95.65217391304348,3.7239227919672544,692890,2022-12-29 16:18:58+00:00,patch,861.0063310185185,>180 days,Roboquest - Winter Playtest Patch-Notes
153,3965,96.73202614379085,96.84741488020177,0.11538873641092096,692890,2023-11-07 13:33:16+00:00,patch,1173.8912615740742,>180 days,Roboquest - 1.0 Patch Notes
1093,1880,96.88929551692588,96.11702127659575,-0.7722742403301339,692890,2024-01-09 14:20:29+00:00,patch,1236.924050925926,>180 days,Roboquest - Patch Notes 1.1
665,802,94.13533834586467,94.88778054862843,0.7524422027637598,692890,2024-04-15 13:08:06+00:00,patch,1333.8737847222221,>180 days,Roboquest - Arsenal Update Patch-Notes
421,434,95.96199524940617,97.00460829493088,1.0426130455247034,692890,2024-08-08 14:00:41+00:00,patch,1448.9103009259259,>180 days,Roboquest - Update Teaser
288,733,94.44444444444444,95.08867667121419,0.6442322267697449,692890,2024-11-25 16:00:55+00:00,patch,1557.9937962962963,>180 days,Roboquest - Endless Update Release Date
174,147,90.80459770114942,96.5986394557823,5.794041754632886,692890,2026-03-25 14:58:07+00:00,patch,2042.950185185185,>180 days,Roboquest - Multiplayer Hotfix
42,61,83.33333333333334,85.24590163934425,1.912568306010911,704000,2023-11-10 20:35:44+00:00,patch,2.8581481481481483,<=30 days (including pre-launch),GUNHEAD 1.22- Fixes
31,51,67.74193548387096,78.43137254901961,10.689437065148653,721700,2022-04-29 02:18:38+00:00,patch,2.096273148148148,<=30 days (including pre-launch),Holomento Hotfix Patch 0.5.03
73,223,79.45205479452055,81.16591928251121,1.7138644879906622,727130,2019-05-29 15:58:15+00:00,patch,1.0019328703703703,<=30 days (including pre-launch),Our first update for Between the Stars
85,37,87.05882352941177,83.78378378378379,-3.2750397456279785,727130,2019-08-01 08:48:20+00:00,patch,64.70337962962962,31-180 days,v0.2.0.6.3
22,56,86.36363636363636,96.42857142857143,10.06493506493507,727130,2019-11-08 17:41:06+00:00,patch,164.07335648148148,31-180 days,v0.2.1.0.0 - Loot and Departments Update
33,58,93.93939393939394,79.3103448275862,-14.629049111807731,727130,2020-12-17 18:10:12+00:00,patch,569.0935648148148,>180 days,Damage Sampling and New Events - v0.4.7
30,47,76.66666666666667,80.85106382978722,4.1843971631205505,727130,2021-02-27 08:49:29+00:00,patch,640.7041782407407,>180 days,Chapter V Public Beta Update
24,45,79.16666666666666,68.88888888888889,-10.277777777777771,727130,2021-05-10 11:43:05+00:00,patch,712.8247337962963,>180 days,v0.5.1.3
21,26,80.95238095238095,69.23076923076923,-11.721611721611723,727130,2021-08-16 11:48:47+00:00,patch,810.8286921296296,>180 days,v0.5.2.1
39,65,61.53846153846154,69.23076923076923,7.692307692307686,727130,2022-01-14 12:16:28+00:00,patch,961.8479166666667,>180 days,Patch 0.5.2.8
25,26,32.0,73.07692307692307,41.076923076923066,727130,2023-01-02 16:44:14+00:00,patch,1315.0338657407408,>180 days,Development Update
25,31,80.0,80.64516129032258,0.6451612903225765,727130,2023-11-21 12:47:38+00:00,patch,1637.8695601851853,>180 days,Patch - v0.7.2
43,36,48.837209302325576,75.0,26.162790697674424,727130,2024-03-13 16:43:12+00:00,patch,1751.0331481481483,>180 days,Patch v1.0.0.4
33,21,75.75757575757575,90.47619047619048,14.718614718614731,809310,2023-10-29 19:34:21+00:00,patch,1811.1478935185185,>180 days,Sipho 1.1.0 is now available in more languages!
45,51,48.888888888888886,84.31372549019608,35.42483660130719,809540,2022-02-20 15:19:43+00:00,patch,1387.897199074074,>180 days,POST LAUNCH PATCH
42,126,88.09523809523809,71.42857142857143,-16.666666666666657,877010,2021-09-23 12:00:17+00:00,patch,1.8342824074074073,<=30 days (including pre-launch),Beyond Contact - Version 0.46.13 Change Log
54,80,74.07407407407408,80.0,5.925925925925924,877010,2023-04-12 15:47:20+00:00,patch,567.9919560185185,>180 days,UPDATE VERSION 1.0.1 IS AVAILABLE NOW
30,49,63.33333333333333,77.55102040816327,14.21768707482994,980210,2022-03-03 18:46:50+00:00,patch,1.782523148148148,<=30 days (including pre-launch),Hotfix v1.06
109,539,87.1559633027523,95.17625231910947,8.020289016357168,981430,2020-03-28 17:49:30+00:00,patch,1.2010416666666666,<=30 days (including pre-launch),Our Launch Week : Focusing On Bugfixes
108,164,94.44444444444444,93.29268292682927,-1.1517615176151708,981430,2020-06-25 17:07:03+00:00,patch,90.1715625,31-180 days,A Major Mechanic & Balance Update
89,129,94.3820224719101,89.92248062015504,-4.459541851755063,981430,2020-12-18 13:08:09+00:00,patch,266.0056597222222,>180 days,The Big Progression Update (now on bleeding-edge!)
71,95,92.95774647887323,95.78947368421052,2.8317272053372875,981430,2021-05-27 17:10:41+00:00,patch,426.17408564814815,>180 days,The Strategies & Synergies Update (now on bleeding-edge!)
65,142,87.6923076923077,88.73239436619718,1.0400866738894905,981430,2021-10-28 17:00:47+00:00,patch,580.1672106481482,>180 days,The Act 3 Patch Is Now Live!
169,158,82.84023668639054,81.64556962025317,-1.1946670661373702,981430,2022-08-25 14:16:04+00:00,patch,881.0528240740741,>180 days,Version 1.1 Improvements are now on bleeding-edge!
65,143,69.23076923076923,96.5034965034965,27.27272727272728,981430,2022-11-07 21:04:02+00:00,patch,955.3361342592592,>180 days,Gordian Quest - Version 1.2.4
71,79,88.73239436619718,82.27848101265823,-6.453913353538951,981430,2023-01-12 16:10:54+00:00,patch,1021.1325694444445,>180 days,Gordian Quest - Version 1.2.11
46,28,76.08695652173914,85.71428571428571,9.627329192546568,981430,2023-04-24 17:54:32+00:00,patch,1123.204537037037,>180 days,Patch 1.2.16 is now live on Bleeding-Edge!
25,23,76.0,69.56521739130434,-6.434782608695656,981430,2025-02-21 09:09:16+00:00,patch,1791.8397685185184,>180 days,Patch 1.4.8 is live on Bleeding-Edge!
548,381,81.75182481751825,81.62729658792651,-0.12452822959174625,992300,2019-01-19 05:34:53+00:00,patch,2.9416435185185184,<=30 days (including pre-launch),2019-1-18 update log
71,54,83.09859154929578,90.74074074074075,7.642149191444972,992300,2019-04-10 10:04:03+00:00,patch,84.12856481481481,31-180 days,2019-4-10 update log
33,2244,81.81818181818183,89.349376114082,7.531194295900178,992300,2019-06-10 07:36:38+00:00,patch,145.02619212962964,31-180 days,2019-6-10 update log
119,639,73.10924369747899,81.84663536776213,8.737391670283145,992300,2019-10-02 06:11:57+00:00,patch,258.96738425925923,>180 days,2019-10-2 update log
250,1116,88.8,85.21505376344086,-3.5849462365591336,992300,2020-01-01 02:56:38+00:00,patch,349.8317476851852,>180 days,2020-1-1 Update
706,271,80.45325779036827,77.85977859778598,-2.5934791925822935,992300,2020-03-02 11:05:01+00:00,patch,411.17090277777777,>180 days,2020-3-2 Update
130,828,80.76923076923077,84.78260869565217,4.0133779264213985,992300,2020-06-15 16:42:59+00:00,patch,516.4056018518519,>180 days,2020-6-16 New version content description
220,1191,86.36363636363636,84.2989084802687,-2.0647278833676665,992300,2020-08-29 03:17:10+00:00,patch,590.8460069444444,>180 days,Update 2020-8-29
128,2588,83.59375,91.73106646058733,8.137316460587328,992300,2021-01-16 05:20:01+00:00,patch,730.9313194444444,>180 days,"We will carry out a major version update on January 22, 2021"
380,1613,90.78947368421053,90.57656540607564,-0.21290827813488988,992300,2021-07-02 11:27:49+00:00,patch,898.1867361111111,>180 days,"""BloodySpell"" Summer Cool Update"
191,372,87.43455497382199,96.7741935483871,9.339638574565114,992300,2021-11-03 12:29:23+00:00,patch,1022.2294907407407,>180 days,2021-11-3 Update
172,1944,91.27906976744185,91.82098765432099,0.5419178868791334,992300,2022-01-26 17:22:19+00:00,patch,1106.4329166666666,>180 days,BloodySpell Version 1.0 Update
309,881,92.88025889967638,91.60045402951191,-1.2798048701644689,992300,2022-08-12 10:48:17+00:00,patch,1304.1592824074073,>180 days,Update 2022-8-12
170,1221,91.17647058823529,95.004095004095,3.8276244158597166,992300,2022-11-22 18:01:49+00:00,patch,1406.4603472222223,>180 days,BloodySpell Update 2022-11-22
313,1818,92.65175718849841,92.9042904290429,0.2525332405444942,992300,2023-02-17 17:59:14+00:00,patch,1493.4585532407407,>180 days,BloodySpell Update 2023-2-18
215,149,86.9767441860465,85.90604026845638,-1.070703917590123,992300,2023-05-01 01:33:09+00:00,patch,1565.7737731481482,>180 days,Update 2023-5-1
150,330,88.0,91.51515151515152,3.5151515151515156,992300,2023-11-21 18:01:55+00:00,patch,1770.4604166666666,>180 days,Update 2023-11-21 New Elite Monster and New Dance
90,992,84.44444444444444,86.69354838709677,2.249103942652326,992300,2024-08-07 00:52:24+00:00,patch,2029.7454745370371,>180 days,Bloody Spell : Important Update for 2024
89,158,89.8876404494382,86.70886075949366,-3.178779689944534,992300,2026-02-06 06:18:10+00:00,patch,2577.971701388889,>180 days,Update 2026-2-6
57,618,84.21052631578947,85.59870550161813,1.3881791858286618,992300,2026-08-06 07:34:48+00:00,patch,2759.0249189814813,>180 days,Bloody Spell : Important Update for 2026
131,202,63.358778625954194,78.21782178217822,14.859043156224025,1016360,2023-02-03 15:43:49+00:00,patch,1.6554282407407408,<=30 days (including pre-launch),PERISH Post Release Update #1!
352,116,88.35227272727273,79.3103448275862,-9.041927899686527,1036740,2021-08-30 10:23:51+00:00,patch,5.3078125,<=30 days (including pre-launch),0.1.1 & 0.1.2 Patch notes
23,32,82.6086956521739,87.5,4.891304347826093,1036740,2021-11-26 10:14:58+00:00,patch,93.30164351851852,31-180 days,We will update (JST) on December 3rd!
143,508,89.5104895104895,86.61417322834646,-2.8963162821430473,1043260,2021-10-14 21:00:50+00:00,patch,0.8552777777777778,<=30 days (including pre-launch),Localization for Quests Are Now Fixed
195,63,89.74358974358975,93.65079365079364,3.9072039072038933,1043260,2021-12-23 19:00:06+00:00,patch,70.77143518518518,31-180 days,Main Quests Update!
31,155,87.09677419354838,83.87096774193549,-3.225806451612897,1043260,2022-03-26 17:45:42+00:00,patch,163.71976851851852,31-180 days,Working on beta mode freezing issues
54,100,77.77777777777779,85.0,7.222222222222214,1043260,2022-07-15 14:31:28+00:00,patch,274.58488425925924,>180 days,"New Arena, Quests, Gladiators, Bosses, and More! V0.830"
29,74,86.20689655172413,79.72972972972973,-6.477166821994402,1043260,2022-12-22 05:02:28+00:00,patch,434.18974537037036,>180 days,New gladiators added to Tournament Mode
22,42,72.72727272727273,80.95238095238095,8.225108225108215,1043260,2023-06-02 07:08:58+00:00,patch,596.2775925925926,>180 days,"Four New Gladiators, Editor Features, Quality Of Life Improvements and Bug Fixes"
28,99,82.14285714285714,71.71717171717171,-10.42568542568543,1043260,2023-08-25 23:40:17+00:00,patch,680.9660069444444,>180 days,Hotfix v0.915
23,32,56.52173913043478,81.25,24.72826086956522,1043260,2023-11-23 23:55:28+00:00,patch,770.976550925926,>180 days,Difficulty adjustment
23,21,82.6086956521739,85.71428571428571,3.1055900621118013,1043260,2024-02-02 14:28:45+00:00,patch,841.5829976851852,>180 days,"Beta Content Toggle, Updated Battle Stats, Enemy Items, and More! (v0.941)"
25,593,88.0,81.95615514333895,-6.043844856661053,1043260,2024-06-11 22:56:14+00:00,patch,971.9354166666667,>180 days,Update 0.946.9 Beta - Trait tier selection and gladiator buildings updated
63,71,80.95238095238095,84.50704225352112,3.5546613011401718,1043260,2024-09-24 06:55:28+00:00,patch,1076.2682175925927,>180 days,Hotfix v1.039
26,84,84.61538461538461,75.0,-9.615384615384613,1043260,2025-06-06 11:19:49+00:00,patch,1331.4517939814814,>180 days,Glory Mode Feature Added to the Game
161,200,79.5031055900621,74.5,-5.0031055900621055,1048350,2021-04-14 03:51:11+00:00,patch,1.952210648148148,<=30 days (including pre-launch),Nigate Tale Day 1 Update
43,26,72.09302325581395,73.07692307692307,0.9838998211091194,1048350,2021-06-24 09:00:54+00:00,patch,73.16729166666667,31-180 days,Nigate Tale V0.3.02_2401 Update
168,478,94.04761904761905,92.46861924686193,-1.578999800757117,1059980,2022-07-27 07:33:02+00:00,patch,5.631909722222222,<=30 days (including pre-launch),Patch 0.1.2 - Early Access
45,34,91.11111111111111,88.23529411764706,-2.8758169934640563,1059980,2022-10-08 04:11:55+00:00,patch,78.49224537037037,31-180 days,Patch 0.2.4 - Early Access
51,39,98.0392156862745,87.17948717948718,-10.85972850678732,1059980,2022-12-23 20:05:50+00:00,patch,155.1546875,31-180 days,Patch 0.3.3 - Early Access
21,20,76.19047619047619,75.0,-1.1904761904761898,1059980,2023-04-12 19:04:59+00:00,patch,265.11243055555553,>180 days,Patch 0.4.0 - Beta
27,126,96.29629629629629,85.71428571428571,-10.582010582010582,1059980,2023-12-19 13:58:11+00:00,patch,515.899375,>180 days,Patch 1.0.0 - Just King
648,592,93.20987654320987,90.87837837837837,-2.331498164831501,1063420,2023-09-15 09:01:00+00:00,patch,7.710763888888889,<=30 days (including pre-launch),Quality of Life Update (0.21.1)
325,508,87.07692307692308,93.50393700787401,6.427013930950935,1063420,2023-11-16 12:16:22+00:00,patch,69.84643518518519,31-180 days,Quality of Life Update (0.23.1)
146,106,84.24657534246576,81.13207547169812,-3.114499870767645,1063420,2024-02-10 18:01:34+00:00,patch,156.0861574074074,31-180 days,Extend the Game - Update 3 - Month of Stars and Love!
63,188,74.60317460317461,86.17021276595744,11.567038162782836,1063420,2024-05-27 14:59:24+00:00,patch,262.95965277777776,>180 days,Roguelite Endless Mode - Update 4
99,173,88.88888888888889,86.1271676300578,-2.7617212588310878,1063420,2024-08-22 17:30:36+00:00,patch,350.0646527777778,>180 days,Update 5 release date!
173,1425,91.90751445086705,88.14035087719299,-3.7671635736740683,1063420,2024-11-15 16:55:57+00:00,patch,435.04059027777777,>180 days,1.0 Release incoming! Part 2
450,266,85.11111111111111,80.82706766917293,-4.284043441938181,1063420,2025-01-20 17:22:28+00:00,patch,501.0590046296296,>180 days,Hutlihut SpaceLog #15: New EXPLOSIVE Update! Exclusive insights
143,320,85.3146853146853,90.0,4.685314685314694,1063420,2025-04-18 16:01:37+00:00,patch,589.0028587962963,>180 days,"Update ""All Hands on Deck"" - AVAILABLE NOW!"
116,512,77.58620689655173,72.4609375,-5.1252693965517295,1063420,2025-08-28 17:00:52+00:00,patch,721.0440046296296,>180 days,Update INCOMING! New ship and Steam free-weekend!
66,82,75.75757575757575,91.46341463414635,15.705838876570596,1063420,2025-11-18 16:20:41+00:00,patch,803.016099537037,>180 days,Patch + Seasonal Event: Winter Holiday Extravaganza!
58,56,74.13793103448276,71.42857142857143,-2.709359605911331,1063420,2026-02-27 16:55:56+00:00,patch,904.0405787037037,>180 days,"Update INCOMING! New Objectives, Weapons, and more!"
68,47,85.29411764705883,87.2340425531915,1.9399249061326742,1093320,2019-09-26 05:52:51+00:00,patch,8.15337962962963,<=30 days (including pre-launch),Updated description of Devil’s Deck (中文在后面) (version 000005)
66,21,96.96969696969697,95.23809523809523,-1.7316017316017422,1098610,2023-04-07 11:47:11+00:00,patch,7.27625,<=30 days (including pre-launch),"Update 1.1: Bug fixes, accessibility options, and more!"
42,40,92.85714285714286,95.0,2.142857142857139,1098610,2025-04-22 06:20:31+00:00,patch,753.0493981481482,>180 days,"Minor Update (Game Balance, Bugs, Accessibility)"
36,639,77.77777777777779,86.5414710485133,8.763693270735516,1100930,2019-11-01 19:37:44+00:00,patch,-1021.1821296296297,<=30 days (including pre-launch),BUG FIX 2019-11-01
35,39,82.85714285714286,79.48717948717949,-3.369963369963372,1100930,2020-01-07 11:43:15+00:00,patch,-954.5116319444444,<=30 days (including pre-launch),Updates v0.6.12
33,46,63.63636363636363,82.6086956521739,18.972332015810274,1100930,2022-08-22 11:45:21+00:00,patch,3.489826388888889,<=30 days (including pre-launch),Legioncraft v1.0.1 update notes
36,88,97.22222222222221,93.18181818181817,-4.0404040404040416,1124080,2022-04-22 16:23:39+00:00,patch,0.5041087962962963,<=30 days (including pre-launch),版本更新 - 0.912.2
45,70,75.55555555555556,87.14285714285714,11.587301587301582,1131240,2020-08-30 23:53:55+00:00,patch,2.498622685185185,<=30 days (including pre-launch),Dungeons of Edera: Patch Notes 0.8.4 HF1
26,24,76.92307692307693,83.33333333333334,6.410256410256409,1131240,2020-10-31 19:40:00+00:00,patch,64.32229166666667,31-180 days,Dungeons of Edera: Patch Notes 0.8.6.6
87,47,85.0574712643678,87.2340425531915,2.1765712888236948,1131240,2021-04-26 22:46:10+00:00,patch,241.45157407407407,>180 days,Dungeons of Edera: April Update
32,30,75.0,80.0,5.0,1131240,2021-07-08 03:05:41+00:00,patch,313.6317939814815,>180 days,Dungeons of Edera: Desert Update Pt.1
45,36,86.66666666666667,80.55555555555556,-6.111111111111114,1131240,2021-09-21 04:24:03+00:00,patch,388.68621527777776,>180 days,Dungeons of Edera: Gem Crafting Update
20,24,60.0,58.333333333333336,-1.6666666666666643,1131240,2022-05-07 21:36:24+00:00,patch,617.403125,>180 days,Dungeons of Edera: Patch 0.9.3
23,27,52.17391304347826,62.96296296296296,10.789049919484704,1131240,2022-08-08 02:12:11+00:00,patch,709.5946412037038,>180 days,Dungeons of Edera: Patch 1.06
26,101,100.0,95.04950495049505,-4.950495049504951,1135810,2020-11-23 09:59:26+00:00,patch,2.348472222222222,<=30 days (including pre-launch),1.3.4 Patch Notes
21,26,90.47619047619048,96.15384615384616,5.677655677655679,1135810,2021-01-22 13:18:26+00:00,patch,62.486666666666665,31-180 days,Patch Notes: 1.3.35
32,40,96.875,100.0,3.125,1135810,2021-04-10 09:00:39+00:00,patch,140.30765046296295,31-180 days,Update #18: New Void Fight!
22,33,100.0,100.0,0.0,1135810,2021-06-25 06:21:01+00:00,patch,216.19679398148148,>180 days,Update #27: The Well of Stars!
27,32,96.29629629629629,100.0,3.7037037037037095,1135810,2021-08-28 22:42:35+00:00,patch,280.8784375,>180 days,Update #34: The Hotfix Recap and Future Plans!
23,131,100.0,98.47328244274809,-1.5267175572519136,1135810,2021-11-19 08:56:09+00:00,patch,363.30452546296294,>180 days,Update #39: Vault of the Void turns 1!
134,46,98.50746268656717,95.65217391304348,-2.8552887735236823,1135810,2022-02-01 11:45:03+00:00,patch,437.42181712962963,>180 days,"Update #44: Community Codes, Challenge Coins and COVID"
111,99,92.7927927927928,91.91919191919192,-0.8736008736008785,1135810,2022-04-16 09:07:57+00:00,patch,511.3127199074074,>180 days,"Update #48 -- Coins, a Modifier and... Secrets?"
111,100,87.38738738738738,92.0,4.612612612612622,1135810,2022-06-16 11:53:37+00:00,patch,572.4277662037038,>180 days,Update #51 -- Hotfix!
83,51,90.36144578313254,82.35294117647058,-8.008504606661958,1135810,2022-09-02 04:38:13+00:00,patch,650.1254050925926,>180 days,"Update #56 -- New Tempest Cards, Bug Fixes and 1.0"
174,55,95.40229885057471,81.81818181818183,-13.584117032392882,1135810,2022-12-01 04:48:19+00:00,patch,740.1324189814815,>180 days,Update #59 -- Steam Deck + Controller Support is now LIVE!
31,46,90.32258064516128,100.0,9.677419354838719,1135810,2023-02-10 10:04:00+00:00,patch,811.3516435185185,>180 days,"Update #61 -- The Hidden Balancing Act, plus Encounter & Spell Rebalancing."
34,40,82.35294117647058,92.5,10.14705882352942,1135810,2023-04-21 03:42:44+00:00,patch,881.086875,>180 days,Update #63 -- Enlightened Content & Balance Patch
24,23,79.16666666666666,95.65217391304348,16.485507246376827,1135810,2023-12-02 03:35:41+00:00,patch,1106.0819791666668,>180 days,2.0 Public Beta Available Now
35,25,94.28571428571428,84.0,-10.285714285714278,1135810,2024-03-29 05:51:02+00:00,patch,1224.1759722222223,>180 days,"Update #67: New Instability Mods, Bug Fixes, Steam Deck News & Android Beta!"
23,21,91.30434782608695,95.23809523809523,3.933747412008273,1135810,2024-12-02 20:44:28+00:00,patch,1472.796412037037,>180 days,Update #70: Balance and Bug Fixes
120,27,85.0,81.48148148148148,-3.518518518518519,1140150,2022-08-27 18:22:09+00:00,patch,10.765381944444444,<=30 days (including pre-launch),EA第二周更新列表
36,39,94.44444444444444,87.17948717948718,-7.2649572649572605,1140150,2022-12-02 19:30:27+00:00,patch,107.8128125,31-180 days,Early Access Changelog: December
60,41,95.0,95.1219512195122,0.1219512195121979,1140150,2023-02-01 11:39:30+00:00,patch,168.4857638888889,31-180 days,v1.2.2 Major Update for Enemies
55,20,96.36363636363636,95.0,-1.3636363636363598,1140150,2023-04-08 03:41:02+00:00,patch,234.15349537037036,>180 days,v1.2.10 Small Update
25,43,96.0,97.67441860465115,1.6744186046511516,1140150,2023-06-11 02:29:17+00:00,patch,298.10366898148146,>180 days,Teammate card update is on the Beta branch
53,53,90.56603773584906,96.22641509433963,5.660377358490564,1140150,2023-08-20 11:41:51+00:00,patch,368.4873958333333,>180 days,v1.3.13 Minor Update
46,41,93.47826086956522,95.1219512195122,1.6436903499469793,1140150,2023-10-27 11:58:28+00:00,patch,436.4989351851852,>180 days,v1.3.17 Spell Card Update
44,48,100.0,95.83333333333334,-4.166666666666657,1140150,2024-01-08 13:49:24+00:00,patch,509.5759722222222,>180 days,1/8 v1.4.1 Colorless Update
43,65,93.02325581395348,90.76923076923077,-2.2540250447227095,1140150,2024-03-29 13:53:46+00:00,patch,590.5790046296296,>180 days,v1.4.2 Regular Update
43,71,97.67441860465115,92.95774647887323,-4.716672125777919,1140150,2024-06-20 16:43:51+00:00,patch,673.6971180555555,>180 days,v.1.5.0 Main Branch Update
27,79,96.29629629629629,92.40506329113924,-3.891233005157048,1140150,2024-11-15 05:48:20+00:00,patch,821.2418981481482,>180 days,v1.6.0 Koishi Sets Out For The Incident!
43,60,86.04651162790698,90.0,3.9534883720930196,1140150,2025-01-22 22:45:27+00:00,patch,889.9482291666667,>180 days,v1.6.1 Gameplay Update
75,45,93.33333333333333,93.33333333333333,0.0,1140150,2025-04-09 21:16:26+00:00,patch,966.8864120370371,>180 days,v1.7.1 字体更新
34,49,97.05882352941177,85.71428571428571,-11.34453781512606,1140150,2025-10-03 13:58:01+00:00,patch,1143.5819560185184,>180 days,v1.8.0 Mod Launcher & Gamepad Support
25,29,100.0,89.65517241379311,-10.34482758620689,1140150,2026-09-13 15:31:58+00:00,patch,1488.647199074074,>180 days,v1.8.1 Event Update
1554,1704,96.46074646074646,96.36150234741784,-0.09924411332862348,1147860,2024-09-26 23:48:35+00:00,patch,8.99207175925926,<=30 days (including pre-launch),Patch Notes: v1.1.4
1279,477,96.95074276778733,91.82389937106919,-5.126843396718144,1147860,2024-12-23 21:16:11+00:00,patch,96.88623842592592,31-180 days,Patch Notes: v1.5.1
211,156,92.89099526066352,95.51282051282051,2.621825252156995,1147860,2025-03-16 22:17:19+00:00,patch,179.92869212962964,31-180 days,Patch Notes: v1.7.2.1
135,116,93.33333333333333,94.82758620689656,1.4942528735632266,1147860,2025-09-04 19:01:08+00:00,patch,351.7924537037037,>180 days,Patch Notes: v1.7.8.21
75,49,96.0,89.79591836734694,-6.2040816326530575,1147860,2026-02-19 21:17:17+00:00,patch,519.8870023148148,>180 days,Patch Notes: v1.8.35
49,44,95.91836734693877,88.63636363636364,-7.282003710575125,1147860,2026-05-06 20:06:18+00:00,patch,595.8377083333334,>180 days,Patch Notes: v1.9.5
25,69,100.0,100.0,0.0,1163740,2020-06-26 19:20:29+00:00,patch,3.3468055555555556,<=30 days (including pre-launch),"New card, more gameplay stats, skill effects and bug fixes"
31,87,93.54838709677419,95.40229885057471,1.8539117538005172,1167680,2021-04-23 15:45:55+00:00,patch,1.155173611111111,<=30 days (including pre-launch),Orbital Bullet | Early Access | Update #1
24,50,87.5,80.0,-7.5,1167680,2022-03-23 14:36:36+00:00,patch,335.10703703703706,>180 days,Orbital Bullet's Full release patch #2 now available!
34,172,38.23529411764706,79.06976744186046,40.834473324213405,1168870,2020-05-28 01:17:17+00:00,patch,0.16686342592592593,<=30 days (including pre-launch),Minor Fixes
35,30,82.85714285714286,70.0,-12.857142857142861,1168870,2021-10-19 13:47:23+00:00,patch,509.6877662037037,>180 days,v0.9d Update
83,53,93.97590361445783,96.22641509433963,2.2505114798817942,1175360,2020-06-02 19:13:56+00:00,patch,11.093819444444444,<=30 days (including pre-launch),Update #1: Balance and stability
24,21,100.0,100.0,0.0,1175360,2020-10-30 12:52:20+00:00,patch,160.82881944444443,31-180 days,"I, Dracula Genesis: Halloween Update (9)"
58,55,94.82758620689656,96.36363636363636,1.5360501567398046,1175360,2023-08-01 21:32:51+00:00,patch,1166.1902893518518,>180 days,Update 1.0.3
113,80,95.57522123893806,93.75,-1.825221238938056,1184820,2021-08-16 22:46:15+00:00,patch,27.28730324074074,<=30 days (including pre-launch),Poker Quest v56 - Daily run bonus XP and Farm changes
24,322,95.83333333333334,96.27329192546584,0.43995859213249844,1188930,2019-12-22 03:53:18+00:00,patch,2.050104166666667,<=30 days (including pre-launch),Chrono Ark Early access 1.02
94,98,85.1063829787234,93.87755102040816,8.77116804168476,1188930,2020-02-22 04:36:18+00:00,patch,64.07996527777777,31-180 days,Chrono Ark Early Access 1.2 Updated!
129,129,86.82170542635659,91.47286821705426,4.6511627906976685,1188930,2020-05-11 02:30:21+00:00,patch,142.9925,31-180 days,Chrono Ark Early Access v1.3 Update!
554,192,91.15523465703971,90.625,-0.5302346570397134,1188930,2020-07-22 01:41:26+00:00,patch,214.95853009259258,>180 days,Chrono Ark EA v1.41 is here!
56,133,87.5,87.96992481203007,0.4699248120300723,1188930,2020-10-09 02:15:20+00:00,patch,293.98207175925927,>180 days,Chrono Ark EA v1.5 Beta is here!
157,129,88.53503184713377,88.37209302325581,-0.16293882387795122,1188930,2020-12-10 08:44:24+00:00,patch,356.25225694444447,>180 days,Chrono Ark EA v1.5 Beta 4 is here!
63,111,87.3015873015873,88.28828828828829,0.9867009867009813,1188930,2021-02-25 05:00:22+00:00,patch,433.09667824074074,>180 days,Chrono Ark EA v1.55 Beta is here!
86,175,90.69767441860465,86.85714285714286,-3.8405315614617876,1188930,2021-07-30 10:27:43+00:00,patch,588.3240046296296,>180 days,Chrono Ark Early Access - v1.6 - Fate
58,75,91.37931034482759,94.66666666666667,3.287356321839084,1188930,2021-11-11 02:06:47+00:00,patch,691.9761342592593,>180 days,Chrono Ark Early Access v1.7 Peek!
55,107,90.9090909090909,88.78504672897196,-2.1240441801189434,1188930,2022-02-02 09:32:42+00:00,patch,775.2857986111111,>180 days,Chrono Ark Early Access 1.7 Beta Update
72,64,98.61111111111111,92.1875,-6.423611111111114,1188930,2022-04-04 04:51:58+00:00,patch,836.0908449074074,>180 days,Chrono Ark EA 1.8b Mini Patch
98,221,92.85714285714286,92.76018099547511,-0.09696186166775078,1188930,2022-07-06 10:55:03+00:00,patch,929.3429861111111,>180 days,Chrono Ark EA 1.9 – Hour of Twilight
109,191,88.07339449541286,86.38743455497382,-1.6859599404390337,1188930,2022-12-31 09:07:24+00:00,patch,1107.2682291666667,>180 days,Chrono Ark EA 1.9999 - New World
94,139,94.68085106382979,88.48920863309353,-6.191642430736266,1188930,2023-08-09 00:34:35+00:00,patch,1327.9121064814815,>180 days,Chrono Ark EA 2.0 Beta - Momori
102,242,94.11764705882352,90.49586776859503,-3.6217792902284884,1188930,2023-10-08 07:49:50+00:00,patch,1388.214363425926,>180 days,Chrono Ark EA 2.0b HotFix
213,210,91.54929577464789,92.85714285714286,1.3078470824949733,1188930,2023-12-22 21:13:54+00:00,patch,1463.7727430555556,>180 days,Chrono Ark EA 2.02 Update
122,509,87.70491803278688,89.19449901768172,1.4895809848948431,1188930,2024-03-28 03:56:08+00:00,patch,1560.0520717592592,>180 days,Chrono Ark 1.0 beta 3 hotfix
141,701,93.61702127659575,80.74179743223966,-12.875223844356086,1188930,2024-11-01 06:36:56+00:00,patch,1778.1637384259259,>180 days,Chrono Ark 1.1 - HighRollor
142,125,92.95774647887323,93.60000000000001,0.6422535211267757,1188930,2025-01-30 19:01:53+00:00,patch,1868.6810648148148,>180 days,Chrono Ark 1.2 - Fanatic Boss Update
144,152,94.44444444444444,93.42105263157895,-1.0233918128654977,1188930,2025-04-15 10:59:56+00:00,patch,1943.3463773148148,>180 days,"chrono ark 1.2g small bug fix, balance change"
84,76,90.47619047619048,96.05263157894737,5.576441102756888,1188930,2026-04-03 12:09:35+00:00,patch,2296.3947453703704,>180 days,Chrono Ark 1.2.2 Update
92,69,95.65217391304348,86.95652173913044,-8.695652173913047,1188930,2026-07-13 05:25:01+00:00,patch,2397.113796296296,>180 days,Chrono Ark 1.2.10 Update
152,50,90.13157894736842,92.0,1.8684210526315752,1189490,2019-12-27 09:54:02+00:00,patch,31.115625,31-180 days,【12.27更新公告】
62,56,88.70967741935483,91.07142857142857,2.3617511520737366,1189490,2020-02-28 10:36:01+00:00,patch,94.1447800925926,31-180 days,【正式版本0.9.1.21】2月28日更新公告
227,100,89.86784140969164,89.0,-0.8678414096916356,1189490,2020-05-09 10:09:10+00:00,patch,165.12613425925926,31-180 days,【测试版本0.9.2.45】5.9更新公告
231,85,88.31168831168831,83.52941176470588,-4.78227654698243,1189490,2020-07-10 08:59:05+00:00,patch,227.07746527777778,>180 days,【测试版本0.9.2.68】7月10日更新公告
71,110,88.73239436619718,90.9090909090909,2.1766965428937226,1189490,2020-09-11 11:56:29+00:00,patch,290.2006597222222,>180 days,【测试版本0.9.2.96】9.11更新公告
124,154,91.93548387096774,94.8051948051948,2.869710934227058,1189490,2020-11-13 10:34:33+00:00,patch,353.14376157407406,>180 days,【测试版本0.9.2.117】11.13更新公告
176,183,92.61363636363636,91.2568306010929,-1.356805762543459,1189490,2021-01-15 10:39:29+00:00,patch,416.1471875,>180 days,【测试版本0.9.2.147】1.15更新公告
110,171,84.54545454545455,90.05847953216374,5.513024986709198,1189490,2021-04-09 11:28:07+00:00,patch,500.18096064814813,>180 days,【测试版本0.9.2.172】4.9更新公告
173,155,90.17341040462428,92.90322580645162,2.729815401827338,1189490,2021-06-11 11:12:27+00:00,patch,563.1700810185185,>180 days,【测试版本0.9.2.220】6.11更新公告
229,263,89.51965065502183,95.43726235741445,5.91761170239262,1189490,2021-08-13 11:16:56+00:00,patch,626.1731944444444,>180 days,【测试版本0.9.2.256】8.13更新公告
280,294,92.5,94.5578231292517,2.0578231292517017,1189490,2021-10-14 07:03:05+00:00,patch,687.9969097222222,>180 days,【稳定版本0.9.1.91/测试版本0.9.2.288】10.18更新公告
231,585,91.34199134199135,91.45299145299145,0.11100011100010931,1189490,2021-12-13 09:54:53+00:00,patch,748.1162152777778,>180 days,【测试版本0.9.2.322】12.13更新公告
1097,731,93.80127620783956,93.16005471956224,-0.6412214882773242,1189490,2022-02-14 07:49:13+00:00,patch,811.0289467592593,>180 days,【稳定版本0.9.1.125/测试版本0.9.2.370】2.14更新公告
461,1051,94.14316702819957,94.10085632730733,-0.04231070089224431,1189490,2022-04-15 10:10:07+00:00,patch,871.1267939814815,>180 days,【稳定版本0.9.1.137/测试版本0.9.2.406】4.15更新公告
650,600,92.46153846153847,94.5,2.038461538461533,1189490,2022-06-17 10:53:16+00:00,patch,934.1567592592593,>180 days,【测试版本0.9.2.429】6.17更新公告
449,485,94.43207126948775,94.43298969072164,0.0009184212338908537,1189490,2022-08-26 08:26:02+00:00,patch,1004.0545138888889,>180 days,【测试版本0.9.2.477】8.26更新公告
472,362,94.91525423728814,94.7513812154696,-0.16387302181853158,1189490,2022-10-28 08:24:28+00:00,patch,1067.053425925926,>180 days,【测试版本0.9.2.518】10.28更新公告
436,3070,93.34862385321101,94.65798045602605,1.3093566028150434,1189490,2022-12-29 07:09:42+00:00,patch,1129.0015046296296,>180 days,【测试版本0.9.2.546】12.29更新公告
1276,742,96.15987460815047,93.39622641509435,-2.7636481930561274,1189490,2023-03-17 09:04:06+00:00,patch,1207.0809490740742,>180 days,【稳定版本1.0.018】3.24更新公告
425,394,93.64705882352942,94.67005076142132,1.0229919378919021,1189490,2023-05-19 10:24:18+00:00,patch,1270.1366435185184,>180 days,【测试版本1.0.024-test】5.19更新公告
410,368,90.48780487804878,94.02173913043478,3.533934252386004,1189490,2023-07-21 04:09:38+00:00,patch,1332.8764583333334,>180 days,【测试版本1.0.027-test】7.21更新公告
311,489,89.71061093247589,95.91002044989774,6.199409517421856,1189490,2023-10-24 06:22:47+00:00,patch,1427.9689236111112,>180 days,【测试版本1.0.034-test】10.24更新公告
392,500,95.1530612244898,94.19999999999999,-0.9530612244898151,1189490,2024-01-30 08:37:54+00:00,patch,1526.0627546296296,>180 days,【稳定版本1.0.039】1.30更新公告
316,354,89.55696202531645,94.0677966101695,4.510834584853043,1189490,2024-04-19 08:12:52+00:00,patch,1606.0453703703704,>180 days,【稳定版本1.0.042】4.28更新公告
21,294,100.0,87.41496598639455,-12.585034013605451,1197260,2021-02-27 00:19:06+00:00,patch,-1736.9867361111112,<=30 days (including pre-launch),v0.8.0 B2
98,77,81.63265306122449,89.6103896103896,7.977736549165115,1197260,2021-05-01 17:31:57+00:00,patch,-1673.2694791666668,<=30 days (including pre-launch),v0.8.6 B2
77,68,83.11688311688312,89.70588235294117,6.588999236058058,1197260,2021-07-13 19:42:39+00:00,patch,-1600.1787152777779,<=30 days (including pre-launch),Progress update
80,88,91.25,94.31818181818183,3.0681818181818272,1197260,2021-09-13 15:14:13+00:00,patch,-1538.3651273148148,<=30 days (including pre-launch),Shipyard rework - v0.9.1 B1
48,147,91.66666666666666,94.5578231292517,2.8911564625850446,1197260,2021-11-22 18:17:01+00:00,patch,-1468.2381828703703,<=30 days (including pre-launch),v0.9.7 B1
49,91,79.59183673469387,85.71428571428571,6.122448979591837,1197260,2022-02-06 18:23:00+00:00,patch,-1392.2340277777778,<=30 days (including pre-launch),v0.9.8 B1
59,63,93.22033898305084,92.06349206349206,-1.1568469195587738,1197260,2022-05-05 18:51:58+00:00,patch,-1304.213912037037,<=30 days (including pre-launch),v0.10.0 B1
59,50,89.83050847457628,82.0,-7.830508474576277,1197260,2022-07-11 11:06:52+00:00,patch,-1237.536898148148,<=30 days (including pre-launch),v0.11.0 B1
54,47,92.5925925925926,87.2340425531915,-5.358550039401095,1197260,2022-09-15 17:03:41+00:00,patch,-1171.2891087962962,<=30 days (including pre-launch),v0.12.2 B1
38,35,81.57894736842105,88.57142857142857,6.9924812030075145,1197260,2022-12-01 23:47:46+00:00,patch,-1094.0084953703704,<=30 days (including pre-launch),v0.14.1 B1
37,40,72.97297297297297,92.5,19.52702702702703,1197260,2023-02-03 16:36:51+00:00,patch,-1030.3077430555556,<=30 days (including pre-launch),v0.15.3 B1
37,25,94.5945945945946,92.0,-2.5945945945945965,1197260,2023-04-12 09:59:26+00:00,patch,-962.5837268518519,<=30 days (including pre-launch),v0.20.0
34,119,97.05882352941177,89.07563025210085,-7.983193277310917,1197260,2023-06-16 14:49:29+00:00,patch,-897.3823032407407,<=30 days (including pre-launch),v0.26.0
259,145,90.34749034749035,86.20689655172413,-4.140593795766222,1197260,2023-08-18 15:46:17+00:00,patch,-834.3428587962962,<=30 days (including pre-launch),v0.29.0
93,76,91.39784946236558,88.1578947368421,-3.2399547255234893,1197260,2023-10-17 16:31:49+00:00,patch,-774.3112384259259,<=30 days (including pre-launch),v0.34.2
78,71,82.05128205128204,88.73239436619718,6.68111231491514,1197260,2023-12-18 11:34:02+00:00,patch,-712.5180324074074,<=30 days (including pre-launch),v0.37.0
56,49,87.5,85.71428571428571,-1.7857142857142918,1197260,2024-02-20 10:23:02+00:00,patch,-648.5673379629629,<=30 days (including pre-launch),v0.42.0
47,42,93.61702127659575,90.47619047619048,-3.1408308004052685,1197260,2024-05-17 13:22:49+00:00,patch,-561.442488425926,<=30 days (including pre-launch),v0.47.0
30,38,80.0,78.94736842105263,-1.05263157894737,1197260,2024-10-08 13:34:28+00:00,patch,-417.43439814814815,<=30 days (including pre-launch),v0.48.2
48,32,87.5,93.75,6.25,1197260,2024-12-07 14:12:37+00:00,patch,-357.4079050925926,<=30 days (including pre-launch),v0.50.3
54,34,75.92592592592592,67.64705882352942,-8.278867102396504,1197260,2025-08-12 17:59:07+00:00,patch,-109.25061342592592,<=30 days (including pre-launch),Update regarding v1
36,193,75.0,87.04663212435233,12.046632124352328,1197260,2025-11-21 22:03:09+00:00,patch,-8.081145833333334,<=30 days (including pre-launch),The Perfect Tower II v1.0 launches Nov 30th!
45,45,88.88888888888889,80.0,-8.888888888888886,1197260,2026-03-11 18:40:26+00:00,patch,101.7780787037037,31-180 days,v1.0.12
310,3311,81.93548387096774,90.7882814859559,8.852797614988162,1220010,2021-01-22 17:21:53+00:00,patch,0.5569097222222222,<=30 days (including pre-launch),Fix Update - 0.6.6 f4
322,213,86.33540372670807,69.01408450704226,-17.32131921966581,1220010,2021-03-26 05:00:14+00:00,patch,63.041875,31-180 days,0.8.0 Free Update Now Available!
84,207,79.76190476190477,86.95652173913044,7.194616977225664,1220010,2021-06-10 05:00:08+00:00,patch,139.04180555555556,31-180 days,Version Update 0.8.8 f0
87,225,88.50574712643679,85.77777777777777,-2.727969348659016,1220010,2022-02-16 08:00:10+00:00,patch,390.1668287037037,>180 days,Home Behind 2 1.0 - Out Now
114,114,90.35087719298247,84.21052631578947,-6.140350877193001,1220010,2022-05-01 01:53:08+00:00,patch,463.91194444444443,>180 days,Version Update 1.0.1 f0
49,85,79.59183673469387,81.17647058823529,1.584633853541419,1220010,2022-08-02 02:17:33+00:00,patch,556.9289004629629,>180 days,Version Update 1.0.2f0
26,150,92.3076923076923,93.33333333333333,1.025641025641022,1220010,2022-11-17 02:16:48+00:00,patch,663.9283796296296,>180 days,Version Update 1.0.3f0
266,457,66.16541353383458,64.55142231947484,-1.6139912143597428,1226510,2022-04-30 14:36:16+00:00,patch,2.6085185185185185,<=30 days (including pre-launch),New version 1.0.2.2139
79,63,70.88607594936708,79.36507936507937,8.479003415712285,1226510,2022-06-30 08:43:16+00:00,patch,63.36337962962963,31-180 days,Update v1.0.6.2361 notes
175,594,96.0,86.86868686868688,-9.13131313131312,1227280,2021-10-16 21:04:25+00:00,patch,-347.12193287037036,<=30 days (including pre-launch),0.14.0.4
403,145,88.33746898263027,82.75862068965517,-5.5788482929750955,1227280,2021-12-21 17:34:41+00:00,patch,-281.2675810185185,<=30 days (including pre-launch),Christmas Brawl Update: New PvP Mode!
75,28,88.0,89.28571428571429,1.2857142857142918,1227280,2022-03-02 16:41:51+00:00,patch,-210.30427083333333,<=30 days (including pre-launch),0.17.0.6
54,209,85.18518518518519,77.51196172248804,-7.673223462697152,1227280,2022-09-13 17:00:20+00:00,patch,-15.291435185185184,<=30 days (including pre-launch),Important News Regarding the 1.0 Release
86,208,79.06976744186046,94.71153846153845,15.64177101967799,1227280,2022-11-14 18:10:07+00:00,patch,46.757025462962964,31-180 days,v1.2.5
21,36,85.71428571428571,77.77777777777779,-7.9365079365079225,1227280,2023-03-06 20:04:56+00:00,patch,158.83675925925925,31-180 days,v1.4.4
33,35,84.84848484848484,82.85714285714286,-1.991341991341983,1227280,2023-12-22 12:50:48+00:00,patch,449.53527777777776,>180 days,v1.9.3
33,63,84.84848484848484,87.3015873015873,2.45310245310246,1232580,2020-04-15 12:00:13+00:00,patch,7.124224537037037,<=30 days (including pre-launch),Weekly update #1
21,25,85.71428571428571,84.0,-1.7142857142857082,1232580,2020-09-02 14:36:23+00:00,patch,147.23267361111112,31-180 days,Weekly update №18 (0.2.12)
23,26,86.95652173913044,100.0,13.043478260869563,1232580,2020-11-04 15:18:55+00:00,patch,210.26221064814814,>180 days,Weekly update №27 (0.2.21)
36,20,83.33333333333334,70.0,-13.333333333333343,1232580,2022-11-30 15:06:51+00:00,patch,966.2538310185186,>180 days,Big update 0.4.31!
53,941,94.33962264150944,85.65356004250798,-8.68606259900146,1232580,2024-08-08 21:50:48+00:00,patch,1583.5343518518519,>180 days,DAY ONE HOTFIX IS HERE
101,112,85.14851485148515,87.5,2.351485148514854,1232580,2024-10-16 10:44:31+00:00,patch,1652.0716550925927,>180 days,UPDATE 1.0982 IS HERE!
193,82,91.70984455958549,80.48780487804879,-11.2220396815367,1232580,2024-12-24 10:58:18+00:00,patch,1721.0812268518519,>180 days,UPDATE 1.1021 IS HERE!
36,138,80.55555555555556,75.36231884057972,-5.193236714975839,1232580,2025-04-04 22:39:04+00:00,patch,1822.5678703703704,>180 days,HOTFIX #1
35,33,68.57142857142857,66.66666666666666,-1.9047619047619122,1232580,2025-08-11 09:19:03+00:00,patch,1951.0123032407407,>180 days,Testing the update
26,26,76.92307692307693,73.07692307692307,-3.846153846153868,1232580,2025-11-25 11:29:52+00:00,patch,2057.103148148148,>180 days,Patch 1.3.17.0 is here
87,62,97.70114942528735,93.54838709677419,-4.1527623285131625,1245430,2020-07-13 20:17:02+00:00,patch,3.1330324074074074,<=30 days (including pre-launch),First Early Access update and first 1.000 Players
26,94,88.46153846153845,98.93617021276596,10.474631751227506,1245430,2020-10-29 17:04:09+00:00,patch,110.99908564814815,31-180 days,The Meat Song Update is LIVE!
39,66,89.74358974358975,96.96969696969697,7.226107226107217,1245430,2021-03-24 17:01:47+00:00,patch,256.99744212962963,>180 days,"CHOOSE YOUR END Update: Endings, New Biome, New Mechanics and more"
86,57,96.51162790697676,92.98245614035088,-3.529171766625879,1245430,2021-06-12 17:52:50+00:00,patch,337.0328935185185,>180 days,"June Content Update: Pets, Boss Weapons, Fixes."
25,29,100.0,86.20689655172413,-13.793103448275872,1245430,2021-08-19 20:28:35+00:00,patch,405.14105324074075,>180 days,"Price increase, New Full Release Window and Next Major update."
53,121,92.45283018867924,91.73553719008265,-0.7172929985965908,1245430,2021-10-22 16:28:38+00:00,patch,468.97442129629627,>180 days,Golden Light minor update 10.22.2021
57,72,96.49122807017544,86.11111111111111,-10.380116959064324,1245430,2021-12-23 16:53:26+00:00,patch,530.9916435185186,>180 days,12.23.2021 Hotfix
36,195,86.11111111111111,88.71794871794872,2.606837606837601,1245430,2022-03-03 01:05:26+00:00,patch,600.3333101851852,>180 days,Golden Light Pre-release update
22,58,95.45454545454545,91.37931034482759,-4.075235109717866,1245430,2022-10-17 15:10:40+00:00,patch,828.9202777777778,>180 days,Get Golden Light's story prequel for free! Game's Halloween update!
44,108,70.45454545454545,84.25925925925925,13.8047138047138,1248800,2020-09-11 08:22:15+00:00,patch,2.0598958333333335,<=30 days (including pre-launch),Update log V0.1.23
47,635,89.36170212765957,88.50393700787401,-0.8577651197855545,1253920,2020-08-20 18:48:41+00:00,patch,2.0747800925925928,<=30 days (including pre-launch),Rogue Legacy 2 – Patch v0.1.1a (Hotfix)
94,406,82.97872340425532,97.29064039408867,14.31191698983335,1253920,2020-10-27 17:20:40+00:00,patch,70.01365740740741,31-180 days,Rogue Legacy 2 – Patch v0.2.0 – The Far Shores Update
71,222,84.50704225352112,93.69369369369369,9.186651440172568,1253920,2021-02-18 18:07:31+00:00,patch,184.04619212962962,>180 days,Rogue Legacy 2 - Patch v0.3.0 - The Arcane Hallows Update
89,232,97.75280898876404,93.10344827586206,-4.649360712901981,1253920,2021-05-18 17:01:25+00:00,patch,273.00028935185185,>180 days,Rogue Legacy 2 - Patch v0.4.0 - The Drifting Worlds Update
54,169,92.5925925925926,94.67455621301775,2.0819636204251566,1253920,2021-09-28 17:01:43+00:00,patch,406.00049768518517,>180 days,Rogue Legacy 2 - Patch v0.6.0 - The Dragon's Vow Update
161,228,95.03105590062113,97.36842105263158,2.337365152010449,1253920,2021-12-20 18:01:05+00:00,patch,489.04172453703706,>180 days,Rogue Legacy 2 – Patch v0.8.0 – The Winter Gifts Update
98,3778,96.93877551020408,87.45367919534145,-9.48509631486263,1253920,2022-04-27 19:16:42+00:00,patch,617.0942361111111,>180 days,Rogue Legacy 2 v1.0 Countdown
674,438,89.02077151335311,89.95433789954338,0.9335663861902646,1253920,2022-06-30 17:40:35+00:00,patch,681.027488425926,>180 days,Rogue Legacy 2 - Patch v1.0.3
135,1607,91.11111111111111,98.69321717486,7.582106063748881,1253920,2022-11-09 18:01:27+00:00,patch,813.0419791666667,>180 days,Rogue Legacy 2 - The Fabled Heroes Update is Now Live
92,206,89.13043478260869,93.68932038834951,4.5588856057408265,1253920,2023-04-26 19:15:53+00:00,patch,981.0936689814815,>180 days,The Swan Song Update Arrives in 2 Days
24,40,87.5,95.0,7.5,1256530,2020-06-09 09:08:39+00:00,patch,4.138483796296296,<=30 days (including pre-launch),Hotfixes on 9th June 2020
28,49,85.71428571428571,77.55102040816327,-8.16326530612244,1256530,2022-01-22 15:27:11+00:00,patch,596.4013541666667,>180 days,Hotfixes on 22nd January 2022
21,31,85.71428571428571,87.09677419354838,1.3824884792626762,1256530,2022-07-09 18:44:21+00:00,patch,764.5382754629629,>180 days,Update on 10th July 2022
60,56,95.0,94.64285714285714,-0.3571428571428612,1260590,2021-03-05 23:23:46+00:00,patch,8.182349537037037,<=30 days (including pre-launch),CAMERA CONTROL UPDATE
20,37,90.0,94.5945945945946,4.5945945945945965,1260590,2021-08-27 18:23:55+00:00,patch,182.97412037037037,>180 days,"Hadean Tactics Update - Fixes, balancing, QoL, and more"
42,518,92.85714285714286,90.54054054054053,-2.316602316602328,1260590,2023-08-25 16:35:15+00:00,patch,910.8986574074074,>180 days,Patch 1.0.04
30,57,83.33333333333334,77.19298245614034,-6.140350877193001,1260590,2024-01-31 00:28:04+00:00,patch,1069.2270023148149,>180 days,The 1.1 update - Out Now!
33,29,81.81818181818183,89.65517241379311,7.836990595611283,1260590,2024-04-12 20:41:05+00:00,patch,1142.069375,>180 days,Patch 1.1.10.6
21,25,80.95238095238095,80.0,-0.952380952380949,1260590,2025-01-11 16:56:36+00:00,patch,1415.9134837962963,>180 days,Patch 1.1.15 + Hadean Tactics in 2025
27,145,92.5925925925926,89.65517241379311,-2.937420178799485,1266430,2022-09-27 12:59:07+00:00,patch,0.5436226851851852,<=30 days (including pre-launch),Hotfix 20220927
57,37,85.96491228070175,86.48648648648648,0.5215742057847308,1266430,2024-10-04 03:07:59+00:00,patch,738.1331134259259,>180 days,Minor Update 20241004
50,343,92.0,79.30029154518951,-12.69970845481049,1266630,2022-06-22 08:16:33+00:00,patch,1.344826388888889,<=30 days (including pre-launch),1.0.1.8更新说明
62,45,77.41935483870968,75.55555555555556,-1.8637992831541226,1266630,2022-08-27 09:07:08+00:00,patch,67.3799537037037,31-180 days,1.0.3.2 更新说明
32,23,56.25,86.95652173913044,30.706521739130437,1266630,2022-10-27 07:36:54+00:00,patch,128.31729166666668,31-180 days,1.0.3.28 更新说明
62,102,91.93548387096774,81.37254901960785,-10.562934851359898,1269710,2021-11-14 23:25:30+00:00,patch,3.239236111111111,<=30 days (including pre-launch),November 15th Patch 0.3.18
20,20,85.0,85.0,0.0,1269710,2022-05-03 16:46:01+00:00,patch,172.96181712962962,31-180 days,Kainga Patch 0.5.07
57,45,75.43859649122807,73.33333333333333,-2.10526315789474,1269710,2022-12-12 17:38:43+00:00,patch,395.99841435185186,>180 days,Patch 1.0.07
56,22,96.42857142857143,63.63636363636363,-32.7922077922078,1269710,2023-04-06 10:10:36+00:00,patch,510.6872222222222,>180 days,Patch 1.0.18
23,22,82.6086956521739,54.54545454545454,-28.063241106719367,1269710,2023-12-06 18:27:58+00:00,patch,755.0326157407408,>180 days,Update 1.1.11 - Kainga's Birthday!
113,267,96.46017699115043,94.7565543071161,-1.703622684034329,1280930,2022-04-15 18:37:47+00:00,patch,3.1506712962962964,<=30 days (including pre-launch),Patch Notes - April 2022 - 0.30.0
72,41,98.61111111111111,92.6829268292683,-5.928184281842817,1280930,2022-06-28 15:01:30+00:00,patch,77.00047453703704,31-180 days,Astral Update - June 2022
20,53,95.0,90.56603773584906,-4.433962264150935,1280930,2022-09-20 20:49:45+00:00,patch,161.24231481481482,31-180 days,Patch Notes - September 2022 - 0.37.7
48,69,89.58333333333334,92.7536231884058,3.170289855072454,1280930,2022-12-07 18:56:12+00:00,patch,239.16346064814815,>180 days,New Exporter Update & Andromeda's Trials! 🪄
39,81,94.87179487179486,98.76543209876543,3.8936372269705686,1280930,2023-03-16 16:49:42+00:00,patch,338.07561342592595,>180 days,Patch Notes - March 2023 - 0.42
33,35,100.0,100.0,0.0,1280930,2023-07-05 21:18:08+00:00,patch,449.262025462963,>180 days,Patch Notes - June 2023 - 0.46
40,114,97.5,96.49122807017544,-1.0087719298245617,1280930,2023-10-16 15:04:11+00:00,patch,552.002337962963,>180 days,1.0 Release Date Announcement 🔥
839,375,95.58998808104887,90.66666666666666,-4.923321414382215,1280930,2023-12-21 15:56:37+00:00,patch,618.03875,>180 days,Patch Notes - December 2023 - 1.1.2
210,252,92.85714285714286,94.44444444444444,1.5873015873015817,1280930,2024-03-14 12:10:42+00:00,patch,701.8818634259259,>180 days,Patch Notes - March 2024 - 1.3.1
183,128,97.81420765027322,96.875,-0.9392076502732181,1280930,2024-05-13 17:11:23+00:00,patch,762.0906712962963,>180 days,Patch Notes - May 2024 - 1.5.0
116,491,94.82758620689656,91.24236252545825,-3.5852236814383076,1280930,2024-07-29 14:59:30+00:00,patch,838.9990856481481,>180 days,Patch Notes - July 2024 - 1.6.0
268,189,97.76119402985076,93.65079365079364,-4.110400379057111,1280930,2024-10-15 10:04:43+00:00,patch,916.794375,>180 days,Patch Notes - October 2024 - 1.8.2
149,159,90.60402684563759,96.85534591194968,6.251319066312092,1280930,2025-02-10 10:05:58+00:00,patch,1034.7952430555556,>180 days,Patch Notes - February 2025 - 1.10.0
120,256,96.66666666666667,94.921875,-1.7447916666666714,1280930,2025-04-30 14:54:33+00:00,patch,1113.9956481481481,>180 days,Patch Notes - April 2025 - 2.0.3
110,145,96.36363636363636,92.41379310344827,-3.9498432601880893,1280930,2025-08-26 19:24:55+00:00,patch,1232.1834027777777,>180 days,Patch Notes - August 2025 - 2.2.3
92,205,93.47826086956522,97.07317073170731,3.5949098621420887,1280930,2025-11-24 15:54:13+00:00,patch,1322.0370833333334,>180 days,Patch Notes - November 2025 - 2.4.0
52,279,96.15384615384616,89.6057347670251,-6.548111386821063,1280930,2026-05-14 11:57:27+00:00,patch,1492.8726620370371,>180 days,Patch Notes - May 2026 - 2.6
31,79,100.0,96.20253164556962,-3.7974683544303787,1285060,2022-11-13 13:57:43+00:00,patch,5.581747685185185,<=30 days (including pre-launch),Weekly Update #1
352,178,76.13636363636364,75.28089887640449,-0.8554647599591476,1286580,2023-01-18 16:07:59+00:00,patch,57.672210648148145,31-180 days,Patch Notes 1.0.2 - Ship Of Fools
105,198,89.52380952380953,73.73737373737373,-15.786435786435803,1286580,2023-04-28 14:00:12+00:00,patch,157.5834722222222,31-180 days,The Great Lighthouse update release date and new Fools announcement
114,89,79.82456140350878,71.91011235955057,-7.914449043958214,1286580,2023-09-27 15:01:29+00:00,patch,309.6260300925926,>180 days,Ship of Fools Pricing Update
149,111,70.46979865771812,80.18018018018019,9.710381522462072,1286580,2023-12-20 15:00:51+00:00,patch,393.6255902777778,>180 days,Hotfix 1.3.2
82,107,85.36585365853658,83.17757009345794,-2.1882835650786348,1286580,2024-05-07 13:10:05+00:00,patch,532.5486689814815,>180 days,Endless mode update out Now! Also Orcs?
51,141,80.3921568627451,86.52482269503547,6.132665832290371,1286580,2025-04-14 13:59:48+00:00,patch,874.5831944444444,>180 days,Ship of Fools – FREE Update and New Fools Drops April 24th!
75,94,80.0,87.2340425531915,7.2340425531915,1286580,2025-06-20 13:20:28+00:00,patch,941.5558796296297,>180 days,Version 1.5.2 patch notes
47,58,82.97872340425532,91.37931034482759,8.400586940572268,1286580,2025-10-03 14:01:13+00:00,patch,1046.5841782407408,>180 days,❗Update Required
41,76,80.48780487804879,81.57894736842105,1.0911424903722633,1286580,2026-02-20 20:31:28+00:00,patch,1186.8551851851853,>180 days,Version 1.5.3 patch notes
21,20,100.0,95.0,-5.0,1290750,2022-12-13 19:46:31+00:00,patch,5.823969907407408,<=30 days (including pre-launch),v1.0.4
35,55,77.14285714285715,85.45454545454545,8.3116883116883,1295630,2024-02-16 17:11:28+00:00,patch,1.1389583333333333,<=30 days (including pre-launch),Day 1 patch (bug fixes and tweaks)
27,133,81.48148148148148,74.43609022556392,-7.045391255917565,1296450,2023-02-17 00:09:13+00:00,patch,1.006400462962963,<=30 days (including pre-launch),Dust & Neon Game Patch
177,2308,88.70056497175142,80.93587521663778,-7.764689755113636,1296610,2022-04-26 06:01:46+00:00,patch,0.46025462962962965,<=30 days (including pre-launch),v0.7.13 Day One Hotfixes
699,572,77.53934191702432,75.0,-2.5393419170243163,1296610,2022-06-30 19:29:42+00:00,patch,66.02131944444444,31-180 days,v0.7.34 Patch Notes!
258,234,70.15503875968993,70.94017094017094,0.7851321804810141,1296610,2022-09-21 02:11:42+00:00,patch,148.3004861111111,31-180 days,v0.7.53 Hotfix Patch Notes
606,965,90.26402640264027,92.02072538860104,1.7566989859607673,1296610,2022-11-23 22:48:52+00:00,patch,212.15962962962962,>180 days,v0.8.6 Patch Notes
226,298,80.53097345132744,86.24161073825503,5.710637286927593,1296610,2023-02-23 01:41:18+00:00,patch,303.279375,>180 days,v0.8.28 Patch Notes
238,413,80.25210084033614,70.2179176755448,-10.034183164791344,1296610,2023-04-28 20:27:12+00:00,patch,368.06125,>180 days,v0.9.03 Patch Updates and General Update
222,327,81.53153153153153,82.87461773700305,1.343086205471522,1296610,2023-07-07 23:36:29+00:00,patch,438.19269675925926,>180 days,v0.9.22 Patch Notes
199,175,88.44221105527639,84.0,-4.442211055276388,1296610,2023-10-12 23:14:46+00:00,patch,535.1776157407407,>180 days,Peglin Update v0.9.32 -- And More!
207,228,83.09178743961353,83.33333333333334,0.24154589371981672,1296610,2023-12-23 18:27:22+00:00,patch,606.9780324074075,>180 days,Patch Notes for v0.9.40
187,238,76.47058823529412,81.09243697478992,4.621848739495803,1296610,2024-04-13 02:04:50+00:00,patch,718.2957175925926,>180 days,v0.9.54 Update Out Now!
177,203,87.57062146892656,77.83251231527095,-9.738109153655614,1296610,2024-07-03 22:33:07+00:00,patch,800.1486921296296,>180 days,v0.9.58 is out!
728,342,73.9010989010989,80.7017543859649,6.800655484865999,1296610,2024-09-26 18:57:35+00:00,patch,884.9990162037037,>180 days,1.0.4 Patch Notes
246,214,84.5528455284553,81.30841121495327,-3.244434313502026,1296610,2025-02-08 05:26:20+00:00,patch,1019.4356481481482,>180 days,1.1.0 Update!
203,159,82.75862068965517,80.50314465408806,-2.2554760355671135,1296610,2025-04-14 22:00:32+00:00,patch,1085.1260648148148,>180 days,1.1.9 Update!
142,137,78.87323943661971,84.67153284671532,5.79829341009561,1296610,2025-06-24 17:03:19+00:00,patch,1155.919664351852,>180 days,Hotfix v1.1.14 Release
87,113,88.50574712643679,84.95575221238938,-3.549994914047403,1296610,2025-10-03 22:51:07+00:00,patch,1257.1611921296296,>180 days,v1.1.7 - Hotfix
104,180,85.57692307692307,90.0,4.423076923076934,1296610,2026-03-19 17:53:08+00:00,patch,1423.9542592592593,>180 days,v2.0.4 Hotfix
81,25,86.41975308641975,64.0,-22.419753086419746,1296660,2025-06-25 16:02:46+00:00,patch,8.08537037037037,<=30 days (including pre-launch),Wartorn Patch 1 - Patch Notes
83,12642,85.54216867469879,92.93624426514792,7.394075590449134,1296830,2022-01-19 06:10:54+00:00,patch,1.2575694444444445,<=30 days (including pre-launch),Warm Snow 1.0 version now available!
972,564,87.44855967078189,84.75177304964538,-2.6967866211365106,1296830,2022-04-08 13:14:13+00:00,patch,80.55153935185186,31-180 days,[0408]Bug Fixes
364,750,83.51648351648352,94.93333333333334,11.416849816849819,1296830,2022-06-15 12:21:41+00:00,patch,148.51505787037038,31-180 days,[0615]Bug fixes
665,3854,93.23308270676691,97.43124026984951,4.198157563082603,1296830,2022-11-04 15:17:21+00:00,patch,290.6370486111111,>180 days,[1104] Bug fixes
1402,1220,95.50641940085592,95.73770491803279,0.23128551717687174,1296830,2023-01-04 15:10:31+00:00,patch,351.6323032407407,>180 days,[0104] Bug fixes
491,3615,94.90835030549898,92.91839557399723,-1.9899547315017543,1296830,2023-12-05 10:19:58+00:00,patch,686.4305324074074,>180 days,"【DLC2 Update】Boss Difficulty Optimization, Talisman System Guide, Bug Fixes!"
215,217,93.95348837209302,93.54838709677419,-0.40510127531882745,1296830,2025-01-23 06:42:06+00:00,patch,1101.279236111111,>180 days,[0123] V3.1.0.1 Bug Fixes
49,43,85.71428571428571,88.37209302325581,2.6578073089701064,1299620,2021-05-24 14:38:54+00:00,patch,3.9035300925925926,<=30 days (including pre-launch),Version 0.12.0 is live!
33,41,78.78787878787878,70.73170731707317,-8.056171470805609,1299620,2022-06-02 06:25:13+00:00,patch,377.56069444444444,>180 days,Incremented version to 1.0.1
31,20,64.51612903225806,90.0,25.483870967741936,1299620,2023-02-23 19:28:02+00:00,patch,644.1043171296296,>180 days,Version 1.1.2 is live!
34,111,73.52941176470588,85.58558558558559,12.056173820879707,1309510,2024-07-12 19:27:46+00:00,patch,1.8109490740740741,<=30 days (including pre-launch),7.13 Version Updata
63,24,98.4126984126984,95.83333333333334,-2.5793650793650613,1311570,2025-07-15 19:26:58+00:00,patch,1571.9500347222222,>180 days,1.0.3b changelist
26,42,100.0,92.85714285714286,-7.142857142857139,1314770,2023-04-20 16:37:25+00:00,patch,468.46068287037036,>180 days,【1.01】Patch
211,123,76.30331753554502,73.17073170731707,-3.1325858282279455,1323470,2021-05-20 01:00:54+00:00,patch,-271.95770833333336,<=30 days (including pre-launch),Patch Notes
20,84,95.0,83.33333333333334,-11.666666666666657,1323470,2022-02-10 01:18:23+00:00,patch,-5.945567129629629,<=30 days (including pre-launch),Announcing the release of GetsuFumaDen: Undying Moon V1.0.0
25,27,64.0,74.07407407407408,10.074074074074076,1323470,2022-04-28 05:02:33+00:00,patch,71.21010416666667,31-180 days,V1.1.0 Release
52,37,48.07692307692308,37.83783783783784,-10.239085239085242,1332340,2025-01-23 10:40:12+00:00,patch,2.4445833333333336,<=30 days (including pre-launch),[01/23] Urgent Patch
54,20,90.74074074074075,75.0,-15.740740740740748,1334500,2024-09-17 06:54:57+00:00,patch,5.288159722222222,<=30 days (including pre-launch),Update 240917
36,77,77.77777777777779,75.32467532467533,-2.45310245310246,1338490,2025-11-28 00:32:59+00:00,patch,2.0229050925925924,<=30 days (including pre-launch),"AFTERBLAST - 1 Day After EA Launch Update, November 27, 2025"
21,50,85.71428571428571,84.0,-1.7142857142857082,1338490,2026-03-07 22:37:16+00:00,patch,101.9425462962963,31-180 days,"AFTERBLAST - EA Launch Update, March 7, 2026"
66,99,98.48484848484848,98.98989898989899,0.5050505050505052,1347970,2021-05-08 10:29:02+00:00,patch,-662.5631712962963,<=30 days (including pre-launch),Small Day 1 Bug Fixing Update
42,830,100.0,93.13253012048193,-6.867469879518069,1347970,2023-03-02 17:05:02+00:00,patch,0.7118287037037037,<=30 days (including pre-launch),Patch Quest is OUT NOW!
59,53,94.91525423728814,90.56603773584906,-4.349216501439074,1347970,2023-05-16 14:02:58+00:00,patch,75.58539351851852,31-180 days,Save & Suspend Your Quests!
31,28,90.32258064516128,96.42857142857143,6.1059907834101494,1347970,2024-05-13 07:21:44+00:00,patch,438.30675925925925,>180 days,Patch Quest Plushies! (time limited)
53,324,88.67924528301887,83.9506172839506,-4.728627999068266,1367300,2021-06-08 12:51:23+00:00,patch,0.8722106481481482,<=30 days (including pre-launch),Patch Notes #1
36,87,91.66666666666666,85.0574712643678,-6.609195402298852,1367300,2021-08-10 08:09:21+00:00,patch,63.67635416666667,31-180 days,Notice for the 8/12 Character Update: Darcy
28,64,78.57142857142857,90.625,12.05357142857143,1367300,2021-11-12 00:07:48+00:00,patch,157.34194444444444,31-180 days,Patch Notes v0.4
46,280,93.47826086956522,75.71428571428571,-17.76397515527951,1367300,2022-01-18 00:57:45+00:00,patch,224.37663194444445,>180 days,Official Release 1.0v Patch Note
25,87,84.0,60.91954022988506,-23.080459770114942,1367300,2022-04-26 01:01:03+00:00,patch,322.37892361111113,>180 days,Patch Notes v1.2
32,104,71.875,74.03846153846155,2.163461538461547,1367300,2022-07-13 05:29:49+00:00,patch,400.56556712962964,>180 days,Patch Notes v1.28
36,66,91.66666666666666,86.36363636363636,-5.303030303030297,1372660,2025-05-23 20:36:36+00:00,patch,1.85875,<=30 days (including pre-launch),🧙‍♂️ Early Access Patch Notes 0.5.186
101,148,88.11881188118812,84.45945945945947,-3.6593524217286557,1375900,2023-05-09 08:31:30+00:00,patch,3.649027777777778,<=30 days (including pre-launch),v0.3.3
45,22,80.0,86.36363636363636,6.36363636363636,1375900,2023-12-13 08:27:15+00:00,patch,221.6460763888889,>180 days,MAJOR OPTIMIZATION PATCH
28,72,85.71428571428571,73.61111111111111,-12.103174603174594,1375900,2024-04-04 09:27:37+00:00,patch,334.68799768518517,>180 days,Hotfix v0.7.0f1
53,40,94.33962264150944,90.0,-4.339622641509436,1375900,2024-11-30 12:23:57+00:00,patch,574.8104513888889,>180 days,V1.3.0
33,113,78.78787878787878,66.3716814159292,-12.416197371949579,1379600,2023-10-19 15:37:40+00:00,patch,1.6511574074074074,<=30 days (including pre-launch),"Pandemic Train Hotfix 1.01: balance, collissions, and visual improvements"
34,333,94.11764705882352,88.28828828828829,-5.8293587705352365,1385380,2021-04-10 14:17:26+00:00,patch,1.8864699074074074,<=30 days (including pre-launch),First early access patch
109,94,85.3211009174312,92.5531914893617,7.232090571930499,1385380,2021-06-22 15:44:24+00:00,patch,74.94686342592593,31-180 days,Madness Patch v0.6.5
71,56,95.77464788732394,92.85714285714286,-2.9175050301810757,1385380,2021-08-23 16:22:55+00:00,patch,136.9736111111111,31-180 days,Patch v.0.6.7
74,83,90.54054054054053,91.56626506024097,1.0257245197004323,1385380,2021-10-29 16:58:10+00:00,patch,203.99809027777778,>180 days,Community Update: Feedback v.0.7
42,90,88.09523809523809,92.22222222222223,4.126984126984141,1385380,2022-02-21 14:56:25+00:00,patch,318.9135416666667,>180 days,Hotifx v.0.7.52
158,179,87.9746835443038,91.06145251396647,3.0867689696626712,1385380,2022-04-23 19:32:04+00:00,patch,380.10496527777775,>180 days,Hotfix v.0.8.25
124,2230,91.93548387096774,88.16143497757848,-3.7740488933892635,1385380,2022-08-16 20:22:09+00:00,patch,495.13974537037035,>180 days,Hotfix v.1.0.01
460,450,89.56521739130436,92.22222222222223,2.65700483091787,1385380,2022-10-24 17:00:10+00:00,patch,563.9994791666667,>180 days,Halloween Patch Notes 1.0.3
178,971,88.20224719101124,81.97734294541709,-6.224904245594146,1385380,2023-03-30 15:20:24+00:00,patch,720.9301967592593,>180 days,Update 1.1 Patch Notes
124,309,85.48387096774194,65.69579288025889,-19.788078087483044,1385380,2023-08-16 15:28:25+00:00,patch,859.9357638888889,>180 days,Across the Obelisk - Update 1.2
118,154,86.4406779661017,83.76623376623377,-2.674444199867935,1385380,2023-10-31 18:01:23+00:00,patch,936.0419907407407,>180 days,The Very Spooky 1.2.5 Halloween Update!
456,140,44.73684210526316,62.857142857142854,18.120300751879697,1385380,2024-01-15 14:02:12+00:00,patch,1011.8758912037038,>180 days,Across the Obelisk 1.3.02 Hotfix is now LIVE!
175,133,65.71428571428571,57.14285714285714,-8.57142857142857,1385380,2024-04-10 15:05:11+00:00,patch,1097.9196296296295,>180 days,Across the Obelisk | Patch 1.3.2
107,85,71.02803738317756,72.94117647058823,1.91313908741067,1385380,2024-07-17 15:11:29+00:00,patch,1195.9240046296297,>180 days,Across the Obelisk - Patch 1.4.1
73,218,73.97260273972603,71.10091743119266,-2.8716853085333724,1385380,2024-11-04 18:01:55+00:00,patch,1306.0423611111112,>180 days,Get Ready for Xbox & PlayStation Launch: Cross-Play Update and Exclusive Reward
115,196,83.47826086956522,72.95918367346938,-10.519077196095836,1385380,2025-01-20 15:17:08+00:00,patch,1382.9279282407408,>180 days,Across The Obelisk | Patch notes version 1.5
90,123,70.0,69.91869918699187,-0.08130081300812719,1385380,2025-09-24 08:21:14+00:00,patch,1629.6391087962963,>180 days,Important update on the console edition of Across the Obelisk
142,81,63.38028169014085,66.66666666666666,3.2863849765258095,1385380,2025-12-11 17:06:18+00:00,patch,1708.003738425926,>180 days,A Call for Adventurers - Beta Patch
90,93,58.88888888888889,56.98924731182796,-1.8996415770609332,1385380,2026-02-20 18:23:23+00:00,patch,1779.0572685185184,>180 days,Free Hero Update & Patch Notes! 📜
55,55,69.0909090909091,70.9090909090909,1.818181818181813,1385380,2026-05-22 19:51:24+00:00,patch,1870.1183912037036,>180 days,Open Beta: Magnus and Andrin Rework Update with Bugfixes
59,62,44.06779661016949,45.16129032258064,1.0934937124111528,1385380,2026-08-06 13:00:02+00:00,patch,1945.8327199074074,>180 days,Update 1.7.6.2 Patch Notes
64,138,92.1875,90.57971014492753,-1.6077898550724683,1390700,2021-12-18 19:58:23+00:00,patch,2.2077893518518517,<=30 days (including pre-launch),HOTFIX 0.7.9.3 - Black Screen issue on Windows 7 resolved
22,51,95.45454545454545,84.31372549019608,-11.140819964349376,1390700,2022-11-23 10:05:47+00:00,patch,341.7962615740741,>180 days,Update 0.17.1 - QoL changes!
47,66,87.2340425531915,95.45454545454545,8.220502901353953,1393420,2020-11-10 13:13:28+00:00,patch,2.970196759259259,<=30 days (including pre-launch),Patch: Various bug fixes and game balance adjustments.
22,29,95.45454545454545,93.10344827586206,-2.351097178683389,1393420,2021-02-16 01:16:17+00:00,patch,100.47215277777778,31-180 days,Second Major Content Update Ver 0.3 Is Here! (Early Access)
23,30,82.6086956521739,93.33333333333333,10.724637681159422,1393420,2022-06-06 12:45:26+00:00,patch,575.9507291666666,>180 days,Update Ver. 1.0.5
22,71,100.0,98.59154929577466,-1.408450704225345,1393570,2021-03-12 18:26:44+00:00,patch,7.3038541666666665,<=30 days (including pre-launch),English Is Now Available
31,35,93.54838709677419,85.71428571428571,-7.834101382488484,1394130,2023-06-23 13:36:39+00:00,patch,748.8986226851852,>180 days,Performance Update + Soundtrack Release!
56,658,85.71428571428571,84.19452887537993,-1.5197568389057778,1402120,2023-03-28 00:27:09+00:00,patch,1.0188541666666666,<=30 days (including pre-launch),Update #41 : We're Live!!
88,65,72.72727272727273,70.76923076923077,-1.9580419580419601,1402120,2023-06-11 20:27:53+00:00,patch,76.85269675925926,31-180 days,Update #42: Improving Performance
77,46,76.62337662337663,80.43478260869566,3.811405985319027,1402120,2023-08-22 16:32:33+00:00,patch,148.68927083333332,31-180 days,Build Update #7: 1.0.72
71,40,74.64788732394366,82.5,7.852112676056336,1402120,2024-02-01 17:53:59+00:00,patch,311.7458217592593,>180 days,Build Update #8: 1.0.98
57,59,75.43859649122807,81.35593220338984,5.917335712161773,1402120,2025-04-21 15:47:54+00:00,patch,756.6582638888889,>180 days,Build Update #9: 1.1.41
26,122,88.46153846153845,92.62295081967213,4.161412358133674,1404850,2021-01-11 16:49:13+00:00,patch,2.9507523148148147,<=30 days (including pre-launch),Launch Hotfix #2
942,913,93.63057324840764,88.49945235487404,-5.1311208935336055,1404850,2021-03-19 18:56:26+00:00,patch,70.03909722222222,31-180 days,Content Patch #4 -- More Languages
375,298,93.60000000000001,93.28859060402685,-0.31140939597315764,1404850,2021-05-20 17:32:24+00:00,patch,131.98074074074074,31-180 days,Content Patch #6 -- Hotfix #5
266,293,90.97744360902256,97.26962457337885,6.292180964356291,1404850,2021-07-19 23:05:50+00:00,patch,192.21229166666666,>180 days,Content Patch #9 -- Hotfix #12
128,212,95.3125,93.86792452830188,-1.4445754716981156,1404850,2021-10-15 17:00:58+00:00,patch,279.958912037037,>180 days,Content Patch #12 -- In Memory of Nori
83,82,97.59036144578313,95.1219512195122,-2.468410226270933,1404850,2022-03-13 00:10:56+00:00,patch,428.2575,>180 days,Content Patch #13 -- Hotfix #39
129,103,93.02325581395348,92.23300970873787,-0.7902461052156156,1404850,2022-05-17 19:58:38+00:00,patch,494.08229166666666,>180 days,Content Patch #14 -- Hotfix #7
150,102,92.66666666666666,95.09803921568627,2.4313725490196134,1404850,2022-07-16 21:16:04+00:00,patch,554.1360648148149,>180 days,Content Patch #15 -- Hotfix #4
65,78,95.38461538461539,93.58974358974359,-1.7948717948717956,1404850,2022-09-20 01:48:58+00:00,patch,619.3255787037037,>180 days,Content Patch #16 -- Hotfix #6
92,181,89.13043478260869,97.79005524861878,8.659620466010097,1404850,2022-11-19 19:44:55+00:00,patch,680.0727662037037,>180 days,Content Patch #18 -- Hotfix #9
438,278,90.8675799086758,96.40287769784173,5.535297789165938,1404850,2023-01-21 21:30:13+00:00,patch,743.1458912037037,>180 days,v1.0.23
130,87,93.07692307692308,90.80459770114942,-2.2723253757736614,1404850,2023-03-31 08:03:18+00:00,patch,811.5855324074074,>180 days,v1.0.33
118,142,88.13559322033898,90.84507042253522,2.70947720219624,1404850,2023-06-09 06:30:48+00:00,patch,881.5212962962963,>180 days,v1.0.37
111,156,92.7927927927928,89.1025641025641,-3.690228690228693,1404850,2023-08-18 16:59:01+00:00,patch,951.9575578703704,>180 days,The Big Buffs Update
68,83,97.05882352941177,95.18072289156626,-1.878100637845506,1404850,2023-10-22 14:17:52+00:00,patch,1016.8456481481481,>180 days,v1.1.4
148,258,91.21621621621621,95.34883720930233,4.132620993086121,1404850,2024-01-05 18:02:39+00:00,patch,1092.0017476851851,>180 days,The Magnificent Modding Update
112,224,93.75,91.07142857142857,-2.6785714285714306,1404850,2024-03-16 23:54:01+00:00,patch,1163.2457523148148,>180 days,v1.2.16
84,124,96.42857142857143,91.12903225806451,-5.299539170506918,1404850,2024-07-01 14:40:53+00:00,patch,1269.8616319444445,>180 days,v1.2.21
125,96,89.60000000000001,92.70833333333334,3.1083333333333343,1404850,2025-01-08 15:08:15+00:00,patch,1460.880636574074,>180 days,v1.2.24
44,130,90.9090909090909,88.46153846153845,-2.4475524475524537,1421290,2023-10-04 19:19:49+00:00,patch,1.1383796296296296,<=30 days (including pre-launch),Thank you + Fixes to come!
59,26,83.05084745762711,76.92307692307693,-6.12777053455018,1421290,2023-12-11 21:52:32+00:00,patch,69.24443287037037,31-180 days,Patch Notes V0.3.2
36,34,69.44444444444444,58.82352941176471,-10.620915032679733,1421290,2024-02-21 19:03:39+00:00,patch,141.12715277777778,31-180 days,Community Update - V0.5.0
23,23,86.95652173913044,91.30434782608695,4.347826086956516,1421290,2024-06-07 19:54:10+00:00,patch,248.1622337962963,>180 days,Patch Notes V0.7.3
30,97,90.0,71.1340206185567,-18.865979381443296,1421290,2024-12-06 19:11:59+00:00,patch,430.1329398148148,>180 days,Patch Notes V1.0.1 Hotfix
26,42,88.46153846153845,95.23809523809523,6.776556776556774,1421290,2025-02-17 17:05:39+00:00,patch,503.04520833333333,>180 days,Patch Notes V1.0.3 Hotfix
39,260,97.43589743589743,86.53846153846155,-10.897435897435884,1425000,2025-01-16 16:34:32+00:00,patch,1.6906481481481481,<=30 days (including pre-launch),Hotfix 2025/01/17
65,44,81.53846153846153,90.9090909090909,9.370629370629374,1425000,2025-03-21 15:39:45+00:00,patch,65.65260416666666,31-180 days,2025/03/21 Hotfix
39,46,89.74358974358975,84.78260869565217,-4.9609810479375795,1425000,2025-05-23 10:26:09+00:00,patch,128.4348263888889,31-180 days,2025/05/23 Medium Update v0.0.20
90,109,84.44444444444444,87.1559633027523,2.711518858307855,1425000,2025-07-29 01:34:06+00:00,patch,195.06534722222221,>180 days,2025/7/29 ALICE Patch Notes - Version 0.0.30
93,86,89.24731182795699,97.67441860465115,8.42710677669416,1425000,2025-09-30 10:12:01+00:00,patch,258.42501157407406,>180 days,2025/9/30 Patch Notes - Version 0.1.8
45,147,95.55555555555556,93.19727891156462,-2.3582766439909335,1425000,2025-12-11 09:26:13+00:00,patch,330.3932060185185,>180 days,2025/12/11 Patch Notes - Version 0.1.16
40,132,75.0,97.72727272727273,22.727272727272734,1425000,2026-03-03 03:19:50+00:00,patch,412.1387731481482,>180 days,2026/03/03 Patch Notes - Version 0.1.30
142,534,89.43661971830986,93.25842696629213,3.821807247982278,1425000,2026-05-14 12:05:46+00:00,patch,484.5040046296296,>180 days,Major Update — The Final Boss Descends — Baby Mia Is Here — Get Takehime’s Reve
265,47,92.83018867924528,78.72340425531915,-14.106784423926129,1425000,2026-07-14 11:43:48+00:00,patch,545.48875,>180 days,2026/07/14 Patch Notes - Version 0.2.15
75,76,96.0,90.78947368421053,-5.2105263157894655,1425000,2026-09-15 11:55:11+00:00,patch,608.4966550925926,>180 days,2026/09/15 Patch Notes - Version 0.3.7
664,826,82.98192771084338,83.65617433414043,0.6742466232970514,1457080,2023-04-21 16:20:19+00:00,patch,3.6807754629629628,<=30 days (including pre-launch),Achievement Fix
35,35,82.85714285714286,91.42857142857143,8.57142857142857,1457080,2023-10-13 21:08:12+00:00,patch,178.88069444444446,31-180 days,In-game Progression Update
424,4884,77.83018867924528,78.07125307125307,0.24106439200778595,1461810,2022-11-18 06:19:06+00:00,patch,1.263263888888889,<=30 days (including pre-launch),11.18维护公告
83,90,33.734939759036145,16.666666666666664,-17.06827309236948,1461810,2023-03-16 15:02:02+00:00,patch,119.62641203703704,31-180 days,3.16《蜀山：初章》买断版第二次延迟开服公告
21,2410,100.0,97.01244813278008,-2.9875518672199206,1473350,2023-12-15 00:55:47+00:00,patch,1.038738425925926,<=30 days (including pre-launch),Hotfix #4
637,346,96.38932496075353,96.82080924855492,0.43148428780139625,1473350,2024-04-01 17:12:05+00:00,patch,109.71672453703704,31-180 days,"200k, Saves Update & Wiki"
233,592,94.4206008583691,95.27027027027027,0.849669411901175,1473350,2024-06-25 18:52:19+00:00,patch,194.78633101851852,>180 days,Quick Fixes
265,148,75.47169811320755,63.51351351351351,-11.958184599694043,1479140,2023-09-20 16:45:26+00:00,patch,6.698217592592592,<=30 days (including pre-launch),AK-xolotl Quality of Life Update #1
49,158,73.46938775510205,93.0379746835443,19.568586928442258,1479140,2023-11-21 17:07:17+00:00,patch,68.71339120370371,31-180 days,"AK-xolotl ""Chaos Unleashed"" Content Update"
79,25,77.21518987341773,64.0,-13.215189873417728,1479140,2024-10-17 13:01:03+00:00,patch,399.54239583333333,>180 days,PATCH NOTES 2.0.2 + Online Beta 🐸
35,23,74.28571428571429,65.21739130434783,-9.068322981366464,1479140,2024-12-18 11:35:59+00:00,patch,461.48332175925924,>180 days,PATCH NOTES 2.0.18074.0.382 + Online Beta Patch #9🚨
23,25,56.52173913043478,68.0,11.478260869565219,1479140,2025-03-13 10:42:58+00:00,patch,546.4465046296297,>180 days,🚨 PATCH NOTES 2.3 + Online Beta now Public🚨
35,92,74.28571428571429,67.3913043478261,-6.894409937888199,1479140,2025-06-11 16:14:47+00:00,patch,636.6769328703704,>180 days,🚨 PATCH NOTES 2.4.1🚨
585,340,98.29059829059828,97.6470588235294,-0.6435394670688765,1487270,2022-11-17 08:06:50+00:00,patch,23.338078703703705,<=30 days (including pre-launch),Patch 1.0.5 update!! Mini map and dialogue skip function are added now!!
48,44,95.83333333333334,97.72727272727273,1.893939393939391,1487270,2023-03-27 11:52:08+00:00,patch,153.49453703703705,31-180 days,Update version 1.0.6d1
26,65,96.15384615384616,98.46153846153847,2.3076923076923066,1487270,2023-06-26 03:29:32+00:00,patch,244.14550925925926,>180 days,Patch 1.0.7b Update!! More language and color blind support mode!
23,40,100.0,100.0,0.0,1487270,2023-09-25 13:58:25+00:00,patch,335.5822337962963,>180 days,Patch version 1.0.7d : Fixed audio bug.
70,42,94.28571428571428,97.61904761904762,3.333333333333343,1487270,2023-12-18 12:08:31+00:00,patch,419.50591435185186,>180 days,Patch version 1.0.8a : Fixed audio bug.
20,28,100.0,96.42857142857143,-3.5714285714285694,1487270,2024-06-03 12:18:08+00:00,patch,587.5125925925926,>180 days,Version Update 1.0.8b : Fix minor bugs
30,29,80.0,89.65517241379311,9.65517241379311,1487270,2025-01-13 10:21:21+00:00,patch,811.4314930555555,>180 days,Version Update 1.0.9a : Combat optimization in 3D mode
25,29,100.0,93.10344827586206,-6.896551724137936,1487270,2026-02-12 02:09:32+00:00,patch,1206.0899537037037,>180 days,Russian Localization & OST update
24,28,95.83333333333334,89.28571428571429,-6.547619047619051,1487270,2026-06-26 09:03:28+00:00,patch,1340.3774074074074,>180 days,The expanded DLC secret stage and related bug fixes are now live!
34,32,88.23529411764706,71.875,-16.360294117647058,1491200,2024-01-05 16:46:34+00:00,patch,616.9903703703703,>180 days,Hotfix
37,119,97.2972972972973,95.7983193277311,-1.4989779695662122,1493520,2022-11-15 10:49:06+00:00,patch,0.7444560185185185,<=30 days (including pre-launch),V 0.107
32,27,87.5,74.07407407407408,-13.425925925925924,1493520,2024-06-27 11:55:48+00:00,patch,590.790775462963,>180 days,V1.008 Fixes for multi monitors
174,116,97.70114942528735,96.55172413793103,-1.1494252873563227,1494810,2023-03-20 03:36:55+00:00,patch,4.507604166666667,<=30 days (including pre-launch),3/19 Update
64,21,96.875,100.0,3.125,1494810,2023-05-22 01:08:40+00:00,patch,67.40465277777778,31-180 days,"5/21 Content Update! New class: Enigma, 6 new arena areas added"
38,86,100.0,98.83720930232558,-1.1627906976744242,1494810,2023-08-28 22:23:57+00:00,patch,166.2902662037037,31-180 days,"Weekly Update: New Color Palette Added, Smoother Enemy / Player Collision!"
102,224,98.0392156862745,98.66071428571429,0.6214985994397892,1494810,2023-11-14 23:42:27+00:00,patch,244.3447800925926,>180 days,Combo Shuffle Update
453,102,94.92273730684326,97.05882352941177,2.136086222568508,1494810,2024-02-01 22:22:58+00:00,patch,323.2895833333333,>180 days,Secret Portal Room Update: 60 new levels!
48,188,95.83333333333334,97.87234042553192,2.039007092198574,1494810,2024-05-12 23:48:32+00:00,patch,424.34900462962963,>180 days,Major Level Update
209,77,96.65071770334929,97.40259740259741,0.7518796992481214,1494810,2024-07-20 02:08:36+00:00,patch,492.4462731481481,>180 days,Wall Clipping Fix Update
27,104,92.5925925925926,93.26923076923077,0.6766381766381784,1494810,2024-10-27 02:25:05+00:00,patch,591.4577199074074,>180 days,Major Enemy Update
32,81,93.75,90.12345679012346,-3.6265432098765444,1494810,2025-02-23 10:36:02+00:00,patch,710.7986574074074,>180 days,Major Skill And Item Update
84,238,89.28571428571429,92.85714285714286,3.5714285714285694,1494810,2025-04-26 01:04:34+00:00,patch,772.4018055555556,>180 days,"New Light, New Fight: Realistic Visual Update"
239,287,92.88702928870293,96.51567944250871,3.628650153805779,1494810,2025-06-28 00:47:12+00:00,patch,835.3897453703704,>180 days,The Oathbound Update
93,745,98.9247311827957,91.2751677852349,-7.649563397560797,1494810,2025-08-29 16:48:47+00:00,patch,898.057511574074,>180 days,Mortal Sin – Version 1.0 Release
269,115,97.39776951672863,84.34782608695653,-13.0499434297721,1494810,2025-12-18 18:00:36+00:00,patch,1009.1073842592592,>180 days,Final Boss Flow Update
191,88,79.58115183246073,67.04545454545455,-12.535697287006187,1515640,2023-07-25 18:01:55+00:00,patch,7.751331018518519,<=30 days (including pre-launch),Patch Notes 1.3.1 (Hotfix)
91,109,65.93406593406593,76.14678899082568,10.212723056759756,1515640,2025-04-10 16:22:23+00:00,patch,632.6822106481482,>180 days,Patch 1.7.1
84,60,91.66666666666666,86.66666666666667,-4.999999999999986,1518220,2023-11-17 15:12:22+00:00,patch,8.633587962962963,<=30 days (including pre-launch),Spells & Secrets Patch 1.01 - Patch Notes
21,22,100.0,100.0,0.0,1534980,2022-05-24 08:55:20+00:00,patch,449.0336921296296,>180 days,Terminus - V0.9.5 Beta Update (+ Announcement about Indie Craft)
23,30,91.30434782608695,93.33333333333333,2.028985507246375,1534980,2022-08-22 07:40:56+00:00,patch,538.982025462963,>180 days,Terminus - V0.9.5 Hotfix
26,36,96.15384615384616,94.44444444444444,-1.7094017094017175,1534980,2022-10-26 07:25:17+00:00,patch,603.9711574074074,>180 days,Terminus: Zombie Survivors - Special Halloween Update
21,30,100.0,100.0,0.0,1534980,2023-02-19 03:33:36+00:00,patch,719.8102662037037,>180 days,Terminus - V0.9.7 Hotfix
24,23,100.0,100.0,0.0,1534980,2023-05-03 01:47:59+00:00,patch,792.7369212962963,>180 days,Terminus - V0.9.7 Hotfix
38,23,97.36842105263158,91.30434782608695,-6.064073226544622,1534980,2023-07-18 04:36:07+00:00,patch,868.8536805555556,>180 days,Terminus: Zombie Survivors - V0.9.8 Hotfix
20,82,95.0,97.5609756097561,2.560975609756099,1534980,2023-10-22 15:22:30+00:00,patch,965.3025578703704,>180 days,Terminus: Zombie Survivors - V0.9.9 Beta Hotfix
63,56,95.23809523809523,100.0,4.761904761904773,1534980,2024-01-23 02:00:16+00:00,patch,1057.7454513888888,>180 days,Terminus: Zombie Survivors - V0.9.9 Hotfix
58,62,98.27586206896551,95.16129032258065,-3.114571746384854,1534980,2024-03-24 10:51:16+00:00,patch,1119.114201388889,>180 days,Terminus: Zombie Survivors - V0.9.10 Hotfix
89,98,95.50561797752809,96.93877551020408,1.4331575326759918,1534980,2024-05-26 08:06:36+00:00,patch,1181.999849537037,>180 days,Terminus: Zombie Survivors - Supplemental Update (House Art Revamp and More)
120,911,96.66666666666667,93.30406147091108,-3.3626051957555916,1534980,2024-07-31 10:32:02+00:00,patch,1248.1008449074075,>180 days,Terminus: Zombie Survivors - 1.0 Beta Release
86,98,94.18604651162791,94.89795918367348,0.7119126720455711,1534980,2025-01-31 00:08:50+00:00,patch,1431.6680671296297,>180 days,Terminus: Zombie Survivors - 1.1 Update Release Date Announcement
135,55,94.81481481481482,85.45454545454545,-9.36026936026937,1534980,2025-09-19 08:29:04+00:00,patch,1663.0154513888888,>180 days,Terminus: Zombie Survivors - V1.2.1 Update
24,31,91.66666666666666,93.54838709677419,1.881720430107535,1534980,2026-08-31 08:16:34+00:00,patch,2009.0067708333333,>180 days,Terminus: Zombie Survivors - 1.3 Workshop Update Now Live!
22,65,90.9090909090909,86.15384615384616,-4.755244755244746,1535100,2022-11-09 16:24:15+00:00,patch,0.8936226851851852,<=30 days (including pre-launch),Day 1 Hotfix
44,39,61.36363636363637,61.53846153846154,0.17482517482517324,1535100,2023-02-10 12:11:44+00:00,patch,93.71826388888888,31-180 days,Post-Launch Hotfix
32,88,78.125,75.0,-3.125,1537480,2021-08-06 19:22:46+00:00,patch,0.5206828703703704,<=30 days (including pre-launch),我们虽没回复，但一定有关注，游戏更新公告
93,20,94.6236559139785,95.0,0.37634408602150415,1543960,2025-08-31 00:00:54+00:00,patch,18.000625,<=30 days (including pre-launch),Hotfix v25.2.10
26,49,76.92307692307693,79.59183673469387,2.668759811616937,1554970,2021-09-03 15:12:39+00:00,patch,2.0178125,<=30 days (including pre-launch),EARLY ACCESS UPDATE (v0.3)
29,29,93.10344827586206,100.0,6.896551724137936,1569240,2025-09-02 17:19:58+00:00,patch,4.722199074074074,<=30 days (including pre-launch),Early Access Patch 1.0.1
1821,4973,82.20757825370676,88.39734566659963,6.189767412892877,1569580,2025-04-15 16:48:29+00:00,patch,5.700335648148148,<=30 days (including pre-launch),Patch 1.1
1755,1007,89.40170940170941,86.1966236345581,-3.205085767151317,1569580,2025-06-18 16:39:22+00:00,patch,69.69400462962963,31-180 days,Patch 1.5
546,542,82.23443223443223,81.91881918819189,-0.3156130462403439,1569580,2025-09-29 17:36:44+00:00,patch,172.7338425925926,31-180 days,Patch 1.6
493,459,87.62677484787018,83.87799564270153,-3.7487792051686455,1569580,2026-04-29 11:29:42+00:00,patch,384.4789583333333,>180 days,Patch 1.7 - The Accessibility Update
512,443,83.984375,84.87584650112868,0.8914715011286773,1569580,2026-07-21 15:11:55+00:00,patch,467.63327546296296,>180 days,Hotfix 1.7.2
22,83,100.0,92.7710843373494,-7.228915662650607,1573630,2022-10-02 10:44:30+00:00,patch,2.4475694444444445,<=30 days (including pre-launch),Update 1.02
79,60,77.21518987341773,73.33333333333333,-3.8818565400843994,1575830,2023-05-02 16:34:40+00:00,patch,5.690740740740741,<=30 days (including pre-launch),Patch Notes: Version 1.0.0.5
338,116,96.15384615384616,93.96551724137932,-2.1883289124668437,1579880,2023-03-10 20:22:09+00:00,patch,16.848715277777778,<=30 days (including pre-launch),Update #1 - Community Feedback Patch
80,60,93.75,83.33333333333334,-10.416666666666657,1579880,2023-12-18 17:42:48+00:00,patch,299.73805555555555,>180 days,Update 2.3 - Memories of Speed
20,39,85.0,87.17948717948718,2.1794871794871824,1579880,2024-04-18 17:20:11+00:00,patch,421.722349537037,>180 days,Update 3.0 - Shadow Hunter (Major Content Update)
23,24,86.95652173913044,79.16666666666666,-7.78985507246378,1579880,2024-12-03 18:46:44+00:00,patch,650.7824537037037,>180 days,Hotfix Patch (-1/-1 lives issue)
84,321,100.0,97.81931464174455,-2.1806853582554453,1589570,2024-10-24 03:59:11+00:00,patch,1.4982060185185184,<=30 days (including pre-launch),Reducing the overall difficulty a bit! - Early Access Patch Note V0.1.1
79,21,100.0,90.47619047619048,-9.523809523809518,1589570,2024-12-27 08:39:28+00:00,patch,65.69284722222223,31-180 days,New Achievements & Class Balance Changes
20,24,90.0,70.83333333333334,-19.166666666666657,1590160,2022-02-16 13:35:37+00:00,patch,1.0251620370370371,<=30 days (including pre-launch),Here comes the Hotfix!
164,515,93.29268292682927,93.7864077669903,0.4937248401610219,1608290,2022-01-25 10:59:18+00:00,patch,2.457847222222222,<=30 days (including pre-launch),Provisional Fix for Gnosia Display Bug
78,269,92.3076923076923,91.44981412639405,-0.8578781812982612,1608290,2025-10-07 09:57:48+00:00,patch,1353.4151388888888,>180 days,Update on Unity Vulnerability
24,60,87.5,86.66666666666667,-0.8333333333333286,1618380,2023-02-02 11:39:17+00:00,patch,2.485613425925926,<=30 days (including pre-launch),v1.1.1 Bug fixes and Improvements
30,24,90.0,100.0,10.0,1618380,2023-11-13 00:01:58+00:00,patch,286.00136574074077,>180 days,Spellmasons Update #23!
28,24,96.42857142857143,95.83333333333334,-0.5952380952380878,1618380,2024-01-13 04:20:00+00:00,patch,347.18055555555554,>180 days,Update 27: Tons of fixes and improvements
43,30,97.67441860465115,96.66666666666667,-1.0077519379844802,1618380,2024-05-19 10:32:18+00:00,patch,474.43909722222224,>180 days,Hotfix patch v1.36
28,28,85.71428571428571,92.85714285714286,7.142857142857153,1618380,2025-01-10 11:53:03+00:00,patch,710.4951736111111,>180 days,v1.54.1
197,64,91.87817258883248,96.875,4.996827411167516,1618380,2025-08-04 21:32:33+00:00,patch,916.8976041666666,>180 days,Remote Play Together - now Supported
21,60,85.71428571428571,96.66666666666667,10.952380952380963,1618380,2025-10-29 20:51:47+00:00,patch,1002.8692939814815,>180 days,Balancing and Bug Fixes
36,40,77.77777777777779,87.5,9.722222222222214,1618380,2026-08-31 15:42:52+00:00,patch,1308.6547685185185,>180 days,Hotfix: v1.82.1
215,46,77.20930232558139,84.78260869565217,7.573306370070782,1619570,2023-04-13 07:48:48+00:00,patch,-215.67444444444445,<=30 days (including pre-launch),Patch Notes 0.9.3.89
22,21,95.45454545454545,80.95238095238095,-14.502164502164504,1625930,2024-07-24 15:05:23+00:00,patch,6.628738425925926,<=30 days (including pre-launch),Update Notes for July 24
44,211,97.72727272727273,81.04265402843602,-16.684618698836715,1638390,2022-04-01 11:46:25+00:00,patch,-288.50943287037035,<=30 days (including pre-launch),V0.9.1 Update Log
28,20,64.28571428571429,90.0,25.714285714285708,1638390,2023-03-07 10:08:03+00:00,patch,51.42225694444444,31-180 days,V1.0.1 Update - New Skin System Live!
38,54,94.73684210526315,87.03703703703704,-7.699805068226112,1641240,2023-03-18 15:04:45+00:00,patch,2.628298611111111,<=30 days (including pre-launch),PATCH NOTES 0.23.65
24,70,87.5,75.71428571428571,-11.785714285714292,1646790,2025-07-13 11:04:53+00:00,patch,1321.663611111111,>180 days,Update 1.0.0.2
35,26,94.28571428571428,92.3076923076923,-1.978021978021971,1649630,2022-01-16 06:58:02+00:00,patch,6.416087962962963,<=30 days (including pre-launch),Elemental Scrolls and Arenas Update
59,218,96.61016949152543,88.9908256880734,-7.6193438034520256,1664670,2022-03-30 04:32:56+00:00,patch,2.189537037037037,<=30 days (including pre-launch),V0.54 Bug Fixed
64,227,85.9375,78.41409691629956,-7.523403083700444,1668290,2023-03-01 21:22:54+00:00,patch,1.8909027777777778,<=30 days (including pre-launch),Patch 1.05 - Post Launch Day Patch Notes
124,820,95.16129032258065,93.65853658536587,-1.502753737214789,1668690,2022-01-20 15:40:01+00:00,patch,1.2778703703703704,<=30 days (including pre-launch),v0.8.1.3 (HotFix) - Add a new function for custom resolution
86,142,91.86046511627907,85.2112676056338,-6.64919751064528,1668690,2022-04-04 07:43:34+00:00,patch,74.94700231481481,31-180 days,Early Access v0.8.4 update
78,92,94.87179487179486,90.21739130434783,-4.654403567447034,1668690,2022-06-10 05:50:15+00:00,patch,141.86831018518518,31-180 days,Early Access v0.8.7 update
98,88,90.81632653061224,92.04545454545455,1.2291280148423027,1668690,2022-09-02 05:44:20+00:00,patch,225.8642013888889,>180 days,"Achievement is testing in v0.9.0, v0.8.9 version can't unlock is normal"
402,264,89.05472636815921,96.21212121212122,7.15739484396201,1668690,2022-11-03 01:30:21+00:00,patch,287.68782407407406,>180 days,v1.0.5 Update Japanese localization
126,64,89.68253968253968,92.1875,2.5049603174603163,1668690,2023-02-11 03:35:41+00:00,patch,387.77486111111114,>180 days,v1.1.4 Update Steam Deck Verified
58,62,87.93103448275862,90.32258064516128,2.391546162402662,1668690,2023-12-18 12:31:17+00:00,patch,698.1468055555556,>180 days,"v1.2.2 Fixed Softlock issue with ""Fast Reload+"" card using Gamepad"
196,111,91.3265306122449,90.09009009009009,-1.2364405221548083,1674890,2021-09-14 02:07:17+00:00,patch,27.67164351851852,<=30 days (including pre-launch),现已更新【完全手操】
107,87,95.32710280373831,91.95402298850574,-3.373079815232572,1674890,2021-11-15 10:50:48+00:00,patch,90.03519675925926,31-180 days,新增道具、放置战场计时
29,229,72.41379310344827,86.8995633187773,14.485770215329026,1674890,2022-01-15 00:41:12+00:00,patch,150.61186342592592,31-180 days,Major update！！
28,42,92.85714285714286,88.09523809523809,-4.761904761904773,1683100,2022-04-29 08:31:49+00:00,patch,2.3554282407407405,<=30 days (including pre-launch),1.0.4 Hotfix
35,107,94.28571428571428,90.65420560747664,-3.631508678237637,1689350,2022-01-15 18:46:51+00:00,patch,5.7825347222222225,<=30 days (including pre-launch),Patch 1.0.6
42,38,97.61904761904762,97.36842105263158,-0.2506265664160452,1694420,2021-10-11 02:33:48+00:00,patch,51.2993287037037,31-180 days,Card Survival: Tropical Island - Update 7
47,117,95.74468085106383,99.14529914529915,3.400618294235315,1694420,2022-09-28 23:12:19+00:00,patch,404.1594097222222,>180 days,Card Survival: Tropical Island - Patch Notes 1
138,274,100.0,95.62043795620438,-4.379562043795616,1694420,2022-12-02 04:34:09+00:00,patch,468.3829050925926,>180 days,Card Survival: Tropical Island - Update 39
238,120,97.89915966386555,94.16666666666667,-3.732492997198875,1694420,2023-02-01 23:20:53+00:00,patch,530.1653587962963,>180 days,Patch Notes and Update 40 Merge
56,35,94.64285714285714,94.28571428571428,-0.3571428571428612,1694420,2023-06-01 00:52:35+00:00,patch,649.2290393518518,>180 days,Card Survival: Tropical Island - Update 42
69,54,94.20289855072464,94.44444444444444,0.2415458937198025,1694420,2023-08-28 22:29:15+00:00,patch,738.1295023148148,>180 days,Card Survival: Tropical Island in German!
65,58,92.3076923076923,93.10344827586206,0.7957559681697575,1694420,2023-12-14 11:10:21+00:00,patch,845.6580439814815,>180 days,Turkish Localization for Card Survival: Tropical Island
73,58,98.63013698630137,96.55172413793103,-2.078412848370334,1694420,2024-03-25 23:22:24+00:00,patch,948.166412037037,>180 days,Card Survival: Tropical Island French translation
21,41,95.23809523809523,97.5609756097561,2.3228803716608724,1698350,2023-04-05 05:37:57+00:00,patch,2.2346875,<=30 days (including pre-launch),Hotfix 1.011
93,81,94.6236559139785,96.29629629629629,1.6726403823177947,1702990,2022-03-10 00:37:20+00:00,patch,20.025925925925925,<=30 days (including pre-launch),Patch 0.6.20
136,48,93.38235294117648,89.58333333333334,-3.7990196078431353,1709050,2022-11-11 11:03:31+00:00,patch,24.460775462962964,<=30 days (including pre-launch),1.1.0 update is now live!
31,112,93.54838709677419,96.42857142857143,2.8801843317972384,1709900,2022-02-07 11:15:45+00:00,patch,131.8597337962963,31-180 days,early access 1.10
74,38,97.2972972972973,97.36842105263158,0.07112375533426984,1709900,2022-04-10 15:18:32+00:00,patch,194.02833333333334,>180 days,early access 1.16
28,23,82.14285714285714,86.95652173913044,4.8136645962732985,1709900,2022-07-04 10:39:17+00:00,patch,278.83440972222223,>180 days,early access 1.20.1
36,23,94.44444444444444,78.26086956521739,-16.183574879227052,1709900,2022-09-14 19:38:33+00:00,patch,351.20890046296296,>180 days,early access 1.27.0
32,30,84.375,93.33333333333333,8.958333333333329,1709900,2022-12-05 20:53:09+00:00,patch,433.26070601851853,>180 days,early access 1.35.0
24,197,87.5,87.81725888324873,0.3172588832487264,1709900,2023-02-06 21:28:05+00:00,patch,496.28496527777776,>180 days,v1.0
56,40,85.71428571428571,75.0,-10.714285714285708,1709900,2023-04-16 10:23:09+00:00,patch,564.8232060185185,>180 days,v1.5.0
180,789,98.88888888888889,96.70468948035487,-2.1841994085340133,1710100,2023-01-14 09:54:53+00:00,patch,2.413113425925926,<=30 days (including pre-launch),1.0.12
57,79,98.24561403508771,98.73417721518987,0.4885631801021617,1710100,2023-04-12 11:37:26+00:00,patch,90.48432870370371,31-180 days,1.3.x New Version New Boss Rush Mode Released！
21,121,100.0,98.34710743801654,-1.6528925619834638,1710100,2023-09-21 12:55:01+00:00,patch,252.5382060185185,>180 days,22th Sep! Power-Up Edtion Big Update!
41,42,92.6829268292683,95.23809523809523,2.5551684088269297,1710100,2023-12-31 18:34:59+00:00,patch,353.7742939814815,>180 days,2.3.0
109,823,84.40366972477065,87.97083839611179,3.567168671341136,1711610,2022-11-25 18:12:16+00:00,patch,0.3175,<=30 days (including pre-launch),2022/11/26 _2：10
28,23,71.42857142857143,78.26086956521739,6.83229813664596,1711610,2023-04-03 02:57:11+00:00,patch,128.68202546296297,31-180 days,4.3 Test Service Update
104,46,81.73076923076923,95.65217391304348,13.921404682274257,1711610,2023-08-18 10:04:28+00:00,patch,265.97875,>180 days,2023/8/18 Update Log
65,106,93.84615384615384,92.45283018867924,-1.3933236574745962,1717090,2024-01-30 03:46:27+00:00,patch,3.3234143518518517,<=30 days (including pre-launch),"Bugs, Balance, Misc."
50,33,94.0,90.9090909090909,-3.0909090909090935,1717090,2024-04-01 04:31:18+00:00,patch,65.35456018518518,31-180 days,Patch Notes - 3/31/2024
65,28,84.61538461538461,92.85714285714286,8.241758241758248,1717090,2024-07-08 21:44:41+00:00,patch,164.0721875,31-180 days,"Balance, Balance, Balance"
31,22,80.64516129032258,100.0,19.354838709677423,1717090,2024-10-21 18:14:33+00:00,patch,268.9262615740741,>180 days,Patch Notes - 10/21/2024
222,210,77.02702702702703,81.9047619047619,4.877734877734866,1719040,2025-11-21 22:21:18+00:00,patch,3.9314583333333335,<=30 days (including pre-launch),Patch #1
54,27,64.81481481481481,77.77777777777779,12.962962962962976,1719040,2026-01-26 22:50:54+00:00,patch,69.95201388888889,31-180 days,Patch #4
160,2488,78.125,87.94212218649517,9.817122186495169,1721110,2025-08-12 22:09:07+00:00,patch,0.9229976851851852,<=30 days (including pre-launch),UPDATE ON THE SESSION BROWSER ISSUE
515,168,78.05825242718447,89.28571428571429,11.227461858529821,1721110,2025-10-23 14:11:33+00:00,patch,72.59135416666666,31-180 days,HOTFIX #2 - Post Update 1.1
164,415,76.82926829268293,82.40963855421687,5.580370261533943,1721110,2026-01-12 13:36:23+00:00,patch,153.56693287037038,31-180 days,"UPDATE 1.2 ""BRINEFROST"" IS OUT NOW!"
79,118,78.48101265822784,91.52542372881356,13.044411070585724,1721110,2026-05-12 15:05:36+00:00,patch,273.62888888888887,>180 days,Free Major Update 1.3 Splashes Down June 25!
310,174,86.45161290322581,86.20689655172413,-0.2447163515016797,1721110,2026-08-19 09:01:03+00:00,patch,372.37572916666664,>180 days,Abyssus - Hotfix 1.3.62817
161,54,92.54658385093167,85.18518518518519,-7.361398665746478,1724770,2023-05-26 14:54:39+00:00,patch,8.953564814814815,<=30 days (including pre-launch),vEA_01a Patch is Online
33,20,90.9090909090909,100.0,9.090909090909093,1724770,2023-09-02 15:38:35+00:00,patch,107.98407407407407,31-180 days,vEA_0.4c Update
20,39,65.0,89.74358974358975,24.74358974358975,1724770,2024-11-04 15:09:46+00:00,patch,536.9640625,>180 days,vEA_09a - Hotfix
78,33,71.7948717948718,75.75757575757575,3.962703962703955,1724770,2025-04-17 14:47:06+00:00,patch,700.9483217592592,>180 days,Path 1.01 - Respec Cost reduction and more.
83,30,55.42168674698795,73.33333333333333,17.911646586345377,1739650,2023-02-04 08:48:46+00:00,patch,3.3671990740740743,<=30 days (including pre-launch),Hotpatch Version 0.5.4
539,1551,86.2708719851577,84.97743391360413,-1.2934380715535667,1740720,2022-03-10 18:30:31+00:00,patch,2.02119212962963,<=30 days (including pre-launch),Early Access Hotfix - 2022/03/10
444,465,85.8108108108108,92.90322580645162,7.092414995640809,1740720,2022-05-10 17:29:14+00:00,patch,62.97863425925926,31-180 days,Infrastructure Development - Update Notes
342,277,88.30409356725146,89.89169675090253,1.5876031836510691,1740720,2022-07-13 17:30:33+00:00,patch,126.97954861111111,31-180 days,Early Access Hotfix - 2022/07/13
254,256,79.13385826771653,86.71875,7.584891732283467,1740720,2022-09-26 19:30:22+00:00,patch,202.06275462962964,>180 days,Natural Disasters Update Arriving SEPTEMBER 29TH
738,242,96.2059620596206,83.05785123966942,-13.148110819951185,1740720,2022-12-15 18:00:22+00:00,patch,282.00025462962964,>180 days,The Executive Decisions Update is LIVE!
132,936,93.93939393939394,76.70940170940172,-17.22999222999222,1740720,2023-03-21 17:00:15+00:00,patch,377.9585069444444,>180 days,Launch Update Notes
570,115,95.78947368421052,82.6086956521739,-13.180778032036613,1740720,2023-12-01 17:12:36+00:00,patch,632.9670833333333,>180 days,Minor Hotfix Patch
86,98,82.55813953488372,86.73469387755102,4.176554342667302,1740720,2024-03-20 17:56:20+00:00,patch,742.9974537037037,>180 days,"Minor Hotfix - March 18, 2024"
184,1817,97.82608695652173,93.4507429829389,-4.3753439735828294,1755830,2023-09-23 10:45:14+00:00,patch,2.4480787037037035,<=30 days (including pre-launch),Localization Patch and Bug Fixes - v1.0.26
396,160,95.95959595959596,86.25,-9.709595959595958,1755830,2023-12-15 05:04:07+00:00,patch,85.21119212962962,31-180 days,"Controller Improvements, Localization Fixes and minor Balancing - v1.0.335"
62,114,90.32258064516128,82.45614035087719,-7.866440294284089,1755830,2024-02-20 21:30:07+00:00,patch,152.89591435185184,31-180 days,Development Update: Mod Support
99,54,89.8989898989899,88.88888888888889,-1.0101010101010104,1755830,2024-05-10 00:32:55+00:00,patch,232.0228587962963,>180 days,Bug Fixes - v1.1.42
34,64,88.23529411764706,87.5,-0.735294117647058,1755830,2024-08-10 01:17:34+00:00,patch,324.0538657407407,>180 days,Reworks and Balancing - v1.1.565
192,84,90.10416666666666,86.90476190476191,-3.199404761904745,1755830,2024-10-18 23:45:14+00:00,patch,393.9897453703704,>180 days,Bug Fixes - v1.2.108
93,80,91.39784946236558,87.5,-3.897849462365585,1755830,2024-12-22 01:49:12+00:00,patch,458.0758333333333,>180 days,Bug Fixes - v1.2.156
43,52,93.02325581395348,94.23076923076923,1.2075134168157433,1755830,2025-02-22 04:32:39+00:00,patch,520.1893402777778,>180 days,Beta Test Reworks and Balancing - v1.2.205
21,30,76.19047619047619,90.0,13.80952380952381,1755830,2026-02-28 02:36:28+00:00,patch,891.1086574074075,>180 days,Beta Test Reworks and Balancing - v1.2.872
21,27,90.47619047619048,85.18518518518519,-5.291005291005291,1755830,2026-05-07 03:49:18+00:00,patch,959.1592361111111,>180 days,Beta Test Reworks and Balancing - v1.2.918
1290,4977,89.6124031007752,87.28149487643158,-2.3309082243436166,1757300,2025-09-20 17:28:25+00:00,patch,1.7280671296296297,<=30 days (including pre-launch),"First Patch, fixes crash when playing in Japanese/Ukrainian/Russian"
787,1070,82.46505717916138,91.77570093457945,9.31064375541807,1757300,2025-11-21 09:52:57+00:00,patch,63.411770833333335,31-180 days,Hotfix 13 - 0.5.11.28
910,270,80.32967032967034,81.85185185185185,1.522181522181512,1757300,2026-01-22 10:33:19+00:00,patch,125.43980324074074,31-180 days,Hotfix 21 - v0.5.12.47
222,722,84.23423423423422,82.82548476454294,-1.408749469691287,1757300,2026-03-25 09:27:01+00:00,patch,187.39376157407406,>180 days,The Heated Update is HERE!
308,641,85.3896103896104,75.97503900156006,-9.414571388050334,1757300,2026-06-12 14:12:45+00:00,patch,266.5921875,>180 days,Test Our Biggest Update Right Now!
183,1001,85.24590163934425,78.82117882117882,-6.424722818165435,1757300,2026-09-14 12:56:35+00:00,patch,360.5392939814815,>180 days,Anniversary Update is OUT + Free Weekend
48,382,50.0,43.455497382198956,-6.544502617801044,1761380,2022-04-28 09:02:11+00:00,patch,-915.6234837962963,<=30 days (including pre-launch),4.28 Changelog
26,23,53.84615384615385,60.86956521739131,7.023411371237465,1761380,2022-07-27 02:08:15+00:00,patch,-825.9109375,<=30 days (including pre-launch),1.13.1 patch note
22,43,81.81818181818183,83.72093023255815,1.902748414376319,1761380,2022-11-17 09:40:58+00:00,patch,-712.596550925926,<=30 days (including pre-launch),v1.14.3 patch
53,124,41.509433962264154,68.54838709677419,27.038953134510038,1761380,2024-11-04 11:19:52+00:00,patch,5.47212962962963,<=30 days (including pre-launch),v2.5.1 Patch Note
49,44,81.63265306122449,75.0,-6.632653061224488,1761380,2025-01-14 02:02:38+00:00,patch,76.08516203703704,31-180 days,v2.7.0 Spring Update
29,44,79.3103448275862,79.54545454545455,0.23510971786834034,1761380,2025-04-15 03:07:34+00:00,patch,167.13025462962963,31-180 days,"v2.9.0 Update! New Hero, New Event & New Skins!"
32,32,75.0,68.75,-6.25,1761380,2025-07-17 02:02:22+00:00,patch,260.0849768518519,>180 days,v2.11.0 Updates
31,26,80.64516129032258,69.23076923076923,-11.41439205955335,1761380,2025-09-16 02:00:46+00:00,patch,321.08386574074075,>180 days,v2.13.0 Patch Note
51,29,84.31372549019608,79.3103448275862,-5.003380662609871,1761380,2025-12-11 02:44:15+00:00,patch,407.1140625,>180 days,v2.16.0 Patch Note
24,30,91.66666666666666,86.66666666666667,-4.999999999999986,1761380,2026-03-31 02:01:07+00:00,patch,517.0841087962963,>180 days,v3.0.0 Update | New Gacha. New Pass. New Auto Chess!
28,35,75.0,82.85714285714286,7.857142857142861,1761380,2026-06-18 02:00:41+00:00,patch,596.0838078703704,>180 days,v3.3.0 Update | New Hero Sawra!
789,1098,85.93155893536122,82.5136612021858,-3.4178977331754226,1763250,2025-02-10 16:18:32+00:00,patch,3.9716898148148148,<=30 days (including pre-launch),SWORN Hotfix Patch #1 [NOW LIVE]
318,133,82.70440251572327,76.69172932330827,-6.012673192415008,1763250,2025-04-14 16:12:48+00:00,patch,66.96770833333333,31-180 days,Sworn Patch #8 is LIVE (v0.51.2.0.613)
85,300,82.35294117647058,70.66666666666667,-11.686274509803908,1763250,2025-08-28 17:09:23+00:00,patch,203.00700231481483,>180 days,SWORN 1.0 Launches September 23
224,180,75.89285714285714,85.55555555555556,9.662698412698418,1763250,2025-10-29 17:22:12+00:00,patch,265.0159027777778,>180 days,SWORN 1.0 Patch #2 is LIVE (v1.0.2.0.1054)
209,154,77.99043062200957,73.37662337662337,-4.613807245386198,1763250,2026-01-26 17:03:33+00:00,patch,354.0029513888889,>180 days,SWORN 1.0 Patch #5 is LIVE (v1.1.2.0.1172)
146,121,84.24657534246576,77.68595041322314,-6.560624929242621,1763250,2026-05-20 14:18:55+00:00,patch,467.88862268518517,>180 days,SWORN 1.0 Minor Bug Fix Update LIVE (v1.2.0.1)
53,77,94.33962264150944,94.8051948051948,0.4655721636853656,1766010,2022-08-27 23:40:03+00:00,patch,2.9861458333333335,<=30 days (including pre-launch),Hotfix 1
40,21,95.0,100.0,5.0,1766010,2022-11-30 01:31:02+00:00,patch,97.0632175925926,31-180 days,Getting back to develompent with weekly updates
121,249,95.0413223140496,85.94377510040161,-9.097547213647985,1766390,2022-03-31 12:36:10+00:00,patch,2.5251157407407407,<=30 days (including pre-launch),First Update - Fixing some player issues and some more balancing!
238,94,96.21848739495799,92.5531914893617,-3.6652959055962953,1769170,2022-04-03 00:37:54+00:00,patch,11.026319444444445,<=30 days (including pre-launch),v1.2.1
29,39,89.65517241379311,97.43589743589743,7.7807250221043205,1769170,2022-07-06 17:15:30+00:00,patch,105.71909722222222,31-180 days,Shattered Pixel Dungeon v1.3.0!
25,38,100.0,97.36842105263158,-2.631578947368425,1769170,2022-10-04 19:36:47+00:00,patch,195.81721064814815,>180 days,Shattered Pixel Dungeon v1.4.0!
22,51,100.0,90.19607843137256,-9.803921568627445,1769170,2023-03-13 16:55:40+00:00,patch,355.7053240740741,>180 days,Shattered Pixel Dungeon v2.0.0!
20,23,90.0,95.65217391304348,5.652173913043484,1769170,2023-07-09 17:32:04+00:00,patch,473.7306018518519,>180 days,v2.1.4
29,41,89.65517241379311,90.2439024390244,0.5887300252312855,1769170,2023-10-26 19:11:25+00:00,patch,582.7995949074074,>180 days,v2.2.1 - bugfixes and new quest reward tweaks
40,37,100.0,91.8918918918919,-8.108108108108098,1769170,2024-01-18 17:57:16+00:00,patch,666.7481018518519,>180 days,Shattered Pixel Dungeon v2.3.0!
30,28,90.0,100.0,10.0,1769170,2024-05-15 15:31:49+00:00,patch,784.6470949074074,>180 days,Shattered Pixel Dungeon v2.4.0!
32,47,90.625,100.0,9.375,1769170,2024-09-11 16:36:18+00:00,patch,903.691875,>180 days,Shattered Pixel Dungeon v2.5.0!
22,49,90.9090909090909,89.79591836734694,-1.113172541743964,1769170,2025-02-27 17:01:59+00:00,patch,1072.709710648148,>180 days,Shattered Pixel Dungeon v3.0.0!
24,45,91.66666666666666,93.33333333333333,1.6666666666666714,1769170,2025-06-02 18:00:44+00:00,patch,1167.7505092592592,>180 days,Shattered Pixel Dungeon v3.1.0!
27,45,92.5925925925926,95.55555555555556,2.962962962962962,1769170,2025-08-04 16:01:08+00:00,patch,1230.6674537037038,>180 days,Shattered Pixel Dungeon v3.2.0!
77,47,96.1038961038961,93.61702127659575,-2.4868748273003547,1769170,2025-12-04 16:58:12+00:00,patch,1352.7070833333332,>180 days,Shattered Pixel Dungeon v3.3.0!
34,33,91.17647058823529,100.0,8.82352941176471,1769170,2026-02-05 17:30:59+00:00,patch,1415.7298495370371,>180 days,v3.3.5
39,40,89.74358974358975,90.0,0.2564102564102484,1769170,2026-09-09 16:59:30+00:00,patch,1631.707986111111,>180 days,Shattered Pixel Dungeon v4.0.0!
26,28,76.92307692307693,85.71428571428571,8.791208791208774,1779760,2023-07-31 01:54:16+00:00,patch,2.993078703703704,<=30 days (including pre-launch),V0.2.04 Early Access 2023.07.31 更新
93,2025,90.32258064516128,82.96296296296296,-7.359617682198319,1782460,2025-07-22 19:50:47+00:00,patch,0.8269328703703703,<=30 days (including pre-launch),Hotfix 1
321,225,83.48909657320873,82.66666666666667,-0.8224299065420553,1782460,2025-09-22 16:01:57+00:00,patch,62.66802083333334,31-180 days,1.1 Design Manifesto & Patch Notes
92,324,81.52173913043478,90.4320987654321,8.91035963499732,1782460,2025-11-22 20:58:50+00:00,patch,123.87418981481481,31-180 days,Update 1.2 - Movement Revamp is Now Available
257,322,78.59922178988327,87.88819875776397,9.2889769678807,1782460,2026-07-10 19:31:56+00:00,patch,353.8138425925926,>180 days,Cursed War 2.0.0 Hotfix 1
42,92,90.47619047619048,85.86956521739131,-4.60662525879917,1793330,2025-11-07 19:51:01+00:00,patch,1.8270949074074074,<=30 days (including pre-launch),Bug fixes and Tweaks
25,165,92.0,82.42424242424242,-9.575757575757578,1803400,2022-11-03 20:44:24+00:00,patch,0.23543981481481482,<=30 days (including pre-launch),0.2.10 - Patch Update
77,38,71.42857142857143,81.57894736842105,10.150375939849624,1803400,2023-01-17 20:17:30+00:00,patch,75.21675925925926,31-180 days,0.4.2
39,35,84.61538461538461,77.14285714285715,-7.47252747252746,1803400,2023-03-20 18:13:23+00:00,patch,137.13056712962964,31-180 days,0.6.6
31,28,80.64516129032258,75.0,-5.6451612903225765,1803400,2023-06-07 15:58:25+00:00,patch,216.03684027777777,>180 days,0.7.1
58,211,81.03448275862068,76.77725118483413,-4.257231573786555,1803400,2023-09-29 08:21:14+00:00,patch,329.71935185185185,>180 days,1.0.10 Update - Stability improvements
74,29,89.1891891891892,75.86206896551724,-13.327120223671955,1803400,2023-12-13 16:42:39+00:00,patch,405.06755787037036,>180 days,1.0.22
33,20,75.75757575757575,80.0,4.242424242424249,1803400,2024-02-14 17:18:07+00:00,patch,468.0921875,>180 days,1.1.0
20,71,85.0,66.19718309859155,-18.80281690140845,1803400,2024-12-23 05:41:55+00:00,patch,780.6087152777778,>180 days,1.1.3
26,20,92.3076923076923,95.0,2.6923076923076934,1807090,2023-11-15 15:26:24+00:00,patch,7.099074074074074,<=30 days (including pre-launch),Patch 2 Changelog
26,29,88.46153846153845,93.10344827586206,4.641909814323611,1807090,2024-05-29 12:08:45+00:00,patch,202.96181712962962,>180 days,Patch 1.0.981
65,64,96.92307692307692,100.0,3.07692307692308,1808320,2025-10-31 10:24:21+00:00,patch,350.43357638888887,>180 days,FIXES! :-) New Sound Effects + Improved Readability + Achievements
22,47,81.81818181818183,89.36170212765957,7.543520309477742,1811430,2022-07-24 16:51:09+00:00,patch,5.7021875,<=30 days (including pre-launch),Major Update 0.4
185,81,87.56756756756758,88.88888888888889,1.3213213213213066,1812060,2022-10-07 11:32:57+00:00,patch,9.481215277777778,<=30 days (including pre-launch),v1.06 Update Notes
41,37,87.8048780487805,100.0,12.195121951219505,1812060,2023-01-22 14:35:27+00:00,patch,116.60795138888889,31-180 days,v1.4【Event】The Revenge of Angry Sushi
27,31,96.29629629629629,87.09677419354838,-9.199522102747906,1812060,2023-04-01 20:12:14+00:00,patch,185.8418287037037,>180 days,v2.02 Update Notes
25,42,88.0,95.23809523809523,7.238095238095227,1812060,2023-07-11 09:40:46+00:00,patch,286.4033101851852,>180 days,v2.12d Update Notes
29,28,89.65517241379311,89.28571428571429,-0.3694581280788185,1812060,2023-12-01 11:58:52+00:00,patch,429.499212962963,>180 days,v2.12e Update Notes
28,26,96.42857142857143,100.0,3.5714285714285694,1812060,2024-02-15 14:19:07+00:00,patch,505.5966087962963,>180 days,v2.2.4 Update Notes
31,53,100.0,94.33962264150944,-5.660377358490564,1815230,2022-06-17 12:25:29+00:00,patch,0.9469560185185185,<=30 days (including pre-launch),Summum Aeterna v0.1.004 Patch Notes
24,681,95.83333333333334,94.7136563876652,-1.1196769456681466,1817500,2025-11-24 15:48:35+00:00,patch,0.6587384259259259,<=30 days (including pre-launch),Quick Hotfix #1
116,215,76.72413793103449,79.53488372093022,2.8107457898957335,1824580,2023-04-28 21:33:40+00:00,patch,1.8983796296296296,<=30 days (including pre-launch),Dungeon Drafters: Our First Update!
37,22,67.56756756756756,68.18181818181817,0.6142506142506079,1824580,2024-05-25 00:57:48+00:00,patch,394.04013888888886,>180 days,📝 Patch Notes and Hotfixes [1.1.1.1 → 1.1.1.5]
494,366,87.85425101214574,85.24590163934425,-2.6083493728014844,1830970,2024-01-22 21:15:46+00:00,patch,5.178020833333333,<=30 days (including pre-launch),Patch 0.6.5
117,109,82.05128205128204,88.9908256880734,6.939543636791356,1830970,2024-04-01 18:27:38+00:00,patch,75.06126157407408,31-180 days,Balance and Passives Update (0.6.8)
82,72,82.92682926829268,90.27777777777779,7.350948509485107,1830970,2024-06-04 19:00:51+00:00,patch,139.0843287037037,31-180 days,Fight Variations Update (0.7.1)
44,54,81.81818181818183,85.18518518518519,3.3670033670033632,1830970,2024-08-18 16:38:59+00:00,patch,213.9858101851852,>180 days,Quality of Life Update (0.8.2)
38,21,78.94736842105263,71.42857142857143,-7.5187969924811995,1830970,2024-10-22 21:45:10+00:00,patch,279.1984375,>180 days,Balance Update #3 (0.9.1)
39,525,94.87179487179486,81.14285714285714,-13.728937728937723,1830970,2025-01-03 23:28:32+00:00,patch,352.2702199074074,>180 days,"The Last Flame 1.0 will release on Jan 9th, 1pm EST!"
150,74,87.33333333333333,82.43243243243244,-4.9009009009008935,1830970,2025-03-16 19:10:04+00:00,patch,424.0907291666667,>180 days,More Balance Update (1.0.2)
43,41,81.3953488372093,73.17073170731707,-8.224617129892223,1830970,2025-06-22 19:47:23+00:00,patch,522.1166435185186,>180 days,Balance Update #6 (1.0.3)
22,38,68.18181818181817,81.57894736842105,13.397129186602882,1833680,2024-10-25 06:11:48+00:00,patch,3.2581944444444444,<=30 days (including pre-launch),Gameplay Update
22,34,86.36363636363636,79.41176470588235,-6.951871657754012,1840790,2023-05-05 10:16:28+00:00,patch,1.4281018518518518,<=30 days (including pre-launch),2023.5.5 update3
29,69,86.20689655172413,84.05797101449275,-2.148925537231378,1842730,2024-04-03 01:54:19+00:00,patch,817.0073611111111,>180 days,Update - v1.0.2 Bug Fixes and Minor Changes
31,37,67.74193548387096,72.97297297297297,5.2310374891020075,1844130,2024-03-28 19:38:46+00:00,patch,3.2365162037037036,<=30 days (including pre-launch),Update 0.9.8.1b
28,226,85.71428571428571,42.47787610619469,-43.236409608091016,1847150,2024-05-15 14:10:43+00:00,patch,1.590775462962963,<=30 days (including pre-launch),Touhou Genso Wanderer -Foresight- Ver1.02 Released
28,55,78.57142857142857,85.45454545454545,6.883116883116884,1848710,2022-09-18 06:13:14+00:00,patch,2.259189814814815,<=30 days (including pre-launch),Ver.1.02（2022.9.18）Patch Notes
34,27,52.94117647058824,44.44444444444444,-8.496732026143796,1855890,2024-11-19 13:40:52+00:00,patch,4.570046296296296,<=30 days (including pre-launch),First HotFix is here!
32,34,81.25,67.64705882352942,-13.60294117647058,1860600,2022-02-25 19:55:01+00:00,patch,3.829872685185185,<=30 days (including pre-launch),"Fixing bugs, etc"
41,170,82.92682926829268,92.94117647058823,10.014347202295554,1863750,2022-02-09 09:07:43+00:00,patch,2.3374421296296295,<=30 days (including pre-launch),挂机神话圆饼计划 20220209 小更
166,188,90.96385542168674,93.61702127659575,2.6531658549090054,1863750,2022-04-11 02:48:30+00:00,patch,63.07409722222222,31-180 days,挂机神话 20220411 圆饼出击
195,142,95.8974358974359,91.54929577464789,-4.34814012278801,1863750,2022-06-10 05:15:41+00:00,patch,123.17630787037037,31-180 days,挂机神话 20220610 圆饼出击
133,48,94.73684210526315,87.5,-7.23684210526315,1863750,2022-08-11 23:06:02+00:00,patch,185.91960648148148,>180 days,挂机神话 20220812 圆饼出击
57,35,98.24561403508771,85.71428571428571,-12.531328320802004,1863750,2022-11-26 13:19:23+00:00,patch,292.51221064814814,>180 days,挂机神话 20221126 圆饼出击
32,29,96.875,93.10344827586206,-3.771551724137936,1863750,2023-02-26 03:28:38+00:00,patch,384.1019675925926,>180 days,挂机神话 20230226 圆饼出击
57,36,89.47368421052632,97.22222222222221,7.748538011695899,1863750,2023-04-28 18:07:26+00:00,patch,445.7122453703704,>180 days,挂机神话 20230428 圆饼出击
62,69,85.48387096774194,89.85507246376811,4.371201496026174,1865930,2024-07-22 18:14:46+00:00,patch,4.76025462962963,<=30 days (including pre-launch),PATCH NOTE 1.0.3
71,97,85.91549295774648,91.75257731958763,5.83708436184115,1866880,2022-08-13 04:53:50+00:00,patch,11.378761574074074,<=30 days (including pre-launch),Update Notes for Aug 13
407,180,94.1031941031941,96.66666666666667,2.5634725634725726,1866880,2022-10-13 22:30:18+00:00,patch,73.11241898148148,31-180 days,Update Notes for Oct 14
33,388,93.93939393939394,91.75257731958763,-2.186816619806308,1866880,2023-01-30 18:53:31+00:00,patch,181.961875,>180 days,Update Notes for Jan 31
150,4557,96.0,98.33223612025456,2.3322361202545636,1868140,2022-10-28 09:44:55+00:00,patch,1.1147106481481481,<=30 days (including pre-launch),[Released v0.6.1.473 Patch Notes]
1140,1091,97.80701754385966,97.98350137488544,0.17648383102577725,1868140,2023-01-06 07:24:33+00:00,patch,71.0172337962963,31-180 days,[Released - v0.6.1.608 Patch Notes]
591,1951,98.64636209813875,97.48846745258841,-1.1578946455503427,1868140,2023-03-10 06:00:07+00:00,patch,133.95859953703703,31-180 days,Dev Interview - 3/14 Update and Announcements
697,511,97.13055954088952,97.4559686888454,0.32540914795588094,1868140,2023-05-10 02:56:51+00:00,patch,194.8313310185185,>180 days,Released- 5/10 Hotfix
15550,20001,97.2282958199357,97.19514024298786,-0.03315557694783422,1868140,2023-07-10 11:06:54+00:00,patch,256.1716435185185,>180 days,Released- 7/10 Hotfix
2642,2161,96.9341408024224,97.1309578898658,0.19681708744339232,1868140,2023-10-06 11:34:00+00:00,patch,344.19046296296295,>180 days,Dev Interview - New Content Update in October!
20380,7306,99.05299313052012,96.40021899808376,-2.652774132436363,1868140,2023-12-17 08:53:10+00:00,patch,416.0787731481482,>180 days,Released - 12/17 Hotfix
1784,3015,95.73991031390135,96.18573797678275,0.4458276628813991,1868140,2024-03-11 06:37:08+00:00,patch,500.9843055555556,>180 days,03/11 Hotfix
1697,4412,96.46434885091337,96.46418857660925,-0.0001602743041217991,1868140,2024-05-24 18:34:09+00:00,patch,575.4822337962963,>180 days,5/24 (Friday) Hotfix
2663,1820,95.41870071348104,95.21978021978022,-0.19892049370082532,1868140,2024-08-12 07:52:29+00:00,patch,655.0366319444445,>180 days,8/12 (Mon) Hotfix
1447,2438,95.64616447823082,95.5701394585726,-0.07602501965821773,1868140,2024-10-24 07:06:37+00:00,patch,728.0047800925926,>180 days,Dave & Friends – Collaboration Update
2496,1721,95.67307692307693,95.93259732713538,0.2595204040584491,1868140,2025-01-13 08:33:45+00:00,patch,809.0652893518519,>180 days,1/13 (Mon) Hotfix
1907,2804,95.49029889879391,91.86875891583452,-3.6215399829593906,1868140,2025-04-10 09:27:50+00:00,patch,896.1028472222222,>180 days,4/10 (Thu) Hotfix
2352,2680,94.85544217687075,94.77611940298507,-0.07932277388567854,1868140,2025-06-30 12:38:30+00:00,patch,977.2352546296296,>180 days,6/30 (Mon) Hotfix
1386,1036,95.3102453102453,94.78764478764478,-0.522600522600527,1868140,2025-09-02 05:30:35+00:00,patch,1040.9380902777777,>180 days,9/2 (Tue) Hotfix
974,3586,95.68788501026694,97.43446737311768,1.746582362850745,1868140,2025-11-17 01:43:17+00:00,patch,1116.7802430555555,>180 days,11/17(Mon) Hotfix
2476,1517,93.578352180937,93.6717205009888,0.09336832005179474,1868140,2026-01-20 06:08:02+00:00,patch,1180.9640972222223,>180 days,1/20(Tue) Hotfix
1778,6772,94.54443194600674,92.6166568222091,-1.9277751237976446,1868140,2026-06-18 07:02:25+00:00,patch,1330.0018634259259,>180 days,6/18 Bug Fix Patch Notes Notice
2024,701,92.98418972332016,94.00855920114122,1.0243694778210681,1868140,2026-09-15 07:16:03+00:00,patch,1419.0113310185186,>180 days,9/15 Patch Notes
25,32,100.0,90.625,-9.375,1877650,2024-11-06 00:41:32+00:00,patch,2.028842592592593,<=30 days (including pre-launch),v1.003 - More balanced battle map generation + tile protection fix
22,76,90.9090909090909,94.73684210526315,3.827751196172244,1882040,2022-04-06 07:43:27+00:00,patch,5.029675925925926,<=30 days (including pre-launch),0.1.22 Hotfix - More Crashes Fixed
101,34,89.10891089108911,76.47058823529412,-12.638322655794994,1882040,2022-06-06 10:14:35+00:00,patch,66.13462962962963,31-180 days,0.2.03 Update: More Bricks | Walkthrough Event 2.0 Winners
30,20,80.0,50.0,-30.0,1884750,2022-03-22 00:42:28+00:00,patch,10.02949074074074,<=30 days (including pre-launch),Patch 1.5
22,24,72.72727272727273,87.5,14.772727272727266,1889620,2022-12-19 08:41:14+00:00,patch,291.40297453703704,>180 days,Some bug fixes
44,101,86.36363636363636,78.21782178217822,-8.14581458145814,1895820,2023-05-19 13:08:39+00:00,patch,2.547673611111111,<=30 days (including pre-launch),Greedventory - Hotfix 2023.05.19
24,72,95.83333333333334,90.27777777777779,-5.555555555555557,1895860,2022-04-10 16:17:17+00:00,patch,1.6781712962962962,<=30 days (including pre-launch),[Ver 0.1.04110] Update Info
43,22,93.02325581395348,100.0,6.976744186046517,1902300,2023-04-12 09:16:50+00:00,patch,15.386689814814815,<=30 days (including pre-launch),DROP - System Breach April Update
47,37,82.97872340425532,81.08108108108108,-1.8976423231742388,1902870,2024-04-19 00:06:33+00:00,patch,4.004548611111111,<=30 days (including pre-launch),Updates and Hot fixes 01
127,216,82.67716535433071,72.68518518518519,-9.99198016914552,1903560,2024-11-09 00:21:40+00:00,patch,2.0150462962962963,<=30 days (including pre-launch),Hotfix #1 - Patch Notes - v0.5.2
2160,2302,92.4074074074074,93.61424847958297,1.206841072175564,1904480,2025-10-16 14:22:11+00:00,patch,7.598738425925926,<=30 days (including pre-launch),ABSOLUM: Hotfix - r34294
594,774,92.76094276094277,87.33850129198967,-5.422441468953096,1904480,2026-02-12 16:04:39+00:00,patch,126.66989583333333,31-180 days,Unravel the Threads of Fate - 1.1 hits Talamh NOW!
260,254,87.6923076923077,88.9763779527559,1.2840702604482033,1904480,2026-08-07 08:09:27+00:00,patch,302.33989583333334,>180 days,"We’re Bringing More Fixes, Tweaks and Improvements to Talamh!"
36,34,88.88888888888889,97.05882352941177,8.169934640522882,1907000,2022-07-16 05:45:38+00:00,patch,4.677175925925926,<=30 days (including pre-launch),Patch 0.3.2 - Key Bindings and Camera Fix
29,54,96.55172413793103,87.03703703703704,-9.514687100893994,1907380,2022-12-19 12:54:19+00:00,patch,3.5377199074074075,<=30 days (including pre-launch),Arcane Vale 0.1.1 Additional fixes and improvements
58,254,65.51724137931035,75.59055118110236,10.073309801792007,1910780,2022-06-11 06:03:14+00:00,patch,2.25224537037037,<=30 days (including pre-launch),24 hours later
153,82,92.15686274509804,91.46341463414635,-0.6934481109516923,1911360,2023-12-28 15:41:04+00:00,patch,258.9345949074074,>180 days,Year-end patch notes!
721,3696,89.73647711511789,89.44805194805194,-0.28842516706595234,1911610,2024-10-25 17:15:25+00:00,patch,1.7190393518518519,<=30 days (including pre-launch),Day one patch
262,388,91.6030534351145,86.85567010309279,-4.7473833320217125,1911610,2025-03-04 16:36:41+00:00,patch,131.6921412037037,31-180 days,Windblown | Endless Update Out Now!
271,291,88.19188191881919,81.78694158075601,-6.404940338063184,1911610,2025-05-08 13:23:35+00:00,patch,196.5580439814815,>180 days,"Windblown | ""From the Leapers"" Update Beta"
145,105,84.82758620689656,86.66666666666667,1.8390804597701162,1911610,2025-09-09 15:28:17+00:00,patch,320.6446412037037,>180 days,Windblown | Alterattack Update Beta
201,122,87.06467661691542,89.34426229508196,2.2795856781665407,1911610,2025-11-28 19:23:09+00:00,patch,400.80774305555553,>180 days,"Lost & Altered | Balancing, QoL Patches & Stability"
96,80,79.16666666666666,83.75,4.583333333333343,1911610,2026-01-29 17:45:02+00:00,patch,462.7396064814815,>180 days,Windblown | Happy New Bug Fixes!
96,103,76.04166666666666,77.66990291262135,1.628236245954696,1911610,2026-04-02 10:26:27+00:00,patch,525.4350347222222,>180 days,"Break the Path | Balancing, QoL Patches & Stability"
78,158,79.48717948717949,82.27848101265823,2.791301525478744,1911610,2026-06-10 15:15:01+00:00,patch,594.6354282407408,>180 days,"Windblown | ""Hunters Gonna Hunt"" Update Open Beta!"
220,459,90.9090909090909,70.58823529411765,-20.320855614973254,1914580,2022-05-28 17:05:11+00:00,patch,3.086284722222222,<=30 days (including pre-launch),SPIRIT HUNTERS: INFINITE HORDE - Patch 1
69,103,75.36231884057972,82.52427184466019,7.161953004080473,1914580,2022-08-04 15:46:32+00:00,patch,71.03166666666667,31-180 days,Content Update 01 is LIVE!
28,49,85.71428571428571,93.87755102040816,8.163265306122454,1914580,2022-11-02 14:31:55+00:00,patch,160.97984953703704,31-180 days,Content Update 4
39,41,82.05128205128204,75.60975609756098,-6.441525953721069,1914580,2023-02-15 10:29:13+00:00,patch,265.81130787037034,>180 days,Content Patch 07
29,25,96.55172413793103,92.0,-4.551724137931032,1914580,2023-04-26 09:56:32+00:00,patch,335.7886111111111,>180 days,Content Patch 8
20,71,95.0,87.32394366197182,-7.676056338028175,1914580,2023-11-06 19:12:53+00:00,patch,530.1749652777778,>180 days,Patch 1.2
309,222,87.70226537216828,84.68468468468468,-3.0175806874836013,1915510,2023-04-11 15:58:11+00:00,patch,8.224293981481482,<=30 days (including pre-launch),"April 11, 2023 Patch Notes"
127,54,84.25196850393701,81.48148148148148,-2.7704870224555265,1915510,2023-06-17 23:21:14+00:00,patch,75.5319675925926,31-180 days,"Patch Notes 18th June, 2023"
59,69,88.13559322033898,86.95652173913044,-1.1790714812085383,1915510,2023-09-26 18:51:56+00:00,patch,176.3449537037037,31-180 days,"Patch Notes 27th September, 2023"
51,65,80.3921568627451,86.15384615384616,5.761689291101064,1915510,2023-12-08 20:37:37+00:00,patch,249.4183449074074,>180 days,Patch Notes 9th December. New character Ao Yu is now available
26,42,80.76923076923077,88.09523809523809,7.326007326007314,1915510,2024-03-09 21:51:26+00:00,patch,341.4696064814815,>180 days,"Patch Notes 10th March, 2024"
24,25,95.83333333333334,88.0,-7.833333333333343,1915510,2024-05-15 18:41:20+00:00,patch,408.3375925925926,>180 days,"Patch Update 16th May, 2024"
37,335,94.5945945945946,77.01492537313432,-17.57966922146028,1915510,2025-04-17 11:02:50+00:00,patch,745.0191898148148,>180 days,Yao-Guai Hunter V1.0
72,51,84.72222222222221,76.47058823529412,-8.251633986928098,1915510,2025-06-26 18:36:38+00:00,patch,815.3343287037037,>180 days,V1.2.0 UpDate
22,31,90.9090909090909,83.87096774193549,-7.038123167155419,1915510,2025-08-29 18:32:53+00:00,patch,879.3317245370371,>180 days,V1.2.2 New Features and Bug Fixes
28,34,78.57142857142857,94.11764705882352,15.546218487394952,1915510,2025-11-04 19:18:49+00:00,patch,946.3636226851852,>180 days,V1.2.5 Version Update
22,82,95.45454545454545,74.39024390243902,-21.06430155210643,1919720,2022-10-11 13:01:57+00:00,patch,1.0422453703703705,<=30 days (including pre-launch),Hotfixes
25,27,80.0,77.77777777777779,-2.2222222222222143,1919720,2022-12-22 16:55:45+00:00,patch,73.20460648148148,31-180 days,"Winter Major Update #3 – New Map, New Class and New Weapons!"
39,22,100.0,95.45454545454545,-4.545454545454547,1919750,2022-03-19 18:53:50+00:00,patch,4.78738425925926,<=30 days (including pre-launch),About the update log
23,132,95.65217391304348,93.18181818181817,-2.470355731225311,1929360,2022-04-04 11:46:42+00:00,patch,4.490763888888889,<=30 days (including pre-launch),"New area, New monster, New SkillCard (Ver 1.1.0)"
28,470,100.0,91.27659574468086,-8.723404255319139,1929870,2022-05-02 16:06:51+00:00,patch,3.87875,<=30 days (including pre-launch),Minor Update 4
171,216,93.56725146198829,94.44444444444444,0.8771929824561511,1929870,2022-07-10 05:28:56+00:00,patch,72.43575231481482,31-180 days,Progress of Major Update 5
101,107,89.10891089108911,66.35514018691589,-22.75377070417322,1929870,2022-09-10 04:57:22+00:00,patch,134.41383101851852,31-180 days,Major Update 6
86,48,80.23255813953489,83.33333333333334,3.100775193798455,1929870,2023-11-14 19:34:50+00:00,patch,565.0231828703704,>180 days,Hotfix 1.0d
26,46,100.0,86.95652173913044,-13.043478260869563,1929900,2022-11-18 16:44:52+00:00,patch,3.697824074074074,<=30 days (including pre-launch),Hotfix 11/18/2022
22,20,95.45454545454545,90.0,-5.454545454545453,1931510,2022-08-14 04:31:15+00:00,patch,5.188368055555555,<=30 days (including pre-launch),Ver.1.0.3 Released
68,100,26.47058823529412,62.0,35.529411764705884,1934080,2023-02-20 16:23:20+00:00,patch,0.5099189814814815,<=30 days (including pre-launch),《浮生箓2：九九行歌》 1.0.2.8版本更新公告
37,37,91.8918918918919,64.86486486486487,-27.02702702702703,1934080,2023-09-12 03:22:04+00:00,patch,203.96737268518518,>180 days,《浮生箓2：九九行歌》1.0.2.40版本更新公告
185,42,38.37837837837838,61.904761904761905,23.526383526383526,1934080,2023-11-15 08:44:02+00:00,patch,268.1909606481481,>180 days,"""Floating Life2"" version 1.0.2.49 update announcement"
21,35,100.0,97.14285714285714,-2.857142857142861,1934100,2022-05-21 17:54:34+00:00,patch,15.746226851851851,<=30 days (including pre-launch),Update Notes for May 21st
47,23,93.61702127659575,100.0,6.38297872340425,1938850,2022-05-05 23:39:14+00:00,patch,7.985578703703704,<=30 days (including pre-launch),Patch 1.1
33,628,100.0,97.92993630573248,-2.0700636942675175,1944570,2022-08-05 20:10:24+00:00,patch,0.2995023148148148,<=30 days (including pre-launch),Patch v1.2
352,229,97.72727272727273,96.06986899563319,-1.6574037316395476,1944570,2022-10-05 11:04:12+00:00,patch,60.92019675925926,31-180 days,Patch v8.2
293,178,95.90443686006826,97.19101123595506,1.2865743758868007,1944570,2022-12-06 13:17:07+00:00,patch,123.0125,31-180 days,Patch v17.1
175,105,94.28571428571428,96.19047619047619,1.9047619047619122,1944570,2023-02-07 11:43:24+00:00,patch,185.9474189814815,>180 days,Patch v26.1
959,282,96.97601668404589,96.09929078014184,-0.8767259039040454,1944570,2023-04-10 11:15:39+00:00,patch,247.92814814814815,>180 days,Patch v31.18
143,147,98.6013986013986,93.19727891156462,-5.404119689833976,1944570,2023-06-12 11:59:29+00:00,patch,310.95858796296295,>180 days,Patch v33.12
132,123,94.6969696969697,95.1219512195122,0.4249815225424953,1944570,2023-08-14 11:57:41+00:00,patch,373.957337962963,>180 days,Patch v35.4
88,65,94.31818181818183,95.38461538461539,1.0664335664335596,1944570,2023-10-16 13:05:00+00:00,patch,437.00408564814813,>180 days,Patch v35.19
86,72,87.20930232558139,93.05555555555556,5.846253229974167,1944570,2024-01-11 16:18:16+00:00,patch,524.1382986111112,>180 days,Patch v35.26
36,70,94.44444444444444,97.14285714285714,2.698412698412696,1944570,2024-04-01 16:04:37+00:00,patch,605.1288194444444,>180 days,Boned Bits and Bobs Update #36
23,42,100.0,97.61904761904762,-2.3809523809523796,1944570,2024-08-24 10:37:09+00:00,patch,749.9014120370371,>180 days,Patch v36.12
21,40,95.23809523809523,95.0,-0.2380952380952266,1944570,2025-10-27 15:28:22+00:00,patch,1179.1036458333333,>180 days,Celestial Update (v37)
41,63,68.29268292682927,80.95238095238095,12.659698025551677,1945230,2022-08-31 16:32:47+00:00,patch,5.017777777777778,<=30 days (including pre-launch),【220901】新增招募队友的选择
82,2032,97.5609756097561,96.40748031496062,-1.1534952947954764,1948280,2022-04-09 15:16:14+00:00,patch,1.636273148148148,<=30 days (including pre-launch),Stacklands v1.0.6
2606,1886,96.08595548733692,96.65959703075292,0.5736415434160023,1948280,2022-07-11 14:16:12+00:00,patch,94.59458333333333,31-180 days,News: Island Update Out Now!
395,3594,95.69620253164557,98.72008903728437,3.0238865056387993,1948280,2022-11-09 13:07:37+00:00,patch,215.54695601851853,>180 days,Dark Forest Update Out Now!
1327,926,95.47852298417483,95.68034557235421,0.20182258817938248,1948280,2023-01-10 13:27:48+00:00,patch,277.56097222222223,>180 days,Stacklands v1.3.5
358,355,96.36871508379889,94.64788732394366,-1.7208277598552257,1948280,2023-06-13 13:58:25+00:00,patch,431.5822337962963,>180 days,News Update - June 2023
601,427,97.17138103161398,97.18969555035129,0.018314518737312824,1948280,2023-08-22 11:40:55+00:00,patch,501.4867476851852,>180 days,Stacklands v1.4.1.18
215,412,94.88372093023256,96.84466019417476,1.9609392639422083,1948280,2024-10-16 09:16:01+00:00,patch,922.3861226851852,>180 days,New DLC & free update releasing October 30th!
338,105,94.97041420118343,97.14285714285714,2.172442941673708,1951230,2023-10-12 11:19:48+00:00,patch,14.472083333333334,<=30 days (including pre-launch),Pizza Possum Pickle Patch 0.1
25,47,76.0,87.2340425531915,11.2340425531915,1952930,2022-07-30 13:29:55+00:00,patch,2.530173611111111,<=30 days (including pre-launch),EA version of Soul Wargame updated to v2.5.12
36,147,41.66666666666667,45.57823129251701,3.911564625850339,1955030,2024-04-26 16:42:39+00:00,patch,0.6962847222222223,<=30 days (including pre-launch),"GAME IS RELEASED, AND WE ARE WORKING ON FIXES!"
203,461,100.0,99.34924078091106,-0.6507592190889397,1955830,2023-02-26 01:14:33+00:00,patch,0.6799305555555556,<=30 days (including pre-launch),补丁更新 2023.2.26
38,65,94.73684210526315,96.92307692307692,2.1862348178137694,1955830,2023-06-08 18:11:18+00:00,patch,103.38600694444445,31-180 days,Patch note 2023.6.9
100,121,98.0,93.38842975206612,-4.611570247933884,1955830,2023-10-14 11:32:12+00:00,patch,231.10885416666667,>180 days,Major Content Update Available！
112,1340,97.32142857142857,96.49253731343283,-0.8288912579957355,1955830,2024-04-03 09:53:59+00:00,patch,403.04064814814814,>180 days,Touhou Hero of Ice Fairy 1.0 out now!
402,496,99.50248756218906,97.98387096774194,-1.5186165944471242,1955830,2024-11-29 13:32:57+00:00,patch,643.1927083333334,>180 days,Major Update! Roguelite Mode public beta!
137,194,96.35036496350365,97.42268041237114,1.072315448867485,1955830,2025-02-01 13:18:46+00:00,patch,707.1828587962963,>180 days,Major Update! Brand-New BOSS Unleashed!
140,230,97.85714285714285,97.82608695652173,-0.031055900621112187,1955830,2025-06-26 17:09:30+00:00,patch,852.3430902777778,>180 days,Summer Update Now Available!
101,125,99.00990099009901,96.0,-3.0099009900990126,1955830,2025-09-29 18:24:31+00:00,patch,947.3951851851851,>180 days,Autumn Update Is Here! Many Improvements Inbound!
27,43,66.66666666666666,72.09302325581395,5.426356589147289,1969100,2022-10-28 14:15:58+00:00,patch,4.5944212962962965,<=30 days (including pre-launch),Feedback Fixes Day 3.5
22,51,81.81818181818183,78.43137254901961,-3.386809269162214,1976230,2022-09-16 12:17:47+00:00,patch,7.5123495370370375,<=30 days (including pre-launch),Update 0.2.2
28,22,75.0,63.63636363636363,-11.363636363636367,1979570,2024-09-28 17:09:15+00:00,patch,548.3725,>180 days,Update 1 - Hotfix 1
25,38,52.0,52.63157894736842,0.6315789473684177,1980770,2022-08-19 20:57:42+00:00,patch,0.8320601851851852,<=30 days (including pre-launch),0.2.0
42,36,90.47619047619048,72.22222222222221,-18.253968253968267,1989560,2022-06-20 20:56:39+00:00,patch,5.976770833333333,<=30 days (including pre-launch),Bug fixes
107,286,92.5233644859813,90.9090909090909,-1.6142735768903975,1990110,2024-02-14 12:25:36+00:00,patch,1.811076388888889,<=30 days (including pre-launch),Hotfix #1 - 0.9.0b40
115,57,89.56521739130436,89.47368421052632,-0.09153318077804329,1990110,2024-04-18 12:13:55+00:00,patch,65.80296296296297,31-180 days,Hotfix
30,45,86.66666666666667,75.55555555555556,-11.111111111111114,1990110,2024-07-11 12:03:06+00:00,patch,149.7954513888889,31-180 days,"Update #4: “Umbraxis, the Great Lindwyrm”"
23,48,95.65217391304348,81.25,-14.402173913043484,1990110,2024-10-31 12:41:26+00:00,patch,261.82207175925925,>180 days,Update 5: Hotfix #1
26,250,88.46153846153845,82.8,-5.661538461538456,1990110,2025-04-24 17:00:38+00:00,patch,437.00207175925925,>180 days,SpellRogue 1.0 is OUT NOW!
60,74,76.66666666666667,87.83783783783784,11.171171171171167,1990110,2025-06-25 12:14:12+00:00,patch,498.80315972222223,>180 days,SpellRogue 1.1.0 - The Sacred Beast Awakens
113,471,85.84070796460178,80.2547770700637,-5.58593089453808,1993150,2022-12-03 08:19:06+00:00,patch,0.9889583333333334,<=30 days (including pre-launch),12.3 Update notice
95,122,75.78947368421053,89.34426229508196,13.554788610871427,1993150,2023-02-08 02:09:59+00:00,patch,67.73262731481482,31-180 days,2.8 Official service update announcement
176,91,79.54545454545455,87.91208791208791,8.366633366633366,1993150,2023-04-13 05:54:07+00:00,patch,131.88827546296295,31-180 days,April 13th Test server update announcement:
363,350,95.31680440771349,82.57142857142857,-12.745375836284921,1993150,2023-06-15 10:10:41+00:00,patch,195.06644675925926,>180 days,Test suit Update - Rise to the fairy
77,65,76.62337662337663,84.61538461538461,7.992007992007984,1993150,2023-08-15 10:59:14+00:00,patch,256.100162037037,>180 days,8.15 Test Service Update Bulletin
84,52,82.14285714285714,88.46153846153845,6.318681318681314,1993150,2023-10-16 02:11:33+00:00,patch,317.7337152777778,>180 days,10.16 Update notice
77,64,77.92207792207793,78.125,0.20292207792206796,1993150,2023-12-16 10:35:52+00:00,patch,379.08393518518517,>180 days,12.16 Test Service Update Announcement
34,43,82.35294117647058,86.04651162790698,3.6935704514364005,1993150,2024-04-29 11:42:40+00:00,patch,514.1303240740741,>180 days,20240429 Test server update
21,26,57.14285714285714,92.3076923076923,35.16483516483517,1993150,2025-07-04 02:23:39+00:00,patch,944.7421180555556,>180 days,Update on April 7th
27,44,88.88888888888889,84.0909090909091,-4.797979797979792,1993150,2026-04-30 13:27:42+00:00,patch,1245.2032638888888,>180 days,4.30更新公告
74,389,78.37837837837837,75.32133676092545,-3.0570416174529242,1998450,2023-03-17 14:47:49+00:00,patch,1.6165393518518518,<=30 days (including pre-launch),发售日紧急更新-优化流程、战斗系统解锁、更改误导描述
20,39,95.0,94.87179487179486,-0.1282051282051384,2002220,2023-05-05 04:54:35+00:00,patch,1.6283680555555555,<=30 days (including pre-launch),Day 2 Patch
93,99,92.47311827956989,92.92929292929293,0.4561746497230388,2002220,2024-11-02 17:07:40+00:00,patch,549.1374537037037,>180 days,Patch Build 1.0.1 is Live
106,36,93.39622641509435,72.22222222222221,-21.174004192872133,2002220,2025-09-24 17:27:55+00:00,patch,875.1515162037037,>180 days,Patch Build 1.2.1
67,175,74.6268656716418,74.85714285714286,0.23027718550106613,2003050,2023-02-14 00:30:08+00:00,patch,1.020925925925926,<=30 days (including pre-launch),Perseus: Titan Slayer - Update
28,28,100.0,100.0,0.0,2009380,2022-09-24 00:45:18+00:00,patch,10.031458333333333,<=30 days (including pre-launch),They Don't Sleep Update 3 (v1.01)
37,165,91.8918918918919,93.33333333333333,1.4414414414414267,2009860,2023-02-15 20:33:51+00:00,patch,0.8568402777777778,<=30 days (including pre-launch),v1.9.1 - Hotfix
29,49,100.0,97.95918367346938,-2.040816326530617,2010420,2022-06-10 18:50:17+00:00,patch,2.7849189814814816,<=30 days (including pre-launch),Pewt 'em Up! updated to v.1.2.0
51,38,80.3921568627451,76.31578947368422,-4.076367389060877,2027970,2023-04-30 18:43:57+00:00,patch,2.7805208333333336,<=30 days (including pre-launch),Update v0.11.6a
88,138,92.04545454545455,95.65217391304348,3.606719367588937,2050590,2022-10-25 13:27:20+00:00,patch,4.5606481481481485,<=30 days (including pre-launch),Updates and bug fix
142,79,96.47887323943662,91.13924050632912,-5.339632733107507,2058570,2024-04-03 11:19:49+00:00,patch,9.354189814814815,<=30 days (including pre-launch),EA Patch 1
21,29,95.23809523809523,86.20689655172413,-9.031198686371098,2058570,2024-06-24 12:38:11+00:00,patch,91.40861111111111,31-180 days,Beta Branch Patch 7
57,25,89.47368421052632,88.0,-1.473684210526315,2058570,2025-03-05 05:16:25+00:00,patch,345.1018287037037,>180 days,The Beta Branch is Back
22,28,100.0,92.85714285714286,-7.142857142857139,2058570,2025-05-14 03:25:49+00:00,patch,415.02502314814814,>180 days,Beta Branch Patch 29
139,411,70.50359712230215,79.07542579075427,8.571828668452113,2061150,2023-02-16 11:54:46+00:00,patch,2.4963657407407407,<=30 days (including pre-launch),【アップデート バージョン 1.0.1】重篤な不具合の修正
9230,7095,95.6771397616468,96.56095842142354,0.8838186597767361,2062430,2025-11-05 16:51:16+00:00,patch,21.70226851851852,<=30 days (including pre-launch),November Bug Fix Patch
3180,1841,94.33962264150944,95.38294405214558,1.043321410636139,2062430,2026-01-19 17:07:52+00:00,patch,96.7137962962963,31-180 days,BALL x PIT: The Regal Update Launches January 26th!
711,676,96.0618846694796,92.45562130177515,-3.606263367704443,2062430,2026-04-20 16:11:08+00:00,patch,187.67439814814816,>180 days,BALL x PIT: The Shadow Update launches April 27
432,804,89.81481481481481,91.54228855721394,1.7274737423991269,2062430,2026-07-28 16:03:40+00:00,patch,286.66921296296294,>180 days,BALL x PIT's Final Free Update Launches August 6!
2808,685,79.0954415954416,85.98540145985402,6.889959864412418,2071280,2023-04-19 14:59:02+00:00,patch,-525.3756712962963,<=30 days (including pre-launch),Ravenswatch Patch note - Version 0.12.00
287,180,86.41114982578398,81.66666666666667,-4.7444831591173084,2071280,2023-07-12 13:00:28+00:00,patch,-441.45800925925926,<=30 days (including pre-launch),Ravenswatch Hotfix (DX12 Error 0x887a0005) - Version 0.13.03
395,307,72.9113924050633,84.69055374592834,11.779161340865045,2071280,2023-09-14 15:04:17+00:00,patch,-377.37202546296294,<=30 days (including pre-launch),Ravenswatch Hotfix (Game Difficulty) - Version 0.14.02
177,777,83.61581920903954,85.07078507078506,1.4549658617455208,2071280,2023-11-16 16:01:35+00:00,patch,-314.3322337962963,<=30 days (including pre-launch),Ravenswatch Patch note - Sun Wukong Version 0.15.01
241,199,74.68879668049793,83.41708542713567,8.728288746637745,2071280,2024-01-26 14:15:18+00:00,patch,-243.40604166666665,<=30 days (including pre-launch),The Dark Tales Update releases on February 1st (Reveal Teaser)
232,992,83.62068965517241,82.15725806451613,-1.4634315906562847,2071280,2024-04-10 17:29:13+00:00,patch,-168.27137731481483,<=30 days (including pre-launch),The Fall of Avalon Update will be released on April 22nd!
272,402,84.19117647058823,67.91044776119402,-16.28072870939421,2071280,2024-06-27 15:05:14+00:00,patch,-90.37136574074074,<=30 days (including pre-launch),Ravenswatch Patch note (Voice Chat and Balancing) - Version 0.17.03
194,1652,84.5360824742268,76.39225181598063,-8.143830658246173,2071280,2024-09-19 15:34:02+00:00,patch,-6.351365740740741,<=30 days (including pre-launch),One week before Ravenswatch 1.0!
684,1044,85.96491228070175,90.90038314176245,4.935470861060693,2071280,2024-11-28 09:00:40+00:00,patch,63.37546296296296,31-180 days,Ravenswatch Patch note (Crossplay) - Version 1.0.06
371,640,81.6711590296496,72.8125,-8.858659029649601,2071280,2025-01-30 09:05:57+00:00,patch,126.37913194444444,31-180 days,Ravenswatch Patch Note (Nightmares Unleashed Update) - Version 1.1.0
298,1001,79.53020134228188,78.52147852147851,-1.0087228208033707,2071280,2025-05-27 08:10:42+00:00,patch,243.3407638888889,>180 days,Ravenswatch Patch Note (Romeo & Juliet DLC) - Version 1.2.1
453,478,77.92494481236203,80.5439330543933,2.6189882420312784,2071280,2025-08-29 15:00:52+00:00,patch,337.62560185185185,>180 days,The Hourglass of Dreams Update launches on September 17! (Reveal Date Teaser)
417,771,74.34052757793765,72.50324254215305,-1.8372850357846033,2071280,2026-01-19 09:08:06+00:00,patch,480.380625,>180 days,Ravenswatch Patch Note (Merlin DLC + Free Update) - Version 1.04
300,358,79.33333333333333,78.77094972067039,-0.5623836126629413,2071280,2026-04-30 13:00:49+00:00,patch,581.5422337962963,>180 days,The Songs of Thieves Update (Content Highlights)
402,362,77.61194029850746,78.45303867403315,0.8410983755256893,2071280,2026-07-09 14:14:35+00:00,patch,651.5934606481482,>180 days,"Ravenswatch Patch Notes (Multiplayer in Russia, Bug Fixes) - Version 1.5.01"
31,78,100.0,93.58974358974359,-6.410256410256409,2071430,2024-01-25 18:33:31+00:00,patch,1.0661342592592593,<=30 days (including pre-launch),January Hotfix
38,57,81.57894736842105,94.73684210526315,13.157894736842096,2071430,2024-09-11 14:15:34+00:00,patch,230.88700231481482,>180 days,Update 1.1 - QoL + Performance Fixes
63,42,85.71428571428571,69.04761904761905,-16.666666666666657,2072980,2025-01-15 20:50:24+00:00,patch,3.868333333333333,<=30 days (including pre-launch),v0.1.1 Update Notes
29,51,100.0,98.0392156862745,-1.9607843137254974,2074480,2023-02-22 20:18:35+00:00,patch,98.84623842592593,31-180 days,v2.0.9 - 2023.2.26
214,592,84.11214953271028,82.0945945945946,-2.01755493811568,2078230,2025-04-30 14:58:41+00:00,patch,2.624085648148148,<=30 days (including pre-launch),Hotfix #3
20,42,60.0,64.28571428571429,4.285714285714292,2078230,2026-02-19 13:11:21+00:00,patch,297.5495486111111,>180 days,Patch#8
85,338,92.94117647058823,81.65680473372781,-11.284371736860422,2082410,2024-04-13 11:25:47+00:00,patch,2.476238425925926,<=30 days (including pre-launch),We've Rolled Out A New Update!
34,107,79.41176470588235,85.98130841121495,6.569543705332606,2083900,2022-09-12 19:12:35+00:00,patch,3.8004050925925927,<=30 days (including pre-launch),Major Pacing Update (1.1.0)
26,127,92.3076923076923,73.22834645669292,-19.07934585099939,2086140,2023-05-02 23:23:50+00:00,patch,1.9748842592592593,<=30 days (including pre-launch),Changelog for v18!
187,602,98.3957219251337,97.67441860465115,-0.7213033204825479,2088570,2022-09-25 07:48:11+00:00,patch,2.325127314814815,<=30 days (including pre-launch),Steam Integration Hotfix - V 0.1.5 V1
574,561,97.90940766550523,98.2174688057041,0.3080611401988733,2088570,2022-11-24 22:30:49+00:00,patch,62.93806712962963,31-180 days,PTR Update 0.1.7e
132,246,94.6969696969697,97.96747967479675,3.2705099778270466,2088570,2023-03-17 18:14:48+00:00,patch,175.7602777777778,31-180 days,PTR Update
76,55,96.05263157894737,96.36363636363636,0.31100478468898984,2088570,2023-07-09 19:46:32+00:00,patch,289.8239814814815,>180 days,Where is the update?
178,1387,94.3820224719101,96.39509733237203,2.013074860461927,2088570,2023-12-23 10:55:53+00:00,patch,456.45547453703705,>180 days,Hotfix: 0.2.0 V5
313,431,97.76357827476039,97.91183294663574,0.1482546718753497,2088570,2024-03-27 15:36:38+00:00,patch,551.6504398148148,>180 days,0.2.4 Patch Notes
489,316,96.52351738241309,96.51898734177216,-0.004530040640929656,2088570,2024-05-31 20:19:36+00:00,patch,616.8469444444445,>180 days,0.2.5 Beta Kick Off
273,533,95.6043956043956,93.62101313320825,-1.9833824711873547,2088570,2024-08-07 14:55:06+00:00,patch,684.6215972222222,>180 days,Tiny Rogues: The Clean Update
208,172,95.67307692307693,94.76744186046511,-0.9056350626118217,2088570,2024-10-09 17:57:03+00:00,patch,747.7479513888889,>180 days,When's the next patch?
157,153,97.45222929936305,92.81045751633987,-4.641771783023188,2088570,2025-01-10 18:41:56+00:00,patch,840.7791203703704,>180 days,0.2.8.1 Patch Notes
118,140,94.91525423728814,87.14285714285714,-7.772397094431,2088570,2025-03-11 21:49:54+00:00,patch,900.9096527777778,>180 days,0.2.8.4 Patch Notes
64,64,96.875,100.0,3.125,2088570,2025-10-03 15:08:02+00:00,patch,1106.6305787037038,>180 days,0.2.8.6 Patch Notes
47,229,91.48936170212765,65.93886462882097,-25.550497073306687,2088650,2023-08-18 22:10:07+00:00,patch,1.9236921296296297,<=30 days (including pre-launch),Patch Notes V1.0.1
37,302,81.08108108108108,67.54966887417218,-13.531412206908897,2092850,2023-07-20 12:38:46+00:00,patch,1.5269212962962964,<=30 days (including pre-launch),Krzyżacy - The Knights of the Cross - Patch 1 Update Announcement (V1.0.02)
27,76,85.18518518518519,98.68421052631578,13.49902534113059,2092850,2023-09-27 05:49:24+00:00,patch,70.24263888888889,31-180 days,Krzyżacy - The Knights of the Cross - Patch 5 Update Announcement (V1.0.06)
24,28,79.16666666666666,96.42857142857143,17.261904761904773,2093910,2022-09-28 01:52:12+00:00,patch,-426.9220833333333,<=30 days (including pre-launch),0928 Update
30,31,93.33333333333333,77.41935483870968,-15.913978494623649,2093910,2023-08-04 06:28:46+00:00,patch,-116.73002314814815,<=30 days (including pre-launch),Aug.04 【Test Branch Update】Talent System Reforge & More Contents
307,291,88.92508143322475,88.65979381443299,-0.2652876187917599,2093910,2023-12-08 09:22:07+00:00,patch,9.390358796296296,<=30 days (including pre-launch),1.0.0.11 Update | Easier to Merge Abilities Now!
79,94,88.60759493670885,92.5531914893617,3.9455965526528445,2093910,2024-03-22 08:31:06+00:00,patch,114.35493055555555,31-180 days,1.1.0.16 Update | Endless Mode Is Adjusted! Made the Game Play Smoother!
28,21,89.28571428571429,76.19047619047619,-13.095238095238102,2093910,2024-06-03 09:25:17+00:00,patch,187.39255787037038,>180 days,V1.2.0.5 Update | Bug Fix
188,80,87.7659574468085,85.0,-2.7659574468084998,2094910,2023-06-11 23:06:19+00:00,patch,9.29670138888889,<=30 days (including pre-launch),V0.4.1.9 Patch Notes
35,83,68.57142857142857,54.21686746987952,-14.354561101549052,2094910,2025-07-25 14:20:37+00:00,patch,783.9316319444445,>180 days,Day 1&2 Patches (v1.0.10)
85,48,98.82352941176471,97.91666666666666,-0.9068627450980529,2095890,2024-01-29 09:22:39+00:00,patch,80.39072916666667,31-180 days,"The full version of the game will be released on February 5th, priced at $4.99."
27,52,85.18518518518519,84.61538461538461,-0.5698005698005773,2096510,2023-02-28 22:48:26+00:00,patch,1.9503009259259259,<=30 days (including pre-launch),Minor bugfixes
33,30,96.96969696969697,83.33333333333334,-13.636363636363626,2096510,2023-06-13 01:24:09+00:00,patch,106.0584375,31-180 days,"Localization Update, New Units and Practice Mode"
99,95,96.96969696969697,95.78947368421052,-1.1802232854864485,2097230,2024-04-09 14:00:55+00:00,patch,82.58396990740741,31-180 days,Localization Update is Out Now!
50,43,96.0,93.02325581395348,-2.976744186046517,2097230,2024-08-31 03:26:40+00:00,patch,226.1435185185185,>180 days,New Holiday Hats Are On The Way!
25,26,92.0,73.07692307692307,-18.923076923076934,2097620,2023-11-15 10:14:14+00:00,patch,1.426550925925926,<=30 days (including pre-launch),November 15th update instructions
21,49,90.47619047619048,87.75510204081633,-2.7210884353741562,2099220,2022-09-12 12:08:13+00:00,patch,24.528703703703705,<=30 days (including pre-launch),Hotfixed
26,26,84.61538461538461,92.3076923076923,7.692307692307693,2099220,2022-11-18 03:23:46+00:00,patch,91.16450231481481,31-180 days,Version a.1.9.0
20,32,85.0,71.875,-13.125,2099220,2023-02-04 06:43:01+00:00,patch,169.30287037037036,31-180 days,Version a.1.17.0
37,30,91.8918918918919,100.0,8.108108108108098,2100050,2022-10-16 11:32:46+00:00,patch,6.481087962962963,<=30 days (including pre-launch),The Fields Update!
54,253,90.74074074074075,67.58893280632411,-23.151807934416638,2100150,2024-04-23 13:55:04+00:00,patch,0.4968518518518519,<=30 days (including pre-launch),v0.9.1.1 Patch Note
33,63,60.60606060606061,69.84126984126983,9.235209235209226,2102320,2023-10-29 04:19:50+00:00,patch,188.18672453703704,>180 days,Hot Fixes Applied!
144,3115,88.19444444444444,91.30016051364366,3.105716069199218,2103140,2023-11-02 14:35:11+00:00,patch,0.5071180555555556,<=30 days (including pre-launch),【1102】 First Day of Release Bug Feedback Fix Patch Update
833,332,91.11644657863145,89.45783132530121,-1.6586152533302396,2103140,2024-01-03 04:22:59+00:00,patch,62.08197916666666,31-180 days,【0103】Patch Updates
358,587,85.75418994413407,91.82282793867121,6.068637994537141,2103140,2024-03-14 13:32:29+00:00,patch,133.4635763888889,31-180 days,0.8 Version Major Update | Developer's Log 05 for Magicraft
323,238,95.3560371517028,93.69747899159664,-1.6585581601061534,2103140,2024-05-14 13:38:22+00:00,patch,194.46766203703703,>180 days,[0514] V0.82.13 Bug Fix Patch Update
83,2519,91.56626506024097,90.98848749503772,-0.5777775652032489,2103140,2024-10-29 03:00:26+00:00,patch,362.02465277777776,>180 days,Magicraft V1.0 release on NOV 02！
1032,628,96.02713178294574,94.10828025477707,-1.9188515281686733,2103140,2024-12-30 11:41:00+00:00,patch,424.3861574074074,>180 days,【1230】V1.0.48 Patch Updates
705,417,95.74468085106383,95.92326139088729,0.17858053982345723,2103140,2025-03-03 10:01:02+00:00,patch,487.3167361111111,>180 days,【0303】V1.1.15 Patch Updates
279,207,93.54838709677419,93.23671497584542,-0.31167212092877605,2103140,2025-05-06 10:06:18+00:00,patch,551.3203935185185,>180 days,【0506】V1.1.16 Patch Updates
159,467,91.19496855345912,94.64668094218416,3.451712388725042,2103140,2025-10-29 03:37:56+00:00,patch,727.0506944444444,>180 days,Magicraft Ver. 1.2 — Free Crossover DLC with DAVE THE DIVER Now Available!
295,230,90.84745762711864,95.65217391304348,4.80471628592484,2103140,2026-01-21 07:40:07+00:00,patch,811.2188773148148,>180 days,【0121】V1.2.19 Patch Updates
160,161,91.25,93.7888198757764,2.5388198757763973,2103140,2026-07-02 10:57:43+00:00,patch,973.356099537037,>180 days,【0702】V1.2.27 Version update
80,69,91.25,91.30434782608695,0.05434782608695343,2103140,2026-09-23 03:29:35+00:00,patch,1056.0448958333334,>180 days,"Magicraft × ""Lost Castle 2"" Crossover Available! v1.2.42 Update Announcement"
168,679,89.88095238095238,87.48159057437408,-2.3993618065782982,2106670,2024-05-14 20:09:24+00:00,patch,1.254224537037037,<=30 days (including pre-launch),Update 0.8.0.37
30,141,93.33333333333333,78.01418439716312,-15.319148936170208,2106670,2024-10-07 16:00:59+00:00,patch,147.08171296296297,31-180 days,Interplanetary Store Update
47,87,91.48936170212765,85.0574712643678,-6.431890437759847,2106670,2025-02-18 21:31:07+00:00,patch,281.31097222222223,>180 days,Children of Tarra (Beta Hotfix)
34,59,94.11764705882352,84.7457627118644,-9.37188434695912,2106670,2025-05-30 17:19:17+00:00,patch,382.13608796296296,>180 days,"Gatekeeper 1.0 launches on August 1, 2025!"
48,700,85.41666666666666,80.0,-5.416666666666657,2106670,2025-08-01 16:01:52+00:00,patch,445.0823263888889,>180 days,1.0 Update - The Nowhere Throne
126,62,76.98412698412699,82.25806451612904,5.273937532002051,2106670,2025-10-05 13:49:48+00:00,patch,509.9906134259259,>180 days,Security Update
196,77,89.28571428571429,84.4155844155844,-4.870129870129887,2106670,2025-12-11 14:45:02+00:00,patch,577.0289699074074,>180 days,News: Update 1.2 & Gatekeeper: Crustad
73,89,78.08219178082192,76.40449438202246,-1.6776973987994523,2106670,2026-02-10 14:25:00+00:00,patch,638.0150578703704,>180 days,Core Aspect Update & Crustad DLC arrive on February 19th
41,24,78.04878048780488,79.16666666666666,1.1178861788617809,2106670,2026-05-11 06:22:12+00:00,patch,727.6797800925926,>180 days,Update 1.2.0.30
1888,1118,98.41101694915254,97.40608228980322,-1.004934659349317,2111190,2024-05-22 17:36:43+00:00,patch,7.733831018518519,<=30 days (including pre-launch),WEEK 1 PATCH 1.01
441,277,96.82539682539682,98.55595667870037,1.7305598533035464,2111190,2024-08-13 22:18:17+00:00,patch,90.92936342592593,31-180 days,PATCH 1.09
900,540,99.44444444444444,98.14814814814815,-1.2962962962962905,2111190,2024-12-19 08:55:14+00:00,patch,218.37168981481483,>180 days,🚨 ULTRAKILL CROSSOVER update! 🚨
106,206,98.11320754716981,96.60194174757282,-1.511265799596984,2111190,2025-12-18 18:07:32+00:00,patch,582.7552314814815,>180 days,PATCH 1.13
46,129,97.82608695652173,82.17054263565892,-15.655544320862816,2113040,2023-10-13 14:53:45+00:00,patch,1.1709722222222223,<=30 days (including pre-launch),"Balance, Bugs and Optimization"
43,223,81.3953488372093,74.88789237668162,-6.507456460527678,2118250,2024-04-04 00:57:09+00:00,patch,2.0396875,<=30 days (including pre-launch),1.0.86 Patch Note
82,99,96.34146341463415,93.93939393939394,-2.4020694752402107,2118370,2023-04-17 18:02:44+00:00,patch,3.751898148148148,<=30 days (including pre-launch),Patch notes V.0.1.27
113,430,73.45132743362832,77.44186046511628,3.9905330314879564,2118810,2024-09-27 20:00:09+00:00,patch,1.8334375,<=30 days (including pre-launch),Patch #1 - Bug and Crash Fixes
96,107,71.875,87.85046728971963,15.975467289719631,2118810,2024-11-28 09:33:06+00:00,patch,63.39798611111111,31-180 days,Hotfix #6 - Minor bug fixes
54,44,72.22222222222221,79.54545454545455,7.323232323232332,2118810,2025-02-06 17:46:26+00:00,patch,133.7405787037037,31-180 days,Development Update: Meta-Progression Rework & UI Overhaul
21,40,71.42857142857143,82.5,11.07142857142857,2118810,2025-04-08 16:48:27+00:00,patch,194.7003125,>180 days,Experimental Branch Update #3 – Equipment upgrades
50,37,68.0,78.37837837837837,10.378378378378372,2118810,2025-06-22 06:15:08+00:00,patch,269.26050925925927,>180 days,"Patch #18 - Drafting table rework, card buffs and a new event"
28,57,67.85714285714286,63.1578947368421,-4.699248120300759,2118810,2025-10-13 12:27:56+00:00,patch,382.5193981481481,>180 days,Patch #19 Hotfix - Patched Unity's vulnerability and station soft locks
30,50,80.0,70.0,-10.0,2118810,2025-12-18 15:58:09+00:00,patch,448.66538194444445,>180 days,"Patch #27 - Missile bug fix, Equipment subtypes, new cards"
21,31,76.19047619047619,80.64516129032258,4.454685099846387,2118810,2026-04-28 11:09:03+00:00,patch,579.4646180555555,>180 days,"Experimental branch update: Resource Bays, Railguns, and Reactor Lock"
30,34,76.66666666666667,76.47058823529412,-0.19607843137255543,2118810,2026-06-27 13:17:48+00:00,patch,639.5540277777778,>180 days,"Patch #32 (Experimental) - Flak overhaul, memory leak fix"
32,21,68.75,80.95238095238095,12.202380952380949,2118810,2026-09-02 07:49:14+00:00,patch,706.3258564814815,>180 days,"Balance Patch #7 - Balance, Bug-fixes, Unlock changes"
33,134,100.0,100.0,0.0,2128270,2023-05-03 20:39:17+00:00,patch,2.4601967592592593,<=30 days (including pre-launch),version 0.5.3 'pain cleric'
45,24,97.77777777777777,95.83333333333334,-1.9444444444444287,2128270,2023-07-31 01:39:02+00:00,patch,90.66835648148148,31-180 days,version 0.7.0 'Lapis Gate'
28,30,100.0,100.0,0.0,2128270,2023-10-10 02:25:26+00:00,patch,161.7005787037037,31-180 days,version 0.8.6 'Sacrifice'
38,39,100.0,100.0,0.0,2128270,2023-12-09 17:20:02+00:00,patch,222.32182870370372,>180 days,version 0.9.3.9 Ormjarl / Mura
39,66,100.0,100.0,0.0,2128270,2024-02-24 07:27:56+00:00,patch,298.91064814814814,>180 days,version 0.9.5.3 'Jeweled Visage'
59,417,94.91525423728814,98.08153477218225,3.1662805348941134,2128270,2024-04-24 18:04:09+00:00,patch,359.35246527777775,>180 days,version 0.9.8.7 added Ill Manica
91,133,98.9010989010989,97.74436090225564,-1.156737998843269,2128270,2024-08-04 15:57:28+00:00,patch,461.26449074074077,>180 days,version 1.4 the Eaten Star
51,43,96.07843137254902,93.02325581395348,-3.0551755585955362,2128270,2024-10-10 20:24:02+00:00,patch,528.4496064814815,>180 days,1.4.2 the Lands roll forth...
212,376,98.11320754716981,99.7340425531915,1.620835006021693,2128270,2024-12-13 23:26:05+00:00,patch,592.5760300925926,>180 days,1.4.3 O struggler...
165,96,87.27272727272727,84.375,-2.8977272727272663,2129810,2025-03-27 13:43:21+00:00,patch,9.571770833333334,<=30 days (including pre-launch),Demo Update: Version 1.0.1 Patch Notes
139,21,76.97841726618705,80.95238095238095,3.9739636861938976,2134560,2023-10-27 03:05:52+00:00,patch,21.00170138888889,<=30 days (including pre-launch),Patch Notes（Rev 2890）
662,484,91.6918429003021,93.38842975206612,1.6965868517640104,2138710,2023-05-11 08:29:58+00:00,patch,44.35414351851852,31-180 days,Sifu | Patch Note 1.22
406,654,92.61083743842364,93.57798165137615,0.9671442129525047,2138710,2023-09-07 13:02:12+00:00,patch,163.54319444444445,31-180 days,Out Now: Sifu's Final Content Update
33,52,87.87878787878788,88.46153846153845,0.5827505827505775,2142300,2025-11-02 16:59:41+00:00,patch,2.708113425925926,<=30 days (including pre-launch),Mise à jour 1.3.6
29,35,89.65517241379311,100.0,10.34482758620689,2144220,2024-04-07 12:20:04+00:00,patch,4.513935185185185,<=30 days (including pre-launch),ver2.0.1アップデート内容
21,64,95.23809523809523,98.4375,3.1994047619047734,2147530,2025-07-15 17:37:50+00:00,patch,620.4424074074074,>180 days,Version 1.0.5 Patch notes
31,336,87.09677419354838,79.16666666666666,-7.930107526881727,2151580,2022-12-02 15:49:40+00:00,patch,2.1622453703703703,<=30 days (including pre-launch),【1203】游戏更新
193,75,87.04663212435233,77.33333333333333,-9.713298791019,2151580,2023-02-01 08:54:14+00:00,patch,62.87375,31-180 days,【0201】Update
26,33,76.92307692307693,78.78787878787878,1.8648018648018478,2151580,2023-05-15 17:47:37+00:00,patch,166.2441550925926,31-180 days,【0516】Update
120,31,88.33333333333333,87.09677419354838,-1.2365591397849443,2154240,2025-03-19 10:59:56+00:00,patch,8.458287037037037,<=30 days (including pre-launch),Patch Notes: 0.5.1.5
20,20,100.0,90.0,-10.0,2158810,2025-05-21 04:46:44+00:00,patch,6.199120370370371,<=30 days (including pre-launch),Update: v1.0.4
31,34,80.64516129032258,82.35294117647058,1.7077798861480034,2159900,2025-10-24 10:17:37+00:00,patch,3.428900462962963,<=30 days (including pre-launch),Patch note - 1.0.3
47,455,85.1063829787234,84.61538461538461,-0.49099836333878955,2185780,2023-01-07 20:20:04+00:00,patch,1.8472685185185185,<=30 days (including pre-launch),Update
24,40,75.0,70.0,-5.0,2185780,2023-04-29 20:58:26+00:00,patch,113.87391203703703,31-180 days,4.30 Update Instruction
25,48,64.0,75.0,11.0,2186580,2025-06-26 14:01:56+00:00,patch,2.584675925925926,<=30 days (including pre-launch),SHUFFLE TACTICS - Hotfix 1.0.1
20,84,100.0,98.80952380952381,-1.1904761904761898,2191770,2024-11-17 23:28:44+00:00,patch,3.978287037037037,<=30 days (including pre-launch),Patch note #2
413,343,54.23728813559322,68.22157434402332,13.984286208430106,2193540,2024-10-06 16:17:10+00:00,patch,3.096412037037037,<=30 days (including pre-launch),We Hear You! Hotfix Incoming + More Updates
123,122,72.35772357723577,60.65573770491803,-11.701985872317742,2193540,2024-12-05 21:22:39+00:00,patch,63.30855324074074,31-180 days,The Sky Citadel Update: Our First Major Content Expansion
90,45,62.22222222222222,57.77777777777777,-4.44444444444445,2193540,2025-03-04 19:11:13+00:00,patch,152.2172800925926,31-180 days,Update 0.6.3 is live now.
29,345,58.620689655172406,44.05797101449275,-14.562718640679655,2193540,2025-06-11 17:44:44+00:00,patch,251.15722222222223,>180 days,Wizard of Legend 2 - 1.0 Launch Live Stream
29,78,86.20689655172413,85.8974358974359,-0.30946065428823033,2196790,2022-12-30 14:44:59+00:00,patch,2.5890856481481483,<=30 days (including pre-launch),0.75 Update
323,224,91.95046439628483,93.30357142857143,1.3531070322866015,2196790,2023-03-01 14:24:34+00:00,patch,63.57490740740741,31-180 days,0.89 Update
50,55,84.0,80.0,-4.0,2196790,2023-05-03 12:42:43+00:00,patch,126.50417824074074,31-180 days,0.98 Update
22,320,95.45454545454545,88.4375,-7.017045454545453,2198680,2023-05-26 09:17:50+00:00,patch,1.3873842592592593,<=30 days (including pre-launch),5月26日更新说明
44,30,90.9090909090909,80.0,-10.909090909090907,2199060,2024-01-27 10:50:30+00:00,patch,2.451736111111111,<=30 days (including pre-launch),Patch 1.0.1
83,322,87.95180722891565,88.50931677018633,0.5575095412706759,2202770,2024-07-11 16:44:53+00:00,patch,14.697835648148148,<=30 days (including pre-launch),Minor Update [WINDOWED MODE ADDED]
31,54,87.09677419354838,94.44444444444444,7.3476702508960585,2206240,2024-05-01 10:25:14+00:00,patch,1.434189814814815,<=30 days (including pre-launch),1.0.0.4 Hotfix
52,20,84.61538461538461,80.0,-4.615384615384613,2206270,2023-08-01 13:56:38+00:00,patch,5.8608217592592595,<=30 days (including pre-launch),Vampire Hunters - Update #1
42,57,88.09523809523809,91.22807017543859,3.132832080200501,2206270,2023-11-24 13:25:15+00:00,patch,120.83902777777777,31-180 days,Update #8 - More Improvements to Survivors Mode
20,41,80.0,85.36585365853658,5.3658536585365795,2206270,2024-03-01 15:04:44+00:00,patch,218.90811342592593,>180 days,Major Update - Update #11 Hotfix #1
25,50,88.0,96.0,8.0,2206270,2024-06-04 14:56:33+00:00,patch,313.90243055555555,>180 days,Major Update - Update #13 Hotfix #2
45,26,93.33333333333333,88.46153846153845,-4.871794871794876,2206270,2024-08-05 21:26:08+00:00,patch,376.172974537037,>180 days,Update #17 - Hotfix #1
24,597,95.83333333333334,92.96482412060301,-2.8685092127303307,2206270,2024-10-29 13:03:07+00:00,patch,460.8236574074074,>180 days,Vampire Hunters 1.0 is VERIFIED for the Steam Deck!
120,48,84.16666666666667,95.83333333333334,11.666666666666671,2206270,2024-12-30 15:03:09+00:00,patch,522.9070138888889,>180 days,Update 1.1.4 - Hotfix #1
21,141,85.71428571428571,88.65248226950354,2.9381965552178286,2206270,2025-08-14 13:55:18+00:00,patch,749.8598958333333,>180 days,Free Major Content Update is LIVE!
88,94,76.13636363636364,57.446808510638306,-18.689555125725335,2211390,2024-01-16 17:27:26+00:00,patch,1.7273842592592592,<=30 days (including pre-launch),🍄 PATCH 1.02 🍄
41,592,92.6829268292683,88.51351351351352,-4.169413315754781,2216130,2023-07-22 07:00:41+00:00,patch,3.2921412037037037,<=30 days (including pre-launch),【v 1.0.1】版本更新公告
100,38,95.0,89.47368421052632,-5.526315789473685,2216130,2023-09-28 05:54:31+00:00,patch,71.24619212962963,31-180 days,【v1.09补丁】调整部分数值，优化新手期体验
69,28,98.55072463768117,96.42857142857143,-2.12215320910974,2216130,2023-12-15 02:53:39+00:00,patch,149.12059027777778,31-180 days,1.1.1 重大更新-新增功虫馆、新异虫“霸王”、和功虫擂台
81,89,93.82716049382715,86.51685393258427,-7.310306561242882,2216660,2024-03-07 11:51:35+00:00,patch,3.4941550925925924,<=30 days (including pre-launch),Updated to 1.0.1
128,691,85.9375,86.25180897250362,0.3143089725036248,2218400,2023-08-05 10:12:16+00:00,patch,1.009675925925926,<=30 days (including pre-launch),Ver.0.6.04 Development Update
148,150,86.48648648648648,84.66666666666667,-1.8198198198198128,2218400,2023-10-15 04:04:29+00:00,patch,71.75427083333334,31-180 days,Update V0.7.64
234,112,90.5982905982906,88.39285714285714,-2.2054334554334645,2218400,2023-12-20 06:55:45+00:00,patch,137.87320601851852,31-180 days,0.7.90 Update&Greedland's First Idea Hamster Speical Event
86,73,86.04651162790698,87.67123287671232,1.6247212488053435,2218400,2024-03-01 10:07:10+00:00,patch,210.00613425925926,>180 days,0.8.12 Update
46,96,80.43478260869566,87.5,7.065217391304344,2218400,2024-05-05 05:37:00+00:00,patch,274.81851851851854,>180 days,0.8.25 Update
54,44,77.77777777777779,79.54545454545455,1.767676767676761,2218400,2024-08-09 03:56:05+00:00,patch,370.7484375,>180 days,V0.8.40 Update: Dark Hole Generator Returns!
37,61,81.08108108108108,88.52459016393442,7.443509082853339,2218400,2024-11-28 08:28:34+00:00,patch,481.93766203703706,>180 days,Greedland Returns with a New Update at Bullet Heaven Fest 2.0!
28,51,82.14285714285714,72.54901960784314,-9.593837535014003,2218400,2025-06-11 09:09:15+00:00,patch,676.9659143518519,>180 days,v0.9.20 Update
23,268,82.6086956521739,73.13432835820896,-9.474367293964946,2218400,2025-09-11 11:41:02+00:00,patch,769.0713194444445,>180 days,Greedland Version 1.0 Officially Launches on September 16th!
40,107,85.0,81.30841121495327,-3.691588785046733,2218400,2025-11-24 06:55:43+00:00,patch,842.8731828703703,>180 days,v1.1.02 Update
47,47,78.72340425531915,70.2127659574468,-8.510638297872347,2218400,2026-01-29 02:36:51+00:00,patch,908.6934143518519,>180 days,Greedland Mobile Has Been Updated to Version 1.0.1!
28,41,75.0,70.73170731707317,-4.268292682926827,2218400,2026-05-12 02:29:47+00:00,patch,1011.6885069444445,>180 days,Update v1.1.12
46,61,89.13043478260869,75.40983606557377,-13.720598717034918,2218400,2026-07-22 11:05:07+00:00,patch,1083.046377314815,>180 days,Update V1.1.15
110,225,87.27272727272727,84.88888888888889,-2.3838383838383805,2226700,2023-06-27 04:26:00+00:00,patch,1.8510532407407407,<=30 days (including pre-launch),2023.6.27 v0.3.2 version update content
58,37,72.41379310344827,78.37837837837837,5.964585274930101,2226700,2023-09-01 11:50:12+00:00,patch,68.15952546296296,31-180 days,2023.9.01 Version 0.3.13 update:
27,43,62.96296296296296,69.76744186046511,6.80447889750215,2226700,2023-11-10 10:04:06+00:00,patch,138.08584490740742,31-180 days,2023.11.10 v0.3.21 version update:
112,703,90.17857142857143,90.18492176386913,0.006350335297696574,2226730,2025-08-15 19:29:22+00:00,patch,1.8120601851851852,<=30 days (including pre-launch),2025.08.16 Patch Note
27,46,96.29629629629629,95.65217391304348,-0.6441223832528067,2226730,2025-11-08 14:10:09+00:00,patch,86.59038194444445,31-180 days,0.2.3 Major Update
43,32,93.02325581395348,56.25,-36.77325581395348,2226730,2026-01-12 11:23:37+00:00,patch,151.4747337962963,31-180 days,0.3.2 Major Update
31,53,87.09677419354838,88.67924528301887,1.5824710894704879,2236590,2023-05-08 01:46:35+00:00,patch,2.8241435185185186,<=30 days (including pre-launch),0.1.2
87,64,93.10344827586206,82.8125,-10.290948275862064,2246110,2023-05-11 08:36:02+00:00,patch,10.358356481481481,<=30 days (including pre-launch),Functional Adjustment Update
22,87,68.18181818181817,47.12643678160919,-21.05538140020898,2249550,2023-01-16 18:15:08+00:00,patch,13.760509259259258,<=30 days (including pre-launch),2023/01/17 Update
39,34,48.717948717948715,47.05882352941176,-1.6591251885369545,2249550,2023-03-26 17:21:48+00:00,patch,82.72347222222223,31-180 days,2023.03.26 Update
178,108,96.06741573033707,89.81481481481481,-6.252600915522265,2251010,2024-01-27 18:34:56+00:00,patch,3.774259259259259,<=30 days (including pre-launch),Post-release patch
50,71,96.0,69.01408450704226,-26.985915492957744,2258890,2024-01-20 12:17:46+00:00,patch,-559.487662037037,<=30 days (including pre-launch),patch notes 1.20
51,59,86.27450980392157,84.7457627118644,-1.5287470920571735,2258890,2024-03-22 11:40:00+00:00,patch,-497.5138888888889,<=30 days (including pre-launch),patch notes 3.22 (season time exceeding)
95,53,84.21052631578947,83.01886792452831,-1.1916583912611571,2258890,2024-05-21 12:06:29+00:00,patch,-437.49549768518517,<=30 days (including pre-launch),05-21 patch-notes
53,38,84.90566037735849,84.21052631578947,-0.6951340615690214,2258890,2024-07-24 10:38:19+00:00,patch,-373.55672453703704,<=30 days (including pre-launch),7.24 patch-notes
30,41,83.33333333333334,85.36585365853658,2.0325203252032367,2258890,2024-10-10 10:30:10+00:00,patch,-295.56238425925926,<=30 days (including pre-launch),10.10 patch-notes
20,93,40.0,86.02150537634408,46.02150537634408,2258890,2025-08-04 08:14:42+00:00,patch,2.343541666666667,<=30 days (including pre-launch),8.4 patch-notes
20,32,90.0,96.875,6.875,2258890,2025-11-18 11:21:34+00:00,patch,108.47331018518518,31-180 days,11.18 patch-notes
21,21,95.23809523809523,90.47619047619048,-4.761904761904745,2263510,2023-01-28 04:00:20+00:00,patch,10.725405092592593,<=30 days (including pre-launch),1/27 (Multiplayer Patch)
30,27,83.33333333333334,77.77777777777779,-5.555555555555557,2269320,2023-02-21 09:49:52+00:00,patch,6.40962962962963,<=30 days (including pre-launch),0.5.6 Patch
20,49,100.0,95.91836734693877,-4.081632653061234,2269540,2025-11-19 16:42:29+00:00,patch,2.6961689814814815,<=30 days (including pre-launch),Hotfixes 19/11/25
31,24,90.32258064516128,91.66666666666666,1.344086021505376,2269540,2026-04-18 11:32:17+00:00,patch,152.48075231481482,31-180 days,0.2.1
142,130,100.0,99.23076923076923,-0.7692307692307736,2270750,2024-02-06 11:41:30+00:00,patch,2.4871527777777778,<=30 days (including pre-launch),February 6th Update Notes
582,2496,88.14432989690721,90.625,2.480670103092791,2273430,2023-08-17 14:54:40+00:00,patch,-180.3787037037037,<=30 days (including pre-launch),Update Announcement for August 17th: Bug Fixes and Improvements
375,719,93.86666666666666,95.6884561891516,1.8217895224849343,2273430,2023-10-31 02:22:30+00:00,patch,-105.90104166666667,<=30 days (including pre-launch),Update Announcement for Oct. 31st : New Content & Mechanism Optimization
544,5694,94.66911764705883,93.37899543378995,-1.290122213268873,2273430,2024-01-31 02:02:37+00:00,patch,-13.914849537037037,<=30 days (including pre-launch),BlazBlue Entropy Effect - V1.0 Official Version Now Available!
4425,1731,97.19774011299435,95.89832466782207,-1.2994154451722864,2273430,2024-04-03 02:48:24+00:00,patch,49.11694444444444,31-180 days,Update Announcement for Apr. 3rd: Mechanism Optimization
854,753,96.8384074941452,96.94555112881807,0.10714363467286603,2273430,2024-06-06 08:22:05+00:00,patch,113.34866898148148,31-180 days,Update Announcement for June 6th: Mechanism Optimization
1181,559,95.42760372565621,95.16994633273703,-0.2576573929191852,2273430,2024-08-08 03:27:17+00:00,patch,176.14394675925925,31-180 days,Patch Notes for Aug. 8th: Mechanism Optimization
943,1288,97.03075291622481,95.4968944099379,-1.5338585062869186,2273430,2024-11-29 11:43:37+00:00,patch,289.4886226851852,>180 days,Patch Notes for Nov. 29th: Mechanism Optimization
1573,673,95.86776859504133,95.69093610698366,-0.17683248805766993,2273430,2025-02-26 03:30:14+00:00,patch,378.1459953703704,>180 days,Patch Notes for Feb. 26th: Mechanism Optimization
564,497,96.09929078014184,94.76861167002012,-1.3306791101217215,2273430,2025-04-27 12:42:00+00:00,patch,438.52916666666664,>180 days,Patch Notes for Apr. 27th
489,696,96.31901840490798,94.25287356321839,-2.0661448416895922,2273430,2025-06-26 17:07:39+00:00,patch,498.7136458333333,>180 days,Patch Notes for Jun. 27th
344,1033,93.6046511627907,93.51403678606002,-0.0906143767306844,2273430,2025-09-01 17:01:13+00:00,patch,565.7091782407407,>180 days,Patch Notes for Sep. 1st
317,625,88.64353312302839,90.24,1.5964668769716042,2273430,2025-11-07 02:03:07+00:00,patch,632.0854976851851,>180 days,Patch Notes for Nov. 6th
454,306,78.63436123348018,82.6797385620915,4.045377328611323,2273430,2026-02-27 08:51:48+00:00,patch,744.3693055555556,>180 days,Patch Notes for Feb. 27
249,204,92.7710843373494,89.2156862745098,-3.5553980628395863,2273430,2026-05-20 02:56:47+00:00,patch,826.1227662037037,>180 days,Patch Notes for May. 20
363,509,93.93939393939394,94.30255402750491,0.36316008811097333,2273430,2026-08-13 01:57:11+00:00,patch,911.0813773148149,>180 days,Patch Notes for August. 13
631,2013,61.014263074484944,74.46597118728266,13.451708112797718,2273980,2025-01-29 03:35:01+00:00,patch,1.1493171296296296,<=30 days (including pre-launch),Patch 1.0.7
286,158,73.07692307692307,71.51898734177216,-1.557935735150906,2273980,2025-04-08 17:56:34+00:00,patch,70.74761574074074,31-180 days,Hotfix 1.1.3
82,150,74.39024390243902,68.66666666666667,-5.723577235772353,2273980,2025-06-12 16:49:59+00:00,patch,135.7013773148148,31-180 days,"Magnum Orcus Update (LIVE NOW) - New Map, Lore, & More!"
70,120,71.42857142857143,71.66666666666667,0.2380952380952408,2273980,2025-09-23 14:04:39+00:00,patch,238.5865625,>180 days,Orctoberfest (NEW UPDATE) - LIVE NOW!
33,74,100.0,89.1891891891892,-10.810810810810807,2278830,2023-04-04 13:34:09+00:00,patch,4.565381944444445,<=30 days (including pre-launch),Update 0.38
23,134,100.0,88.05970149253731,-11.940298507462686,2281650,2023-08-18 10:18:15+00:00,patch,1.4293402777777777,<=30 days (including pre-launch),Hotfix post release v.0.2.1b
52,53,86.53846153846155,69.81132075471697,-16.727140783744574,2281650,2023-10-19 15:51:24+00:00,patch,63.660694444444445,31-180 days,"Sorry, a few hours of delay for V0.4"
170,40,74.70588235294117,82.5,7.794117647058826,2281820,2023-09-29 13:55:56+00:00,patch,8.580509259259259,<=30 days (including pre-launch),Evolings Patch 1.0.8 now live!
24,25,95.83333333333334,92.0,-3.833333333333343,2286450,2023-02-26 12:59:55+00:00,patch,6.207002314814815,<=30 days (including pre-launch),Update 0.9.1.1
32,20,87.5,80.0,-7.5,2286790,2023-04-02 20:27:30+00:00,patch,21.852430555555557,<=30 days (including pre-launch),update
38,48,94.73684210526315,87.5,-7.23684210526315,2287150,2025-01-18 13:52:49+00:00,patch,2.5783449074074074,<=30 days (including pre-launch),Patch is on the way!
437,864,86.2700228832952,92.24537037037037,5.975347487075169,2288470,2025-09-26 14:36:20+00:00,patch,3.6085648148148146,<=30 days (including pre-launch),Aethermancer Patch Notes 0.3.1.1 - First Hotfix Update
222,190,94.5945945945946,92.10526315789474,-2.4893314366998567,2288470,2025-12-11 14:39:28+00:00,patch,79.61074074074074,31-180 days,Aethermancer's second QOL Update (and a couple surprises...)
90,164,94.44444444444444,95.1219512195122,0.677506775067755,2288470,2026-03-19 17:06:14+00:00,patch,177.71266203703703,31-180 days,The Full of Fusion Update is live now!
69,128,88.40579710144928,89.84375,1.4379528985507193,2288470,2026-06-12 14:21:05+00:00,patch,262.59797453703703,>180 days,The Alchemical Awakening Update: A pre-release deep dive
33,73,90.9090909090909,90.41095890410958,-0.49813200498132915,2289390,2024-06-21 14:49:20+00:00,patch,1.6175925925925927,<=30 days (including pre-launch),Patch Notes v.1.0.69
353,150,96.3172804532578,86.66666666666667,-9.650613786591123,2289650,2024-08-12 11:27:07+00:00,patch,13.477164351851853,<=30 days (including pre-launch),"Patch Notes v0.8.2 - New Map, Borderless Window, Bug fixes"
29,243,96.55172413793103,93.82716049382715,-2.724563644103881,2289650,2024-11-27 12:09:45+00:00,patch,120.50677083333333,31-180 days,"Patch Notes v0.9.6 - New Map, New Upgrade and Tester Wanted"
68,39,91.17647058823529,92.3076923076923,1.1312217194570167,2289650,2025-02-13 06:26:15+00:00,patch,198.26822916666666,>180 days,"Patch Notes - Auto-Save, New Map, and Multiplayer In-Game Chat"
23,47,100.0,97.87234042553192,-2.1276595744680833,2289650,2025-06-19 03:44:15+00:00,patch,324.1557291666667,>180 days,Mini Airways: Premium Mobile Version Now Available on App Store and Google Play！
20,38,95.0,78.94736842105263,-16.05263157894737,2289650,2026-06-26 07:49:04+00:00,patch,696.3257407407407,>180 days,Patch Notes - License System & New Map
386,2979,93.00518134715026,88.38536421617992,-4.619817130970333,2289750,2025-10-25 12:10:15+00:00,patch,1.5071180555555554,<=30 days (including pre-launch),Patch #01: The Boss Chest and lots of Balance!
343,218,83.09037900874635,75.68807339449542,-7.402305614250935,2289750,2026-02-06 20:15:40+00:00,patch,105.84421296296296,31-180 days,"Patch 14: Unit Sheets in Catalog, New Targeting Items Shop and More"
152,439,80.92105263157895,77.22095671981776,-3.7000959117611814,2289750,2026-04-09 11:43:49+00:00,patch,167.48876157407406,31-180 days,"Patch #15: Spells, Promotions, Traits and Monster catching"
48,56,91.66666666666666,92.85714285714286,1.190476190476204,2296550,2023-08-06 01:49:46+00:00,patch,3.367662037037037,<=30 days (including pre-launch),Version 0.1.1
28,161,92.85714285714286,86.95652173913044,-5.900621118012424,2296550,2024-09-27 15:30:25+00:00,patch,421.93755787037037,>180 days,Version 1.0 Patch Notes
31,23,80.64516129032258,78.26086956521739,-2.384291725105186,2296550,2024-11-30 16:54:26+00:00,patch,485.99590277777776,>180 days,PvP Alpha & Version 1.1 Release Date
30,33,86.66666666666667,87.87878787878788,1.212121212121204,2296550,2025-01-31 17:34:35+00:00,patch,548.0237847222222,>180 days,Version 1.1.2 - Hotfix
38,368,94.73684210526315,92.3913043478261,-2.3455377574370573,2305500,2024-08-27 04:31:11+00:00,patch,1.1883217592592592,<=30 days (including pre-launch),Update ver. 1.0.1.3
59,22,89.83050847457628,100.0,10.169491525423723,2305500,2024-10-29 09:00:09+00:00,patch,64.37510416666667,31-180 days,Update ver. 1.1.1
24,66,95.83333333333334,90.9090909090909,-4.924242424242436,2305500,2026-01-11 04:03:01+00:00,patch,503.1687615740741,>180 days,Update ver. 1.2.1
27,38,92.5925925925926,100.0,7.407407407407405,2305900,2024-11-08 03:28:11+00:00,patch,358.15756944444445,>180 days,Update 1.0.0.2
21,21,95.23809523809523,90.47619047619048,-4.761904761904745,2306530,2023-12-21 06:09:48+00:00,patch,6.256805555555555,<=30 days (including pre-launch),Hotfix 1.07
38,205,97.36842105263158,94.14634146341463,-3.2220795892169463,2311990,2024-05-28 08:20:56+00:00,patch,1.3478703703703703,<=30 days (including pre-launch),Bugfix patch 1.02
25,56,88.0,91.07142857142857,3.0714285714285694,2311990,2024-08-09 13:13:01+00:00,patch,74.55070601851853,31-180 days,Big update and Switch release in 10 days!
399,1903,79.9498746867168,76.9837099316868,-2.966164755029993,2321210,2023-04-21 16:42:17+00:00,patch,1.6960300925925926,<=30 days (including pre-launch),【0421】Fixed the error that caused the game to crash
70,59,82.85714285714286,71.1864406779661,-11.670702179176757,2321350,2024-09-15 11:43:38+00:00,patch,2.488634259259259,<=30 days (including pre-launch),We’ve heard your feedback! Join the test branch to experience the latest changes
185,418,92.43243243243244,93.54066985645933,1.1082374240268962,2325920,2025-11-21 15:11:59+00:00,patch,4.6333217592592595,<=30 days (including pre-launch),Patch v1.0-2330
61,49,86.88524590163934,89.79591836734694,2.9106724657076057,2325920,2026-02-14 17:07:16+00:00,patch,89.71337962962963,31-180 days,Patch v1.0-2559
53,168,96.22641509433963,85.71428571428571,-10.51212938005392,2330870,2023-11-13 12:02:17+00:00,patch,0.4597337962962963,<=30 days (including pre-launch),v0.8.9
224,56,70.53571428571429,89.28571428571429,18.75,2332210,2024-01-09 00:07:31+00:00,patch,25.005219907407408,<=30 days (including pre-launch),1.0.5 Patch Notes
53,40,88.67924528301887,85.0,-3.679245283018872,2332210,2024-03-11 22:18:01+00:00,patch,87.92917824074074,31-180 days,1.0.12
30,55,96.66666666666667,89.0909090909091,-7.575757575757578,2332210,2024-07-02 21:36:36+00:00,patch,200.90041666666667,>180 days,1.1: Rebirth
38,34,92.10526315789474,94.11764705882352,2.012383900928782,2332210,2024-10-22 22:22:32+00:00,patch,312.9323148148148,>180 days,1.2.0: Spirit's Awakening
20,38,80.0,81.57894736842105,1.5789473684210549,2332210,2026-01-23 20:27:35+00:00,patch,770.8524884259259,>180 days,Born Again: 2.0.0
149,169,94.63087248322147,92.3076923076923,-2.32318017552916,2332260,2024-08-19 00:24:30+00:00,patch,3.017013888888889,<=30 days (including pre-launch),Update Notes for Patch 1
41,246,82.92682926829268,81.30081300813008,-1.6260162601626007,2332410,2023-09-03 06:12:02+00:00,patch,2.2583564814814814,<=30 days (including pre-launch),Version 3.0.1.7 Update Notice
66,22,89.39393939393939,81.81818181818183,-7.575757575757564,2332410,2023-11-10 06:44:47+00:00,patch,70.28109953703704,31-180 days,Version 3.1.0.13 Update Notice
132,577,93.18181818181817,88.38821490467937,-4.7936032771388,2334170,2025-03-14 03:05:06+00:00,patch,3.1285416666666666,<=30 days (including pre-launch),Update Ver. 1.01.7
61,74,90.1639344262295,86.48648648648648,-3.6774479397430184,2334170,2025-05-13 03:19:23+00:00,patch,63.13846064814815,31-180 days,Update Ver. 1.01.9
31,35,93.54838709677419,100.0,6.451612903225808,2334500,2025-01-31 10:01:43+00:00,patch,49.417858796296294,31-180 days,Patch v1.2.0.3
101,94,91.0891089108911,92.5531914893617,1.4640825784705953,2335130,2024-05-07 22:03:19+00:00,patch,57.91896990740741,31-180 days,"Fixes, improvements and achievements!"
20,91,95.0,92.3076923076923,-2.6923076923076934,2336580,2024-05-03 18:15:32+00:00,patch,1.760787037037037,<=30 days (including pre-launch),Regarding the game's update.
33,77,84.84848484848484,70.12987012987013,-14.718614718614717,2336730,2024-02-25 22:42:44+00:00,patch,2.946342592592593,<=30 days (including pre-launch),Fixed issue with multiple warrior's taunting at the same time
40,37,90.0,86.48648648648648,-3.513513513513516,2340510,2025-03-03 09:46:43+00:00,patch,2.990011574074074,<=30 days (including pre-launch),Moon’s Creed – First Hotfix Update
28,29,78.57142857142857,62.06896551724138,-16.50246305418719,2341760,2024-12-16 09:05:48+00:00,patch,5.379027777777778,<=30 days (including pre-launch),Patch Notes v.1.0.2
30,83,66.66666666666666,77.10843373493977,10.441767068273109,2342690,2025-03-11 19:04:30+00:00,patch,1.7947916666666666,<=30 days (including pre-launch),"March 11, 2025 Update Patch Notes"
32,31,71.875,93.54838709677419,21.673387096774192,2343920,2024-04-20 18:31:06+00:00,patch,2.7715972222222223,<=30 days (including pre-launch),Update 1.0.6
25,110,100.0,94.54545454545455,-5.454545454545453,2348090,2023-09-16 05:06:24+00:00,patch,1.2127777777777777,<=30 days (including pre-launch),Bug Fix [12204966] [1.0.7-a54c9739]
23,83,95.65217391304348,98.79518072289156,3.1430068098480746,2348090,2023-11-16 06:08:54+00:00,patch,62.25618055555555,31-180 days,Bug Fix [12717474] [1.1.6-f0439060]
28,83,78.57142857142857,80.72289156626506,2.1514629948364927,2352040,2023-05-08 03:58:24+00:00,patch,4.165555555555556,<=30 days (including pre-launch),V1.1-V1.2 fix content
36,98,83.33333333333334,85.71428571428571,2.3809523809523654,2354600,2023-04-14 05:46:29+00:00,patch,1.6644097222222223,<=30 days (including pre-launch),Version 0.26 is Live!
67,39,80.59701492537313,84.61538461538461,4.0183696900114825,2354600,2023-06-15 16:14:45+00:00,patch,64.10070601851852,31-180 days,"MAJOR CONTENT UPDATE #2 - New character, new bosses, new levels, and more!"
48,88,81.25,73.86363636363636,-7.38636363636364,2354600,2023-09-01 19:16:16+00:00,patch,142.22675925925927,31-180 days,"Major Content Update #3: New Features, Weapons, Characters, Stages, and More!"
87,105,77.01149425287356,80.95238095238095,3.940886699507388,2354600,2023-11-06 14:35:33+00:00,patch,208.03181712962962,>180 days,VERSION 1.1 IS HERE!
41,70,95.1219512195122,77.14285714285715,-17.979094076655045,2369950,2023-12-05 12:30:33+00:00,patch,1.1896064814814815,<=30 days (including pre-launch),12.5
28,27,96.42857142857143,100.0,3.5714285714285694,2372950,2025-03-31 00:07:48+00:00,patch,5.005416666666667,<=30 days (including pre-launch),"First Patch: Bug Fixes, Improvements, and Balance"
23,83,100.0,92.7710843373494,-7.228915662650607,2380320,2024-09-26 23:18:35+00:00,patch,0.9712384259259259,<=30 days (including pre-launch),Update 1.02
110,154,50.90909090909091,61.68831168831169,10.779220779220786,2388460,2023-09-15 17:58:45+00:00,patch,1.1798958333333334,<=30 days (including pre-launch),Update notes for Sept 15th
61,40,77.04918032786885,72.5,-4.549180327868854,2388460,2023-11-16 16:44:00+00:00,patch,63.12798611111111,31-180 days,Patch Notes : 1.0.2567
27,30,96.29629629629629,76.66666666666667,-19.62962962962962,2398430,2024-05-29 09:21:28+00:00,patch,2.3899074074074074,<=30 days (including pre-launch),Second day bug fix
53,311,94.33962264150944,89.38906752411575,-4.950555117393691,2400160,2024-10-09 23:35:49+00:00,patch,0.9832060185185185,<=30 days (including pre-launch),Hotfix for localization bugs
134,82,91.7910447761194,90.2439024390244,-1.5471423370950106,2400160,2024-12-09 09:43:49+00:00,patch,61.40542824074074,31-180 days,Hotfix 2024.12.9.1732-BETA
75,285,96.0,91.57894736842105,-4.421052631578945,2400160,2025-03-31 12:00:30+00:00,patch,173.50034722222222,31-180 days,"Update 4 : New Main Weapon, Evolutions, and Boss!"
69,79,84.05797101449275,84.81012658227847,0.7521555677857208,2400160,2025-06-01 03:43:17+00:00,patch,235.15505787037037,>180 days,Hotfix 2025.6.1.1137-BETA
43,50,74.4186046511628,94.0,19.581395348837205,2400160,2025-07-31 12:09:43+00:00,patch,295.5067476851852,>180 days,"Update 6 : New Achievements, Weapon, and Boss!"
39,66,94.87179487179486,96.96969696969697,2.0979020979021072,2400160,2025-10-22 13:22:02+00:00,patch,378.55696759259257,>180 days,Hotfix 2025.10.22.2110-BETA
57,40,94.73684210526315,97.5,2.7631578947368496,2400160,2025-12-22 12:59:34+00:00,patch,439.54136574074073,>180 days,Hotfix 2025.12.22.2049-BETA
496,138,92.74193548387096,89.13043478260869,-3.6115007012622726,2400160,2026-02-27 01:52:01+00:00,patch,506.07778935185183,>180 days,Hotfix 2026.2.27.942-BETA
45,82,93.33333333333333,92.6829268292683,-0.6504065040650318,2400160,2026-06-08 14:42:37+00:00,patch,607.6129282407408,>180 days,Update 11 : Roguelite Omens
41,62,82.92682926829268,90.32258064516128,7.395751376868603,2400160,2026-08-14 12:57:00+00:00,patch,674.5395833333333,>180 days,Glyphica Update 12 : The Armory
24,39,95.83333333333334,97.43589743589743,1.602564102564088,2400960,2025-06-03 19:30:31+00:00,patch,413.81285879629627,>180 days,Patch v0.5.723 & Survey
26,166,80.76923076923077,78.91566265060241,-1.8535681186283597,2404170,2025-02-10 12:07:22+00:00,patch,1.5051157407407407,<=30 days (including pre-launch),2025.2.10Update
23,25,82.6086956521739,88.0,5.391304347826093,2404510,2023-11-23 09:46:15+00:00,patch,7.407118055555555,<=30 days (including pre-launch),LUCKY HERO Update Notes v1.0.0.2
22,28,100.0,100.0,0.0,2406360,2023-07-23 21:05:21+00:00,patch,4.878715277777777,<=30 days (including pre-launch),7/24 Game Adjustments:
21,37,95.23809523809523,64.86486486486487,-30.373230373230356,2406360,2023-09-24 17:58:12+00:00,patch,67.74875,31-180 days,GameUpdate
23,28,91.30434782608695,100.0,8.695652173913047,2416050,2024-05-20 13:11:23+00:00,patch,5.549571759259259,<=30 days (including pre-launch),1.0.2
205,193,83.90243902439025,84.97409326424871,1.0716542398584608,2421310,2024-12-09 06:54:41+00:00,patch,4.287974537037037,<=30 days (including pre-launch),Small game update 1209
46,289,89.13043478260869,83.39100346020761,-5.7394313224010745,2423300,2024-02-23 02:42:28+00:00,patch,2.1128240740740742,<=30 days (including pre-launch),ver1.0.2
20,41,80.0,85.36585365853658,5.3658536585365795,2423300,2024-08-31 15:18:30+00:00,patch,192.63784722222223,>180 days,Ver2.0.1 Bug fix
29,95,100.0,94.73684210526315,-5.26315789473685,2424650,2023-07-21 15:20:07+00:00,patch,2.6389699074074073,<=30 days (including pre-launch),🗡️🐸🛹 Froggy's Battle 1.0.1 update 👩‍🔧
25,52,56.00000000000001,86.53846153846155,30.53846153846154,2427050,2024-11-05 14:48:19+00:00,patch,1.616886574074074,<=30 days (including pre-launch),Working on 1st patch with updates!
30,167,100.0,86.22754491017965,-13.772455089820355,2427450,2025-09-17 22:25:59+00:00,patch,0.9347106481481482,<=30 days (including pre-launch),Patchnotes for version 1.00.03.923 [Hotfix]
2435,5026,95.564681724846,91.44448865897334,-4.120193065872655,2427700,2024-03-12 16:32:31+00:00,patch,4.272962962962963,<=30 days (including pre-launch),Hotfixes & Help with Technical Issues
973,532,82.32271325796505,85.71428571428571,3.3915724563206595,2427700,2024-05-17 08:58:45+00:00,patch,69.95784722222223,31-180 days,Backpack Battles Patch 0.9.8
483,347,87.5776397515528,88.18443804034582,0.6067982887930299,2427700,2024-07-19 08:57:46+00:00,patch,132.95716435185184,31-180 days,Backpack Battles Patch 0.9.15
296,338,88.17567567567568,86.98224852071006,-1.1934271549656188,2427700,2024-09-20 09:06:08+00:00,patch,195.96297453703704,>180 days,The SKILL UPDATE is Here! - Backpack Battles Patch 0.9.20
446,1832,88.78923766816143,97.87117903930131,9.081941371139877,2427700,2024-11-22 09:43:40+00:00,patch,258.98903935185183,>180 days,Backpack Battles Patch 0.9.26
351,317,87.74928774928775,85.8044164037855,-1.94487134550225,2427700,2025-01-24 09:57:53+00:00,patch,321.99891203703703,>180 days,Backpack Battles Patch 0.9.32
256,225,91.40625,89.33333333333333,-2.0729166666666714,2427700,2025-04-04 08:56:27+00:00,patch,391.95625,>180 days,Backpack Battles Patch 0.9.37
260,1577,86.92307692307692,93.53202282815472,6.608945905077803,2427700,2025-06-13 17:00:51+00:00,patch,462.2926388888889,>180 days,FULL RELEASE!! Backpack Battles Patch 1.0 is Here
436,298,86.0091743119266,89.93288590604027,3.9237115941136693,2427700,2025-08-22 08:53:24+00:00,patch,531.9541319444445,>180 days,Backpack Battles Patch 1.0.7
197,1204,86.80203045685279,97.9235880398671,11.121557583014308,2427700,2025-11-14 09:51:23+00:00,patch,615.9943981481481,>180 days,Backpack Battles Patch 1.0.9
274,202,88.6861313868613,89.10891089108911,0.42277950422780464,2427700,2026-01-30 09:44:15+00:00,patch,692.9894444444444,>180 days,Backpack Battles Patch 1.0.10
245,264,86.53061224489797,87.87878787878788,1.348175633889909,2427700,2026-04-03 08:01:07+00:00,patch,755.917824074074,>180 days,Backpack Battles Patch 1.1.1
200,159,87.5,84.90566037735849,-2.594339622641513,2427700,2026-06-10 08:41:45+00:00,patch,823.9460416666667,>180 days,Backpack Battles Patch 1.1.6
130,125,90.76923076923077,84.0,-6.769230769230774,2427700,2026-08-12 08:49:11+00:00,patch,886.9512037037038,>180 days,Backpack Battles Patch 1.1.8
27,91,96.29629629629629,94.5054945054945,-1.790801790801794,2435090,2023-11-02 07:49:32+00:00,patch,2.0484953703703703,<=30 days (including pre-launch),Hotfix 0.10.32
107,78,97.19626168224299,93.58974358974359,-3.6065180924993996,2435090,2024-01-09 07:43:35+00:00,patch,70.04436342592592,31-180 days,Talented 0.11 Update - Legendary Investment
21,34,95.23809523809523,85.29411764705883,-9.9439775910364,2435090,2024-03-19 08:06:51+00:00,patch,140.06052083333333,31-180 days,Talented 0.12 Update - Box of Tricks
24,34,91.66666666666666,94.11764705882352,2.4509803921568647,2435090,2024-08-18 09:57:11+00:00,patch,292.1371412037037,>180 days,Talented 0.14 Update - Thumbs of Steel
55,327,90.9090909090909,93.57798165137615,2.6688907422852424,2435090,2024-12-27 21:36:33+00:00,patch,423.6228125,>180 days,Hotfix 1.0.19
82,74,84.14634146341463,86.48648648648648,2.3401450230718552,2435090,2025-03-07 10:42:38+00:00,patch,493.1687037037037,>180 days,Patch 1.0.59 - Alchemist Rework & Supporter Pack
29,38,100.0,89.47368421052632,-10.526315789473685,2435090,2025-05-30 07:35:00+00:00,patch,577.0384027777778,>180 days,Talented 1.1 Update - Be Kind Rebind
21,50,85.71428571428571,90.0,4.285714285714292,2435090,2025-08-23 06:55:23+00:00,patch,662.0108912037037,>180 days,Hotfix 1.2.19
20,29,85.0,82.75862068965517,-2.2413793103448256,2435090,2026-02-02 20:54:50+00:00,patch,825.5938425925926,>180 days,Hotfix 1.3.35
41,44,36.58536585365854,68.18181818181817,31.596452328159636,2443090,2024-07-31 12:31:44+00:00,patch,2.522037037037037,<=30 days (including pre-launch),Update 0.2.77.1
22,27,100.0,92.5925925925926,-7.407407407407405,2447310,2023-07-01 12:38:07+00:00,patch,16.526469907407407,<=30 days (including pre-launch),Update 0.6.7
23,22,100.0,95.45454545454545,-4.545454545454547,2449080,2024-02-29 15:33:13+00:00,patch,7.64806712962963,<=30 days (including pre-launch),Corrective Update
21,28,90.47619047619048,100.0,9.523809523809518,2452820,2025-04-30 20:25:25+00:00,patch,2.8509837962962963,<=30 days (including pre-launch),Bug fix
27,312,88.88888888888889,94.23076923076923,5.341880341880341,2455060,2023-08-03 11:10:56+00:00,patch,3.465925925925926,<=30 days (including pre-launch),2023-08-03 Patch Notes (2)
144,109,91.66666666666666,88.07339449541286,-3.593272171253801,2455060,2023-10-02 11:28:19+00:00,patch,63.47799768518519,31-180 days,October 2nd Update (1)
79,36,84.81012658227847,88.88888888888889,4.078762306610415,2455060,2023-12-19 12:01:17+00:00,patch,141.5008912037037,31-180 days,Taboo Trial version 4.0-Workshop Update Notice
142,233,81.69014084507043,81.97424892703863,0.28410808196819914,2455060,2024-03-02 15:46:23+00:00,patch,215.65721064814815,>180 days,March 2nd Update
95,39,81.05263157894737,76.92307692307693,-4.129554655870436,2455060,2024-05-02 14:08:32+00:00,patch,276.5892592592593,>180 days,5/02 Update (1)
94,110,100.0,98.18181818181819,-1.818181818181813,2455920,2024-03-06 13:15:45+00:00,patch,13.552604166666667,<=30 days (including pre-launch),Screenshot Functionality
32,26,96.875,96.15384615384616,-0.7211538461538396,2455920,2024-05-20 07:07:33+00:00,patch,88.29690972222222,31-180 days,Ver. 1.007 Update
514,156,90.07782101167315,89.74358974358975,-0.33423126808339987,2457890,2025-08-15 20:20:06+00:00,patch,745.8472916666667,>180 days,DRACOMATON Bugfix and Optimization Patch / Merch Store
21,39,85.71428571428571,64.1025641025641,-21.611721611721606,2462570,2024-04-16 19:06:02+00:00,patch,1.7958564814814815,<=30 days (including pre-launch),Day One Patch 16/04/2024
104,261,95.1923076923077,92.72030651340997,-2.4720011788977274,2464530,2024-12-12 15:33:35+00:00,patch,2.648321759259259,<=30 days (including pre-launch),VOIN Hotfix #1 is now live
50,150,94.0,97.33333333333334,3.333333333333343,2464530,2025-03-14 16:00:22+00:00,patch,94.6669212962963,31-180 days,Thunderborn Update is Available Now
91,111,94.5054945054945,91.8918918918919,-2.6136026136025947,2464530,2025-06-26 16:01:04+00:00,patch,198.6674074074074,>180 days,Permafrost Update is Available Now
34,607,85.29411764705883,95.71663920922569,10.422521562166864,2464530,2025-09-30 13:00:16+00:00,patch,294.54185185185185,>180 days,VOIN 0.4.0 Update is Available Now
41,345,90.2439024390244,95.3623188405797,5.118416401555308,2464530,2026-06-15 15:03:05+00:00,patch,552.6271412037037,>180 days,Inferno Update has arrived
38,245,86.8421052631579,90.61224489795919,3.770139634801282,2464880,2023-11-15 17:19:20+00:00,patch,8.72175925925926,<=30 days (including pre-launch),Update 1.1.0🔧 ✨
94,30,82.97872340425532,90.0,7.0212765957446805,2464880,2024-01-17 22:47:05+00:00,patch,71.94936342592592,31-180 days,Update 1.2.10: Bug fixes and removed Christmas theme. 🔧🎄
20,20,80.0,80.0,0.0,2464880,2024-05-04 14:43:24+00:00,patch,179.6134722222222,31-180 days,🛠️ Update 1.3.1: A lot of bug fixes! 🛠️
52,20,82.6923076923077,70.0,-12.692307692307693,2464880,2024-12-08 17:39:37+00:00,patch,397.7358449074074,>180 days,✨ Update 1.4.1: Bug fixes and new islands! 🏝️
83,47,85.54216867469879,87.2340425531915,1.6918738784927143,2481670,2025-05-15 16:34:01+00:00,patch,6.690289351851852,<=30 days (including pre-launch),"Update #1: Fixes, Tweaks, and More"
30,67,73.33333333333333,77.61194029850746,4.278606965174134,2483730,2025-04-25 11:09:42+00:00,patch,2.4650694444444445,<=30 days (including pre-launch),Version Update (4/25)
474,688,76.16033755274262,70.20348837209302,-5.9568491806495985,2488510,2023-10-27 16:45:47+00:00,patch,4.156793981481481,<=30 days (including pre-launch),Early Access | Hotfix #1
149,54,65.1006711409396,62.96296296296296,-2.1377081779766343,2488510,2024-01-10 11:01:30+00:00,patch,78.91770833333334,31-180 days,Early Access | Hotfix #4
43,43,65.11627906976744,58.139534883720934,-6.97674418604651,2488510,2024-03-20 16:45:42+00:00,patch,149.15673611111112,31-180 days,Early Access | Update #2
85,171,82.35294117647058,52.046783625730995,-30.306157550739584,2488510,2024-09-17 14:30:29+00:00,patch,330.06283564814817,>180 days,FatalZone v1.0
40,154,82.5,75.32467532467533,-7.175324675324674,2490160,2023-10-29 22:53:40+00:00,patch,1.9539351851851852,<=30 days (including pre-launch),10.30 Update
25,209,96.0,95.21531100478468,-0.7846889952153191,2494810,2024-11-08 10:06:46+00:00,patch,0.4629050925925926,<=30 days (including pre-launch),HOTFIX 1.0.0.2
25,37,100.0,97.2972972972973,-2.7027027027026946,2494810,2025-01-16 07:50:47+00:00,patch,69.36847222222222,31-180 days,OPEN BETA 1.3.0.0
21,20,85.71428571428571,90.0,4.285714285714292,2494810,2025-06-23 07:43:56+00:00,patch,227.36371527777777,>180 days,UPDATES 1.4.2.0
58,171,96.55172413793103,90.05847953216374,-6.493244605767288,2494810,2025-09-08 12:44:19+00:00,patch,304.57231481481483,>180 days,HOT FIX 1.0.2
24,26,91.66666666666666,100.0,8.333333333333343,2494810,2025-11-10 04:43:24+00:00,patch,367.2383449074074,>180 days,UPDATES 1.5.1
46,229,84.78260869565217,89.08296943231441,4.300360736662242,2499520,2024-06-19 15:33:59+00:00,patch,1.648599537037037,<=30 days (including pre-launch),Version 0.5.1
46,76,84.78260869565217,84.21052631578947,-0.5720823798627066,2499520,2024-09-26 17:03:24+00:00,patch,100.71069444444444,31-180 days,THREADS OF FATE UPDATE IS HERE! Be My Horde 0.7 available now!
75,98,94.66666666666667,89.79591836734694,-4.870748299319729,2499520,2024-11-28 18:03:33+00:00,patch,163.7524652777778,31-180 days,DICK IS HERE! The boss update available now!
35,32,91.42857142857143,87.5,-3.9285714285714306,2499520,2025-02-10 13:34:36+00:00,patch,237.56569444444443,>180 days,Hotfix Patch: 0.8.6
54,353,88.88888888888889,81.86968838526913,-7.019200503619757,2499520,2025-05-27 15:55:50+00:00,patch,343.66377314814815,>180 days,Hotfix Patch: 0.10.1
23,40,86.95652173913044,82.5,-4.456521739130437,2499520,2025-10-27 17:59:42+00:00,patch,496.7497916666667,>180 days,Minions ask: WHERE IS THE UPDATE? And we answer…
84,66,89.28571428571429,77.27272727272727,-12.012987012987026,2499520,2026-01-12 15:11:57+00:00,patch,573.6332986111111,>180 days,Hotfix Patch: 0.12.8
70,39,85.71428571428571,76.92307692307693,-8.791208791208774,2499520,2026-04-14 09:21:50+00:00,patch,665.390162037037,>180 days,Hotfix Patch 0.13.1
54,42,79.62962962962963,88.09523809523809,8.465608465608454,2499520,2026-06-16 10:35:43+00:00,patch,728.4414699074074,>180 days,Hotfix Patch 0.14.5
28,54,100.0,100.0,0.0,2500460,2025-09-03 13:43:24+00:00,patch,2.5718055555555557,<=30 days (including pre-launch),Hotfix
147,1668,96.5986394557823,97.48201438848922,0.8833749327069143,2501600,2024-10-11 10:58:12+00:00,patch,2.4570833333333333,<=30 days (including pre-launch),Update Log - Patch 1.0.10
1449,304,98.61973775017253,92.76315789473685,-5.856579855435683,2501600,2024-12-20 02:35:57+00:00,patch,72.10829861111111,31-180 days,Patch note - version 1.1.15
172,124,97.09302325581395,92.74193548387096,-4.351087771942986,2501600,2025-04-17 10:15:37+00:00,patch,190.42751157407406,>180 days,Patch note - version 1.1.16
20,61,95.0,96.72131147540983,1.7213114754098342,2506440,2025-11-20 14:21:09+00:00,patch,385.95609953703706,>180 days,v1.0.6
23,38,95.65217391304348,100.0,4.347826086956516,2508890,2023-12-31 12:56:59+00:00,patch,7.270914351851852,<=30 days (including pre-launch),Update Log 2023/12/31
21,32,95.23809523809523,65.625,-29.613095238095227,2510760,2024-11-07 07:04:15+00:00,patch,237.39247685185185,>180 days,Version V1.002 update
21,51,100.0,96.07843137254902,-3.9215686274509807,2510850,2024-03-10 20:27:13+00:00,patch,17.852233796296296,<=30 days (including pre-launch),"Slay the Minotaur Game Update: New Tower, Tweaks, and New Options!"
21,74,95.23809523809523,95.94594594594594,0.7078507078507101,2516820,2023-08-26 07:02:24+00:00,patch,21.624988425925928,<=30 days (including pre-launch),【DevLog】2023.08.26
44,33,97.72727272727273,90.9090909090909,-6.818181818181827,2516820,2023-10-30 14:37:38+00:00,patch,86.94112268518519,31-180 days,【Genre Update】Dark Castle 2023.10.30
32,28,90.625,100.0,9.375,2516820,2024-01-09 10:18:24+00:00,patch,157.76109953703704,31-180 days,【DevLog】2024.01.09
102,65,92.15686274509804,90.76923076923077,-1.387631975867265,2516990,2025-06-04 13:20:57+00:00,patch,5.556215277777778,<=30 days (including pre-launch),Ver.1.0.1 Update
237,51,92.40506329113924,74.50980392156863,-17.89525936957061,2517810,2024-01-17 04:32:25+00:00,patch,9.189178240740741,<=30 days (including pre-launch),"0.6.4 - issues with AMD card fixes, Mech Origin Rework and 6 new music tracks!"
81,292,83.9506172839506,76.71232876712328,-7.238288516827325,2518630,2025-01-22 19:54:28+00:00,patch,1.8294907407407408,<=30 days (including pre-launch),Hotfixes
57,65,64.91228070175438,75.38461538461539,10.472334682861003,2518630,2025-04-11 18:33:44+00:00,patch,80.77342592592592,31-180 days,"Next Major Patch ""The Awakening"" Date Announcement / Beta is out"
24,38,87.5,65.78947368421053,-21.710526315789465,2518630,2026-05-31 17:15:28+00:00,patch,495.71907407407406,>180 days,Hotfix for Project Unknown
27,116,74.07407407407408,80.17241379310344,6.098339719029369,2523250,2023-09-27 17:18:19+00:00,patch,2.7210532407407406,<=30 days (including pre-launch),Hotfix | 09.27
22,48,95.45454545454545,95.83333333333334,0.37878787878788955,2526880,2024-10-04 20:06:51+00:00,patch,2.838090277777778,<=30 days (including pre-launch),UPDATE 0.11
37,29,40.54054054054054,68.96551724137932,28.424976700838776,2527600,2024-05-27 06:11:27+00:00,patch,3.257951388888889,<=30 days (including pre-launch),2024/05/27 Patch Notes
211,362,73.45971563981043,73.20441988950276,-0.25529575030766694,2531940,2025-02-09 15:18:21+00:00,patch,3.6377430555555557,<=30 days (including pre-launch),V1.0.07 Update
47,287,89.36170212765957,73.17073170731707,-16.190970420342495,2536960,2025-03-05 15:47:40+00:00,patch,1.6581018518518518,<=30 days (including pre-launch),Launch Week Update (1.0.1 Patch Notes)
25,28,84.0,75.0,-9.0,2536960,2025-05-08 09:12:14+00:00,patch,65.38349537037037,31-180 days,Shadowveil Patch 1.1.1 - The Last Expedition
20,45,65.0,86.66666666666667,21.66666666666667,2537300,2025-04-10 15:25:17+00:00,patch,7.6425578703703705,<=30 days (including pre-launch),V1.0.0.250410001Beta版本更新
45,147,77.77777777777779,69.38775510204081,-8.390022675736972,2542140,2025-05-10 23:30:49+00:00,patch,1.9797337962962962,<=30 days (including pre-launch),Ketz: Galactic Overlords – Version 0.0.2 Patch Notes
34,31,73.52941176470588,64.51612903225806,-9.01328273244782,2542140,2025-07-29 15:19:05+00:00,patch,81.63825231481482,31-180 days,Version 0.0.9 Patch Notes
903,1673,85.49280177187154,85.65451285116558,0.1617110792940366,2543510,2025-08-08 14:24:19+00:00,patch,1.6002199074074075,<=30 days (including pre-launch),GUNTOUCHABLES v1.0.1
235,86,66.80851063829788,60.46511627906976,-6.343394359228114,2543510,2025-10-09 12:08:30+00:00,patch,63.50590277777778,31-180 days,Guntouchables v. 1.1.4 - Bug fixes
69,58,73.91304347826086,79.3103448275862,5.397301349325346,2543510,2026-02-16 08:58:42+00:00,patch,193.37409722222222,>180 days,New build (1.2.2) previewing on Experimental Branch
120,21,93.33333333333333,71.42857142857143,-21.904761904761898,2549380,2025-02-11 13:20:07+00:00,patch,13.555636574074073,<=30 days (including pre-launch),PATCH 1.0.1 is here!
20,65,70.0,44.61538461538462,-25.38461538461538,2563550,2024-03-26 06:37:19+00:00,patch,1.2759143518518519,<=30 days (including pre-launch),圆饼出击 20240326 第8更
76,54,90.78947368421053,79.62962962962963,-11.159844054580901,2564520,2025-08-14 13:40:54+00:00,patch,58.57006944444444,31-180 days,Lost in Random: The Eternal Die – Stitched in Style cosmetic DLC + Free Update!
35,36,80.0,77.77777777777779,-2.2222222222222143,2569170,2023-11-02 17:07:34+00:00,patch,1.713587962962963,<=30 days (including pre-launch),V 1.0.1 updates.
20,27,95.0,88.88888888888889,-6.111111111111114,2569330,2024-08-09 21:33:06+00:00,patch,309.4387615740741,>180 days,Minor Update (V1.12)
21,36,90.47619047619048,80.55555555555556,-9.920634920634924,2574030,2024-01-21 07:24:15+00:00,patch,2.3085069444444444,<=30 days (including pre-launch),Small Update~
25,21,100.0,100.0,0.0,2579550,2024-08-21 11:09:38+00:00,patch,5.465023148148148,<=30 days (including pre-launch),Salvo Shuffle Minor Update V1.0.1
39,25,84.61538461538461,92.0,7.384615384615387,2582470,2025-09-13 15:32:18+00:00,patch,18.647430555555555,<=30 days (including pre-launch),Wacky West – Optimization & New Content Update ⚡
20,22,80.0,81.81818181818183,1.8181818181818272,2591290,2024-06-03 04:07:19+00:00,patch,4.171747685185185,<=30 days (including pre-launch),Update on June 3rd: Bug fix
33,29,81.81818181818183,86.20689655172413,4.388714733542301,2591360,2025-06-09 10:28:48+00:00,patch,3.4366666666666665,<=30 days (including pre-launch),"June 9th, Version V1.0.1 Update Notes"
28,79,89.28571428571429,87.34177215189874,-1.943942133815554,2598800,2025-02-03 18:08:15+00:00,patch,1.7557291666666666,<=30 days (including pre-launch),Day One Update
28,24,100.0,100.0,0.0,2607260,2025-05-02 15:38:10+00:00,patch,5.651504629629629,<=30 days (including pre-launch),Update Notes – May 2
188,1039,98.93617021276596,96.15014436958614,-2.7860258431798144,2608350,2024-08-27 11:18:35+00:00,patch,1.471238425925926,<=30 days (including pre-launch),Bug Fixes
169,124,98.22485207100591,96.7741935483871,-1.4506585226188093,2608350,2024-12-24 03:46:36+00:00,patch,120.15736111111111,31-180 days,Bug Fixes
51,32,96.07843137254902,93.75,-2.3284313725490193,2608350,2025-10-04 14:27:02+00:00,patch,404.6021064814815,>180 days,Unity Security Vulnerability Response Update
31,44,90.32258064516128,97.72727272727273,7.404692082111453,2608350,2026-06-29 14:32:00+00:00,patch,672.6055555555556,>180 days,Bug Fixes for Specific Environments
35,55,57.14285714285714,76.36363636363637,19.220779220779235,2615010,2024-05-24 00:35:41+00:00,patch,2.0247800925925925,<=30 days (including pre-launch),05.23.24: Patch Update 01
228,380,42.10526315789473,56.57894736842105,14.473684210526315,2618840,2023-10-13 18:48:08+00:00,patch,0.783425925925926,<=30 days (including pre-launch),2023-10-14 Updated Description
20,41,50.0,51.21951219512195,1.2195121951219505,2618840,2024-01-25 09:59:04+00:00,patch,104.41601851851851,31-180 days,2024-1-25 Update Description
29,24,62.06896551724138,41.66666666666667,-20.40229885057471,2618840,2024-04-12 11:23:08+00:00,patch,182.47439814814814,>180 days,2024-4-12 Update Instructions
308,633,77.92207792207793,92.41706161137441,14.494983689296475,2621150,2023-11-20 03:05:46+00:00,patch,4.129004629629629,<=30 days (including pre-launch),Optimization and enemy respawn fix
74,24,81.08108108108108,70.83333333333334,-10.247747747747738,2626860,2024-07-19 15:00:33+00:00,patch,24.960486111111113,<=30 days (including pre-launch),Dragon Eclipse: Patch 1 - Shadow Realm!
22,22,86.36363636363636,86.36363636363636,0.0,2630080,2026-03-20 09:56:11+00:00,patch,872.4140162037037,>180 days,Update Notes for 1.30.1
38,146,73.68421052631578,73.28767123287672,-0.39653929343906213,2633080,2024-11-16 08:35:28+00:00,patch,2.357962962962963,<=30 days (including pre-launch),2024/11/16：Update
46,120,86.95652173913044,76.66666666666667,-10.289855072463766,2635500,2025-08-26 23:15:16+00:00,patch,1.9689351851851853,<=30 days (including pre-launch),DAY 1/10: Major Fixes & Improvements - Community Impact!
34,99,70.58823529411765,84.84848484848484,14.260249554367192,2643010,2025-07-16 16:19:59+00:00,patch,1.6805439814814815,<=30 days (including pre-launch),Patch Notes - 16/07/2025
197,827,84.26395939086294,87.42442563482467,3.1604662439617357,2644610,2024-11-12 10:54:22+00:00,patch,1.4544212962962964,<=30 days (including pre-launch),PLANS FOR THE FIRST PATCH
181,125,82.87292817679558,75.2,-7.67292817679558,2644610,2025-01-23 15:35:35+00:00,patch,73.64971064814814,31-180 days,Version 1.12
56,68,83.92857142857143,82.35294117647058,-1.5756302521008507,2644610,2025-04-25 12:24:23+00:00,patch,165.51693287037037,31-180 days,Version 1.14
86,75,83.72093023255815,80.0,-3.720930232558146,2644610,2025-06-24 14:31:43+00:00,patch,225.6053587962963,>180 days,Dagon's stun attack fix
49,54,73.46938775510205,72.22222222222221,-1.2471655328798334,2644610,2025-09-08 19:21:51+00:00,patch,301.8068402777778,>180 days,Version 1.17
22,24,100.0,87.5,-12.5,2645100,2024-09-06 15:31:16+00:00,patch,7.646712962962963,<=30 days (including pre-launch),"Kerker Patch Notes - September 6, 2024"
33,24,100.0,100.0,0.0,2649800,2024-08-10 06:48:41+00:00,patch,1.992511574074074,<=30 days (including pre-launch),V0.9.1.6 Version Update Announcement~
21,154,100.0,96.1038961038961,-3.896103896103895,2657310,2024-04-06 09:30:09+00:00,patch,3.3959375,<=30 days (including pre-launch),V1.14 Update
36,80,88.88888888888889,76.25,-12.638888888888886,2666230,2024-11-17 13:31:51+00:00,patch,3.563784722222222,<=30 days (including pre-launch),20241117 Update
70,281,87.14285714285714,89.32384341637011,2.1809862735129713,2688680,2024-02-25 06:17:21+00:00,patch,2.262048611111111,<=30 days (including pre-launch),V1.0.0.1 更新公告20240225
38,42,89.47368421052632,80.95238095238095,-8.521303258145366,2688680,2024-04-28 09:33:20+00:00,patch,65.39814814814815,31-180 days,V1.0.1.5 更新公告20240428
30,29,83.33333333333334,75.86206896551724,-7.471264367816104,2688680,2024-07-02 06:33:45+00:00,patch,130.2734375,31-180 days,Update Contents for 20240702
40,30,92.5,90.0,-2.5,2688900,2024-02-02 12:50:49+00:00,patch,15.535289351851851,<=30 days (including pre-launch),v1.2 Update: New game mode and more!
117,562,95.72649572649573,95.72953736654804,0.003041640052316552,2689470,2025-01-10 09:16:02+00:00,patch,1.3861342592592591,<=30 days (including pre-launch),HOTFIX 0.6.2
49,111,93.87755102040816,95.4954954954955,1.6179444750873415,2689470,2026-01-09 14:01:19+00:00,patch,365.5842476851852,>180 days,Anniversary Update
40,33,72.5,66.66666666666666,-5.833333333333343,2692030,2025-02-10 08:35:31+00:00,patch,5.357997685185185,<=30 days (including pre-launch),Update Notes - 02/10/2025
72,97,86.11111111111111,77.31958762886599,-8.791523482245125,2713070,2023-12-26 18:18:03+00:00,patch,6.762534722222222,<=30 days (including pre-launch),Hotfixes
23,194,78.26086956521739,73.71134020618557,-4.549529359031823,2715370,2025-01-03 14:01:00+00:00,patch,0.41778935185185184,<=30 days (including pre-launch),EA 0.0.1 Version Update Notes
232,559,98.70689655172413,97.85330948121646,-0.8535870705076718,2726450,2024-02-25 09:02:22+00:00,patch,2.3766435185185184,<=30 days (including pre-launch),Windowkill 3.0.1 changelog
91,121,94.5054945054945,99.17355371900827,4.6680592135137715,2726450,2024-09-06 19:55:29+00:00,patch,196.83019675925925,>180 days,Windowkill v4.0 update!!
87,104,95.40229885057471,92.3076923076923,-3.0946065428824028,2726450,2025-02-24 00:44:02+00:00,patch,367.0305787037037,>180 days,"Steam Deck Support, 1 Year Anniversary, and 4.0.5 Update"
59,134,89.83050847457628,87.31343283582089,-2.5170756387553865,2726870,2024-08-09 09:24:55+00:00,patch,2.3923032407407407,<=30 days (including pre-launch),How to deal with lost achieves & Patch Note 1.1.3
31,23,100.0,78.26086956521739,-21.73913043478261,2726870,2024-12-20 07:00:53+00:00,patch,135.2922800925926,31-180 days,v1.7.0 Update Notes: Sweetie Lychee Remake & Translation Optimization
212,735,96.22641509433963,94.42176870748298,-1.8046463868566462,2735630,2024-01-16 10:18:08+00:00,patch,6.4292592592592595,<=30 days (including pre-launch),New conductors are on board!
210,119,92.38095238095238,94.9579831932773,2.577030812324921,2735630,2024-03-31 08:44:51+00:00,patch,81.36447916666667,31-180 days,Restart the update!
119,124,91.59663865546219,95.16129032258065,3.5646516671184685,2735630,2024-06-22 07:13:06+00:00,patch,164.3007638888889,31-180 days,"Developer Letter, and the 1.4 Update"
72,53,90.27777777777779,94.33962264150944,4.06184486373165,2735630,2024-10-22 11:34:02+00:00,patch,286.4819675925926,>180 days,New language added!
66,48,92.42424242424242,87.5,-4.924242424242422,2735630,2024-12-31 00:22:30+00:00,patch,356.015625,>180 days,1.5.1 Update
20,35,80.0,82.85714285714286,2.857142857142861,2741110,2024-02-18 02:39:07+00:00,patch,5.1104976851851855,<=30 days (including pre-launch),V1.2.1
2632,2247,96.20060790273556,95.95015576323988,-0.25045213949567824,2742830,2025-05-28 18:05:51+00:00,patch,7.7540625,<=30 days (including pre-launch),Patch Notes May 28
363,446,92.56198347107438,92.152466367713,-0.4095171033613809,2742830,2025-09-10 16:00:29+00:00,patch,112.66700231481481,31-180 days,Lost Arsenal Free Content Update Out Now!
300,816,95.33333333333334,97.67156862745098,2.338235294117638,2742830,2025-11-11 23:36:00+00:00,patch,174.98333333333332,31-180 days,Echoes from the Void Patch 1.3.1
291,482,95.87628865979381,93.3609958506224,-2.515292809171413,2742830,2026-02-03 18:44:04+00:00,patch,258.7806018518518,>180 days,Destiny of the Railforged Hotfix 2.0.1
31,48,100.0,87.5,-12.5,2746030,2024-09-28 16:24:05+00:00,patch,3.6833912037037035,<=30 days (including pre-launch),Patch 1.0.33
43,187,97.67441860465115,93.04812834224599,-4.626290262405163,2746910,2025-04-06 09:11:34+00:00,patch,382.3116782407407,>180 days,V3.1 Patch Note
49,52,81.63265306122449,94.23076923076923,12.598116169544738,2746910,2025-08-11 09:34:03+00:00,patch,509.32729166666667,>180 days,v3.7 Patch Note
20,38,100.0,94.73684210526315,-5.26315789473685,2746910,2026-04-29 06:08:10+00:00,patch,770.1843171296297,>180 days,v3.9 Patch Note
21,45,76.19047619047619,66.66666666666666,-9.523809523809533,2750920,2024-05-21 07:40:08+00:00,patch,5.319537037037037,<=30 days (including pre-launch),2.2.16.0
42,53,80.95238095238095,75.47169811320755,-5.480682839173397,2751120,2025-04-18 03:29:04+00:00,patch,3.145185185185185,<=30 days (including pre-launch),Hotfix v0.1.15a
36,351,100.0,92.02279202279202,-7.977207977207982,2752720,2024-09-12 12:58:34+00:00,patch,0.5406712962962963,<=30 days (including pre-launch),9.12 update
22,55,68.18181818181817,74.54545454545455,6.363636363636374,2754370,2025-06-03 17:03:58+00:00,patch,1.711087962962963,<=30 days (including pre-launch),Launch Day Hotfixes V2
23,75,69.56521739130434,82.66666666666667,13.101449275362327,2757630,2024-03-29 22:51:52+00:00,patch,11.952685185185185,<=30 days (including pre-launch),03.30 - bug fix
70,53,34.285714285714285,58.490566037735846,24.20485175202156,2758280,2024-02-15 01:54:45+00:00,patch,8.0796875,<=30 days (including pre-launch),1.0.2 Version Update
212,190,76.88679245283019,74.21052631578947,-2.6762661370407272,2760790,2025-08-04 11:29:13+00:00,patch,3.478622685185185,<=30 days (including pre-launch),🌱 First Patch: Freshly Picked Fixes & Tweaks!
23,79,91.30434782608695,81.0126582278481,-10.291689598238847,2761610,2024-05-02 09:17:33+00:00,patch,2.3871875,<=30 days (including pre-launch),2024/05/02 update
21,183,90.47619047619048,67.75956284153006,-22.716627634660426,2769070,2025-04-17 12:47:49+00:00,patch,1.5332060185185186,<=30 days (including pre-launch),补丁0417-2
29,555,93.10344827586206,88.82882882882883,-4.274619447033231,2770460,2025-01-24 10:54:33+00:00,patch,1.454548611111111,<=30 days (including pre-launch),Version 0.1.1 Update
29,66,68.96551724137932,77.27272727272727,8.30721003134795,2770460,2025-10-01 03:45:17+00:00,patch,251.15644675925927,>180 days,0.2.1修复补丁公告
97,945,96.90721649484536,83.7037037037037,-13.203512791141662,2776450,2025-01-03 11:51:26+00:00,patch,0.41149305555555554,<=30 days (including pre-launch),v0.6.1.0
180,108,77.22222222222223,69.44444444444444,-7.777777777777786,2776450,2025-03-12 16:25:45+00:00,patch,68.60199074074075,31-180 days,Version 0.8.7.0
69,154,75.36231884057972,75.97402597402598,0.6117071334462594,2776450,2025-07-20 10:51:04+00:00,patch,198.36957175925926,>180 days,Bug fixes and optimizations
31,26,87.09677419354838,88.46153846153845,1.3647642679900684,2782530,2024-02-23 07:03:59+00:00,patch,11.29443287037037,<=30 days (including pre-launch),v0.08 Update.
28,44,75.0,88.63636363636364,13.63636363636364,2782530,2024-08-05 19:00:22+00:00,patch,175.7919212962963,31-180 days,v0.17 Update.
267,7169,96.25468164794007,93.13711814757986,-3.1175635003602196,2784470,2025-05-23 19:53:28+00:00,patch,0.8287962962962963,<=30 days (including pre-launch),"Patch #01: Hotfixes, Rebalancing, Quality of Life updates"
2360,1078,93.00847457627118,92.02226345083488,-0.9862111254362986,2784470,2025-08-01 12:58:13+00:00,patch,70.54042824074074,31-180 days,"Patch #13: King of Nomads (New cards, perks, decrees, visuals & audio system)"
807,1346,92.3172242874845,88.8558692421991,-3.4613550452854014,2784470,2025-10-08 15:09:45+00:00,patch,138.63177083333332,31-180 days,"Patch #15: King of Time (New cards, perks, decrees, and gamebreaking stuff)"
586,489,88.90784982935153,88.5480572597137,-0.35979256963783257,2784470,2026-02-04 18:08:57+00:00,patch,257.75621527777776,>180 days,"Patch #21: The Endless Patch (new deck, performance, controller support)"
451,794,87.8048780487805,86.90176322418137,-0.903114824599129,2784470,2026-05-08 00:05:42+00:00,patch,350.00395833333334,>180 days,"Patch #23: Balancing, Quest Difficulty, Preparations for Async Multiplayer!"
412,381,89.07766990291263,88.18897637795276,-0.8886935249598764,2784470,2026-07-29 17:03:11+00:00,patch,432.71054398148146,>180 days,Patch #29: The big deck rework!
74,61,98.64864864864865,98.36065573770492,-0.2879929109437285,2784620,2024-11-05 01:35:24+00:00,patch,12.06625,<=30 days (including pre-launch),Update notes for patch 1.1.2
92,144,89.13043478260869,91.66666666666666,2.536231884057969,2788310,2024-04-12 02:40:50+00:00,patch,11.111689814814815,<=30 days (including pre-launch),Ver 0.21 Small Update
52,88,90.38461538461539,90.9090909090909,0.5244755244755197,2788310,2024-07-26 02:01:31+00:00,patch,116.08438657407407,31-180 days,"Ver 1.0 ""Ancient Ruins"" Major Upate"
72,59,95.83333333333334,91.52542372881356,-4.307909604519779,2788310,2024-12-03 07:34:56+00:00,patch,246.31592592592594,>180 days,Ver 2.0 Major Update
20,56,95.0,94.64285714285714,-0.3571428571428612,2797650,2025-07-27 14:50:22+00:00,patch,2.618310185185185,<=30 days (including pre-launch),1.0.2
58,101,93.10344827586206,88.11881188118812,-4.984636394673942,2800840,2025-05-15 19:07:42+00:00,patch,2.797013888888889,<=30 days (including pre-launch),May 15th 2025 - Patch 1.00.1
72,111,68.05555555555556,83.78378378378379,15.728228228228232,2803280,2024-06-09 06:11:37+00:00,patch,1.6360300925925926,<=30 days (including pre-launch),Hotfix v0.6941
27,21,81.48148148148148,95.23809523809523,13.756613756613746,2803280,2024-08-13 18:09:12+00:00,patch,67.13435185185185,31-180 days,V0.7 - Revamped Legendary Crafting System and New Legendary Gear
156,116,75.64102564102564,67.24137931034483,-8.39964633068081,2803280,2025-06-11 12:27:36+00:00,patch,368.8971296296296,>180 days,Dragon is Dead v1.042 Update
26,38,96.15384615384616,92.10526315789474,-4.048582995951421,2811200,2024-03-25 15:32:46+00:00,patch,3.6477546296296297,<=30 days (including pre-launch),Patch Note: 03/25/2024 Sound and Languages
38,93,92.10526315789474,88.17204301075269,-3.933220147142052,2812610,2024-11-17 05:47:08+00:00,patch,3.241064814814815,<=30 days (including pre-launch),11月17日 1.01版本更新
30,21,63.33333333333333,52.38095238095239,-10.952380952380942,2815610,2024-08-28 13:33:37+00:00,patch,7.565011574074074,<=30 days (including pre-launch),Update 1.020 is live!
57,72,84.21052631578947,91.66666666666666,7.456140350877192,2816940,2024-05-13 06:53:23+00:00,patch,2.287071759259259,<=30 days (including pre-launch),Update #2 Bug Fix
914,1711,86.43326039387308,81.35593220338984,-5.077328190483243,2820820,2025-01-24 17:09:35+00:00,patch,3.1694791666666666,<=30 days (including pre-launch),Hotfix 0.1.0.7 - Patch Notes
492,217,82.72357723577237,83.41013824884793,0.6865610130755613,2820820,2025-04-03 11:00:16+00:00,patch,71.91300925925925,31-180 days,Content Update 0.3 Drops Now - Rule the Waves with Njord & New Weapons!
426,232,81.45539906103286,78.01724137931035,-3.4381576817225152,2820820,2025-06-09 10:46:12+00:00,patch,138.90324074074073,31-180 days,Hotfix 0.4.4 - Patch Notes
141,1114,88.65248226950354,79.53321364452424,-9.119268624979298,2820820,2025-09-03 16:46:08+00:00,patch,225.15319444444444,>180 days,JOTUNNSLAYER: HORDES OF HEL HITS 1.0!
252,428,87.3015873015873,95.32710280373831,8.02551550215101,2820820,2025-11-06 14:51:05+00:00,patch,289.0732986111111,>180 days,Update 1.0.5 - Patch Notes
333,177,78.67867867867868,84.18079096045197,5.502112281773293,2820820,2026-01-08 10:09:43+00:00,patch,351.8779050925926,>180 days,Hotfix 1.1.2 - Patch Notes
128,191,80.46875,73.82198952879581,-6.646760471204189,2820820,2026-03-19 14:32:51+00:00,patch,422.06063657407407,>180 days,Hotfix 1.1.4 - Patch Notes
244,1565,88.52459016393442,84.08945686900958,-4.435133294924839,2824490,2025-07-18 23:05:10+00:00,patch,1.9619212962962962,<=30 days (including pre-launch),"Patch #01 - Early Fixes, Balance Tweaks, and Localization Pass"
314,271,84.39490445859873,83.39483394833948,-1.000070510259249,2824490,2025-10-01 15:01:10+00:00,patch,76.62581018518519,31-180 days,"Patch #08 - New game difficulties, balance changes"
178,133,80.89887640449437,78.94736842105263,-1.9515079834417435,2824490,2026-01-13 08:19:50+00:00,patch,180.3471064814815,>180 days,Bugfix - 0.8.59
141,95,85.1063829787234,81.05263157894737,-4.053751399776033,2824490,2026-03-30 15:13:04+00:00,patch,256.6340740740741,>180 days,"Patch #13 Mouse/Keyboard only controls, tome rework"
70,70,77.14285714285715,84.28571428571429,7.142857142857139,2824490,2026-06-11 13:48:50+00:00,patch,329.5755787037037,>180 days,"Patch #14 Cauldron item updates, balance changes"
27,26,100.0,100.0,0.0,2824780,2025-09-29 17:19:04+00:00,patch,5.721574074074074,<=30 days (including pre-launch),1.0.04 Patch Notes
191,3944,75.91623036649214,86.71399594320486,10.79776557671272,2827200,2025-10-28 09:38:02+00:00,patch,1.401412037037037,<=30 days (including pre-launch),10/28 HOTFIX
595,503,79.32773109243698,84.89065606361828,5.562924971181303,2827200,2026-02-11 12:10:30+00:00,patch,107.50729166666666,31-180 days,MIMESIS Update Notice (2/11)
225,523,84.0,81.26195028680688,-2.7380497131931207,2827200,2026-06-15 06:03:19+00:00,patch,231.25230324074073,>180 days,MIMESIS Update Notice (6/15)
210,118,80.0,79.66101694915254,-0.3389830508474603,2827200,2026-09-18 02:32:01+00:00,patch,326.1055671296296,>180 days,MIMESIS New Mode Update Notice (9/18)
28,50,89.28571428571429,82.0,-7.285714285714292,2827780,2024-03-07 16:44:07+00:00,patch,7.697303240740741,<=30 days (including pre-launch),2024/03/07 Difficulty Revamp Patch
827,15561,98.54897218863361,95.32163742690058,-3.227334761733033,2835570,2024-04-04 21:19:18+00:00,patch,0.8884027777777778,<=30 days (including pre-launch),Hot Fix 1
33640,5687,98.51367419738408,93.56426938631968,-4.949404811064397,2835570,2024-12-11 13:56:55+00:00,patch,251.58119212962964,>180 days,BUCKSHOT ROULETTE - Hotfix v2.2.0 patch notes
32,259,65.625,54.054054054054056,-11.570945945945944,2842150,2025-08-01 03:23:45+00:00,patch,1.1414930555555556,<=30 days (including pre-launch),PAD Hotfix 1
52,191,88.46153846153845,83.7696335078534,-4.691904953685054,2843640,2024-12-17 16:19:23+00:00,patch,1.6801273148148148,<=30 days (including pre-launch),1.0.01 Patch Note
21,37,95.23809523809523,62.16216216216216,-33.075933075933065,2850100,2024-08-13 03:10:46+00:00,patch,6.132476851851852,<=30 days (including pre-launch),Dungeon Exiles 1.0.2
107,234,85.04672897196261,80.34188034188034,-4.704848630082267,2853160,2025-04-04 19:51:19+00:00,patch,2.827303240740741,<=30 days (including pre-launch),V1.0.4 Change log
29,33,75.86206896551724,90.9090909090909,15.047021943573668,2853160,2025-06-04 08:18:51+00:00,patch,63.34642361111111,31-180 days,V1.2.2 Change Log
22,60,100.0,91.66666666666666,-8.333333333333343,2856370,2024-06-20 13:43:33+00:00,patch,0.9702314814814815,<=30 days (including pre-launch),Day One Balancing Patch!
133,33,78.94736842105263,93.93939393939394,14.992025518341308,2862890,2025-07-04 22:57:05+00:00,patch,15.95630787037037,<=30 days (including pre-launch),Become the Moon Update 1.1.0
196,612,63.26530612244898,79.24836601307189,15.983059890622904,2868860,2025-03-01 06:51:29+00:00,patch,1.285752314814815,<=30 days (including pre-launch),Patch Notes and Release Recap
39,20,71.7948717948718,75.0,3.2051282051282044,2868860,2025-05-07 00:24:35+00:00,patch,68.01707175925925,31-180 days,Main Branch Update and Q&A 1
33,21,84.84848484848484,71.42857142857143,-13.419913419913414,2868860,2025-12-03 03:25:33+00:00,patch,278.14274305555557,>180 days,Animal Update and Patch Notes #50
25,23,72.0,73.91304347826086,1.9130434782608603,2868860,2026-04-30 01:02:38+00:00,patch,426.04349537037035,>180 days,Cooking Improvements Update and Patch Notes #58
41,116,95.1219512195122,69.82758620689656,-25.294365012615643,2870150,2025-06-03 12:23:13+00:00,patch,1.5161226851851852,<=30 days (including pre-launch),Day1 First Update
96,1003,83.33333333333334,83.84845463609173,0.5151213027583879,2870340,2025-10-28 01:46:24+00:00,patch,1.073888888888889,<=30 days (including pre-launch),Update to the XP System and Unlocks
155,191,90.96774193548387,85.86387434554975,-5.103867589934126,2870340,2026-01-02 19:06:26+00:00,patch,67.79613425925926,31-180 days,"Balance Changes, Brazilian Portuguese Localization & Bugfixes"
56,68,94.64285714285714,85.29411764705883,-9.348739495798313,2870340,2026-04-06 15:59:16+00:00,patch,161.6661574074074,31-180 days,Decktamer Update 1.5.1
116,68,88.79310344827587,86.76470588235294,-2.02839756592293,2870340,2026-06-28 15:03:48+00:00,patch,244.6276388888889,>180 days,Update Version 1.7.2
214,93,87.85046728971963,88.17204301075269,0.32157572103305654,2870340,2026-09-08 16:58:21+00:00,patch,316.7071875,>180 days,Decktamer Update 1.8.7
45,107,77.77777777777779,82.2429906542056,4.465212876427813,2870430,2025-06-18 16:17:01+00:00,patch,2.6784837962962964,<=30 days (including pre-launch),v0.6.2.4 - Spell Shop Changes
74,46,87.83783783783784,91.30434782608695,3.466509988249115,2881660,2025-08-05 13:04:50+00:00,patch,6.5450231481481485,<=30 days (including pre-launch),"Major FPS Fixes, Early Access Banner, and the Weapon Apocalypse 🔥 (v0.0.107)"
38,63,84.21052631578947,65.07936507936508,-19.13116123642439,2881660,2026-07-20 17:08:27+00:00,patch,355.7142013888889,>180 days,Holy Shoot 1.0 is Out Now!
73,37,95.8904109589041,86.48648648648648,-9.403924472417614,2881800,2025-02-07 23:18:54+00:00,patch,9.971458333333333,<=30 days (including pre-launch),Patchnotes SuperTaxCity 1.1.0
26,32,84.61538461538461,90.625,6.009615384615387,2884590,2024-05-10 11:33:05+00:00,patch,1.397511574074074,<=30 days (including pre-launch),Patch Notes For May 10
70,151,74.28571428571429,71.52317880794702,-2.7625354777672726,2891120,2024-09-14 07:00:51+00:00,patch,2.2922569444444445,<=30 days (including pre-launch),V0.85.2.1 Version Update Announcement
47,20,72.3404255319149,70.0,-2.340425531914903,2891120,2024-12-13 07:29:47+00:00,patch,92.31234953703704,31-180 days,V0.91.2 Update
78,44,76.92307692307693,40.909090909090914,-36.01398601398602,2900530,2024-04-18 20:26:21+00:00,patch,3.8516319444444442,<=30 days (including pre-launch),Release Notes for 18/04/2024
21,37,85.71428571428571,86.48648648648648,0.772200772200776,2909250,2024-06-16 13:16:59+00:00,patch,11.553460648148148,<=30 days (including pre-launch),"Update virtual hand and add ""grabable"" indicator light"
32,34,78.125,58.82352941176471,-19.30147058823529,2910990,2025-02-13 09:33:09+00:00,patch,6.398020833333334,<=30 days (including pre-launch),[Volume Adjustment] Adjusted some attack volume
65,316,87.6923076923077,79.74683544303798,-7.945472249269713,2917350,2024-10-09 15:40:46+00:00,patch,1.6533101851851852,<=30 days (including pre-launch),Hotfixes 09/10/24
34,26,85.29411764705883,80.76923076923077,-4.524886877828052,2924580,2025-07-31 15:44:15+00:00,patch,3.6557291666666667,<=30 days (including pre-launch),📢 Early Access Hotfix 0.3.0 is live!
157,287,97.45222929936305,97.90940766550523,0.45717836614217333,2929730,2024-08-28 22:25:07+00:00,patch,1.9341087962962964,<=30 days (including pre-launch),Linux build fix
52,201,94.23076923076923,99.00497512437812,4.774205893608894,2929730,2024-11-18 11:30:39+00:00,patch,83.47961805555556,31-180 days,Progress of the Major Update
39,1580,94.87179487179486,77.9113924050633,-16.960402466731566,2934220,2025-11-20 18:58:30+00:00,patch,0.790625,<=30 days (including pre-launch),Known Issues List - 20/11/2025
171,164,83.62573099415205,81.09756097560977,-2.5281700185422835,2934220,2026-02-12 13:03:20+00:00,patch,84.54398148148148,31-180 days,Patch 1.1.3.0
140,149,86.42857142857143,83.22147651006712,-3.2070949185043105,2934220,2026-04-15 16:01:35+00:00,patch,146.6677662037037,31-180 days,Update reveal: The Road of Fortune
134,107,79.1044776119403,81.30841121495327,2.2039336030129704,2934220,2026-06-23 12:07:07+00:00,patch,215.50494212962963,>180 days,Patch 1.4.17.0
62,68,67.74193548387096,67.64705882352942,-0.09487666034154074,2934220,2026-09-07 14:36:45+00:00,patch,291.6088541666667,>180 days,Update Reveal: High Voltage
24,101,79.16666666666666,79.20792079207921,0.041254125412550025,2942700,2024-09-20 08:48:25+00:00,patch,3.3669560185185183,<=30 days (including pre-launch),Seed of Heroes Game Update: 1.0.3
1500,648,88.0,79.01234567901234,-8.987654320987659,2949320,2025-09-25 03:05:59+00:00,patch,7.129155092592592,<=30 days (including pre-launch),Early Access v0.5.10 Hotfix Patch Notes
390,159,94.87179487179486,83.64779874213836,-11.223996129656499,2949320,2025-12-11 03:19:31+00:00,patch,84.13855324074073,31-180 days,Ratatan’s December Update: Descent of the Dark Ratatan
128,291,98.4375,93.81443298969072,-4.623067010309285,2951580,2025-05-11 10:07:29+00:00,patch,3.4218634259259257,<=30 days (including pre-launch),v1.0.5 Update
23,20,100.0,85.0,-15.0,2952070,2025-05-03 00:33:39+00:00,patch,4.023368055555555,<=30 days (including pre-launch),Nanika Game Online Patch Notes Ver. 0.29
24,62,83.33333333333334,80.64516129032258,-2.6881720430107663,2955220,2024-11-03 00:23:44+00:00,patch,2.0164814814814815,<=30 days (including pre-launch),Update Notes
21,27,95.23809523809523,77.77777777777779,-17.46031746031744,2958790,2025-07-19 18:32:44+00:00,patch,182.84096064814815,>180 days,Version 1.0.2
46,191,95.65217391304348,90.0523560209424,-5.599817892101086,2964410,2024-06-06 21:31:37+00:00,patch,1.8969560185185186,<=30 days (including pre-launch),ACTUALIZACION 1.04
40,26,90.0,100.0,10.0,2974620,2025-05-03 00:32:59+00:00,patch,8.022905092592593,<=30 days (including pre-launch),Achievement Issue Notice
21,24,80.95238095238095,95.83333333333334,14.880952380952394,2975180,2025-02-27 07:33:05+00:00,patch,173.60979166666667,31-180 days,Patch 0.7.5.0 - More meta progression + Controller support!
60,34,78.33333333333333,50.0,-28.33333333333333,2979650,2024-05-28 13:25:08+00:00,patch,4.55912037037037,<=30 days (including pre-launch),New Patch Available! Fixes & Improvements (v0.55.3)
150,109,83.33333333333334,91.74311926605505,8.409785932721704,2981070,2025-11-22 09:03:48+00:00,patch,10.377638888888889,<=30 days (including pre-launch),"Gameplay, Display & Balance Update"
23,36,86.95652173913044,97.22222222222221,10.265700483091777,2996540,2025-10-28 10:00:48+00:00,patch,6.417222222222223,<=30 days (including pre-launch),THE GOOD OLD DAYS Update Notice
33,111,96.96969696969697,78.37837837837837,-18.591318591318597,3005620,2025-08-10 18:58:03+00:00,patch,2.7903125,<=30 days (including pre-launch),Drop Pockets 0.77.00
27,156,96.29629629629629,94.87179487179486,-1.424501424501429,3011360,2025-07-04 07:35:38+00:00,patch,2.316412037037037,<=30 days (including pre-launch),Primordialis v0.0e
110,112,94.54545454545455,94.64285714285714,0.09740259740259205,3011360,2025-12-24 13:29:28+00:00,patch,175.56212962962962,31-180 days,Primordialis v0.1
42,78,90.47619047619048,88.46153846153845,-2.014652014652029,3011360,2026-06-15 15:14:23+00:00,patch,348.63498842592594,>180 days,Primordialis v0.2 beta update
55,283,98.18181818181819,89.39929328621908,-8.78252489559911,3021630,2025-05-07 15:20:33+00:00,patch,1.6392708333333332,<=30 days (including pre-launch),1.0.5 Patch Notes
81,64,85.18518518518519,92.1875,7.0023148148148096,3024640,2024-10-04 21:55:13+00:00,patch,7.913344907407407,<=30 days (including pre-launch),Patch
59,33,79.66101694915254,66.66666666666666,-12.994350282485883,3025160,2025-12-09 10:57:28+00:00,patch,6.456574074074074,<=30 days (including pre-launch),🛠️v0.7.1 Patch Note
599,1165,91.31886477462437,86.43776824034335,-4.881096534281028,3026450,2025-09-24 10:17:41+00:00,patch,2.4289467592592593,<=30 days (including pre-launch),Hotfix 0.14.8
317,171,95.58359621451105,80.7017543859649,-14.881841828546143,3026450,2025-12-04 18:04:55+00:00,patch,73.75341435185184,31-180 days,Update 0.18 - Get ready for the SNOWVERLOAD
81,69,80.24691358024691,88.40579710144928,8.15888352120237,3026450,2026-03-19 17:58:44+00:00,patch,178.74912037037038,31-180 days,Update 0.19 - BLOOM & BOOM!
28,99,78.57142857142857,83.83838383838383,5.266955266955264,3026450,2026-06-08 17:17:37+00:00,patch,259.7205671296296,>180 days,Update 0.21 - Sunscream
45,148,80.0,89.1891891891892,9.189189189189193,3026450,2026-08-31 14:57:17+00:00,patch,343.6231134259259,>180 days,Update 0.22 - Bite & Bright
546,1174,91.39194139194139,90.28960817717207,-1.1023332147693168,3028310,2025-03-29 13:54:23+00:00,patch,4.57943287037037,<=30 days (including pre-launch),Patch 1.0.0.1
96,102,80.20833333333334,80.3921568627451,0.18382352941175384,3028310,2025-07-19 00:49:04+00:00,patch,116.03407407407407,31-180 days,NEW Game Mode: Meta+ / Pathing Choices / Patch 1.0.692
91,94,89.01098901098901,79.7872340425532,-9.223754968435813,3028310,2025-11-26 10:37:55+00:00,patch,246.4429976851852,>180 days,Version 1.1.1 is Live: Balancing Patch & QOL Update. Season 4 Start!
84,102,71.42857142857143,76.47058823529412,5.042016806722685,3028310,2026-05-17 13:21:19+00:00,patch,418.5564699074074,>180 days,Patch 1.1.21 - Season 5 is Live!
70,90,97.14285714285714,88.88888888888889,-8.253968253968253,3032830,2025-09-13 00:22:49+00:00,patch,3.0158449074074074,<=30 days (including pre-launch),Katanaut Patch 1.006
86,30,94.18604651162791,93.33333333333333,-0.8527131782945787,3032830,2025-11-13 07:53:54+00:00,patch,64.32909722222222,31-180 days,Katanaut Patch 1.023
24,92,83.33333333333334,93.47826086956522,10.144927536231876,3032830,2026-07-18 01:09:46+00:00,patch,311.0484490740741,>180 days,Katanaut Patch 1.140
21,33,100.0,87.87878787878788,-12.121212121212125,3040180,2025-09-26 22:18:15+00:00,patch,0.9293402777777777,<=30 days (including pre-launch),Day One - Hotfix
20,39,100.0,94.87179487179486,-5.128205128205138,3040270,2024-11-02 00:44:36+00:00,patch,2.030972222222222,<=30 days (including pre-launch),First Day Launch Update
20,28,95.0,92.85714285714286,-2.142857142857139,3040560,2024-12-28 09:12:27+00:00,patch,3.3836458333333335,<=30 days (including pre-launch),Update v0.4.18
24,91,100.0,89.01098901098901,-10.989010989010993,3045660,2025-11-21 06:06:24+00:00,patch,2.2544444444444443,<=30 days (including pre-launch),11月21日更新：修复完成成就无法正确解锁道具等问题
22,20,100.0,100.0,0.0,3046050,2024-12-18 19:16:24+00:00,patch,8.803055555555556,<=30 days (including pre-launch),Small update
26,65,96.15384615384616,92.3076923076923,-3.846153846153854,3048660,2024-07-19 14:49:53+00:00,patch,0.6179745370370371,<=30 days (including pre-launch),2024年7月19日更新公告
21,50,90.47619047619048,76.0,-14.476190476190482,3052500,2024-10-30 12:41:15+00:00,patch,2.5286458333333335,<=30 days (including pre-launch),Patch Note - v1.0.4
46,67,93.47826086956522,95.52238805970148,2.0441271901362654,3054210,2025-11-27 13:45:28+00:00,patch,3.573240740740741,<=30 days (including pre-launch),Update v0.1.1
44,267,90.9090909090909,83.14606741573034,-7.7630234933605635,3054610,2024-07-27 13:03:15+00:00,patch,1.5439236111111112,<=30 days (including pre-launch),V1.2.1 Regular Update
70,34,80.0,70.58823529411765,-9.411764705882348,3054610,2024-09-27 09:20:34+00:00,patch,63.38928240740741,31-180 days,V1.3.8 Regular Update
23,26,82.6086956521739,65.38461538461539,-17.22408026755852,3054610,2025-01-13 04:36:09+00:00,patch,171.19177083333332,31-180 days,V1.3.14 Regular Update
26,25,57.692307692307686,88.0,30.307692307692314,3054610,2025-05-19 12:27:56+00:00,patch,297.5193981481481,>180 days,V1.4.6 Regular Update
50,25,96.0,84.0,-12.0,3057190,2025-06-06 08:22:00+00:00,patch,45.2825,31-180 days,HUUGE UDPATE (v1.2)
26,22,80.76923076923077,95.45454545454545,14.68531468531468,3057760,2025-01-16 16:48:52+00:00,patch,183.70060185185184,>180 days,Root Update
32,23,90.625,95.65217391304348,5.027173913043484,3059390,2025-03-26 17:11:21+00:00,patch,2.7162152777777777,<=30 days (including pre-launch),Hot Fix #4
63,32,84.12698412698413,93.75,9.623015873015873,3063750,2025-07-18 09:14:22+00:00,patch,52.38497685185185,31-180 days,Pixel Dungeon v2.30 Update is Live!
223,446,94.17040358744396,83.40807174887892,-10.762331838565032,3066570,2025-01-23 09:29:46+00:00,patch,4.395671296296296,<=30 days (including pre-launch),Aotenjo 01- 23 Update Patch Note
48,26,85.41666666666666,84.61538461538461,-0.801282051282044,3066570,2025-05-09 12:47:12+00:00,patch,110.53277777777778,31-180 days,May 9 Update Announcement: Artifacts for Wooden Tiles & Auto Backup Save Feature
27,513,81.48148148148148,86.74463937621833,5.26315789473685,3074110,2025-01-09 21:37:07+00:00,patch,0.900775462962963,<=30 days (including pre-launch),Hotfix 1.0.5
47,37,80.85106382978722,70.27027027027027,-10.580793559516948,3074110,2025-03-13 16:16:06+00:00,patch,63.67784722222222,31-180 days,2.0.1
69,701,84.05797101449275,81.31241084165478,-2.745560172837969,3081280,2025-11-20 10:26:10+00:00,patch,1.434837962962963,<=30 days (including pre-launch),Patch 1.0.1: Added a link to the WIKI and fixed some crash issues.
35,90,60.0,57.77777777777777,-2.2222222222222285,3081280,2026-02-13 02:05:30+00:00,patch,86.08715277777777,31-180 days,"[1.2.0 Update] The ""Reforged"" Version Has Arrived!"
26,52,50.0,78.84615384615384,28.84615384615384,3081280,2026-04-15 13:47:54+00:00,patch,147.57493055555557,31-180 days,Test Branch Update #4
35,21,80.0,42.857142857142854,-37.142857142857146,3081280,2026-06-17 08:16:08+00:00,patch,210.34453703703704,>180 days,[1.5.0 Patch Update] Season Gameplay First Wave Numerical
127,62,77.95275590551181,83.87096774193549,5.91821183642368,3088410,2024-08-19 12:47:23+00:00,patch,3.5329050925925927,<=30 days (including pre-launch),Update version 1.1.3
34,109,91.17647058823529,95.41284403669725,4.236373448461961,3088410,2024-12-16 07:06:15+00:00,patch,122.29600694444444,31-180 days,7th Domain:Tree of Chaos Update version 1.2.0
29,37,82.75862068965517,78.37837837837837,-4.3802423112768025,3091390,2024-07-31 14:02:50+00:00,patch,8.585300925925926,<=30 days (including pre-launch),Second patch
45,63,86.66666666666667,84.12698412698413,-2.539682539682545,3091390,2024-10-11 14:28:22+00:00,patch,80.60303240740741,31-180 days,Hotfix for Patch #6
144,771,71.52777777777779,74.05966277561609,2.5318849978383042,3093400,2025-08-22 15:25:54+00:00,patch,1.642986111111111,<=30 days (including pre-launch),"v1.0 patch notes, what’s next, and a thank you from the team"
50,29,78.0,79.3103448275862,1.3103448275862064,3093400,2025-10-22 14:53:19+00:00,patch,62.620358796296294,31-180 days,Knightica - v1.1.1a
24,48,100.0,97.91666666666666,-2.083333333333343,3095600,2024-12-10 06:15:44+00:00,patch,3.260925925925926,<=30 days (including pre-launch),Small updates
124,127,86.29032258064517,92.91338582677166,6.623063246126492,3096270,2024-11-25 18:39:15+00:00,patch,10.777256944444444,<=30 days (including pre-launch),Actualizacion 1.10
59,42,91.52542372881356,90.47619047619048,-1.0492332526230825,3096620,2024-10-06 16:40:22+00:00,patch,63.69469907407407,31-180 days,Update #02
44,24,84.0909090909091,83.33333333333334,-0.7575757575757507,3101770,2024-08-30 23:58:02+00:00,patch,7.998634259259259,<=30 days (including pre-launch),Minor update patches
30,25,96.66666666666667,100.0,3.3333333333333286,3107590,2025-08-09 16:38:12+00:00,patch,330.69319444444443,>180 days,1.9.1アップデート
30,22,93.33333333333333,90.9090909090909,-2.424242424242422,3107590,2026-01-15 02:46:44+00:00,patch,489.115787037037,>180 days,1.11.0 アップデート🎉
155,1151,80.64516129032258,85.05647263249348,4.4113113421709045,3109580,2025-03-08 06:59:57+00:00,patch,2.2916319444444446,<=30 days (including pre-launch),Ver1.0.1a is out!
48,263,68.75,79.46768060836501,10.717680608365015,3109580,2025-11-19 12:37:29+00:00,patch,258.5260300925926,>180 days,Version 2.0 | Dec 4 Update! First Look at the New Artifact System!
67,112,82.08955223880598,80.35714285714286,-1.7324093816631176,3112170,2025-10-11 19:00:43+00:00,patch,1.7921643518518517,<=30 days (including pre-launch),Patch 1.0.1
56,92,78.57142857142857,79.34782608695652,0.7763975155279468,3123120,2025-08-23 10:36:54+00:00,patch,2.4422916666666667,<=30 days (including pre-launch),Kill the Brickman patch 0.9.880 now live
20,29,90.0,72.41379310344827,-17.58620689655173,3128280,2025-05-14 16:00:37+00:00,patch,2.6670949074074075,<=30 days (including pre-launch),Patch v0.0.4
44,177,81.81818181818183,75.70621468926554,-6.111967128916291,3141720,2025-05-17 11:26:04+00:00,patch,2.4764351851851854,<=30 days (including pre-launch),Update Notes 0.0.1.4
48,30,83.33333333333334,76.66666666666667,-6.666666666666671,3141720,2025-07-18 03:50:45+00:00,patch,64.16024305555555,31-180 days,"Monster Battles launching Version 0.1.0 — the ""Mechanical Revolution“ is here"
21,56,80.95238095238095,71.42857142857143,-9.523809523809518,3141720,2026-01-22 11:37:10+00:00,patch,252.48414351851852,>180 days,0.3.1.3 Update
20,137,80.0,81.02189781021897,1.0218978102189737,3145320,2024-11-12 14:14:28+00:00,patch,1.5933796296296296,<=30 days (including pre-launch),V1.0004 Updates logs
23,27,100.0,92.5925925925926,-7.407407407407405,3151420,2025-07-26 10:42:08+00:00,patch,3.445925925925926,<=30 days (including pre-launch),2025/07/26 Update
222,101,94.5945945945946,88.11881188118812,-6.475782713406474,3151760,2025-11-26 15:37:40+00:00,patch,6.651157407407408,<=30 days (including pre-launch),"Patch 1 - Interactions system, black screen on launch, cinematics, + more"
30,21,90.0,90.47619047619048,0.4761904761904816,3151760,2026-07-29 21:30:54+00:00,patch,251.89645833333333,>180 days,Stability & Bug Fix Update
53,30,100.0,100.0,0.0,3160160,2025-03-29 16:15:08+00:00,patch,5.677175925925926,<=30 days (including pre-launch),Version 1.1 Update Log
24,117,95.83333333333334,98.29059829059828,2.4572649572649397,3161850,2024-08-30 06:01:14+00:00,patch,1.2508564814814815,<=30 days (including pre-launch),Bug fix
54,126,92.5925925925926,96.82539682539682,4.232804232804227,3162110,2024-10-30 16:20:42+00:00,patch,1.6810416666666668,<=30 days (including pre-launch),Bug fixes and adjustments.
139,50955,88.48920863309353,94.30085369443627,5.811645061342745,3167020,2025-10-16 10:06:21+00:00,patch,0.4210763888888889,<=30 days (including pre-launch),Update Log 1.0.17
36280,7552,80.47684674751929,38.74470338983051,-41.73214335768878,3167020,2025-12-18 08:01:19+00:00,patch,63.33424768518518,31-180 days,Patch Notes: Update 1.3.10
478,1016,83.47280334728033,83.36614173228347,-0.10666161499686666,3167020,2026-06-25 03:01:34+00:00,patch,252.12608796296297,>180 days,"Summer Island Challenge Update is out now! New map, new gameplay, new items!"
30,196,100.0,85.71428571428571,-14.285714285714292,3167970,2025-04-26 10:13:10+00:00,patch,1.4258101851851852,<=30 days (including pre-launch),Update 26 April
45,186,100.0,100.0,0.0,3176850,2025-12-11 08:00:10+00:00,patch,1.333449074074074,<=30 days (including pre-launch),Second Stellar v0.1.0.1
31,856,100.0,90.88785046728972,-9.112149532710276,3177890,2025-09-16 13:32:08+00:00,patch,1.5639814814814814,<=30 days (including pre-launch),V1.0.5 补丁
21,21,71.42857142857143,85.71428571428571,14.285714285714278,3177890,2026-04-09 10:32:57+00:00,patch,206.43954861111112,>180 days,V1.4.9 & EditorV1.0.3
103,486,96.11650485436894,96.70781893004116,0.5913140756722157,3177920,2024-11-08 20:37:16+00:00,patch,9.859212962962962,<=30 days (including pre-launch),🎃 NEW UPDATE 1.2 🎃
164,265,96.34146341463415,96.60377358490567,0.2623101702715189,3177920,2025-02-16 18:17:41+00:00,patch,109.76228009259259,31-180 days,1.2.1 New languages added
90,377,85.55555555555556,83.0238726790451,-2.531682876510459,3177970,2024-11-17 02:45:24+00:00,patch,2.1148611111111113,<=30 days (including pre-launch),Patch Note V1.04
30,20,83.33333333333334,70.0,-13.333333333333343,3177970,2025-04-07 03:37:05+00:00,patch,143.1507523148148,31-180 days,Patch Note V2.0.6a
20,28,100.0,100.0,0.0,3180680,2025-12-13 17:40:35+00:00,patch,2.7365162037037036,<=30 days (including pre-launch),Content Update v1.0.3
25,29,60.0,65.51724137931035,5.517241379310349,3183360,2024-12-14 10:07:06+00:00,patch,4.421597222222222,<=30 days (including pre-launch),NABI’s First Update is Here!
23,151,91.30434782608695,94.03973509933775,2.735387273250794,3187880,2025-11-06 03:37:30+00:00,patch,1.1510416666666667,<=30 days (including pre-launch),Update ver.1.0.5
132,4484,100.0,97.63603925066904,-2.363960749330957,3191030,2025-03-11 13:10:50+00:00,patch,4.549189814814815,<=30 days (including pre-launch),Update V1.2 - Mostly initial bug fixes
2942,1399,97.75662814411965,96.06862044317369,-1.6880077009459598,3191030,2025-05-16 22:44:25+00:00,patch,70.94751157407407,31-180 days,Nubby's Number Factory V1.3.1 (large patch)
383,2979,97.12793733681463,98.95938234306814,1.8314450062535172,3191030,2025-11-17 03:06:38+00:00,patch,255.1296064814815,>180 days,Update V1.4 - The Big One
430,623,95.81395348837209,96.30818619582665,0.4942327074545574,3191030,2026-02-20 02:54:41+00:00,patch,350.12130787037034,>180 days,NNF v1.4.3 Patch Notes (2/19/2026)
370,341,93.78378378378378,96.48093841642229,2.697154632638515,3191030,2026-04-27 18:21:38+00:00,patch,416.76502314814815,>180 days,NNF V1.4.7 Patch Notes (4/27/2026)
321,366,96.57320872274143,95.08196721311475,-1.4912415096266756,3191030,2026-07-01 18:50:34+00:00,patch,481.78511574074076,>180 days,NNF V1.4.7.3 Patch Notes | Added European Spanish localization! (7/1/2026)
347,199,93.94812680115274,94.9748743718593,1.0267475707065614,3191030,2026-09-03 20:46:02+00:00,patch,545.8653009259259,>180 days,NNF V1.4.7.5 Patch Notes | Galician Localization Spontaneously Added!
160,134,66.25,63.43283582089553,-2.8171641791044735,3201010,2025-09-02 21:29:27+00:00,patch,6.895451388888889,<=30 days (including pre-launch),"EA Minor Update #01, 9/2/25"
37,32,32.432432432432435,34.375,1.9425675675675649,3201010,2025-12-22 16:57:22+00:00,patch,117.70650462962963,31-180 days,Starlight Re:Volver is Now Offline + 12/22/25 Update Patch Notes
32,33,87.5,69.6969696969697,-17.803030303030297,3201070,2026-03-24 04:05:05+00:00,patch,231.17019675925926,>180 days,Patch Notes
33,20,100.0,90.0,-10.0,3202950,2025-09-03 14:04:45+00:00,patch,8.586631944444445,<=30 days (including pre-launch),Update Notes for September 3rd 2025
92,226,83.69565217391305,76.99115044247787,-6.7045017314351725,3206200,2025-04-27 09:55:05+00:00,patch,2.4132523148148146,<=30 days (including pre-launch),Update 0.9.20-BUG Fix
102,186,41.17647058823529,67.74193548387096,26.56546489563567,3232040,2025-04-21 15:45:54+00:00,patch,4.656875,<=30 days (including pre-launch),Hotfix 0.1.1.8 - Stability & Improvements Update
30,39,86.66666666666667,61.53846153846154,-25.12820512820513,3232040,2025-12-26 19:31:51+00:00,patch,253.8137847222222,>180 days,We`re finally back with Update 0.2.0!
31,34,87.09677419354838,97.05882352941177,9.962049335863384,3234700,2025-05-10 15:16:29+00:00,patch,3.6364467592592593,<=30 days (including pre-launch),Patch Notes Ver.18413619
198,1291,89.39393939393939,93.64833462432223,4.2543952303828405,3238670,2025-05-01 17:41:24+00:00,patch,1.7370833333333333,<=30 days (including pre-launch),0.16.1 - Early Access Hotfix 1
86,87,74.4186046511628,78.16091954022988,3.7423148890670888,3238670,2025-08-18 16:12:54+00:00,patch,110.675625,31-180 days,0.18.0 - Early Access Update 2
33,167,84.84848484848484,92.81437125748504,7.965886409000191,3238670,2025-11-22 19:53:09+00:00,patch,206.82857638888888,>180 days,Conquest Dark - 0.19.0 - Early Access Update 3
33,47,90.9090909090909,89.36170212765957,-1.5473887814313372,3238670,2026-02-03 14:43:23+00:00,patch,279.61346064814813,>180 days,0.19.7 - Early Access Minor Update
27,40,62.96296296296296,82.5,19.537037037037038,3238670,2026-04-06 17:45:43+00:00,patch,341.74008101851854,>180 days,0.20.4 & 0.20.5 - Early Access Hotfixes
25,31,80.0,83.87096774193549,3.8709677419354875,3238670,2026-06-24 13:59:44+00:00,patch,420.58314814814815,>180 days,0.20.12 - Early Access Minor Update
93,39,79.56989247311827,92.3076923076923,12.737799834574034,3238670,2026-09-17 14:00:46+00:00,patch,505.58386574074075,>180 days,0.21.0 Early Access - Major Update
31,32,96.7741935483871,93.75,-3.024193548387103,3241540,2025-08-25 16:21:30+00:00,patch,5.681597222222222,<=30 days (including pre-launch),xd1 Patch v.22.2.0.22
28,104,100.0,100.0,0.0,3247500,2025-03-29 14:19:53+00:00,patch,2.597141203703704,<=30 days (including pre-launch),アップデート1.0.1
21,44,100.0,100.0,0.0,3247500,2025-10-04 04:06:45+00:00,patch,191.17135416666667,>180 days,アップデート1.0.2
298,1735,95.30201342281879,88.58789625360231,-6.714117169216479,3247750,2025-07-11 21:17:52+00:00,patch,1.8874074074074074,<=30 days (including pre-launch),Update 1.0.2
323,436,84.82972136222911,89.22018348623854,4.3904621240094315,3247750,2025-09-15 17:11:24+00:00,patch,67.71625,31-180 days,Mycopunk Update 1.4
237,347,89.45147679324894,92.21902017291066,2.767543379661717,3247750,2025-11-15 23:21:53+00:00,patch,128.9735300925926,31-180 days,Patch 1.5.5
281,125,85.40925266903915,85.6,0.19074733096084628,3247750,2026-01-15 21:21:58+00:00,patch,189.89025462962962,>180 days,BETA Update 1.6.6
88,183,87.5,88.52459016393442,1.0245901639344197,3247750,2026-04-06 19:12:59+00:00,patch,270.8006828703704,>180 days,Procedural Levels Beta 2
103,117,84.46601941747572,85.47008547008546,1.004066052609744,3247750,2026-06-25 16:42:26+00:00,patch,350.6961342592593,>180 days,1.9 - THE ENEMY UPDATE
69,68,86.95652173913044,85.29411764705883,-1.6624040920716112,3247750,2026-08-25 16:59:37+00:00,patch,411.7080671296296,>180 days,MAJOR UPDATE - FREEZE & FESTER
330,988,98.7878787878788,97.67206477732793,-1.1158140105508636,3265060,2025-10-19 12:31:57+00:00,patch,2.5221875,<=30 days (including pre-launch),Version 1.0.1 Update Notice
171,73,97.6608187134503,100.0,2.339181286549703,3265060,2026-01-22 09:56:08+00:00,patch,97.41398148148149,31-180 days,Version 1.1.2 Update Notice - Script-based Mods (DLL) are now supported
49,70,97.95918367346938,94.28571428571428,-3.6734693877551052,3265060,2026-03-27 11:24:28+00:00,patch,161.47532407407408,31-180 days,Version 1.1.3 Update Notice - Custom Mode & Performance Optimizations
35,86,97.14285714285714,94.18604651162791,-2.9568106312292315,3265060,2026-06-09 06:59:53+00:00,patch,235.29158564814816,>180 days,Version 1.2.0 Beta is Now Live on the Public Beta Branch!
114,126,90.35087719298247,86.5079365079365,-3.84294068504596,3288300,2025-06-23 15:13:53+00:00,patch,4.634641203703704,<=30 days (including pre-launch),Patch Notes – V1.0.4.955
58,76,96.55172413793103,88.1578947368421,-8.393829401088936,3288300,2025-09-15 16:20:33+00:00,patch,88.6809375,31-180 days,DarkFairyTale Version 1.2 – The Whisperer is Now Live!
22,27,95.45454545454545,88.88888888888889,-6.5656565656565675,3292980,2024-11-07 02:51:32+00:00,patch,6.1191203703703705,<=30 days (including pre-launch),Typing with pleasure update
21,26,90.47619047619048,88.46153846153845,-2.014652014652029,3297050,2025-04-13 04:27:57+00:00,patch,143.80907407407406,31-180 days,"Hotfix - April 13th, 2024"
3962,8256,91.54467440686523,88.21463178294574,-3.330042623919482,3314790,2025-09-30 17:30:03+00:00,patch,4.729201388888889,<=30 days (including pre-launch),"300,000 copies sold in 4 days !!!! And first patch available 👀"
4209,1747,94.89189831313851,89.35317687464224,-5.5387214384962675,3314790,2025-12-18 12:57:58+00:00,patch,83.54025462962963,31-180 days,1.3 - Hard Mode Hotfix
770,1305,90.77922077922078,88.65900383141762,-2.120216947803158,3314790,2026-04-09 16:43:30+00:00,patch,195.696875,>180 days,Unholy Fusion DLC is OUT NOW + free 1.4 Leaderboards update!
39,421,89.74358974358975,84.56057007125891,-5.183019672330843,3315330,2025-06-14 12:42:11+00:00,patch,1.5292939814814814,<=30 days (including pre-launch),【Warehouse Expansion】 Update V1.0.1.0614.2​​
55,138,94.54545454545455,84.05797101449275,-10.487483530961796,3324320,2025-03-26 06:31:39+00:00,patch,2.2719791666666667,<=30 days (including pre-launch),Announcement of Patch Release(Ver.1.0.2)
132,556,95.45454545454545,95.32374100719424,-0.13080444735120977,3339780,2025-05-21 10:27:51+00:00,patch,1.4360069444444445,<=30 days (including pre-launch),Patch v1.0.1
21,22,90.47619047619048,95.45454545454545,4.978354978354972,3343940,2025-07-17 18:00:17+00:00,patch,2.7501967592592593,<=30 days (including pre-launch),Version 1.5.0 Update
72,89,94.44444444444444,96.62921348314607,2.1847690387016314,3347620,2025-09-14 11:59:32+00:00,patch,3.499675925925926,<=30 days (including pre-launch),【2025-9-14】update
28,37,100.0,97.2972972972973,-2.7027027027026946,3349840,2024-12-24 13:14:07+00:00,patch,8.551469907407407,<=30 days (including pre-launch),December 24th Patch Note
35,31,97.14285714285714,90.32258064516128,-6.820276497695858,3349850,2024-12-24 10:04:00+00:00,patch,8.419444444444444,<=30 days (including pre-launch),Minor Update 1.0.3
23,20,73.91304347826086,90.0,16.08695652173914,3349860,2024-12-26 12:23:44+00:00,patch,10.516481481481481,<=30 days (including pre-launch),24.12.26 Ver 1.3 Patch
316,567,47.151898734177216,56.08465608465608,8.932757350478866,3352240,2025-12-17 21:25:46+00:00,patch,2.8928935185185187,<=30 days (including pre-launch),Hotfix #1 - December 19
33,197,81.81818181818183,81.21827411167513,-0.5999077065066984,3352240,2026-05-05 17:30:17+00:00,patch,141.72936342592592,31-180 days,Ghoulag Update Release Date
37,88,62.16216216216216,73.86363636363636,11.701474201474198,3352240,2026-07-14 15:11:14+00:00,patch,211.63280092592592,>180 days,The Fangs and Faith Update is Now Live!
26,43,61.53846153846154,79.06976744186046,17.531305903398923,3352240,2026-09-17 12:51:25+00:00,patch,276.5357060185185,>180 days,The Transmutation Update is Now Live!
36,180,86.11111111111111,82.22222222222221,-3.8888888888889,3353100,2025-08-12 06:56:16+00:00,patch,1.289074074074074,<=30 days (including pre-launch),Patch v1.03
96,325,91.66666666666666,92.0,0.3333333333333428,3361510,2025-09-14 16:09:08+00:00,patch,3.6730092592592594,<=30 days (including pre-launch),Patch v1.0.0.8 - Small Achievement Bug Fixes
111,116,93.69369369369369,96.55172413793103,2.858030444237343,3361510,2025-11-18 21:46:41+00:00,patch,68.90741898148148,31-180 days,Patch v1.2.0.9
92,134,89.13043478260869,97.01492537313433,7.884490590525644,3361510,2026-03-26 19:43:49+00:00,patch,196.8220949074074,>180 days,Update v1.3 Out Now
212,203,86.79245283018868,89.16256157635468,2.3701087461659966,3363560,2025-11-15 03:43:04+00:00,patch,5.154907407407407,<=30 days (including pre-launch),Shard Squad - Patch 1.0.01
23,44,82.6086956521739,90.9090909090909,8.300395256917,3363560,2026-03-09 12:04:03+00:00,patch,119.5028125,31-180 days,Shard Squad Update 1.1 - Prismatic Power
24,210,95.83333333333334,97.14285714285714,1.309523809523796,3371510,2025-10-26 07:50:57+00:00,patch,3.327048611111111,<=30 days (including pre-launch),Update Log V1.0.2
35,27,88.57142857142857,88.88888888888889,0.31746031746031633,3380820,2025-01-29 13:12:32+00:00,patch,5.55037037037037,<=30 days (including pre-launch),Update 1.1
23,45,100.0,97.77777777777777,-2.2222222222222285,3385370,2025-05-03 21:00:31+00:00,patch,1.2949768518518519,<=30 days (including pre-launch),v0.0.134
49,106,93.87755102040816,83.9622641509434,-9.915286869464765,3385370,2025-07-14 16:14:56+00:00,patch,73.0966550925926,31-180 days,v1.0.1
102,288,75.49019607843137,63.888888888888886,-11.601307189542482,3393750,2025-03-07 02:36:32+00:00,patch,2.1087037037037035,<=30 days (including pre-launch),《我的人生》1.0.1版本更新 - 游戏体验优化、排行榜重新开放
22,21,77.27272727272727,76.19047619047619,-1.0822510822510765,3393750,2026-02-05 02:47:57+00:00,patch,337.11663194444446,>180 days,我的人生版本更新：2.0.11
184,2961,92.93478260869566,90.98277608915907,-1.9520065195365817,3399950,2025-03-01 19:41:56+00:00,patch,1.820787037037037,<=30 days (including pre-launch),v1.02 Patch Notes
249,399,91.96787148594377,92.23057644110276,0.2627049551589806,3399950,2025-06-18 05:08:19+00:00,patch,110.2141087962963,31-180 days,Summer Update!
2113,422,96.87647893989589,93.8388625592417,-3.0376163806541854,3399950,2025-12-01 03:12:15+00:00,patch,276.13350694444443,>180 days,standing by your side in 2026 (+new update released!)
372,225,86.82795698924731,89.77777777777777,2.9498207885304595,3399950,2026-01-30 05:53:29+00:00,patch,336.245474537037,>180 days,Lunar New Year Update Is Here!
189,568,92.5925925925926,89.61267605633803,-2.9799165362545637,3399950,2026-05-02 14:32:23+00:00,patch,428.60582175925924,>180 days,"Anniversary Update, New Mode, Mother's Day Sales and New Game!"
201,125,91.04477611940298,92.80000000000001,1.755223880597029,3399950,2026-09-06 12:03:18+00:00,patch,555.5022916666667,>180 days,September Update: Back to school with your mother!
50,97,98.0,78.35051546391753,-19.64948453608247,3405540,2025-11-07 19:26:39+00:00,patch,0.8101736111111111,<=30 days (including pre-launch),Hotfix Survival Mode Music
26,75,84.61538461538461,88.0,3.384615384615387,3406850,2025-05-31 16:24:50+00:00,patch,1.683912037037037,<=30 days (including pre-launch),Minor Update [2025/06/01]
27,26,88.88888888888889,96.15384615384616,7.264957264957275,3406850,2025-08-08 08:06:11+00:00,patch,70.33762731481481,31-180 days,Major Update [2025/08/08]
35,413,88.57142857142857,92.00968523002422,3.438256658595648,3411020,2025-05-20 13:09:17+00:00,patch,1.548113425925926,<=30 days (including pre-launch),v0.9.71 Patch Notes
85,86,90.58823529411765,97.67441860465115,7.0861833105334995,3411020,2025-07-21 06:11:19+00:00,patch,63.2578587962963,31-180 days,v0.9.988 Patch Notes: Add 5 more languages
46,119,93.47826086956522,93.27731092436974,-0.20094994519547527,3411020,2025-09-26 16:00:35+00:00,patch,130.66707175925927,31-180 days,🔥🔥🔥v1.0 Free Major Update is Now Live!🔥🔥🔥
42,99,90.47619047619048,89.8989898989899,-0.5772005772005855,3411020,2025-12-09 15:17:32+00:00,patch,204.63717592592593,>180 days,🔥 ver10100 Patch Notes 🔥
23,33,86.95652173913044,87.87878787878788,0.9222661396574381,3411020,2026-04-19 07:47:03+00:00,patch,335.32434027777776,>180 days,🎉 Bug Fixes & New Platform Launch​ 🎉
151,361,80.13245033112582,76.17728531855957,-3.9551650125662547,3419220,2025-08-31 03:49:20+00:00,patch,2.1592592592592594,<=30 days (including pre-launch),Day 2 Update
25,33,92.0,81.81818181818183,-10.181818181818173,3427090,2025-03-10 05:43:54+00:00,patch,6.238819444444444,<=30 days (including pre-launch),v1.0.1.5
40,217,87.5,68.20276497695853,-19.297235023041466,3432500,2025-05-24 17:20:13+00:00,patch,1.7223726851851853,<=30 days (including pre-launch),《长安：石之舞》5月25日更新公告
20,53,95.0,84.90566037735849,-10.094339622641513,3439030,2025-09-07 04:12:37+00:00,patch,3.175428240740741,<=30 days (including pre-launch),September 7 Patch
30,34,100.0,91.17647058823529,-8.82352941176471,3439320,2025-04-10 05:56:14+00:00,patch,13.24738425925926,<=30 days (including pre-launch),Patch 1.08
34,45,97.05882352941177,95.55555555555556,-1.503267973856211,3442280,2025-04-14 09:56:49+00:00,patch,4.414456018518519,<=30 days (including pre-launch),Ver.1.0.5 Balance Update
33,428,100.0,90.42056074766354,-9.579439252336456,3449040,2025-09-11 05:13:06+00:00,patch,1.2174305555555556,<=30 days (including pre-launch),Update Patch 1.0.2
24,65,95.83333333333334,86.15384615384616,-9.679487179487182,3449040,2025-11-11 15:17:14+00:00,patch,62.63696759259259,31-180 days,Update Patch 1.0.29
20,31,95.0,74.19354838709677,-20.80645161290323,3449040,2026-02-20 08:28:20+00:00,patch,163.35300925925927,31-180 days,Machick 2 – Better Than Ever Update 🪄✨ - 1.1.0
259,630,86.48648648648648,83.96825396825398,-2.5182325182325087,3458620,2025-11-30 08:54:05+00:00,patch,2.3708912037037035,<=30 days (including pre-launch),2025/11/30游戏更新
38,160,94.73684210526315,85.625,-9.11184210526315,3464970,2025-11-27 06:12:43+00:00,patch,1.2588310185185185,<=30 days (including pre-launch),Hotfix v19H4
116,390,95.6896551724138,82.56410256410255,-13.125552608311239,3469750,2025-11-23 03:45:43+00:00,patch,2.1567476851851852,<=30 days (including pre-launch),Hotfix #2 - v1.0.2
48,29,87.5,72.41379310344827,-15.08620689655173,3469750,2026-02-03 23:57:06+00:00,patch,74.99798611111112,31-180 days,Small Update #8 v1.0.11
20,24,60.0,87.5,27.5,3469750,2026-04-07 22:26:14+00:00,patch,137.93488425925926,31-180 days,Small Update #10 v1.1.2
310,445,92.58064516129032,95.73033707865169,3.1496919173613662,3471350,2025-02-26 17:29:40+00:00,patch,12.728935185185184,<=30 days (including pre-launch),⚡ Alpha League Patch Update – 02/27 ⚡
115,529,94.78260869565217,94.89603024574669,0.1134215500945146,3480990,2025-11-08 04:41:52+00:00,patch,3.1957407407407405,<=30 days (including pre-launch),2025.11.08 - Patch Notes
120,71,91.66666666666666,92.95774647887323,1.2910798122065756,3480990,2026-01-21 16:40:19+00:00,patch,77.69466435185186,31-180 days,2026.01.21 - Patch Notes
909,509,96.47964796479648,95.28487229862476,-1.1947756661717222,3503440,2025-07-29 10:45:24+00:00,patch,15.448194444444445,<=30 days (including pre-launch),Astro Prospector - Patch #1 Changelog
266,330,93.23308270676691,88.48484848484848,-4.748234221918423,3503440,2025-11-28 12:40:37+00:00,patch,137.52820601851852,31-180 days,Endless Coffee - Patch 1
20,168,100.0,100.0,0.0,3519530,2025-07-18 06:51:58+00:00,patch,29.286087962962963,<=30 days (including pre-launch),1.0.13 Controller and Highscores
66,20,90.9090909090909,75.0,-15.909090909090907,3519530,2025-09-21 00:55:21+00:00,patch,94.0384375,31-180 days,1.2.2 Sports & Research
22,25,100.0,100.0,0.0,3530490,2025-08-16 14:04:32+00:00,patch,1.5864814814814814,<=30 days (including pre-launch),Game Update 20250816
20,89,100.0,85.39325842696628,-14.606741573033716,3551370,2025-08-23 00:50:47+00:00,patch,1.0352662037037037,<=30 days (including pre-launch),🚀 Performance Optimization Patch Notes
48,354,95.83333333333334,90.96045197740112,-4.872881355932222,3553210,2025-05-24 03:29:11+00:00,patch,1.1452662037037038,<=30 days (including pre-launch),Bug Fixes and Difficulty Adjustments
109,434,92.66055045871559,87.32718894009217,-5.33336151862342,3573070,2025-12-05 09:40:18+00:00,patch,2.4029861111111113,<=30 days (including pre-launch),Version 1.0.1 Update
45,27,84.44444444444444,74.07407407407408,-10.370370370370367,3573070,2026-02-09 11:00:48+00:00,patch,68.4588888888889,31-180 days,Version 1.1.0 Hotfix
26,20,69.23076923076923,55.00000000000001,-14.23076923076922,3574160,2025-04-26 12:39:10+00:00,patch,1.5271990740740742,<=30 days (including pre-launch),Shimagami : Last Hope v1.06
36,71,88.88888888888889,81.69014084507043,-7.198748043818455,3575930,2025-11-07 14:33:41+00:00,patch,1.606724537037037,<=30 days (including pre-launch),Launch Day Statement
74,23,87.83783783783784,82.6086956521739,-5.229142185663932,3585160,2026-01-22 13:03:17+00:00,patch,44.543946759259256,31-180 days,Update 1.42
103,547,98.05825242718447,90.31078610603291,-7.747466321151563,3586660,2025-07-15 07:13:08+00:00,patch,1.3007870370370371,<=30 days (including pre-launch),Hotfix: Locked Tiles Bug
74,425,95.94594594594594,93.17647058823529,-2.769475357710647,3617620,2025-10-07 14:58:07+00:00,patch,1.6236921296296296,<=30 days (including pre-launch),Patch 20251007.1 notes
186,142,97.31182795698925,93.66197183098592,-3.6498561260033284,3617620,2025-12-08 12:58:56+00:00,patch,63.540925925925926,31-180 days,Donkeys & Detective update now out!
35,58,97.14285714285714,94.82758620689656,-2.3152709359605836,3617620,2026-05-04 13:02:48+00:00,patch,210.54361111111112,>180 days,Coconuts & Bolts Update Now Out!
35,45,88.57142857142857,93.33333333333333,4.761904761904759,3617620,2026-07-06 12:58:14+00:00,patch,273.5404398148148,>180 days,"Raddest Rewards, Biggest Balance & Sickest Synergies update now out!"
51,32,92.15686274509804,100.0,7.843137254901961,3619760,2025-11-02 19:48:03+00:00,patch,7.825034722222222,<=30 days (including pre-launch),Hello world! + Bugfix patch (ver 0.5.1)
59,54,57.6271186440678,51.85185185185185,-5.775266792215952,3621050,2025-09-22 18:04:55+00:00,patch,3.753414351851852,<=30 days (including pre-launch),1.0.2 Hotfix
146,3507,91.0958904109589,94.41117764471058,3.3152872337516754,3631290,2025-10-24 22:16:47+00:00,patch,0.9283217592592593,<=30 days (including pre-launch),Thank You & Hotfix
23,33,95.65217391304348,100.0,4.347826086956516,3640750,2025-04-22 21:54:51+00:00,patch,1.9130902777777778,<=30 days (including pre-launch),Fix to last fix
20,27,100.0,92.5925925925926,-7.407407407407405,3641420,2025-09-20 13:33:33+00:00,patch,8.564965277777778,<=30 days (including pre-launch),Patch Notes - v1.0.1
153,753,89.54248366013073,86.98539176626826,-2.557091893862463,3649580,2025-11-28 14:40:22+00:00,patch,2.611365740740741,<=30 days (including pre-launch),FrostBound v1.0.2 - Patch-Note
59,123,81.35593220338984,56.09756097560976,-25.25837122778008,3649580,2026-02-05 04:45:22+00:00,patch,71.1981712962963,31-180 days,FrostBound v1.0.10 - Patch-Note
48,31,79.16666666666666,83.87096774193549,4.70430107526883,3649580,2026-06-05 05:10:18+00:00,patch,191.21548611111112,>180 days,FrostBound v1.1.1 - Patch-Note
27,246,96.29629629629629,98.78048780487805,2.484191508581759,3667230,2025-05-16 07:04:07+00:00,patch,2.294525462962963,<=30 days (including pre-launch),Patch #1 - 5/15/25
25,23,100.0,91.30434782608695,-8.695652173913047,3667720,2025-09-25 20:27:49+00:00,patch,7.852650462962963,<=30 days (including pre-launch),Fix 1.03
21,20,85.71428571428571,80.0,-5.714285714285708,3669940,2025-09-07 11:31:35+00:00,patch,10.480266203703703,<=30 days (including pre-launch),Patch notes
98,173,92.85714285714286,83.23699421965318,-9.620148637489677,3686580,2025-11-26 13:59:31+00:00,patch,2.5829976851851852,<=30 days (including pre-launch),Update v0.13.27 Patchnote
32,37,96.875,97.2972972972973,0.42229729729730536,3689390,2025-10-15 08:43:10+00:00,patch,8.363310185185185,<=30 days (including pre-launch),Swamp Keeper v1.05 — Improvements Update
108,490,86.11111111111111,91.63265306122449,5.521541950113374,3689520,2025-05-22 01:35:41+00:00,patch,3.0664467592592595,<=30 days (including pre-launch),Minor Patch 0522
29,94,82.75862068965517,86.17021276595744,3.41159207630227,3693590,2025-11-23 04:44:32+00:00,patch,2.1975925925925925,<=30 days (including pre-launch),Patch 0.2.15 Notes
46,41,100.0,97.5609756097561,-2.439024390243901,3693720,2025-12-29 09:41:17+00:00,patch,4.403668981481482,<=30 days (including pre-launch),Localization Fix
20,20,90.0,90.0,0.0,3703380,2025-11-26 09:49:17+00:00,patch,6.409224537037037,<=30 days (including pre-launch),Little Update
34,23,70.58823529411765,86.95652173913044,16.368286445012785,3730600,2025-06-10 08:46:18+00:00,patch,6.365486111111111,<=30 days (including pre-launch),v1.1.0.4 patch
22,36,90.9090909090909,63.888888888888886,-27.02020202020202,3734140,2025-12-29 02:02:58+00:00,patch,31.08539351851852,31-180 days,Super Cabbage Kabumi 1.0.32 Patch Notes
20,1175,95.0,95.14893617021276,0.14893617021276384,3772810,2025-11-04 19:43:42+00:00,patch,0.8220138888888889,<=30 days (including pre-launch),Desktop Defender 1.01
97,83,83.50515463917526,85.54216867469879,2.0370140355235264,3772810,2026-01-16 17:35:14+00:00,patch,73.73280092592593,31-180 days,"Rebirth Update, AVAILABLE NOW IN BETA BRANCH!"
121,76,85.12396694214877,93.42105263157895,8.297085689430176,3772810,2026-03-17 17:35:44+00:00,patch,133.73314814814816,31-180 days,New Update OUT NOW On The Beta Branch!
33,26,87.87878787878788,88.46153846153845,0.5827505827505775,3772810,2026-05-23 16:37:10+00:00,patch,200.69247685185186,>180 days,Forge Update OUT NOW In Beta Branch!
41,106,82.92682926829268,85.84905660377359,2.922227335480912,3777060,2025-07-21 07:21:48+00:00,patch,1.3068055555555556,<=30 days (including pre-launch),Hotfix #1
42,81,100.0,96.29629629629629,-3.7037037037037095,3818230,2025-07-28 08:30:09+00:00,patch,3.3542708333333335,<=30 days (including pre-launch),[Patch] 2025.07.28 Update
32,23,93.75,86.95652173913044,-6.793478260869563,3820810,2025-11-14 15:07:18+00:00,patch,9.630069444444445,<=30 days (including pre-launch),Update Notes 1.0.2
32,55,100.0,100.0,0.0,3822990,2025-07-28 11:31:46+00:00,patch,3.4803935185185186,<=30 days (including pre-launch),Stellar Witch Patch 1.0.2
25,25,100.0,96.0,-4.0,3828280,2025-07-28 18:56:54+00:00,patch,3.789513888888889,<=30 days (including pre-launch),Update Notes (07/29)
46,166,97.82608695652173,96.98795180722891,-0.8381351492928246,3832630,2025-08-03 11:43:05+00:00,patch,4.488252314814815,<=30 days (including pre-launch),Wheelchair Wizards Patch 1.1 - Game Breaking Bug Fixes + Spell Reworks!
118,160,97.45762711864407,97.5,0.04237288135593076,3832630,2026-01-22 23:19:47+00:00,patch,176.97207175925925,31-180 days,Wheelchair Wizards 1.5.0
59,110,98.30508474576271,97.27272727272728,-1.0323574730354323,3832630,2026-04-06 02:30:04+00:00,patch,250.10421296296298,>180 days,Wheelchair Wizards 2.0
62,71,96.7741935483871,95.77464788732394,-0.9995456610631663,3832630,2026-07-02 02:07:58+00:00,patch,337.08886574074074,>180 days,The Workshop Update - Wheelchair Wizards 2.1
106,265,94.33962264150944,97.73584905660377,3.3962264150943327,3839300,2025-12-14 02:50:53+00:00,patch,4.118668981481481,<=30 days (including pre-launch),Little Weekend Hotfix Patch — v1.03b
64,56,93.75,91.07142857142857,-2.6785714285714306,3839300,2026-06-07 16:04:41+00:00,patch,179.6699189814815,31-180 days,v1.1 IS LIVE
59,51,94.91525423728814,94.11764705882352,-0.7976071784646166,3839300,2026-08-17 03:28:21+00:00,patch,250.1446875,>180 days,1.1.1
38,80,100.0,98.75,-1.25,3860590,2025-10-24 20:57:11+00:00,patch,1.8730439814814814,<=30 days (including pre-launch),Hotfix 1.0.1
24,386,95.83333333333334,95.59585492227978,-0.2374784110535586,3861280,2025-08-01 11:18:05+00:00,patch,3.4708912037037036,<=30 days (including pre-launch),版本更新
170,88,91.17647058823529,87.5,-3.67647058823529,3861280,2025-10-14 13:09:49+00:00,patch,77.5484837962963,31-180 days,测试版更新- 新增【冥商交易】系统 新增大量道具
129,58,96.89922480620154,82.75862068965517,-14.14060411654637,3861280,2025-12-23 03:15:22+00:00,patch,147.1356712962963,31-180 days,V1.5.2
22,26,86.36363636363636,80.76923076923077,-5.594405594405586,3868720,2025-08-03 09:08:10+00:00,patch,3.3806712962962964,<=30 days (including pre-launch),More bugfixes
20,39,100.0,89.74358974358975,-10.256410256410248,3890990,2025-08-29 21:57:31+00:00,patch,4.91494212962963,<=30 days (including pre-launch),01.00.03
69,39,97.10144927536231,92.3076923076923,-4.7937569676700065,3898150,2025-12-03 05:48:44+00:00,patch,6.242175925925926,<=30 days (including pre-launch),Patch Notes for v1.0.1
27,31,100.0,100.0,0.0,3912370,2025-11-25 02:46:29+00:00,patch,5.115613425925926,<=30 days (including pre-launch),BEERCRUSH 1.0.2 Update
31,22,100.0,100.0,0.0,3912370,2026-03-28 20:40:24+00:00,patch,128.86138888888888,31-180 days,BEERCRUSH 1.1.1 Update
305,562,95.73770491803279,90.74733096085409,-4.990373957178704,3925760,2025-09-29 19:22:18+00:00,patch,4.807152777777778,<=30 days (including pre-launch),Patch Notes 9/29/2025
95,98,80.0,85.71428571428571,5.714285714285708,3925760,2026-07-01 16:17:49+00:00,patch,279.6790393518518,>180 days,Incoming Unfair Flips update + Beta Test Signups
29,60,89.65517241379311,83.33333333333334,-6.3218390804597675,3952930,2025-11-10 06:46:47+00:00,patch,4.2824884259259255,<=30 days (including pre-launch),1.00.91版本 更新日志
34,36,94.11764705882352,86.11111111111111,-8.006535947712408,3956470,2025-10-30 11:15:45+00:00,patch,3.4692708333333333,<=30 days (including pre-launch),Patch 4
45,181,97.77777777777777,91.16022099447514,-6.617556783302632,3997630,2025-10-29 17:30:24+00:00,patch,1.7294444444444443,<=30 days (including pre-launch),Hotfix #1 (Post-Launch Update)
29,23,100.0,78.26086956521739,-21.73913043478261,3997630,2026-01-24 17:06:49+00:00,patch,88.71306712962964,31-180 days,Hotfix :: January 2026
141,219,21.27659574468085,49.77168949771689,28.49509375303604,4066790,2025-12-27 00:05:15+00:00,patch,3.003645833333333,<=30 days (including pre-launch),Server Issues Temporary Emergency Fix - v1.0.1
23,245,91.30434782608695,71.42857142857143,-19.875776397515523,4067130,2025-12-17 12:18:58+00:00,patch,7.513171296296297,<=30 days (including pre-launch),2025-12-17 Upgrade and Fix Patch
45,28,100.0,100.0,0.0,4152840,2025-12-11 13:18:28+00:00,patch,2.5544907407407407,<=30 days (including pre-launch),Update Notes – December 11
42,189,100.0,99.47089947089947,-0.529100529100532,4158400,2025-12-11 23:57:07+00:00,patch,3.9979976851851853,<=30 days (including pre-launch),Clockwork Cleanup v1.0.3 hotfix
29,25,93.10344827586206,100.0,6.896551724137936,4189910,2026-01-18 14:49:11+00:00,patch,38.61748842592593,31-180 days,2026/01/18 Update
20,70,90.0,78.57142857142857,-11.42857142857143,4209630,2025-12-17 08:18:58+00:00,patch,5.34650462962963,<=30 days (including pre-launch),Minor bug fixes
