appid,patch_id,patch_date,patch_title,launch_date,days_since_launch,launch_group,before_reviews,after_reviews,before_positive_pct,after_positive_pct,positive_pct_change,before_negative_pct,after_negative_pct,negative_pct_change,review_volume_change,review_volume_pct_change,before_positive_stratum
357330,4249665521682799613,2015-04-15 12:41:53+00:00,Early Access Update 1,2015-04-06 19:54:11+00:00,8.699791666666666,<=30 days (including pre-launch),41,26,82.92682926829268,96.15384615384616,13.227016885553482,17.07317073170732,3.8461538461538396,-13.227016885553482,-15,-36.58536585365854,70-90%
357330,423688416233730544,2015-08-05 18:59:25+00:00,Early Access Update 10,2015-04-06 19:54:11+00:00,120.96196759259259,31-180 days,22,20,100.0,95.0,-5.0,0.0,5.0,5.0,-2,-9.090909090909092,>90%
357330,2609208878377111965,2020-01-29 16:07:46+00:00,Early Access Update Femtio (50),2015-04-06 19:54:11+00:00,1758.8427662037036,>180 days,25,27,100.0,96.29629629629629,-3.7037037037037095,0.0,3.7037037037037095,3.7037037037037095,2,8.0,>90%
582330,2363696743810678970,2018-02-04 16:58:24+00:00,Hotfix 0.4.0.1 is up!,2018-02-02 10:46:52+00:00,2.2580092592592593,<=30 days (including pre-launch),31,96,100.0,88.54166666666666,-11.458333333333343,0.0,11.458333333333343,11.458333333333343,65,209.6774193548387,>90%
582330,2394102381814703178,2018-04-11 17:49:00+00:00,Patch 0.42 is finally here!,2018-02-02 10:46:52+00:00,68.29314814814815,31-180 days,70,22,84.28571428571429,81.81818181818183,-2.4675324675324646,15.714285714285708,18.181818181818173,2.4675324675324646,-48,-68.57142857142857,70-90%
582330,4227186657137975980,2021-11-17 17:48:03+00:00,Patch 0.85 is here!,2018-02-02 10:46:52+00:00,1384.292488425926,>180 days,32,24,68.75,37.5,-31.25,31.25,62.5,31.25,-8,-25.0,<70%
582330,4237326104316382903,2022-01-26 16:42:59+00:00,Patch 1.03 is here!,2018-02-02 10:46:52+00:00,1454.2473032407408,>180 days,26,157,73.07692307692307,91.71974522292994,18.64282214600688,26.923076923076934,8.280254777070056,-18.64282214600688,131,503.8461538461538,70-90%
585020,4057152305717107664,2021-03-05 18:51:12+00:00,0306小型更新,2021-03-05 08:59:21+00:00,0.41100694444444447,<=30 days (including pre-launch),45,638,93.33333333333333,90.12539184952978,-3.207941483803552,6.666666666666671,9.874608150470223,3.207941483803552,593,1317.7777777777778,>90%
585020,4032392655070524531,2021-06-26 09:53:19+00:00,0626 small update,2021-03-05 08:59:21+00:00,113.03747685185185,31-180 days,20,102,85.0,76.47058823529412,-8.529411764705884,15.0,23.529411764705884,8.529411764705884,82,409.99999999999994,70-90%
585020,4480532686352290568,2022-06-10 20:11:38+00:00,220611临时更新-2,2021-03-05 08:59:21+00:00,462.4668634259259,>180 days,25,112,52.0,33.92857142857143,-18.07142857142857,48.0,66.07142857142857,18.07142857142857,87,348.0,<70%
589050,1811772772395395,2025-09-30 03:14:06+00:00,Early Access Hotfix 15,2025-09-23 00:00:00+00:00,7.134791666666667,<=30 days (including pre-launch),20,21,85.0,85.71428571428571,0.7142857142857082,15.0,14.285714285714292,-0.7142857142857082,1,5.0,70-90%
600610,4105572344343764719,2021-05-12 16:10:58+00:00,Patch Notes - Early Access Build 669349,2021-05-11 16:55:48+00:00,0.9688657407407407,<=30 days (including pre-launch),25,68,88.0,77.94117647058823,-10.058823529411768,12.0,22.058823529411768,10.058823529411768,43,172.0,70-90%
615120,2391853754541389697,2018-05-19 03:50:28+00:00,"Minor Update V0.1.2 (sprinting, front facing Vive)",2018-05-15 08:29:30+00:00,3.806226851851852,<=30 days (including pre-launch),45,53,100.0,100.0,0.0,0.0,0.0,0.0,8,17.77777777777778,>90%
615120,3444639924514254677,2020-07-01 03:26:02+00:00,SAVE & CONTINUE UPDATE (v0.5.16),2018-05-15 08:29:30+00:00,777.7892592592592,>180 days,21,23,100.0,100.0,0.0,0.0,0.0,0.0,2,9.523809523809524,>90%
615120,3715990047696665473,2020-09-25 03:33:46+00:00,HAZARD UPDATE (v0.5.19),2018-05-15 08:29:30+00:00,863.7946296296296,>180 days,29,32,100.0,100.0,0.0,0.0,0.0,0.0,3,10.344827586206897,>90%
615120,3942305442258730266,2021-01-11 08:47:14+00:00,"""OLD SCHOOLER"" UPDATE (v0.5.22)",2018-05-15 08:29:30+00:00,972.0123148148148,>180 days,23,31,100.0,96.7741935483871,-3.225806451612897,0.0,3.225806451612897,3.225806451612897,8,34.78260869565217,>90%
615120,4026755437315501779,2021-03-30 08:27:00+00:00,SEWER OVERHAUL UPDATE (V0.5.24),2018-05-15 08:29:30+00:00,1049.998263888889,>180 days,25,28,88.0,96.42857142857143,8.42857142857143,12.0,3.5714285714285694,-8.42857142857143,3,12.0,70-90%
615120,4032392655058089860,2021-06-22 23:54:14+00:00,PRACTICE AREA (SANDBOX) UPDATE (v0.5.26),2018-05-15 08:29:30+00:00,1134.6421759259258,>180 days,27,42,96.29629629629629,100.0,3.7037037037037095,3.7037037037037095,0.0,-3.7037037037037095,15,55.55555555555556,>90%
615120,3936699406875523327,2021-09-25 02:24:56+00:00,LEADERBOARD & SPEEDRUN UPDATE (V0.5.28),2018-05-15 08:29:30+00:00,1228.7468287037036,>180 days,24,29,100.0,96.55172413793103,-3.448275862068968,0.0,3.448275862068968,3.448275862068968,5,20.833333333333336,>90%
615120,4224935490631468601,2021-11-24 09:12:38+00:00,HQ OVERHAUL UPDATE (V0.5.29),2018-05-15 08:29:30+00:00,1289.0299537037038,>180 days,31,22,100.0,95.45454545454545,-4.545454545454547,0.0,4.545454545454547,4.545454545454547,-9,-29.03225806451613,>90%
615120,4539082035571721083,2022-07-11 00:16:35+00:00,v1.0 OPEN BETA AVAILABLE,2018-05-15 08:29:30+00:00,1517.6576967592594,>180 days,26,179,96.15384615384616,95.53072625698324,-0.6231198968629172,3.8461538461538396,4.469273743016757,0.6231198968629172,153,588.4615384615385,>90%
659540,3444640809411184422,2020-07-06 09:44:53+00:00,Warsim 0.8.1.1 (The Wild North Improved and more! 83 Features),2017-06-28 21:50:59+00:00,1103.4957638888889,>180 days,21,54,95.23809523809523,98.14814814814815,2.9100529100529258,4.761904761904773,1.8518518518518476,-2.9100529100529258,33,157.14285714285714,>90%
659540,3819572206268500153,2020-09-17 20:06:05+00:00,Warsim 0.8.2.1,2017-06-28 21:50:59+00:00,1176.9271527777778,>180 days,22,27,100.0,100.0,0.0,0.0,0.0,0.0,5,22.727272727272727,>90%
659540,4059402835325024831,2021-02-22 18:11:15+00:00,"Warsim 0.8.3.1 (Bugmountain 2 Electric Boogaloo, 129 features)",2017-06-28 21:50:59+00:00,1334.8474074074074,>180 days,25,54,100.0,100.0,0.0,0.0,0.0,0.0,29,115.99999999999999,>90%
659540,5121196841292238973,2023-04-07 14:14:04+00:00,"Warsim 1.0.2 (Empire Mode Update, 61 features) Celebrating 1k Steam reviews!",2017-06-28 21:50:59+00:00,2108.682696759259,>180 days,35,40,97.14285714285714,97.5,0.3571428571428612,2.857142857142861,2.5,-0.3571428571428612,5,14.285714285714285,>90%
659540,5382426458981392453,2023-11-24 17:04:51+00:00,"Warsim 1.1 (lil' Content pack, 25 features +9 bug fixes)",2017-06-28 21:50:59+00:00,2339.801296296296,>180 days,32,30,96.875,96.66666666666667,-0.2083333333333286,3.125,3.3333333333333286,0.2083333333333286,-2,-6.25,>90%
659540,6909171012611119879,2024-08-19 18:58:14+00:00,"Warsim 100k Milestone, 100 feature update, and collectors edition launch!",2017-06-28 21:50:59+00:00,2608.8800347222223,>180 days,216,67,93.51851851851852,91.04477611940298,-2.4737423991155367,6.481481481481481,8.955223880597018,2.4737423991155367,-149,-68.98148148148148,>90%
659540,1783238125379322,2024-11-19 16:24:26+00:00,Warsim 1.2.7 (Houseparty and Mushroom Trip Improvements),2017-06-28 21:50:59+00:00,2700.7732291666666,>180 days,28,31,92.85714285714286,90.32258064516128,-2.53456221198158,7.142857142857139,9.677419354838719,2.53456221198158,3,10.714285714285714,>90%
692890,3819571008274470551,2020-09-08 15:16:50+00:00,Roboquest - Update v0.1.1,2020-08-20 16:09:51+00:00,18.96318287037037,<=30 days (including pre-launch),228,93,97.80701754385966,93.54838709677419,-4.258630447085466,2.192982456140342,6.451612903225808,4.258630447085466,-135,-59.210526315789465,>90%
692890,3856732771967992971,2020-11-23 13:40:05+00:00,The Autumn Update will be live this Wednesday! (11/25/2020),2020-08-20 16:09:51+00:00,94.89599537037037,31-180 days,59,122,88.13559322033898,98.36065573770492,10.225062517365942,11.864406779661024,1.639344262295083,-10.225062517365942,63,106.77966101694916,70-90%
692890,4051520458173109117,2021-02-05 16:05:42+00:00,Roboquest - Hotfix v0.3.2,2020-08-20 16:09:51+00:00,168.99711805555555,31-180 days,370,120,97.2972972972973,97.5,0.20270270270269464,2.7027027027026946,2.5,-0.20270270270269464,-250,-67.56756756756756,>90%
692890,4117954073017563822,2021-04-13 16:59:20+00:00,Roboquest Spring Update - Available now!,2020-08-20 16:09:51+00:00,236.03436342592593,>180 days,50,170,94.0,91.17647058823529,-2.82352941176471,6.0,8.82352941176471,2.82352941176471,120,240.0,>90%
692890,4056035920058685529,2021-06-18 14:48:25+00:00,Roboquest - Hotfix v0.5.3,2020-08-20 16:09:51+00:00,301.94344907407407,>180 days,231,247,94.8051948051948,96.76113360323887,1.9559387980440732,5.194805194805198,3.238866396761125,-1.9559387980440732,16,6.926406926406926,>90%
692890,4186652357042738909,2021-11-02 16:23:35+00:00,Roboquest Autumn Update - Available now!,2020-08-20 16:09:51+00:00,439.00953703703703,>180 days,99,121,91.91919191919192,96.69421487603306,4.775022956841141,8.080808080808083,3.305785123966942,-4.775022956841141,22,22.22222222222222,>90%
692890,4224939245930703790,2022-01-04 16:05:23+00:00,Roboquest - Hotfix v0.8.2,2020-08-20 16:09:51+00:00,501.99689814814815,>180 days,147,104,95.23809523809523,95.1923076923077,-0.04578754578753319,4.761904761904773,4.807692307692307,0.04578754578753319,-43,-29.25170068027211,>90%
692890,4347669995477885763,2022-04-05 09:19:24+00:00,Roboquest - Hotfix v0.8.8,2020-08-20 16:09:51+00:00,592.7149652777778,>180 days,77,90,93.5064935064935,94.44444444444444,0.9379509379509443,6.493506493506501,5.555555555555557,-0.9379509379509443,13,16.883116883116884,>90%
692890,4474904295781384869,2022-07-07 17:03:59+00:00,Summer Update Patch-Notes,2020-08-20 16:09:51+00:00,686.0375925925925,>180 days,73,292,94.52054794520548,94.86301369863014,0.342465753424662,5.479452054794521,5.136986301369859,-0.342465753424662,219,300.0,>90%
692890,4613399405933017055,2022-10-04 14:02:06+00:00,The Autumn Update is now LIVE!,2020-08-20 16:09:51+00:00,774.9112847222223,>180 days,109,173,93.57798165137615,93.0635838150289,-0.5143978363472428,6.422018348623851,6.936416184971094,0.5143978363472428,64,58.71559633027523,>90%
692890,5000716037468369168,2022-12-29 16:18:58+00:00,Roboquest - Winter Playtest Patch-Notes,2020-08-20 16:09:51+00:00,861.0063310185185,>180 days,223,483,91.92825112107623,95.65217391304348,3.7239227919672544,8.07174887892377,4.347826086956516,-3.7239227919672544,260,116.59192825112108,>90%
692890,5288974951224800435,2023-11-07 13:33:16+00:00,Roboquest - 1.0 Patch Notes,2020-08-20 16:09:51+00:00,1173.8912615740742,>180 days,153,3965,96.73202614379085,96.84741488020177,0.11538873641092096,3.267973856209153,3.152585119798232,-0.11538873641092096,3812,2491.503267973856,>90%
692890,5410576585199381947,2024-01-09 14:20:29+00:00,Roboquest - Patch Notes 1.1,2020-08-20 16:09:51+00:00,1236.924050925926,>180 days,1093,1880,96.88929551692588,96.11702127659575,-0.7722742403301339,3.110704483074116,3.88297872340425,0.7722742403301339,787,72.00365965233303,>90%
692890,6474562312195711991,2024-04-15 13:08:06+00:00,Roboquest - Arsenal Update Patch-Notes,2020-08-20 16:09:51+00:00,1333.8737847222221,>180 days,665,802,94.13533834586467,94.88778054862843,0.7524422027637598,5.8646616541353325,5.112219451371573,-0.7524422027637598,137,20.601503759398497,>90%
692890,5963414363390601170,2024-08-08 14:00:41+00:00,Roboquest - Update Teaser,2020-08-20 16:09:51+00:00,1448.9103009259259,>180 days,421,434,95.96199524940617,97.00460829493088,1.0426130455247034,4.038004750593828,2.9953917050691246,-1.0426130455247034,13,3.0878859857482186,>90%
692890,1783872412114695,2024-11-25 16:00:55+00:00,Roboquest - Endless Update Release Date,2020-08-20 16:09:51+00:00,1557.9937962962963,>180 days,288,733,94.44444444444444,95.08867667121419,0.6442322267697449,5.555555555555557,4.911323328785812,-0.6442322267697449,445,154.51388888888889,>90%
692890,1827626365768278,2026-03-25 14:58:07+00:00,Roboquest - Multiplayer Hotfix,2020-08-20 16:09:51+00:00,2042.950185185185,>180 days,174,147,90.80459770114942,96.5986394557823,5.794041754632886,9.195402298850581,3.4013605442176953,-5.794041754632886,-27,-15.517241379310345,>90%
704000,5302486388002851715,2023-11-10 20:35:44+00:00,GUNHEAD 1.22- Fixes,2023-11-08 00:00:00+00:00,2.8581481481481483,<=30 days (including pre-launch),42,61,83.33333333333334,85.24590163934425,1.912568306010911,16.666666666666657,14.754098360655746,-1.912568306010911,19,45.23809523809524,70-90%
721700,4348798430276483616,2022-04-29 02:18:38+00:00,Holomento Hotfix Patch 0.5.03,2022-04-27 00:00:00+00:00,2.096273148148148,<=30 days (including pre-launch),31,51,67.74193548387096,78.43137254901961,10.689437065148653,32.25806451612904,21.568627450980387,-10.689437065148653,20,64.51612903225806,<70%
727130,2400895196201492364,2019-05-29 15:58:15+00:00,Our first update for Between the Stars,2019-05-28 15:55:28+00:00,1.0019328703703703,<=30 days (including pre-launch),73,223,79.45205479452055,81.16591928251121,1.7138644879906622,20.54794520547945,18.83408071748879,-1.7138644879906622,150,205.47945205479454,70-90%
727130,2412159905925231484,2019-08-01 08:48:20+00:00,v0.2.0.6.3,2019-05-28 15:55:28+00:00,64.70337962962962,31-180 days,85,37,87.05882352941177,83.78378378378379,-3.2750397456279785,12.941176470588232,16.21621621621621,3.2750397456279785,-48,-56.470588235294116,70-90%
727130,2448197582023304558,2019-11-08 17:41:06+00:00,v0.2.1.0.0 - Loot and Departments Update,2019-05-28 15:55:28+00:00,164.07335648148148,31-180 days,22,56,86.36363636363636,96.42857142857143,10.06493506493507,13.63636363636364,3.5714285714285694,-10.06493506493507,34,154.54545454545453,70-90%
727130,4090922416495956537,2020-12-17 18:10:12+00:00,Damage Sampling and New Events - v0.4.7,2019-05-28 15:55:28+00:00,569.0935648148148,>180 days,33,58,93.93939393939394,79.3103448275862,-14.629049111807731,6.060606060606062,20.689655172413794,14.629049111807731,25,75.75757575757575,>90%
727130,4060529371708714265,2021-02-27 08:49:29+00:00,Chapter V Public Beta Update,2019-05-28 15:55:28+00:00,640.7041782407407,>180 days,30,47,76.66666666666667,80.85106382978722,4.1843971631205505,23.33333333333333,19.148936170212778,-4.1843971631205505,17,56.666666666666664,70-90%
727130,4072920612516043495,2021-05-10 11:43:05+00:00,v0.5.1.3,2019-05-28 15:55:28+00:00,712.8247337962963,>180 days,24,45,79.16666666666666,68.88888888888889,-10.277777777777771,20.833333333333343,31.111111111111114,10.277777777777771,21,87.5,70-90%
727130,4516534149069724960,2021-08-16 11:48:47+00:00,v0.5.2.1,2019-05-28 15:55:28+00:00,810.8286921296296,>180 days,21,26,80.95238095238095,69.23076923076923,-11.721611721611723,19.04761904761905,30.769230769230774,11.721611721611723,5,23.809523809523807,70-90%
727130,4224939931831407333,2022-01-14 12:16:28+00:00,Patch 0.5.2.8,2019-05-28 15:55:28+00:00,961.8479166666667,>180 days,39,65,61.53846153846154,69.23076923076923,7.692307692307686,38.46153846153846,30.769230769230774,-7.692307692307686,26,66.66666666666666,<70%
727130,5000716037483006380,2023-01-02 16:44:14+00:00,Development Update,2019-05-28 15:55:28+00:00,1315.0338657407408,>180 days,25,26,32.0,73.07692307692307,41.076923076923066,68.0,26.923076923076934,-41.076923076923066,1,4.0,<70%
727130,5382426458969852492,2023-11-21 12:47:38+00:00,Patch - v0.7.2,2019-05-28 15:55:28+00:00,1637.8695601851853,>180 days,25,31,80.0,80.64516129032258,0.6451612903225765,20.0,19.354838709677423,-0.6451612903225765,6,24.0,70-90%
727130,5686429670868329772,2024-03-13 16:43:12+00:00,Patch v1.0.0.4,2019-05-28 15:55:28+00:00,1751.0331481481483,>180 days,43,36,48.837209302325576,75.0,26.162790697674424,51.162790697674424,25.0,-26.162790697674424,-7,-16.27906976744186,<70%
809310,5229301621587992928,2023-10-29 19:34:21+00:00,Sipho 1.1.0 is now available in more languages!,2018-11-13 16:01:23+00:00,1811.1478935185185,>180 days,33,21,75.75757575757575,90.47619047619048,14.718614718614731,24.24242424242425,9.523809523809518,-14.718614718614731,-12,-36.36363636363637,70-90%
809540,4246335198903668280,2022-02-20 15:19:43+00:00,POST LAUNCH PATCH,2018-05-04 17:47:45+00:00,1387.897199074074,>180 days,45,51,48.888888888888886,84.31372549019608,35.42483660130719,51.111111111111114,15.686274509803923,-35.42483660130719,6,13.333333333333334,<70%
877010,3936699406869695695,2021-09-23 12:00:17+00:00,Beyond Contact - Version 0.46.13 Change Log,2021-09-21 15:58:55+00:00,1.8342824074074073,<=30 days (including pre-launch),42,126,88.09523809523809,71.42857142857143,-16.666666666666657,11.904761904761912,28.57142857142857,16.666666666666657,84,200.0,70-90%
877010,5132456474583755999,2023-04-12 15:47:20+00:00,UPDATE VERSION 1.0.1 IS AVAILABLE NOW,2021-09-21 15:58:55+00:00,567.9919560185185,>180 days,54,80,74.07407407407408,80.0,5.925925925925924,25.925925925925924,20.0,-5.925925925925924,26,48.148148148148145,70-90%
980210,4247462367431306773,2022-03-03 18:46:50+00:00,Hotfix v1.06,2022-03-02 00:00:00+00:00,1.782523148148148,<=30 days (including pre-launch),30,49,63.33333333333333,77.55102040816327,14.21768707482994,36.66666666666667,22.448979591836732,-14.21768707482994,19,63.33333333333333,<70%
981430,2984138620252731458,2020-03-28 17:49:30+00:00,Our Launch Week : Focusing On Bugfixes,2020-03-27 13:00:00+00:00,1.2010416666666666,<=30 days (including pre-launch),109,539,87.1559633027523,95.17625231910947,8.020289016357168,12.844036697247702,4.823747680890534,-8.020289016357168,430,394.4954128440367,70-90%
981430,3444639924494632323,2020-06-25 17:07:03+00:00,A Major Mechanic & Balance Update,2020-03-27 13:00:00+00:00,90.1715625,31-180 days,108,164,94.44444444444444,93.29268292682927,-1.1517615176151708,5.555555555555557,6.707317073170728,1.1517615176151708,56,51.85185185185185,>90%
981430,4090922416498813105,2020-12-18 13:08:09+00:00,The Big Progression Update (now on bleeding-edge!),2020-03-27 13:00:00+00:00,266.0056597222222,>180 days,89,129,94.3820224719101,89.92248062015504,-4.459541851755063,5.617977528089895,10.077519379844958,4.459541851755063,40,44.9438202247191,>90%
981430,4069544815356881015,2021-05-27 17:10:41+00:00,The Strategies & Synergies Update (now on bleeding-edge!),2020-03-27 13:00:00+00:00,426.17408564814815,>180 days,71,95,92.95774647887323,95.78947368421052,2.8317272053372875,7.042253521126767,4.21052631578948,-2.8317272053372875,24,33.80281690140845,>90%
981430,4186652357024625168,2021-10-28 17:00:47+00:00,The Act 3 Patch Is Now Live!,2020-03-27 13:00:00+00:00,580.1672106481482,>180 days,65,142,87.6923076923077,88.73239436619718,1.0400866738894905,12.307692307692307,11.267605633802816,-1.0400866738894905,77,118.46153846153847,70-90%
981430,4514316500002840055,2022-08-25 14:16:04+00:00,Version 1.1 Improvements are now on bleeding-edge!,2020-03-27 13:00:00+00:00,881.0528240740741,>180 days,169,158,82.84023668639054,81.64556962025317,-1.1946670661373702,17.15976331360946,18.35443037974683,1.1946670661373702,-11,-6.508875739644971,70-90%
981430,4732747437217712691,2022-11-07 21:04:02+00:00,Gordian Quest - Version 1.2.4,2020-03-27 13:00:00+00:00,955.3361342592592,>180 days,65,143,69.23076923076923,96.5034965034965,27.27272727272728,30.769230769230774,3.496503496503493,-27.27272727272728,78,120.0,<70%
981430,5035620840531496803,2023-01-12 16:10:54+00:00,Gordian Quest - Version 1.2.11,2020-03-27 13:00:00+00:00,1021.1325694444445,>180 days,71,79,88.73239436619718,82.27848101265823,-6.453913353538951,11.267605633802816,17.721518987341767,6.453913353538951,8,11.267605633802818,70-90%
981430,5133583099810737652,2023-04-24 17:54:32+00:00,Patch 1.2.16 is now live on Bleeding-Edge!,2020-03-27 13:00:00+00:00,1123.204537037037,>180 days,46,28,76.08695652173914,85.71428571428571,9.627329192546568,23.91304347826086,14.285714285714292,-9.627329192546568,-18,-39.130434782608695,70-90%
981430,1792116353221084,2025-02-21 09:09:16+00:00,Patch 1.4.8 is live on Bleeding-Edge!,2020-03-27 13:00:00+00:00,1791.8397685185184,>180 days,25,23,76.0,69.56521739130434,-6.434782608695656,24.0,30.434782608695656,6.434782608695656,-2,-8.0,70-90%
992300,2426778849021987143,2019-01-19 05:34:53+00:00,2019-1-18 update log,2019-01-16 06:58:55+00:00,2.9416435185185184,<=30 days (including pre-launch),548,381,81.75182481751825,81.62729658792651,-0.12452822959174625,18.248175182481745,18.37270341207349,0.12452822959174625,-167,-30.474452554744524,70-90%
992300,2507851250557063308,2019-04-10 10:04:03+00:00,2019-4-10 update log,2019-01-16 06:58:55+00:00,84.12856481481481,31-180 days,71,54,83.09859154929578,90.74074074074075,7.642149191444972,16.901408450704224,9.259259259259252,-7.642149191444972,-17,-23.943661971830984,70-90%
992300,2411028931153470951,2019-06-10 07:36:38+00:00,2019-6-10 update log,2019-01-16 06:58:55+00:00,145.02619212962964,31-180 days,33,2244,81.81818181818183,89.349376114082,7.531194295900178,18.181818181818173,10.650623885917994,-7.531194295900178,2211,6700.0,70-90%
992300,2426802221714175953,2019-10-02 06:11:57+00:00,2019-10-2 update log,2019-01-16 06:58:55+00:00,258.96738425925923,>180 days,119,639,73.10924369747899,81.84663536776213,8.737391670283145,26.890756302521012,18.153364632237867,-8.737391670283145,520,436.97478991596637,70-90%
992300,2592316573892788693,2020-01-01 02:56:38+00:00,2020-1-1 Update,2019-01-16 06:58:55+00:00,349.8317476851852,>180 days,250,1116,88.8,85.21505376344086,-3.5849462365591336,11.200000000000003,14.784946236559136,3.5849462365591336,866,346.4,70-90%
992300,2578812118966853783,2020-03-02 11:05:01+00:00,2020-3-2 Update,2019-01-16 06:58:55+00:00,411.17090277777777,>180 days,706,271,80.45325779036827,77.85977859778598,-2.5934791925822935,19.54674220963173,22.140221402214024,2.5934791925822935,-435,-61.614730878186975,70-90%
992300,3309530667990958598,2020-06-15 16:42:59+00:00,2020-6-16 New version content description,2019-01-16 06:58:55+00:00,516.4056018518519,>180 days,130,828,80.76923076923077,84.78260869565217,4.0133779264213985,19.230769230769226,15.217391304347828,-4.0133779264213985,698,536.9230769230769,70-90%
992300,3788045105529548554,2020-08-29 03:17:10+00:00,Update 2020-8-29,2019-01-16 06:58:55+00:00,590.8460069444444,>180 days,220,1191,86.36363636363636,84.2989084802687,-2.0647278833676665,13.63636363636364,15.701091519731307,2.0647278833676665,971,441.3636363636364,70-90%
992300,4483864038808426766,2021-01-16 05:20:01+00:00,"We will carry out a major version update on January 22, 2021",2019-01-16 06:58:55+00:00,730.9313194444444,>180 days,128,2588,83.59375,91.73106646058733,8.137316460587328,16.40625,8.268933539412672,-8.137316460587328,2460,1921.875,70-90%
992300,4032392655092599140,2021-07-02 11:27:49+00:00,"""BloodySpell"" Summer Cool Update",2019-01-16 06:58:55+00:00,898.1867361111111,>180 days,380,1613,90.78947368421053,90.57656540607564,-0.21290827813488988,9.210526315789465,9.423434593924355,0.21290827813488988,1233,324.47368421052636,>90%
992300,4186652991105743149,2021-11-03 12:29:23+00:00,2021-11-3 Update,2019-01-16 06:58:55+00:00,1022.2294907407407,>180 days,191,372,87.43455497382199,96.7741935483871,9.339638574565114,12.565445026178011,3.225806451612897,-9.339638574565114,181,94.76439790575915,70-90%
992300,4237326104316482442,2022-01-26 17:22:19+00:00,BloodySpell Version 1.0 Update,2019-01-16 06:58:55+00:00,1106.4329166666666,>180 days,172,1944,91.27906976744185,91.82098765432099,0.5419178868791334,8.720930232558146,8.179012345679013,-0.5419178868791334,1772,1030.2325581395348,>90%
992300,4607764924153334219,2022-08-12 10:48:17+00:00,Update 2022-8-12,2019-01-16 06:58:55+00:00,1304.1592824074073,>180 days,309,881,92.88025889967638,91.60045402951191,-1.2798048701644689,7.119741100323623,8.399545970488091,1.2798048701644689,572,185.11326860841424,>90%
992300,4836332027648875939,2022-11-22 18:01:49+00:00,BloodySpell Update 2022-11-22,2019-01-16 06:58:55+00:00,1406.4603472222223,>180 days,170,1221,91.17647058823529,95.004095004095,3.8276244158597166,8.82352941176471,4.9959049959049935,-3.8276244158597166,1051,618.2352941176471,>90%
992300,5059268099240779190,2023-02-17 17:59:14+00:00,BloodySpell Update 2023-2-18,2019-01-16 06:58:55+00:00,1493.4585532407407,>180 days,313,1818,92.65175718849841,92.9042904290429,0.2525332405444942,7.348242811501592,7.095709570957098,-0.2525332405444942,1505,480.83067092651754,>90%
992300,5133583642663920486,2023-05-01 01:33:09+00:00,Update 2023-5-1,2019-01-16 06:58:55+00:00,1565.7737731481482,>180 days,215,149,86.9767441860465,85.90604026845638,-1.070703917590123,13.023255813953497,14.09395973154362,1.070703917590123,-66,-30.697674418604652,70-90%
992300,5382426458970649658,2023-11-21 18:01:55+00:00,Update 2023-11-21 New Elite Monster and New Dance,2019-01-16 06:58:55+00:00,1770.4604166666666,>180 days,150,330,88.0,91.51515151515152,3.5151515151515156,12.0,8.484848484848484,-3.5151515151515156,180,120.0,70-90%
992300,5963414363384959867,2024-08-07 00:52:24+00:00,Bloody Spell : Important Update for 2024,2019-01-16 06:58:55+00:00,2029.7454745370371,>180 days,90,992,84.44444444444444,86.69354838709677,2.249103942652326,15.555555555555557,13.306451612903231,-2.249103942652326,902,1002.2222222222222,70-90%
992300,1823825466498684,2026-02-06 06:18:10+00:00,Update 2026-2-6,2019-01-16 06:58:55+00:00,2577.971701388889,>180 days,89,158,89.8876404494382,86.70886075949366,-3.178779689944534,10.112359550561806,13.29113924050634,3.178779689944534,69,77.52808988764045,70-90%
992300,1840310314341097,2026-08-06 07:34:48+00:00,Bloody Spell : Important Update for 2026,2019-01-16 06:58:55+00:00,2759.0249189814813,>180 days,57,618,84.21052631578947,85.59870550161813,1.3881791858286618,15.789473684210535,14.401294498381873,-1.3881791858286618,561,984.2105263157896,70-90%
1016360,5035622743883983838,2023-02-03 15:43:49+00:00,PERISH Post Release Update #1!,2023-02-02 00:00:00+00:00,1.6554282407407408,<=30 days (including pre-launch),131,202,63.358778625954194,78.21782178217822,14.859043156224025,36.641221374045806,21.78217821782178,-14.859043156224025,71,54.19847328244275,<70%
1036740,4018887653994294721,2021-08-30 10:23:51+00:00,0.1.1 & 0.1.2 Patch notes,2021-08-25 03:00:36+00:00,5.3078125,<=30 days (including pre-launch),352,116,88.35227272727273,79.3103448275862,-9.041927899686527,11.647727272727266,20.689655172413794,9.041927899686527,-236,-67.04545454545455,70-90%
1036740,4224935490638911617,2021-11-26 10:14:58+00:00,We will update (JST) on December 3rd!,2021-08-25 03:00:36+00:00,93.30164351851852,31-180 days,23,32,82.6086956521739,87.5,4.891304347826093,17.391304347826093,12.5,-4.891304347826093,9,39.130434782608695,70-90%
1043260,4698935641756395695,2021-10-14 21:00:50+00:00,Localization for Quests Are Now Fixed,2021-10-14 00:29:14+00:00,0.8552777777777778,<=30 days (including pre-launch),143,508,89.5104895104895,86.61417322834646,-2.8963162821430473,10.489510489510494,13.38582677165354,2.8963162821430473,365,255.24475524475525,70-90%
1043260,4224938027300279160,2021-12-23 19:00:06+00:00,Main Quests Update!,2021-10-14 00:29:14+00:00,70.77143518518518,31-180 days,195,63,89.74358974358975,93.65079365079364,3.9072039072038933,10.256410256410248,6.349206349206355,-3.9072039072038933,-132,-67.6923076923077,70-90%
1043260,4258723269516045789,2022-03-26 17:45:42+00:00,Working on beta mode freezing issues,2021-10-14 00:29:14+00:00,163.71976851851852,31-180 days,31,155,87.09677419354838,83.87096774193549,-3.225806451612897,12.903225806451616,16.129032258064512,3.225806451612897,124,400.0,70-90%
1043260,4937651144689108921,2022-07-15 14:31:28+00:00,"New Arena, Quests, Gladiators, Bosses, and More! V0.830",2021-10-14 00:29:14+00:00,274.58488425925924,>180 days,54,100,77.77777777777779,85.0,7.222222222222214,22.222222222222214,15.0,-7.222222222222214,46,85.18518518518519,70-90%
1043260,5000716037441149739,2022-12-22 05:02:28+00:00,New gladiators added to Tournament Mode,2021-10-14 00:29:14+00:00,434.18974537037036,>180 days,29,74,86.20689655172413,79.72972972972973,-6.477166821994402,13.793103448275872,20.270270270270274,6.477166821994402,45,155.17241379310346,70-90%
1043260,5151601211228800808,2023-06-02 07:08:58+00:00,"Four New Gladiators, Editor Features, Quality Of Life Improvements and Bug Fixes",2021-10-14 00:29:14+00:00,596.2775925925926,>180 days,22,42,72.72727272727273,80.95238095238095,8.225108225108215,27.272727272727266,19.04761904761905,-8.225108225108215,20,90.9090909090909,70-90%
1043260,5141475722332339774,2023-08-25 23:40:17+00:00,Hotfix v0.915,2021-10-14 00:29:14+00:00,680.9660069444444,>180 days,28,99,82.14285714285714,71.71717171717171,-10.42568542568543,17.85714285714286,28.28282828282829,10.42568542568543,71,253.57142857142856,70-90%
1043260,5382426458978807553,2023-11-23 23:55:28+00:00,Difficulty adjustment,2021-10-14 00:29:14+00:00,770.976550925926,>180 days,23,32,56.52173913043478,81.25,24.72826086956522,43.47826086956522,18.75,-24.72826086956522,9,39.130434782608695,<70%
1043260,5582843074944622451,2024-02-02 14:28:45+00:00,"Beta Content Toggle, Updated Battle Stats, Enemy Items, and More! (v0.941)",2021-10-14 00:29:14+00:00,841.5829976851852,>180 days,23,21,82.6086956521739,85.71428571428571,3.1055900621118013,17.391304347826093,14.285714285714292,-3.1055900621118013,-2,-8.695652173913043,70-90%
1043260,5747236506604542735,2024-06-11 22:56:14+00:00,Update 0.946.9 Beta - Trait tier selection and gladiator buildings updated,2021-10-14 00:29:14+00:00,971.9354166666667,>180 days,25,593,88.0,81.95615514333895,-6.043844856661053,12.0,18.043844856661053,6.043844856661053,568,2272.0,70-90%
1043260,6341720536519931347,2024-09-24 06:55:28+00:00,Hotfix v1.039,2021-10-14 00:29:14+00:00,1076.2682175925927,>180 days,63,71,80.95238095238095,84.50704225352112,3.5546613011401718,19.04761904761905,15.49295774647888,-3.5546613011401718,8,12.698412698412698,70-90%
1043260,1801617199423014,2025-06-06 11:19:49+00:00,Glory Mode Feature Added to the Game,2021-10-14 00:29:14+00:00,1331.4517939814814,>180 days,26,84,84.61538461538461,75.0,-9.615384615384613,15.384615384615387,25.0,9.615384615384613,58,223.0769230769231,70-90%
1048350,4054904311337640912,2021-04-14 03:51:11+00:00,Nigate Tale Day 1 Update,2021-04-12 05:00:00+00:00,1.952210648148148,<=30 days (including pre-launch),161,200,79.5031055900621,74.5,-5.0031055900621055,20.496894409937894,25.5,5.0031055900621055,39,24.22360248447205,70-90%
1048350,4032392655063111356,2021-06-24 09:00:54+00:00,Nigate Tale V0.3.02_2401 Update,2021-04-12 05:00:00+00:00,73.16729166666667,31-180 days,43,26,72.09302325581395,73.07692307692307,0.9838998211091194,27.906976744186053,26.923076923076934,-0.9838998211091194,-17,-39.53488372093023,70-90%
1059980,4587497456676347858,2022-07-27 07:33:02+00:00,Patch 0.1.2 - Early Access,2022-07-21 16:23:05+00:00,5.631909722222222,<=30 days (including pre-launch),168,478,94.04761904761905,92.46861924686193,-1.578999800757117,5.952380952380949,7.531380753138066,1.578999800757117,310,184.52380952380955,>90%
1059980,4613399405946101403,2022-10-08 04:11:55+00:00,Patch 0.2.4 - Early Access,2022-07-21 16:23:05+00:00,78.49224537037037,31-180 days,45,34,91.11111111111111,88.23529411764706,-2.8758169934640563,8.888888888888886,11.764705882352942,2.8758169934640563,-11,-24.444444444444443,>90%
1059980,5000716037447083860,2022-12-23 20:05:50+00:00,Patch 0.3.3 - Early Access,2022-07-21 16:23:05+00:00,155.1546875,31-180 days,51,39,98.0392156862745,87.17948717948718,-10.85972850678732,1.9607843137254974,12.820512820512818,10.85972850678732,-12,-23.52941176470588,>90%
1059980,5132456474584256549,2023-04-12 19:04:59+00:00,Patch 0.4.0 - Beta,2022-07-21 16:23:05+00:00,265.11243055555553,>180 days,21,20,76.19047619047619,75.0,-1.1904761904761898,23.80952380952381,25.0,1.1904761904761898,-1,-4.761904761904762,70-90%
1059980,5409450219990926460,2023-12-19 13:58:11+00:00,Patch 1.0.0 - Just King,2022-07-21 16:23:05+00:00,515.899375,>180 days,27,126,96.29629629629629,85.71428571428571,-10.582010582010582,3.7037037037037095,14.285714285714292,10.582010582010582,99,366.66666666666663,>90%
1063420,5480373588785598588,2023-09-15 09:01:00+00:00,Quality of Life Update (0.21.1),2023-09-07 15:57:30+00:00,7.710763888888889,<=30 days (including pre-launch),648,592,93.20987654320987,90.87837837837837,-2.331498164831501,6.790123456790127,9.121621621621628,2.331498164831501,-56,-8.641975308641975,>90%
1063420,6560117310264011406,2023-11-16 12:16:22+00:00,Quality of Life Update (0.23.1),2023-09-07 15:57:30+00:00,69.84643518518519,31-180 days,325,508,87.07692307692308,93.50393700787401,6.427013930950935,12.92307692307692,6.496062992125985,-6.427013930950935,183,56.30769230769231,70-90%
1063420,5589599109273242258,2024-02-10 18:01:34+00:00,Extend the Game - Update 3 - Month of Stars and Love! ,2023-09-07 15:57:30+00:00,156.0861574074074,31-180 days,146,106,84.24657534246576,81.13207547169812,-3.114499870767645,15.75342465753424,18.867924528301884,3.114499870767645,-40,-27.397260273972602,70-90%
1063420,5741605105622106403,2024-05-27 14:59:24+00:00,Roguelite Endless Mode - Update 4,2023-09-07 15:57:30+00:00,262.95965277777776,>180 days,63,188,74.60317460317461,86.17021276595744,11.567038162782836,25.396825396825392,13.829787234042556,-11.567038162782836,125,198.41269841269843,70-90%
1063420,5875595438688844103,2024-08-22 17:30:36+00:00,Update 5 release date!,2023-09-07 15:57:30+00:00,350.0646527777778,>180 days,99,173,88.88888888888889,86.1271676300578,-2.7617212588310878,11.111111111111114,13.872832369942202,2.7617212588310878,74,74.74747474747475,70-90%
1063420,1783238125252112,2024-11-15 16:55:57+00:00,1.0 Release incoming! Part 2,2023-09-07 15:57:30+00:00,435.04059027777777,>180 days,173,1425,91.90751445086705,88.14035087719299,-3.7671635736740683,8.092485549132945,11.859649122807014,3.7671635736740683,1252,723.6994219653179,>90%
1063420,1789039014471133,2025-01-20 17:22:28+00:00,Hutlihut SpaceLog #15: New EXPLOSIVE Update! Exclusive insights,2023-09-07 15:57:30+00:00,501.0590046296296,>180 days,450,266,85.11111111111111,80.82706766917293,-4.284043441938181,14.888888888888886,19.172932330827066,4.284043441938181,-184,-40.88888888888889,70-90%
1063420,1797185861675918,2025-04-18 16:01:37+00:00,"Update ""All Hands on Deck"" - AVAILABLE NOW!",2023-09-07 15:57:30+00:00,589.0028587962963,>180 days,143,320,85.3146853146853,90.0,4.685314685314694,14.685314685314694,10.0,-4.685314685314694,177,123.77622377622377,70-90%
1063420,1809235871592503,2025-08-28 17:00:52+00:00,Update INCOMING! New ship and Steam free-weekend!,2023-09-07 15:57:30+00:00,721.0440046296296,>180 days,116,512,77.58620689655173,72.4609375,-5.1252693965517295,22.41379310344827,27.5390625,5.1252693965517295,396,341.37931034482756,70-90%
1063420,1816307528974023,2025-11-18 16:20:41+00:00,Patch + Seasonal Event: Winter Holiday Extravaganza!,2023-09-07 15:57:30+00:00,803.016099537037,>180 days,66,82,75.75757575757575,91.46341463414635,15.705838876570596,24.24242424242425,8.536585365853654,-15.705838876570596,16,24.242424242424242,70-90%
1063420,1825727806711458,2026-02-27 16:55:56+00:00,"Update INCOMING! New Objectives, Weapons, and more!",2023-09-07 15:57:30+00:00,904.0405787037037,>180 days,58,56,74.13793103448276,71.42857142857143,-2.709359605911331,25.86206896551724,28.57142857142857,2.709359605911331,-2,-3.4482758620689653,70-90%
1093320,2422298078082399976,2019-09-26 05:52:51+00:00,Updated description of Devil’s Deck (中文在后面) (version 000005),2019-09-18 02:11:59+00:00,8.15337962962963,<=30 days (including pre-launch),68,47,85.29411764705883,87.2340425531915,1.9399249061326742,14.705882352941174,12.7659574468085,-1.9399249061326742,-21,-30.88235294117647,70-90%
1098610,5121196841291866984,2023-04-07 11:47:11+00:00,"Update 1.1: Bug fixes, accessibility options, and more!",2023-03-31 05:09:23+00:00,7.27625,<=30 days (including pre-launch),66,21,96.96969696969697,95.23809523809523,-1.7316017316017422,3.030303030303031,4.761904761904773,1.7316017316017422,-45,-68.18181818181817,>90%
1098610,1797185861789266,2025-04-22 06:20:31+00:00,"Minor Update (Game Balance, Bugs, Accessibility)",2023-03-31 05:09:23+00:00,753.0493981481482,>180 days,42,40,92.85714285714286,95.0,2.142857142857139,7.142857142857139,5.0,-2.142857142857139,-2,-4.761904761904762,>90%
1100930,2451574645862541766,2019-11-01 19:37:44+00:00,BUG FIX 2019-11-01,2022-08-19 00:00:00+00:00,-1021.1821296296297,<=30 days (including pre-launch),36,639,77.77777777777779,86.5414710485133,8.763693270735516,22.222222222222214,13.458528951486699,-8.763693270735516,603,1675.0,70-90%
1100930,2592316573915790700,2020-01-07 11:43:15+00:00,Updates v0.6.12,2022-08-19 00:00:00+00:00,-954.5116319444444,<=30 days (including pre-launch),35,39,82.85714285714286,79.48717948717949,-3.369963369963372,17.14285714285714,20.51282051282051,3.369963369963372,4,11.428571428571429,70-90%
1100930,4584122114606120458,2022-08-22 11:45:21+00:00,Legioncraft v1.0.1 update notes,2022-08-19 00:00:00+00:00,3.489826388888889,<=30 days (including pre-launch),33,46,63.63636363636363,82.6086956521739,18.972332015810274,36.36363636363637,17.391304347826093,-18.972332015810274,13,39.39393939393939,<70%
1124080,4348797798079487721,2022-04-22 16:23:39+00:00,版本更新 - 0.912.2,2022-04-22 04:17:44+00:00,0.5041087962962963,<=30 days (including pre-launch),36,88,97.22222222222221,93.18181818181817,-4.0404040404040416,2.7777777777777857,6.818181818181827,4.0404040404040416,52,144.44444444444443,>90%
1131240,3788045105536265942,2020-08-30 23:53:55+00:00,Dungeons of Edera: Patch Notes 0.8.4 HF1,2020-08-28 11:55:54+00:00,2.498622685185185,<=30 days (including pre-launch),45,70,75.55555555555556,87.14285714285714,11.587301587301582,24.444444444444443,12.857142857142861,-11.587301587301582,25,55.55555555555556,70-90%
1131240,3884878205222689052,2020-10-31 19:40:00+00:00,Dungeons of Edera: Patch Notes 0.8.6.6,2020-08-28 11:55:54+00:00,64.32229166666667,31-180 days,26,24,76.92307692307693,83.33333333333334,6.410256410256409,23.076923076923066,16.666666666666657,-6.410256410256409,-2,-7.6923076923076925,70-90%
1131240,4074045244019849462,2021-04-26 22:46:10+00:00,Dungeons of Edera: April Update,2020-08-28 11:55:54+00:00,241.45157407407407,>180 days,87,47,85.0574712643678,87.2340425531915,2.1765712888236948,14.942528735632195,12.7659574468085,-2.1765712888236948,-40,-45.97701149425287,70-90%
1131240,4032392655113165206,2021-07-08 03:05:41+00:00,Dungeons of Edera: Desert Update Pt.1,2020-08-28 11:55:54+00:00,313.6317939814815,>180 days,32,30,75.0,80.0,5.0,25.0,20.0,-5.0,-2,-6.25,70-90%
1131240,5418383147752345759,2021-09-21 04:24:03+00:00,Dungeons of Edera: Gem Crafting Update,2020-08-28 11:55:54+00:00,388.68621527777776,>180 days,45,36,86.66666666666667,80.55555555555556,-6.111111111111114,13.333333333333329,19.444444444444443,6.111111111111114,-9,-20.0,70-90%
1131240,4348799082198817888,2022-05-07 21:36:24+00:00,Dungeons of Edera: Patch 0.9.3,2020-08-28 11:55:54+00:00,617.403125,>180 days,20,24,60.0,58.333333333333336,-1.6666666666666643,40.0,41.666666666666664,1.6666666666666643,4,20.0,<70%
1131240,4598757090462973340,2022-08-08 02:12:11+00:00,Dungeons of Edera: Patch 1.06,2020-08-28 11:55:54+00:00,709.5946412037038,>180 days,23,27,52.17391304347826,62.96296296296296,10.789049919484704,47.82608695652174,37.03703703703704,-10.789049919484704,4,17.391304347826086,<70%
1135810,3856732771967439012,2020-11-23 09:59:26+00:00,1.3.4 Patch Notes,2020-11-21 01:37:38+00:00,2.348472222222222,<=30 days (including pre-launch),26,101,100.0,95.04950495049505,-4.950495049504951,0.0,4.950495049504951,4.950495049504951,75,288.46153846153845,>90%
1135810,4043637702551110610,2021-01-22 13:18:26+00:00,Patch Notes: 1.3.35,2020-11-21 01:37:38+00:00,62.486666666666665,31-180 days,21,26,90.47619047619048,96.15384615384616,5.677655677655679,9.523809523809518,3.8461538461538396,-5.677655677655679,5,23.809523809523807,>90%
1135810,4117954073005440359,2021-04-10 09:00:39+00:00,Update #18: New Void Fight!,2020-11-21 01:37:38+00:00,140.30765046296295,31-180 days,32,40,96.875,100.0,3.125,3.125,0.0,-3.125,8,25.0,>90%
1135810,4032392655066348330,2021-06-25 06:21:01+00:00,Update #27: The Well of Stars!,2020-11-21 01:37:38+00:00,216.19679398148148,>180 days,22,33,100.0,100.0,0.0,0.0,0.0,0.0,11,50.0,>90%
1135810,4018887653988882894,2021-08-28 22:42:35+00:00,Update #34: The Hotfix Recap and Future Plans!,2020-11-21 01:37:38+00:00,280.8784375,>180 days,27,32,96.29629629629629,100.0,3.7037037037037095,3.7037037037037095,0.0,-3.7037037037037095,5,18.51851851851852,>90%
1135810,4227186657143913429,2021-11-19 08:56:09+00:00,Update #39: Vault of the Void turns 1!,2020-11-21 01:37:38+00:00,363.30452546296294,>180 days,23,131,100.0,98.47328244274809,-1.5267175572519136,0.0,1.5267175572519136,1.5267175572519136,108,469.5652173913044,>90%
1135810,4237326104337480987,2022-02-01 11:45:03+00:00,"Update #44: Community Codes, Challenge Coins and COVID",2020-11-21 01:37:38+00:00,437.42181712962963,>180 days,134,46,98.50746268656717,95.65217391304348,-2.8552887735236823,1.492537313432834,4.347826086956516,2.8552887735236823,-88,-65.67164179104478,>90%
1135810,5493837466486005113,2022-04-16 09:07:57+00:00,"Update #48 -- Coins, a Modifier and... Secrets?",2020-11-21 01:37:38+00:00,511.3127199074074,>180 days,111,99,92.7927927927928,91.91919191919192,-0.8736008736008785,7.207207207207205,8.080808080808083,0.8736008736008785,-12,-10.81081081081081,>90%
1135810,6214419130138758109,2022-06-16 11:53:37+00:00,Update #51 -- Hotfix!,2020-11-21 01:37:38+00:00,572.4277662037038,>180 days,111,100,87.38738738738738,92.0,4.612612612612622,12.612612612612622,8.0,-4.612612612612622,-11,-9.90990990990991,70-90%
1135810,4621277624693180574,2022-09-02 04:38:13+00:00,"Update #56 -- New Tempest Cards, Bug Fixes and 1.0",2020-11-21 01:37:38+00:00,650.1254050925926,>180 days,83,51,90.36144578313254,82.35294117647058,-8.008504606661958,9.638554216867462,17.64705882352942,8.008504606661958,-32,-38.55421686746988,>90%
1135810,4979322040015437429,2022-12-01 04:48:19+00:00,Update #59 -- Steam Deck + Controller Support is now LIVE!,2020-11-21 01:37:38+00:00,740.1324189814815,>180 days,174,55,95.40229885057471,81.81818181818183,-13.584117032392882,4.597701149425291,18.181818181818173,13.584117032392882,-119,-68.39080459770115,>90%
1135810,5036749277232663622,2023-02-10 10:04:00+00:00,"Update #61 -- The Hidden Balancing Act, plus Encounter & Spell Rebalancing.",2020-11-21 01:37:38+00:00,811.3516435185185,>180 days,31,46,90.32258064516128,100.0,9.677419354838719,9.677419354838719,0.0,-9.677419354838719,15,48.38709677419355,>90%
1135810,5133583099797649219,2023-04-21 03:42:44+00:00,Update #63 -- Enlightened Content & Balance Patch,2020-11-21 01:37:38+00:00,881.086875,>180 days,34,40,82.35294117647058,92.5,10.14705882352942,17.64705882352942,7.5,-10.14705882352942,6,17.647058823529413,70-90%
1135810,5395937983666895907,2023-12-02 03:35:41+00:00,2.0 Public Beta Available Now,2020-11-21 01:37:38+00:00,1106.0819791666668,>180 days,24,23,79.16666666666666,95.65217391304348,16.485507246376827,20.833333333333343,4.347826086956516,-16.485507246376827,-1,-4.166666666666666,70-90%
1135810,5749481331439487198,2024-03-29 05:51:02+00:00,"Update #67: New Instability Mods, Bug Fixes, Steam Deck News & Android Beta!",2020-11-21 01:37:38+00:00,1224.1759722222223,>180 days,35,25,94.28571428571428,84.0,-10.285714285714278,5.714285714285722,16.0,10.285714285714278,-10,-28.57142857142857,>90%
1135810,1784506359154203,2024-12-02 20:44:28+00:00,Update #70: Balance and Bug Fixes,2020-11-21 01:37:38+00:00,1472.796412037037,>180 days,23,21,91.30434782608695,95.23809523809523,3.933747412008273,8.695652173913047,4.761904761904773,-3.933747412008273,-2,-8.695652173913043,>90%
1140150,4514316500010748256,2022-08-27 18:22:09+00:00,EA第二周更新列表,2022-08-17 00:00:00+00:00,10.765381944444444,<=30 days (including pre-launch),120,27,85.0,81.48148148148148,-3.518518518518519,15.0,18.51851851851852,3.518518518518519,-93,-77.5,70-90%
1140150,4979322040021317126,2022-12-02 19:30:27+00:00,Early Access Changelog: December,2022-08-17 00:00:00+00:00,107.8128125,31-180 days,36,39,94.44444444444444,87.17948717948718,-7.2649572649572605,5.555555555555557,12.820512820512818,7.2649572649572605,3,8.333333333333332,>90%
1140150,5035622743876072381,2023-02-01 11:39:30+00:00,v1.2.2 Major Update for Enemies,2022-08-17 00:00:00+00:00,168.4857638888889,31-180 days,60,41,95.0,95.1219512195122,0.1219512195121979,5.0,4.878048780487802,-0.1219512195121979,-19,-31.666666666666664,>90%
1140150,5121196841294280743,2023-04-08 03:41:02+00:00,v1.2.10 Small Update,2022-08-17 00:00:00+00:00,234.15349537037036,>180 days,55,20,96.36363636363636,95.0,-1.3636363636363598,3.6363636363636402,5.0,1.3636363636363598,-35,-63.63636363636363,>90%
1140150,5129083846348292871,2023-06-11 02:29:17+00:00,Teammate card update is on the Beta branch,2022-08-17 00:00:00+00:00,298.10366898148146,>180 days,25,43,96.0,97.67441860465115,1.6744186046511516,4.0,2.3255813953488484,-1.6744186046511516,18,72.0,>90%
1140150,5127964289183613440,2023-08-20 11:41:51+00:00,v1.3.13 Minor Update,2022-08-17 00:00:00+00:00,368.4873958333333,>180 days,53,53,90.56603773584906,96.22641509433963,5.660377358490564,9.433962264150935,3.773584905660371,-5.660377358490564,0,0.0,>90%
1140150,5229301621579550857,2023-10-27 11:58:28+00:00,v1.3.17 Spell Card Update,2022-08-17 00:00:00+00:00,436.4989351851852,>180 days,46,41,93.47826086956522,95.1219512195122,1.6436903499469793,6.521739130434781,4.878048780487802,-1.6436903499469793,-5,-10.869565217391305,>90%
1140150,5410576585195658127,2024-01-08 13:49:24+00:00,1/8 v1.4.1 Colorless Update,2022-08-17 00:00:00+00:00,509.5759722222222,>180 days,44,48,100.0,95.83333333333334,-4.166666666666657,0.0,4.166666666666657,4.166666666666657,4,9.090909090909092,>90%
1140150,5749481331440709348,2024-03-29 13:53:46+00:00,v1.4.2 Regular Update,2022-08-17 00:00:00+00:00,590.5790046296296,>180 days,43,65,93.02325581395348,90.76923076923077,-2.2540250447227095,6.976744186046517,9.230769230769226,2.2540250447227095,22,51.162790697674424,>90%
1140150,5759622039976729005,2024-06-20 16:43:51+00:00,v.1.5.0 Main Branch Update,2022-08-17 00:00:00+00:00,673.6971180555555,>180 days,43,71,97.67441860465115,92.95774647887323,-4.716672125777919,2.3255813953488484,7.042253521126767,4.716672125777919,28,65.11627906976744,>90%
1140150,1783238125236130,2024-11-15 05:48:20+00:00,v1.6.0 Koishi Sets Out For The Incident!,2022-08-17 00:00:00+00:00,821.2418981481482,>180 days,27,79,96.29629629629629,92.40506329113924,-3.891233005157048,3.7037037037037095,7.594936708860757,3.891233005157048,52,192.59259259259258,>90%
1140150,1789580505286364,2025-01-22 22:45:27+00:00,v1.6.1 Gameplay Update,2022-08-17 00:00:00+00:00,889.9482291666667,>180 days,43,60,86.04651162790698,90.0,3.9534883720930196,13.95348837209302,10.0,-3.9534883720930196,17,39.53488372093023,70-90%
1140150,1796631172224069,2025-04-09 21:16:26+00:00,v1.7.1 字体更新,2022-08-17 00:00:00+00:00,966.8864120370371,>180 days,75,45,93.33333333333333,93.33333333333333,0.0,6.666666666666671,6.666666666666671,0.0,-30,-40.0,>90%
1140150,1811772772510320,2025-10-03 13:58:01+00:00,v1.8.0 Mod Launcher & Gamepad Support,2022-08-17 00:00:00+00:00,1143.5819560185184,>180 days,34,49,97.05882352941177,85.71428571428571,-11.34453781512606,2.941176470588232,14.285714285714292,11.34453781512606,15,44.11764705882353,>90%
1140150,1843481262699713,2026-09-13 15:31:58+00:00,v1.8.1 Event Update,2022-08-17 00:00:00+00:00,1488.647199074074,>180 days,25,29,100.0,89.65517241379311,-10.34482758620689,0.0,10.34482758620689,10.34482758620689,4,16.0,>90%
1147860,6339469370183611589,2024-09-26 23:48:35+00:00,Patch Notes: v1.1.4,2024-09-18 00:00:00+00:00,8.99207175925926,<=30 days (including pre-launch),1554,1704,96.46074646074646,96.36150234741784,-0.09924411332862348,3.5392535392535365,3.63849765258216,0.09924411332862348,150,9.652509652509652,>90%
1147860,1786573930762404,2024-12-23 21:16:11+00:00,Patch Notes: v1.5.1,2024-09-18 00:00:00+00:00,96.88623842592592,31-180 days,1279,477,96.95074276778733,91.82389937106919,-5.126843396718144,3.0492572322126676,8.176100628930811,5.126843396718144,-802,-62.70523846755277,>90%
1147860,1794102528183902,2025-03-16 22:17:19+00:00,Patch Notes: v1.7.2.1,2024-09-18 00:00:00+00:00,179.92869212962964,31-180 days,211,156,92.89099526066352,95.51282051282051,2.621825252156995,7.109004739336484,4.487179487179489,-2.621825252156995,-55,-26.066350710900476,>90%
1147860,1809869180042385,2025-09-04 19:01:08+00:00,Patch Notes: v1.7.8.21,2024-09-18 00:00:00+00:00,351.7924537037037,>180 days,135,116,93.33333333333333,94.82758620689656,1.4942528735632266,6.666666666666671,5.172413793103445,-1.4942528735632266,-19,-14.074074074074074,>90%
1147860,1825093633186343,2026-02-19 21:17:17+00:00,Patch Notes: v1.8.35,2024-09-18 00:00:00+00:00,519.8870023148148,>180 days,75,49,96.0,89.79591836734694,-6.2040816326530575,4.0,10.204081632653057,6.2040816326530575,-26,-34.66666666666667,>90%
1147860,1832065502810153,2026-05-06 20:06:18+00:00,Patch Notes: v1.9.5,2024-09-18 00:00:00+00:00,595.8377083333334,>180 days,49,44,95.91836734693877,88.63636363636364,-7.282003710575125,4.081632653061234,11.36363636363636,7.282003710575125,-5,-10.204081632653061,>90%
1163740,3444639924498581813,2020-06-26 19:20:29+00:00,"New card, more gameplay stats, skill effects and bug fixes",2020-06-23 11:01:05+00:00,3.3468055555555556,<=30 days (including pre-launch),25,69,100.0,100.0,0.0,0.0,0.0,0.0,44,176.0,>90%
1167680,4074045244007872412,2021-04-23 15:45:55+00:00,Orbital Bullet | Early Access | Update #1,2021-04-22 12:02:28+00:00,1.155173611111111,<=30 days (including pre-launch),31,87,93.54838709677419,95.40229885057471,1.8539117538005172,6.451612903225808,4.597701149425291,-1.8539117538005172,56,180.64516129032256,>90%
1167680,4258723269504640821,2022-03-23 14:36:36+00:00,Orbital Bullet's Full release patch #2 now available!,2021-04-22 12:02:28+00:00,335.10703703703706,>180 days,24,50,87.5,80.0,-7.5,12.5,20.0,7.5,26,108.33333333333333,70-90%
1168870,3142896212086983602,2020-05-28 01:17:17+00:00,Minor Fixes,2020-05-27 21:17:00+00:00,0.16686342592592593,<=30 days (including pre-launch),34,172,38.23529411764706,79.06976744186046,40.834473324213405,61.76470588235294,20.930232558139537,-40.834473324213405,138,405.88235294117646,<70%
1168870,4698935641773503611,2021-10-19 13:47:23+00:00,v0.9d Update,2020-05-27 21:17:00+00:00,509.6877662037037,>180 days,35,30,82.85714285714286,70.0,-12.857142857142861,17.14285714285714,30.0,12.857142857142861,-5,-14.285714285714285,70-90%
1175360,3142896212107754651,2020-06-02 19:13:56+00:00,Update #1: Balance and stability,2020-05-22 16:58:50+00:00,11.093819444444444,<=30 days (including pre-launch),83,53,93.97590361445783,96.22641509433963,2.2505114798817942,6.024096385542165,3.773584905660371,-2.2505114798817942,-30,-36.144578313253014,>90%
1175360,3884878205218050093,2020-10-30 12:52:20+00:00,"I, Dracula Genesis: Halloween Update (9)",2020-05-22 16:58:50+00:00,160.82881944444443,31-180 days,24,21,100.0,100.0,0.0,0.0,0.0,0.0,-3,-12.5,>90%
1175360,5124584686265563077,2023-08-01 21:32:51+00:00,Update 1.0.3,2020-05-22 16:58:50+00:00,1166.1902893518518,>180 days,58,55,94.82758620689656,96.36363636363636,1.5360501567398046,5.172413793103445,3.6363636363636402,-1.5360501567398046,-3,-5.172413793103448,>90%
1184820,4516534149071387139,2021-08-16 22:46:15+00:00,Poker Quest v56 - Daily run bonus XP and Farm changes,2021-07-20 15:52:32+00:00,27.28730324074074,<=30 days (including pre-launch),113,80,95.57522123893806,93.75,-1.825221238938056,4.424778761061944,6.25,1.825221238938056,-33,-29.20353982300885,>90%
1188930,2592316573856796119,2019-12-22 03:53:18+00:00,Chrono Ark Early access 1.02,2019-12-20 02:41:09+00:00,2.050104166666667,<=30 days (including pre-launch),24,322,95.83333333333334,96.27329192546584,0.43995859213249844,4.166666666666657,3.7267080745341588,-0.43995859213249844,298,1241.6666666666665,>90%
1188930,2578811485597742166,2020-02-22 04:36:18+00:00,Chrono Ark Early Access 1.2 Updated!,2019-12-20 02:41:09+00:00,64.07996527777777,31-180 days,94,98,85.1063829787234,93.87755102040816,8.77116804168476,14.893617021276597,6.122448979591837,-8.77116804168476,4,4.25531914893617,70-90%
1188930,3110243486347432611,2020-05-11 02:30:21+00:00,Chrono Ark Early Access v1.3 Update!,2019-12-20 02:41:09+00:00,142.9925,31-180 days,129,129,86.82170542635659,91.47286821705426,4.6511627906976685,13.178294573643413,8.527131782945744,-4.6511627906976685,0,0.0,70-90%
1188930,3664192945734896010,2020-07-22 01:41:26+00:00,Chrono Ark EA v1.41 is here!,2019-12-20 02:41:09+00:00,214.95853009259258,>180 days,554,192,91.15523465703971,90.625,-0.5302346570397134,8.844765342960287,9.375,0.5302346570397134,-362,-65.34296028880865,>90%
1188930,3853351107551297817,2020-10-09 02:15:20+00:00,Chrono Ark EA v1.5 Beta is here!,2019-12-20 02:41:09+00:00,293.98207175925927,>180 days,56,133,87.5,87.96992481203007,0.4699248120300723,12.5,12.030075187969928,-0.4699248120300723,77,137.5,70-90%
1188930,3879252510630556803,2020-12-10 08:44:24+00:00,Chrono Ark EA v1.5 Beta 4 is here!,2019-12-20 02:41:09+00:00,356.25225694444447,>180 days,157,129,88.53503184713377,88.37209302325581,-0.16293882387795122,11.464968152866234,11.627906976744185,0.16293882387795122,-28,-17.8343949044586,70-90%
1188930,4060529371700856932,2021-02-25 05:00:22+00:00,Chrono Ark EA v1.55 Beta is here!,2019-12-20 02:41:09+00:00,433.09667824074074,>180 days,63,111,87.3015873015873,88.28828828828829,0.9867009867009813,12.698412698412696,11.711711711711715,-0.9867009867009813,48,76.19047619047619,70-90%
1188930,4038025325476134871,2021-07-30 10:27:43+00:00,Chrono Ark Early Access - v1.6 - Fate,2019-12-20 02:41:09+00:00,588.3240046296296,>180 days,86,175,90.69767441860465,86.85714285714286,-3.8405315614617876,9.302325581395351,13.142857142857139,3.8405315614617876,89,103.48837209302326,>90%
1188930,4971405952699211413,2021-11-11 02:06:47+00:00,Chrono Ark Early Access v1.7 Peek!,2019-12-20 02:41:09+00:00,691.9761342592593,>180 days,58,75,91.37931034482759,94.66666666666667,3.287356321839084,8.620689655172413,5.333333333333329,-3.287356321839084,17,29.310344827586203,>90%
1188930,4235074931842884606,2022-02-02 09:32:42+00:00,Chrono Ark Early Access 1.7 Beta Update,2019-12-20 02:41:09+00:00,775.2857986111111,>180 days,55,107,90.9090909090909,88.78504672897196,-2.1240441801189434,9.090909090909093,11.214953271028037,2.1240441801189434,52,94.54545454545455,>90%
1188930,4347669995473566703,2022-04-04 04:51:58+00:00,Chrono Ark EA 1.8b Mini Patch,2019-12-20 02:41:09+00:00,836.0908449074074,>180 days,72,64,98.61111111111111,92.1875,-6.423611111111114,1.3888888888888857,7.8125,6.423611111111114,-8,-11.11111111111111,>90%
1188930,4474904295776807939,2022-07-06 10:55:03+00:00,Chrono Ark EA 1.9 – Hour of Twilight,2019-12-20 02:41:09+00:00,929.3429861111111,>180 days,98,221,92.85714285714286,92.76018099547511,-0.09696186166775078,7.142857142857139,7.23981900452489,0.09696186166775078,123,125.51020408163265,>90%
1188930,5000716037474563717,2022-12-31 09:07:24+00:00,Chrono Ark EA 1.9999 - New World,2019-12-20 02:41:09+00:00,1107.2682291666667,>180 days,109,191,88.07339449541286,86.38743455497382,-1.6859599404390337,11.926605504587144,13.612565445026178,1.6859599404390337,82,75.22935779816514,70-90%
1188930,5124585954861222058,2023-08-09 00:34:35+00:00,Chrono Ark EA 2.0 Beta - Momori,2019-12-20 02:41:09+00:00,1327.9121064814815,>180 days,94,139,94.68085106382979,88.48920863309353,-6.191642430736266,5.319148936170208,11.510791366906474,6.191642430736266,45,47.87234042553192,>90%
1188930,5220292521190773177,2023-10-08 07:49:50+00:00,Chrono Ark EA 2.0b HotFix,2019-12-20 02:41:09+00:00,1388.214363425926,>180 days,102,242,94.11764705882352,90.49586776859503,-3.6217792902284884,5.882352941176478,9.504132231404967,3.6217792902284884,140,137.2549019607843,>90%
1188930,5410576585134828540,2023-12-22 21:13:54+00:00,Chrono Ark EA 2.02 Update,2019-12-20 02:41:09+00:00,1463.7727430555556,>180 days,213,210,91.54929577464789,92.85714285714286,1.3078470824949733,8.450704225352112,7.142857142857139,-1.3078470824949733,-3,-1.4084507042253522,>90%
1188930,5749481331435550203,2024-03-28 03:56:08+00:00,Chrono Ark 1.0 beta 3 hotfix,2019-12-20 02:41:09+00:00,1560.0520717592592,>180 days,122,509,87.70491803278688,89.19449901768172,1.4895809848948431,12.295081967213122,10.805500982318279,-1.4895809848948431,387,317.21311475409834,70-90%
1188930,6146943657173924263,2024-11-01 06:36:56+00:00,Chrono Ark 1.1 - HighRollor,2019-12-20 02:41:09+00:00,1778.1637384259259,>180 days,141,701,93.61702127659575,80.74179743223966,-12.875223844356086,6.38297872340425,19.258202567760335,12.875223844356086,560,397.16312056737587,>90%
1188930,1790214123090849,2025-01-30 19:01:53+00:00,Chrono Ark 1.2 - Fanatic Boss Update,2019-12-20 02:41:09+00:00,1868.6810648148148,>180 days,142,125,92.95774647887323,93.60000000000001,0.6422535211267757,7.042253521126767,6.3999999999999915,-0.6422535211267757,-17,-11.971830985915492,>90%
1188930,1796631172404095,2025-04-15 10:59:56+00:00,"chrono ark 1.2g small bug fix, balance change",2019-12-20 02:41:09+00:00,1943.3463773148148,>180 days,144,152,94.44444444444444,93.42105263157895,-1.0233918128654977,5.555555555555557,6.578947368421055,1.0233918128654977,8,5.555555555555555,>90%
1188930,1828894815560094,2026-04-03 12:09:35+00:00,Chrono Ark 1.2.2 Update,2019-12-20 02:41:09+00:00,2296.3947453703704,>180 days,84,76,90.47619047619048,96.05263157894737,5.576441102756888,9.523809523809518,3.94736842105263,-5.576441102756888,-8,-9.523809523809524,>90%
1188930,1837955055362413,2026-07-13 05:25:01+00:00,Chrono Ark 1.2.10 Update,2019-12-20 02:41:09+00:00,2397.113796296296,>180 days,92,69,95.65217391304348,86.95652173913044,-8.695652173913047,4.347826086956516,13.043478260869563,8.695652173913047,-23,-25.0,>90%
1189490,2592316573875769020,2019-12-27 09:54:02+00:00,【12.27更新公告】,2019-11-26 07:07:32+00:00,31.115625,31-180 days,152,50,90.13157894736842,92.0,1.8684210526315752,9.868421052631575,8.0,-1.8684210526315752,-102,-67.10526315789474,>90%
1189490,2578812118955940221,2020-02-28 10:36:01+00:00,【正式版本0.9.1.21】2月28日更新公告,2019-11-26 07:07:32+00:00,94.1447800925926,31-180 days,62,56,88.70967741935483,91.07142857142857,2.3617511520737366,11.290322580645167,8.92857142857143,-2.3617511520737366,-6,-9.67741935483871,70-90%
1189490,3110243486341357069,2020-05-09 10:09:10+00:00,【测试版本0.9.2.45】5.9更新公告,2019-11-26 07:07:32+00:00,165.12613425925926,31-180 days,227,100,89.86784140969164,89.0,-0.8678414096916356,10.132158590308364,11.0,0.8678414096916356,-127,-55.947136563876654,70-90%
1189490,3516698970131165153,2020-07-10 08:59:05+00:00,【测试版本0.9.2.68】7月10日更新公告,2019-11-26 07:07:32+00:00,227.07746527777778,>180 days,231,85,88.31168831168831,83.52941176470588,-4.78227654698243,11.688311688311686,16.470588235294116,4.78227654698243,-146,-63.20346320346321,70-90%
1189490,4249665521682412678,2020-09-11 11:56:29+00:00,【测试版本0.9.2.96】9.11更新公告,2019-11-26 07:07:32+00:00,290.2006597222222,>180 days,71,110,88.73239436619718,90.9090909090909,2.1766965428937226,11.267605633802816,9.090909090909093,-2.1766965428937226,39,54.929577464788736,70-90%
1189490,3872494575590850523,2020-11-13 10:34:33+00:00,【测试版本0.9.2.117】11.13更新公告,2019-11-26 07:07:32+00:00,353.14376157407406,>180 days,124,154,91.93548387096774,94.8051948051948,2.869710934227058,8.064516129032256,5.194805194805198,-2.869710934227058,30,24.193548387096776,>90%
1189490,4483864038805595940,2021-01-15 10:39:29+00:00,【测试版本0.9.2.147】1.15更新公告,2019-11-26 07:07:32+00:00,416.1471875,>180 days,176,183,92.61363636363636,91.2568306010929,-1.356805762543459,7.38636363636364,8.7431693989071,1.356805762543459,7,3.977272727272727,>90%
1189490,4117954073002174478,2021-04-09 11:28:07+00:00,【测试版本0.9.2.172】4.9更新公告,2019-11-26 07:07:32+00:00,500.18096064814813,>180 days,110,171,84.54545454545455,90.05847953216374,5.513024986709198,15.454545454545453,9.941520467836256,-5.513024986709198,61,55.45454545454545,70-90%
1189490,5019805792164394047,2021-06-11 11:12:27+00:00,【测试版本0.9.2.220】6.11更新公告,2019-11-26 07:07:32+00:00,563.1700810185185,>180 days,173,155,90.17341040462428,92.90322580645162,2.729815401827338,9.826589595375722,7.096774193548384,-2.729815401827338,-18,-10.404624277456648,>90%
1189490,4516534149058724993,2021-08-13 11:16:56+00:00,【测试版本0.9.2.256】8.13更新公告,2019-11-26 07:07:32+00:00,626.1731944444444,>180 days,229,263,89.51965065502183,95.43726235741445,5.91761170239262,10.480349344978166,4.562737642585546,-5.91761170239262,34,14.847161572052403,70-90%
1189490,4698935641754276546,2021-10-14 07:03:05+00:00,【稳定版本0.9.1.91/测试版本0.9.2.288】10.18更新公告,2019-11-26 07:07:32+00:00,687.9969097222222,>180 days,280,294,92.5,94.5578231292517,2.0578231292517017,7.5,5.442176870748298,-2.0578231292517017,14,5.0,>90%
1189490,4224936849664598161,2021-12-13 09:54:53+00:00,【测试版本0.9.2.322】12.13更新公告,2019-11-26 07:07:32+00:00,748.1162152777778,>180 days,231,585,91.34199134199135,91.45299145299145,0.11100011100010931,8.658008658008654,8.547008547008545,-0.11100011100010931,354,153.24675324675326,>90%
1189490,6154735015627815224,2022-02-14 07:49:13+00:00,【稳定版本0.9.1.125/测试版本0.9.2.370】2.14更新公告,2019-11-26 07:07:32+00:00,811.0289467592593,>180 days,1097,731,93.80127620783956,93.16005471956224,-0.6412214882773242,6.198723792160436,6.83994528043776,0.6412214882773242,-366,-33.363719234275294,>90%
1189490,5493837466482547013,2022-04-15 10:10:07+00:00,【稳定版本0.9.1.137/测试版本0.9.2.406】4.15更新公告,2019-11-26 07:07:32+00:00,871.1267939814815,>180 days,461,1051,94.14316702819957,94.10085632730733,-0.04231070089224431,5.856832971800429,5.899143672692674,0.04231070089224431,590,127.98264642082428,>90%
1189490,6214419130142248987,2022-06-17 10:53:16+00:00,【测试版本0.9.2.429】6.17更新公告,2019-11-26 07:07:32+00:00,934.1567592592593,>180 days,650,600,92.46153846153847,94.5,2.038461538461533,7.538461538461533,5.5,-2.038461538461533,-50,-7.6923076923076925,>90%
1189490,4514316500005597897,2022-08-26 08:26:02+00:00,【测试版本0.9.2.477】8.26更新公告,2019-11-26 07:07:32+00:00,1004.0545138888889,>180 days,449,485,94.43207126948775,94.43298969072164,0.0009184212338908537,5.56792873051225,5.567010309278359,-0.0009184212338908537,36,8.017817371937639,>90%
1189490,4706851091176032347,2022-10-28 08:24:28+00:00,【测试版本0.9.2.518】10.28更新公告,2019-11-26 07:07:32+00:00,1067.053425925926,>180 days,472,362,94.91525423728814,94.7513812154696,-0.16387302181853158,5.0847457627118615,5.248618784530393,0.16387302181853158,-110,-23.30508474576271,>90%
1189490,5000716037466978917,2022-12-29 07:09:42+00:00,【测试版本0.9.2.546】12.29更新公告,2019-11-26 07:07:32+00:00,1129.0015046296296,>180 days,436,3070,93.34862385321101,94.65798045602605,1.3093566028150434,6.651376146788991,5.342019543973947,-1.3093566028150434,2634,604.1284403669724,>90%
1189490,5125698536856915559,2023-03-17 09:04:06+00:00,【稳定版本1.0.018】3.24更新公告,2019-11-26 07:07:32+00:00,1207.0809490740742,>180 days,1276,742,96.15987460815047,93.39622641509435,-2.7636481930561274,3.8401253918495257,6.603773584905653,2.7636481930561274,-534,-41.84952978056427,>90%
1189490,5140340943308429220,2023-05-19 10:24:18+00:00,【测试版本1.0.024-test】5.19更新公告,2019-11-26 07:07:32+00:00,1270.1366435185184,>180 days,425,394,93.64705882352942,94.67005076142132,1.0229919378919021,6.35294117647058,5.329949238578678,-1.0229919378919021,-31,-7.294117647058823,>90%
1189490,5124584051972066068,2023-07-21 04:09:38+00:00,【测试版本1.0.027-test】7.21更新公告,2019-11-26 07:07:32+00:00,1332.8764583333334,>180 days,410,368,90.48780487804878,94.02173913043478,3.533934252386004,9.512195121951223,5.978260869565219,-3.533934252386004,-42,-10.24390243902439,>90%
1189490,5218041989060138500,2023-10-24 06:22:47+00:00,【测试版本1.0.034-test】10.24更新公告,2019-11-26 07:07:32+00:00,1427.9689236111112,>180 days,311,489,89.71061093247589,95.91002044989774,6.199409517421856,10.289389067524112,4.089979550102257,-6.199409517421856,178,57.234726688102896,70-90%
1189490,5519792046265834269,2024-01-30 08:37:54+00:00,【稳定版本1.0.039】1.30更新公告,2019-11-26 07:07:32+00:00,1526.0627546296296,>180 days,392,500,95.1530612244898,94.19999999999999,-0.9530612244898151,4.846938775510196,5.800000000000011,0.9530612244898151,108,27.55102040816326,>90%
1189490,5762994032393751021,2024-04-19 08:12:52+00:00,【稳定版本1.0.042】4.28更新公告,2019-11-26 07:07:32+00:00,1606.0453703703704,>180 days,316,354,89.55696202531645,94.0677966101695,4.510834584853043,10.443037974683548,5.932203389830505,-4.510834584853043,38,12.025316455696203,70-90%
1197260,4060529371707425056,2021-02-27 00:19:06+00:00,v0.8.0 B2,2025-11-30 00:00:00+00:00,-1736.9867361111112,<=30 days (including pre-launch),21,294,100.0,87.41496598639455,-12.585034013605451,0.0,12.585034013605451,12.585034013605451,273,1300.0,>90%
1197260,4074045878080447854,2021-05-01 17:31:57+00:00,v0.8.6 B2,2025-11-30 00:00:00+00:00,-1673.2694791666668,<=30 days (including pre-launch),98,77,81.63265306122449,89.6103896103896,7.977736549165115,18.367346938775512,10.389610389610397,-7.977736549165115,-21,-21.428571428571427,70-90%
1197260,4036897704070990440,2021-07-13 19:42:39+00:00,Progress update,2025-11-30 00:00:00+00:00,-1600.1787152777779,<=30 days (including pre-launch),77,68,83.11688311688312,89.70588235294117,6.588999236058058,16.883116883116884,10.294117647058826,-6.588999236058058,-9,-11.688311688311687,70-90%
1197260,4020014731809725338,2021-09-13 15:14:13+00:00,Shipyard rework - v0.9.1 B1,2025-11-30 00:00:00+00:00,-1538.3651273148148,<=30 days (including pre-launch),80,88,91.25,94.31818181818183,3.0681818181818272,8.75,5.681818181818173,-3.0681818181818272,8,10.0,>90%
1197260,4227186657156254922,2021-11-22 18:17:01+00:00,v0.9.7 B1,2025-11-30 00:00:00+00:00,-1468.2381828703703,<=30 days (including pre-launch),48,147,91.66666666666666,94.5578231292517,2.8911564625850446,8.333333333333343,5.442176870748298,-2.8911564625850446,99,206.25,>90%
1197260,4235074931858792779,2022-02-06 18:23:00+00:00,v0.9.8 B1,2025-11-30 00:00:00+00:00,-1392.2340277777778,<=30 days (including pre-launch),49,91,79.59183673469387,85.71428571428571,6.122448979591837,20.40816326530613,14.285714285714292,-6.122448979591837,42,85.71428571428571,70-90%
1197260,4348799082191117601,2022-05-05 18:51:58+00:00,v0.10.0 B1,2025-11-30 00:00:00+00:00,-1304.213912037037,<=30 days (including pre-launch),59,63,93.22033898305084,92.06349206349206,-1.1568469195587738,6.779661016949163,7.936507936507937,1.1568469195587738,4,6.779661016949152,>90%
1197260,4539082035573365750,2022-07-11 11:06:52+00:00,v0.11.0 B1,2025-11-30 00:00:00+00:00,-1237.536898148148,<=30 days (including pre-launch),59,50,89.83050847457628,82.0,-7.830508474576277,10.169491525423723,18.0,7.830508474576277,-9,-15.254237288135593,70-90%
1197260,6258337460544230193,2022-09-15 17:03:41+00:00,v0.12.2 B1,2025-11-30 00:00:00+00:00,-1171.2891087962962,<=30 days (including pre-launch),54,47,92.5925925925926,87.2340425531915,-5.358550039401095,7.407407407407405,12.7659574468085,5.358550039401095,-7,-12.962962962962962,>90%
1197260,4979322040018322212,2022-12-01 23:47:46+00:00,v0.14.1 B1,2025-11-30 00:00:00+00:00,-1094.0084953703704,<=30 days (including pre-launch),38,35,81.57894736842105,88.57142857142857,6.9924812030075145,18.421052631578945,11.42857142857143,-6.9924812030075145,-3,-7.894736842105263,70-90%
1197260,5035622743884118061,2023-02-03 16:36:51+00:00,v0.15.3 B1,2025-11-30 00:00:00+00:00,-1030.3077430555556,<=30 days (including pre-launch),37,40,72.97297297297297,92.5,19.52702702702703,27.02702702702703,7.5,-19.52702702702703,3,8.108108108108109,70-90%
1197260,5132456474582875021,2023-04-12 09:59:26+00:00,v0.20.0,2025-11-30 00:00:00+00:00,-962.5837268518519,<=30 days (including pre-launch),37,25,94.5945945945946,92.0,-2.5945945945945965,5.4054054054054035,8.0,2.5945945945945965,-12,-32.432432432432435,>90%
1197260,5896948309843308185,2023-06-16 14:49:29+00:00,v0.26.0,2025-11-30 00:00:00+00:00,-897.3823032407407,<=30 days (including pre-launch),34,119,97.05882352941177,89.07563025210085,-7.983193277310917,2.941176470588232,10.92436974789915,7.983193277310917,85,250.0,>90%
1197260,5127964289176944057,2023-08-18 15:46:17+00:00,v0.29.0,2025-11-30 00:00:00+00:00,-834.3428587962962,<=30 days (including pre-launch),259,145,90.34749034749035,86.20689655172413,-4.140593795766222,9.65250965250965,13.793103448275872,4.140593795766222,-114,-44.01544401544402,>90%
1197260,6438516944139238856,2023-10-17 16:31:49+00:00,v0.34.2,2025-11-30 00:00:00+00:00,-774.3112384259259,<=30 days (including pre-launch),93,76,91.39784946236558,88.1578947368421,-3.2399547255234893,8.602150537634415,11.842105263157904,3.2399547255234893,-17,-18.27956989247312,>90%
1197260,5409450219986915756,2023-12-18 11:34:02+00:00,v0.37.0,2025-11-30 00:00:00+00:00,-712.5180324074074,<=30 days (including pre-launch),78,71,82.05128205128204,88.73239436619718,6.68111231491514,17.948717948717956,11.267605633802816,-6.68111231491514,-7,-8.974358974358974,70-90%
1197260,8033928544510276582,2024-02-20 10:23:02+00:00,v0.42.0,2025-11-30 00:00:00+00:00,-648.5673379629629,<=30 days (including pre-launch),56,49,87.5,85.71428571428571,-1.7857142857142918,12.5,14.285714285714292,1.7857142857142918,-7,-12.5,70-90%
1197260,5747233970422186802,2024-05-17 13:22:49+00:00,v0.47.0,2025-11-30 00:00:00+00:00,-561.442488425926,<=30 days (including pre-launch),47,42,93.61702127659575,90.47619047619048,-3.1408308004052685,6.38297872340425,9.523809523809518,3.1408308004052685,-5,-10.638297872340425,>90%
1197260,6350729003512481962,2024-10-08 13:34:28+00:00,v0.48.2,2025-11-30 00:00:00+00:00,-417.43439814814815,<=30 days (including pre-launch),30,38,80.0,78.94736842105263,-1.05263157894737,20.0,21.05263157894737,1.05263157894737,8,26.666666666666668,70-90%
1197260,1785321795672309,2024-12-07 14:12:37+00:00,v0.50.3,2025-11-30 00:00:00+00:00,-357.4079050925926,<=30 days (including pre-launch),48,32,87.5,93.75,6.25,12.5,6.25,-6.25,-16,-33.33333333333333,70-90%
1197260,1807332909739317,2025-08-12 17:59:07+00:00,Update regarding v1,2025-11-30 00:00:00+00:00,-109.25061342592592,<=30 days (including pre-launch),54,34,75.92592592592592,67.64705882352942,-8.278867102396504,24.074074074074076,32.35294117647058,8.278867102396504,-20,-37.03703703703704,70-90%
1197260,1816849002015674,2025-11-21 22:03:09+00:00,The Perfect Tower II v1.0 launches Nov 30th!,2025-11-30 00:00:00+00:00,-8.081145833333334,<=30 days (including pre-launch),36,193,75.0,87.04663212435233,12.046632124352328,25.0,12.953367875647672,-12.046632124352328,157,436.1111111111111,70-90%
1197260,1826992588590818,2026-03-11 18:40:26+00:00,v1.0.12,2025-11-30 00:00:00+00:00,101.7780787037037,31-180 days,45,45,88.88888888888889,80.0,-8.888888888888886,11.111111111111114,20.0,8.888888888888886,0,0.0,70-90%
1220010,4043637702551726361,2021-01-22 17:21:53+00:00,Fix Update - 0.6.6 f4,2021-01-22 03:59:56+00:00,0.5569097222222222,<=30 days (including pre-launch),310,3311,81.93548387096774,90.7882814859559,8.852797614988162,18.064516129032256,9.211718514044094,-8.852797614988162,3001,968.0645161290322,70-90%
1220010,4026754911347439823,2021-03-26 05:00:14+00:00,0.8.0 Free Update Now Available!,2021-01-22 03:59:56+00:00,63.041875,31-180 days,322,213,86.33540372670807,69.01408450704226,-17.32131921966581,13.664596273291934,30.985915492957744,17.32131921966581,-109,-33.85093167701863,70-90%
1220010,4093189984237090834,2021-06-10 05:00:08+00:00,Version Update 0.8.8 f0,2021-01-22 03:59:56+00:00,139.04180555555556,31-180 days,84,207,79.76190476190477,86.95652173913044,7.194616977225664,20.238095238095227,13.043478260869563,-7.194616977225664,123,146.42857142857142,70-90%
1220010,4246335198887988431,2022-02-16 08:00:10+00:00,Home Behind 2 1.0 - Out Now,2021-01-22 03:59:56+00:00,390.1668287037037,>180 days,87,225,88.50574712643679,85.77777777777777,-2.727969348659016,11.494252873563212,14.222222222222229,2.727969348659016,138,158.6206896551724,70-90%
1220010,4348798430283703219,2022-05-01 01:53:08+00:00,Version Update 1.0.1 f0,2021-01-22 03:59:56+00:00,463.91194444444443,>180 days,114,114,90.35087719298247,84.21052631578947,-6.140350877193001,9.649122807017534,15.789473684210535,6.140350877193001,0,0.0,>90%
1220010,4587497456697241986,2022-08-02 02:17:33+00:00,Version Update 1.0.2f0,2021-01-22 03:59:56+00:00,556.9289004629629,>180 days,49,85,79.59183673469387,81.17647058823529,1.584633853541419,20.40816326530613,18.82352941176471,-1.584633853541419,36,73.46938775510205,70-90%
1220010,4789043687472399861,2022-11-17 02:16:48+00:00,Version Update 1.0.3f0,2021-01-22 03:59:56+00:00,663.9283796296296,>180 days,26,150,92.3076923076923,93.33333333333333,1.025641025641022,7.692307692307693,6.666666666666671,-1.025641025641022,124,476.9230769230769,>90%
1226510,4348798430281991496,2022-04-30 14:36:16+00:00,New version 1.0.2.2139,2022-04-28 00:00:00+00:00,2.6085185185185185,<=30 days (including pre-launch),266,457,66.16541353383458,64.55142231947484,-1.6139912143597428,33.83458646616542,35.44857768052516,1.6139912143597428,191,71.80451127819549,<70%
1226510,4474904295754618825,2022-06-30 08:43:16+00:00,Update v1.0.6.2361 notes,2022-04-28 00:00:00+00:00,63.36337962962963,31-180 days,79,63,70.88607594936708,79.36507936507937,8.479003415712285,29.113924050632917,20.634920634920633,-8.479003415712285,-16,-20.253164556962027,70-90%
1227280,4698935641763686526,2021-10-16 21:04:25+00:00,0.14.0.4,2022-09-29 00:00:00+00:00,-347.12193287037036,<=30 days (including pre-launch),175,594,96.0,86.86868686868688,-9.13131313131312,4.0,13.13131313131312,9.13131313131312,419,239.42857142857142,>90%
1227280,5320438099054761996,2021-12-21 17:34:41+00:00,Christmas Brawl Update: New PvP Mode!,2022-09-29 00:00:00+00:00,-281.2675810185185,<=30 days (including pre-launch),403,145,88.33746898263027,82.75862068965517,-5.5788482929750955,11.66253101736973,17.241379310344826,5.5788482929750955,-258,-64.01985111662532,70-90%
1227280,4247462367427348293,2022-03-02 16:41:51+00:00,0.17.0.6,2022-09-29 00:00:00+00:00,-210.30427083333333,<=30 days (including pre-launch),75,28,88.0,89.28571428571429,1.2857142857142918,12.0,10.714285714285708,-1.2857142857142918,-47,-62.66666666666667,70-90%
1227280,4606641560267205138,2022-09-13 17:00:20+00:00,Important News Regarding the 1.0 Release,2022-09-29 00:00:00+00:00,-15.291435185185184,<=30 days (including pre-launch),54,209,85.18518518518519,77.51196172248804,-7.673223462697152,14.81481481481481,22.48803827751196,7.673223462697152,155,287.037037037037,70-90%
1227280,6368680725436364173,2022-11-14 18:10:07+00:00,v1.2.5,2022-09-29 00:00:00+00:00,46.757025462962964,31-180 days,86,208,79.06976744186046,94.71153846153845,15.64177101967799,20.930232558139537,5.288461538461547,-15.64177101967799,122,141.86046511627907,70-90%
1227280,5070528176577756374,2023-03-06 20:04:56+00:00,v1.4.4,2022-09-29 00:00:00+00:00,158.83675925925925,31-180 days,21,36,85.71428571428571,77.77777777777779,-7.9365079365079225,14.285714285714292,22.222222222222214,7.9365079365079225,15,71.42857142857143,70-90%
1227280,5410576585133554512,2023-12-22 12:50:48+00:00,v1.9.3,2022-09-29 00:00:00+00:00,449.53527777777776,>180 days,33,35,84.84848484848484,82.85714285714286,-1.991341991341983,15.151515151515156,17.14285714285714,1.991341991341983,2,6.0606060606060606,70-90%
1232580,3112493111840709805,2020-04-15 12:00:13+00:00,Weekly update #1,2020-04-08 09:01:20+00:00,7.124224537037037,<=30 days (including pre-launch),33,63,84.84848484848484,87.3015873015873,2.45310245310246,15.151515151515156,12.698412698412696,-2.45310245310246,30,90.9090909090909,70-90%
1232580,3819570936611587860,2020-09-02 14:36:23+00:00,Weekly update №18 (0.2.12),2020-04-08 09:01:20+00:00,147.23267361111112,31-180 days,21,25,85.71428571428571,84.0,-1.7142857142857082,14.285714285714292,16.0,1.7142857142857082,4,19.047619047619047,70-90%
1232580,3887130640389529192,2020-11-04 15:18:55+00:00,Weekly update №27 (0.2.21),2020-04-08 09:01:20+00:00,210.26221064814814,>180 days,23,26,86.95652173913044,100.0,13.043478260869563,13.043478260869563,0.0,-13.043478260869563,3,13.043478260869565,70-90%
1232580,4979322040013358222,2022-11-30 15:06:51+00:00,Big update 0.4.31!,2020-04-08 09:01:20+00:00,966.2538310185186,>180 days,36,20,83.33333333333334,70.0,-13.333333333333343,16.666666666666657,30.0,13.333333333333343,-16,-44.44444444444444,70-90%
1232580,5963414363391791367,2024-08-08 21:50:48+00:00,DAY ONE HOTFIX IS HERE,2020-04-08 09:01:20+00:00,1583.5343518518519,>180 days,53,941,94.33962264150944,85.65356004250798,-8.68606259900146,5.660377358490564,14.346439957492024,8.68606259900146,888,1675.4716981132078,>90%
1232580,6212244583171854308,2024-10-16 10:44:31+00:00,UPDATE 1.0982 IS HERE!,2020-04-08 09:01:20+00:00,1652.0716550925927,>180 days,101,112,85.14851485148515,87.5,2.351485148514854,14.851485148514854,12.5,-2.351485148514854,11,10.891089108910892,70-90%
1232580,1786573930780580,2024-12-24 10:58:18+00:00,UPDATE 1.1021 IS HERE!,2020-04-08 09:01:20+00:00,1721.0812268518519,>180 days,193,82,91.70984455958549,80.48780487804879,-11.2220396815367,8.290155440414509,19.51219512195121,11.2220396815367,-111,-57.51295336787565,>90%
1232580,1795917897371391,2025-04-04 22:39:04+00:00,HOTFIX #1,2020-04-08 09:01:20+00:00,1822.5678703703704,>180 days,36,138,80.55555555555556,75.36231884057972,-5.193236714975839,19.444444444444443,24.637681159420282,5.193236714975839,102,283.33333333333337,70-90%
1232580,1807332909694502,2025-08-11 09:19:03+00:00,Testing the update,2020-04-08 09:01:20+00:00,1951.0123032407407,>180 days,35,33,68.57142857142857,66.66666666666666,-1.9047619047619122,31.42857142857143,33.33333333333334,1.9047619047619122,-2,-5.714285714285714,<70%
1232580,1816849002023174,2025-11-25 11:29:52+00:00,Patch 1.3.17.0 is here,2020-04-08 09:01:20+00:00,2057.103148148148,>180 days,26,26,76.92307692307693,73.07692307692307,-3.846153846153868,23.076923076923066,26.923076923076934,3.846153846153868,0,0.0,70-90%
1245430,3516698970143707250,2020-07-13 20:17:02+00:00,First Early Access update and first 1.000 Players,2020-07-10 17:05:28+00:00,3.1330324074074074,<=30 days (including pre-launch),87,62,97.70114942528735,93.54838709677419,-4.1527623285131625,2.2988505747126453,6.451612903225808,4.1527623285131625,-25,-28.735632183908045,>90%
1245430,3884878205215066790,2020-10-29 17:04:09+00:00,The Meat Song Update is LIVE!,2020-07-10 17:05:28+00:00,110.99908564814815,31-180 days,26,94,88.46153846153845,98.93617021276596,10.474631751227506,11.538461538461547,1.0638297872340416,-10.474631751227506,68,261.53846153846155,70-90%
1245430,4026754911341985511,2021-03-24 17:01:47+00:00,"CHOOSE YOUR END Update: Endings, New Biome, New Mechanics and more",2020-07-10 17:05:28+00:00,256.99744212962963,>180 days,39,66,89.74358974358975,96.96969696969697,7.226107226107217,10.256410256410248,3.030303030303031,-7.226107226107217,27,69.23076923076923,70-90%
1245430,5019805792169044610,2021-06-12 17:52:50+00:00,"June Content Update: Pets, Boss Weapons, Fixes.",2020-07-10 17:05:28+00:00,337.0328935185185,>180 days,86,57,96.51162790697676,92.98245614035088,-3.529171766625879,3.4883720930232442,7.017543859649123,3.529171766625879,-29,-33.72093023255814,>90%
1245430,4022264629312415263,2021-08-19 20:28:35+00:00,"Price increase, New Full Release Window and Next Major update.",2020-07-10 17:05:28+00:00,405.14105324074075,>180 days,25,29,100.0,86.20689655172413,-13.793103448275872,0.0,13.793103448275872,13.793103448275872,4,16.0,>90%
1245430,4103335143109776296,2021-10-22 16:28:38+00:00,Golden Light minor update 10.22.2021,2020-07-10 17:05:28+00:00,468.97442129629627,>180 days,53,121,92.45283018867924,91.73553719008265,-0.7172929985965908,7.547169811320757,8.264462809917347,0.7172929985965908,68,128.30188679245282,>90%
1245430,4224938027299958873,2021-12-23 16:53:26+00:00,12.23.2021 Hotfix,2020-07-10 17:05:28+00:00,530.9916435185186,>180 days,57,72,96.49122807017544,86.11111111111111,-10.380116959064324,3.5087719298245617,13.888888888888886,10.380116959064324,15,26.31578947368421,>90%
1245430,4247462367428622016,2022-03-03 01:05:26+00:00,Golden Light Pre-release update,2020-07-10 17:05:28+00:00,600.3333101851852,>180 days,36,195,86.11111111111111,88.71794871794872,2.606837606837601,13.888888888888886,11.282051282051285,-2.606837606837601,159,441.6666666666667,70-90%
1245430,6402455182519441684,2022-10-17 15:10:40+00:00,Get Golden Light's story prequel for free! Game's Halloween update!,2020-07-10 17:05:28+00:00,828.9202777777778,>180 days,22,58,95.45454545454545,91.37931034482759,-4.075235109717866,4.545454545454547,8.620689655172413,4.075235109717866,36,163.63636363636365,>90%
1248800,4249665521681875006,2020-09-11 08:22:15+00:00,Update log V0.1.23,2020-09-09 06:56:00+00:00,2.0598958333333335,<=30 days (including pre-launch),44,108,70.45454545454545,84.25925925925925,13.8047138047138,29.545454545454547,15.740740740740748,-13.8047138047138,64,145.45454545454547,70-90%
1253920,3670950880879076545,2020-08-20 18:48:41+00:00,Rogue Legacy 2 – Patch v0.1.1a (Hotfix),2020-08-18 17:01:00+00:00,2.0747800925925928,<=30 days (including pre-launch),47,635,89.36170212765957,88.50393700787401,-0.8577651197855545,10.63829787234043,11.496062992125985,0.8577651197855545,588,1251.063829787234,70-90%
1253920,3895010671355757179,2020-10-27 17:20:40+00:00,Rogue Legacy 2 – Patch v0.2.0 – The Far Shores Update,2020-08-18 17:01:00+00:00,70.01365740740741,31-180 days,94,406,82.97872340425532,97.29064039408867,14.31191698983335,17.02127659574468,2.709359605911331,-14.31191698983335,312,331.9148936170213,70-90%
1253920,4059402835310463525,2021-02-18 18:07:31+00:00,Rogue Legacy 2 - Patch v0.3.0 - The Arcane Hallows Update,2020-08-18 17:01:00+00:00,184.04619212962962,>180 days,71,222,84.50704225352112,93.69369369369369,9.186651440172568,15.49295774647888,6.306306306306311,-9.186651440172568,151,212.67605633802816,70-90%
1253920,4767601588129352412,2021-05-18 17:01:25+00:00,Rogue Legacy 2 - Patch v0.4.0 - The Drifting Worlds Update,2020-08-18 17:01:00+00:00,273.00028935185185,>180 days,89,232,97.75280898876404,93.10344827586206,-4.649360712901981,2.247191011235955,6.896551724137936,4.649360712901981,143,160.67415730337078,>90%
1253920,3936699406888660710,2021-09-28 17:01:43+00:00,Rogue Legacy 2 - Patch v0.6.0 - The Dragon's Vow Update,2020-08-18 17:01:00+00:00,406.00049768518517,>180 days,54,169,92.5925925925926,94.67455621301775,2.0819636204251566,7.407407407407405,5.325443786982248,-2.0819636204251566,115,212.962962962963,>90%
1253920,5320438099051187007,2021-12-20 18:01:05+00:00,Rogue Legacy 2 – Patch v0.8.0 – The Winter Gifts Update,2020-08-18 17:01:00+00:00,489.04172453703706,>180 days,161,228,95.03105590062113,97.36842105263158,2.337365152010449,4.968944099378874,2.631578947368425,-2.337365152010449,67,41.61490683229814,>90%
1253920,4348798430271773651,2022-04-27 19:16:42+00:00,Rogue Legacy 2 v1.0 Countdown,2020-08-18 17:01:00+00:00,617.0942361111111,>180 days,98,3778,96.93877551020408,87.45367919534145,-9.48509631486263,3.0612244897959187,12.54632080465855,9.48509631486263,3680,3755.1020408163267,>90%
1253920,4474904295755978300,2022-06-30 17:40:35+00:00,Rogue Legacy 2 - Patch v1.0.3,2020-08-18 17:01:00+00:00,681.027488425926,>180 days,674,438,89.02077151335311,89.95433789954338,0.9335663861902646,10.979228486646889,10.045662100456624,-0.9335663861902646,-236,-35.01483679525222,70-90%
1253920,4732747437224541251,2022-11-09 18:01:27+00:00,Rogue Legacy 2 - The Fabled Heroes Update is Now Live,2020-08-18 17:01:00+00:00,813.0419791666667,>180 days,135,1607,91.11111111111111,98.69321717486,7.582106063748881,8.888888888888886,1.3067828251400044,-7.582106063748881,1472,1090.3703703703704,>90%
1253920,5133583642648386163,2023-04-26 19:15:53+00:00,The Swan Song Update Arrives in 2 Days,2020-08-18 17:01:00+00:00,981.0936689814815,>180 days,92,206,89.13043478260869,93.68932038834951,4.5588856057408265,10.869565217391312,6.310679611650485,-4.5588856057408265,114,123.91304347826086,70-90%
1256530,3157533729869714919,2020-06-09 09:08:39+00:00,Hotfixes on 9th June 2020,2020-06-05 05:49:14+00:00,4.138483796296296,<=30 days (including pre-launch),24,40,87.5,95.0,7.5,12.5,5.0,-7.5,16,66.66666666666666,70-90%
1256530,4237325463678897531,2022-01-22 15:27:11+00:00,Hotfixes on 22nd January 2022,2020-06-05 05:49:14+00:00,596.4013541666667,>180 days,28,49,85.71428571428571,77.55102040816327,-8.16326530612244,14.285714285714292,22.448979591836732,8.16326530612244,21,75.0,70-90%
1256530,4539082035567239158,2022-07-09 18:44:21+00:00,Update on 10th July 2022,2020-06-05 05:49:14+00:00,764.5382754629629,>180 days,21,31,85.71428571428571,87.09677419354838,1.3824884792626762,14.285714285714292,12.903225806451616,-1.3824884792626762,10,47.61904761904761,70-90%
1260590,4057152305717796509,2021-03-05 23:23:46+00:00,CAMERA CONTROL UPDATE,2021-02-25 19:01:11+00:00,8.182349537037037,<=30 days (including pre-launch),60,56,95.0,94.64285714285714,-0.3571428571428612,5.0,5.357142857142861,0.3571428571428612,-4,-6.666666666666667,>90%
1260590,4018887653984589202,2021-08-27 18:23:55+00:00,"Hadean Tactics Update - Fixes, balancing, QoL, and more",2021-02-25 19:01:11+00:00,182.97412037037037,>180 days,20,37,90.0,94.5945945945946,4.5945945945945965,10.0,5.4054054054054035,-4.5945945945945965,17,85.0,70-90%
1260590,5141475722331264141,2023-08-25 16:35:15+00:00,Patch 1.0.04,2021-02-25 19:01:11+00:00,910.8986574074074,>180 days,42,518,92.85714285714286,90.54054054054053,-2.316602316602328,7.142857142857139,9.459459459459467,2.316602316602328,476,1133.3333333333335,>90%
1260590,5582843074935200816,2024-01-31 00:28:04+00:00,The 1.1 update - Out Now!,2021-02-25 19:01:11+00:00,1069.2270023148149,>180 days,30,57,83.33333333333334,77.19298245614034,-6.140350877193001,16.666666666666657,22.807017543859658,6.140350877193001,27,90.0,70-90%
1260590,6474562312185925776,2024-04-12 20:41:05+00:00,Patch 1.1.10.6,2021-02-25 19:01:11+00:00,1142.069375,>180 days,33,29,81.81818181818183,89.65517241379311,7.836990595611283,18.181818181818173,10.34482758620689,-7.836990595611283,-4,-12.121212121212121,70-90%
1260590,1788311419085980,2025-01-11 16:56:36+00:00,Patch 1.1.15 + Hadean Tactics in 2025,2021-02-25 19:01:11+00:00,1415.9134837962963,>180 days,21,25,80.95238095238095,80.0,-0.952380952380949,19.04761904761905,20.0,0.952380952380949,4,19.047619047619047,70-90%
1266430,4589754330750219340,2022-09-27 12:59:07+00:00,Hotfix 20220927,2022-09-26 23:56:18+00:00,0.5436226851851852,<=30 days (including pre-launch),27,145,92.5925925925926,89.65517241379311,-2.937420178799485,7.407407407407405,10.34482758620689,2.937420178799485,118,437.037037037037,>90%
1266430,6350729003496316524,2024-10-04 03:07:59+00:00,Minor Update 20241004,2022-09-26 23:56:18+00:00,738.1331134259259,>180 days,57,37,85.96491228070175,86.48648648648648,0.5215742057847308,14.035087719298247,13.513513513513516,-0.5215742057847308,-20,-35.08771929824561,70-90%
1266630,4474904295725406989,2022-06-22 08:16:33+00:00,1.0.1.8更新说明,2022-06-21 00:00:00+00:00,1.344826388888889,<=30 days (including pre-launch),50,343,92.0,79.30029154518951,-12.69970845481049,8.0,20.69970845481049,12.69970845481049,293,586.0,>90%
1266630,4514316500009344346,2022-08-27 09:07:08+00:00,1.0.3.2 更新说明,2022-06-21 00:00:00+00:00,67.3799537037037,31-180 days,62,45,77.41935483870968,75.55555555555556,-1.8637992831541226,22.58064516129032,24.444444444444443,1.8637992831541226,-17,-27.419354838709676,70-90%
1266630,4706851091172265708,2022-10-27 07:36:54+00:00,1.0.3.28 更新说明,2022-06-21 00:00:00+00:00,128.31729166666668,31-180 days,32,23,56.25,86.95652173913044,30.706521739130437,43.75,13.043478260869563,-30.706521739130437,-9,-28.125,<70%
1269710,4971406207531210748,2021-11-14 23:25:30+00:00,November 15th Patch 0.3.18,2021-11-11 17:41:00+00:00,3.239236111111111,<=30 days (including pre-launch),62,102,91.93548387096774,81.37254901960785,-10.562934851359898,8.064516129032256,18.627450980392155,10.562934851359898,40,64.51612903225806,>90%
1269710,4348798430293246297,2022-05-03 16:46:01+00:00,Kainga Patch 0.5.07,2021-11-11 17:41:00+00:00,172.96181712962962,31-180 days,20,20,85.0,85.0,0.0,15.0,15.0,0.0,0,0.0,70-90%
1269710,4980448574123863502,2022-12-12 17:38:43+00:00,Patch 1.0.07,2021-11-11 17:41:00+00:00,395.99841435185186,>180 days,57,45,75.43859649122807,73.33333333333333,-2.10526315789474,24.56140350877193,26.66666666666667,2.10526315789474,-12,-21.052631578947366,70-90%
1269710,5121196841287978207,2023-04-06 10:10:36+00:00,Patch 1.0.18,2021-11-11 17:41:00+00:00,510.6872222222222,>180 days,56,22,96.42857142857143,63.63636363636363,-32.7922077922078,3.5714285714285694,36.36363636363637,32.7922077922078,-34,-60.71428571428571,>90%
1269710,5395938616791593976,2023-12-06 18:27:58+00:00,Update 1.1.11 - Kainga's Birthday!,2021-11-11 17:41:00+00:00,755.0326157407408,>180 days,23,22,82.6086956521739,54.54545454545454,-28.063241106719367,17.391304347826093,45.45454545454546,28.063241106719367,-1,-4.3478260869565215,70-90%
1280930,5493837466483821225,2022-04-15 18:37:47+00:00,Patch Notes - April 2022 - 0.30.0,2022-04-12 15:00:49+00:00,3.1506712962962964,<=30 days (including pre-launch),113,267,96.46017699115043,94.7565543071161,-1.703622684034329,3.5398230088495666,5.2434456928838955,1.703622684034329,154,136.28318584070794,>90%
1280930,4474904295748290232,2022-06-28 15:01:30+00:00,Astral Update - June 2022,2022-04-12 15:00:49+00:00,77.00047453703704,31-180 days,72,41,98.61111111111111,92.6829268292683,-5.928184281842817,1.3888888888888857,7.317073170731703,5.928184281842817,-31,-43.05555555555556,>90%
1280930,6258337460563017433,2022-09-20 20:49:45+00:00,Patch Notes - September 2022 - 0.37.7,2022-04-12 15:00:49+00:00,161.24231481481482,31-180 days,20,53,95.0,90.56603773584906,-4.433962264150935,5.0,9.433962264150935,4.433962264150935,33,165.0,>90%
1280930,4980448574105837723,2022-12-07 18:56:12+00:00,New Exporter Update & Andromeda's Trials! 🪄,2022-04-12 15:00:49+00:00,239.16346064814815,>180 days,48,69,89.58333333333334,92.7536231884058,3.170289855072454,10.416666666666657,7.246376811594203,-3.170289855072454,21,43.75,70-90%
1280930,5125698536854448397,2023-03-16 16:49:42+00:00,Patch Notes - March 2023 - 0.42,2022-04-12 15:00:49+00:00,338.07561342592595,>180 days,39,81,94.87179487179486,98.76543209876543,3.8936372269705686,5.128205128205138,1.2345679012345698,-3.8936372269705686,42,107.6923076923077,>90%
1280930,5124582150153873898,2023-07-05 21:18:08+00:00,Patch Notes - June 2023 - 0.46,2022-04-12 15:00:49+00:00,449.262025462963,>180 days,33,35,100.0,100.0,0.0,0.0,0.0,0.0,2,6.0606060606060606,>90%
1280930,6438516944135371309,2023-10-16 15:04:11+00:00,1.0 Release Date Announcement 🔥,2022-04-12 15:00:49+00:00,552.002337962963,>180 days,40,114,97.5,96.49122807017544,-1.0087719298245617,2.5,3.5087719298245617,1.0087719298245617,74,185.0,>90%
1280930,5410576585130377496,2023-12-21 15:56:37+00:00,Patch Notes - December 2023 - 1.1.2,2022-04-12 15:00:49+00:00,618.03875,>180 days,839,375,95.58998808104887,90.66666666666666,-4.923321414382215,4.4100119189511275,9.333333333333343,4.923321414382215,-464,-55.30393325387366,>90%
1280930,7309977427434695775,2024-03-14 12:10:42+00:00,Patch Notes - March 2024 - 1.3.1,2022-04-12 15:00:49+00:00,701.8818634259259,>180 days,210,252,92.85714285714286,94.44444444444444,1.5873015873015817,7.142857142857139,5.555555555555557,-1.5873015873015817,42,20.0,>90%
1280930,5768625435410800704,2024-05-13 17:11:23+00:00,Patch Notes - May 2024 - 1.5.0,2022-04-12 15:00:49+00:00,762.0906712962963,>180 days,183,128,97.81420765027322,96.875,-0.9392076502732181,2.185792349726782,3.125,0.9392076502732181,-55,-30.05464480874317,>90%
1280930,5963413094363108226,2024-07-29 14:59:30+00:00,Patch Notes - July 2024 - 1.6.0,2022-04-12 15:00:49+00:00,838.9990856481481,>180 days,116,491,94.82758620689656,91.24236252545825,-3.5852236814383076,5.172413793103445,8.757637474541752,3.5852236814383076,375,323.2758620689655,>90%
1280930,6211118320241035535,2024-10-15 10:04:43+00:00,Patch Notes - October 2024 - 1.8.2,2022-04-12 15:00:49+00:00,916.794375,>180 days,268,189,97.76119402985076,93.65079365079364,-4.110400379057111,2.2388059701492438,6.349206349206355,4.110400379057111,-79,-29.47761194029851,>90%
1280930,1790848102744883,2025-02-10 10:05:58+00:00,Patch Notes - February 2025 - 1.10.0,2022-04-12 15:00:49+00:00,1034.7952430555556,>180 days,149,159,90.60402684563759,96.85534591194968,6.251319066312092,9.395973154362409,3.1446540880503164,-6.251319066312092,10,6.7114093959731544,>90%
1280930,1798454487573590,2025-04-30 14:54:33+00:00,Patch Notes - April 2025 - 2.0.3,2022-04-12 15:00:49+00:00,1113.9956481481481,>180 days,120,256,96.66666666666667,94.921875,-1.7447916666666714,3.3333333333333286,5.078125,1.7447916666666714,136,113.33333333333333,>90%
1280930,1808601382617245,2025-08-26 19:24:55+00:00,Patch Notes - August 2025 - 2.2.3,2022-04-12 15:00:49+00:00,1232.1834027777777,>180 days,110,145,96.36363636363636,92.41379310344827,-3.9498432601880893,3.6363636363636402,7.5862068965517295,3.9498432601880893,35,31.818181818181817,>90%
1280930,1816849002020447,2025-11-24 15:54:13+00:00,Patch Notes - November 2025 - 2.4.0,2022-04-12 15:00:49+00:00,1322.0370833333334,>180 days,92,205,93.47826086956522,97.07317073170731,3.5949098621420887,6.521739130434781,2.9268292682926926,-3.5949098621420887,113,122.82608695652173,>90%
1280930,1832700592788866,2026-05-14 11:57:27+00:00,Patch Notes - May 2026 - 2.6,2022-04-12 15:00:49+00:00,1492.8726620370371,>180 days,52,279,96.15384615384616,89.6057347670251,-6.548111386821063,3.8461538461538396,10.394265232974902,6.548111386821063,227,436.5384615384615,>90%
1285060,6368680725432080841,2022-11-13 13:57:43+00:00,Weekly Update #1,2022-11-08 00:00:00+00:00,5.581747685185185,<=30 days (including pre-launch),31,79,100.0,96.20253164556962,-3.7974683544303787,0.0,3.7974683544303787,3.7974683544303787,48,154.83870967741936,>90%
1286580,5035621474407777442,2023-01-18 16:07:59+00:00,Patch Notes 1.0.2 - Ship Of Fools,2022-11-22 00:00:00+00:00,57.672210648148145,31-180 days,352,178,76.13636363636364,75.28089887640449,-0.8554647599591476,23.86363636363636,24.719101123595507,0.8554647599591476,-174,-49.43181818181818,70-90%
1286580,5133583642654877510,2023-04-28 14:00:12+00:00,The Great Lighthouse update release date and new Fools announcement,2022-11-22 00:00:00+00:00,157.5834722222222,31-180 days,105,198,89.52380952380953,73.73737373737373,-15.786435786435803,10.476190476190467,26.26262626262627,15.786435786435803,93,88.57142857142857,70-90%
1286580,5220291886483691560,2023-09-27 15:01:29+00:00,Ship of Fools Pricing Update,2022-11-22 00:00:00+00:00,309.6260300925926,>180 days,114,89,79.82456140350878,71.91011235955057,-7.914449043958214,20.17543859649122,28.089887640449433,7.914449043958214,-25,-21.929824561403507,70-90%
1286580,5410576585126589755,2023-12-20 15:00:51+00:00,Hotfix 1.3.2,2022-11-22 00:00:00+00:00,393.6255902777778,>180 days,149,111,70.46979865771812,80.18018018018019,9.710381522462072,29.530201342281885,19.819819819819813,-9.710381522462072,-38,-25.503355704697988,70-90%
1286580,5766372999961825399,2024-05-07 13:10:05+00:00,Endless mode update out Now! Also Orcs?,2022-11-22 00:00:00+00:00,532.5486689814815,>180 days,82,107,85.36585365853658,83.17757009345794,-2.1882835650786348,14.63414634146342,16.822429906542055,2.1882835650786348,25,30.48780487804878,70-90%
1286580,1796631172375290,2025-04-14 13:59:48+00:00,Ship of Fools – FREE Update and New Fools Drops April 24th!,2022-11-22 00:00:00+00:00,874.5831944444444,>180 days,51,141,80.3921568627451,86.52482269503547,6.132665832290371,19.607843137254903,13.475177304964532,-6.132665832290371,90,176.47058823529412,70-90%
1286580,1802893906762673,2025-06-20 13:20:28+00:00,Version 1.5.2 patch notes,2022-11-22 00:00:00+00:00,941.5558796296297,>180 days,75,94,80.0,87.2340425531915,7.2340425531915,20.0,12.7659574468085,-7.2340425531915,19,25.333333333333336,70-90%
1286580,1811772772510345,2025-10-03 14:01:13+00:00,❗Update Required,2022-11-22 00:00:00+00:00,1046.5841782407408,>180 days,47,58,82.97872340425532,91.37931034482759,8.400586940572268,17.02127659574468,8.620689655172413,-8.400586940572268,11,23.404255319148938,70-90%
1286580,1825093633188980,2026-02-20 20:31:28+00:00,Version 1.5.3 patch notes,2022-11-22 00:00:00+00:00,1186.8551851851853,>180 days,41,76,80.48780487804879,81.57894736842105,1.0911424903722633,19.51219512195121,18.421052631578945,-1.0911424903722633,35,85.36585365853658,70-90%
1290750,4980448574127833004,2022-12-13 19:46:31+00:00,v1.0.4,2022-12-08 00:00:00+00:00,5.823969907407408,<=30 days (including pre-launch),21,20,100.0,95.0,-5.0,0.0,5.0,5.0,-1,-4.761904761904762,>90%
1295630,8033928544496732193,2024-02-16 17:11:28+00:00,Day 1 patch (bug fixes and tweaks),2024-02-15 13:51:22+00:00,1.1389583333333333,<=30 days (including pre-launch),35,55,77.14285714285715,85.45454545454545,8.3116883116883,22.857142857142847,14.545454545454547,-8.3116883116883,20,57.14285714285714,70-90%
1296450,5059267908815943106,2023-02-17 00:09:13+00:00,Dust & Neon Game Patch,2023-02-16 00:00:00+00:00,1.006400462962963,<=30 days (including pre-launch),27,133,81.48148148148148,74.43609022556392,-7.045391255917565,18.51851851851852,25.563909774436084,7.045391255917565,106,392.5925925925926,70-90%
1296610,4348797798092481923,2022-04-26 06:01:46+00:00,v0.7.13 Day One Hotfixes,2022-04-25 18:59:00+00:00,0.46025462962962965,<=30 days (including pre-launch),177,2308,88.70056497175142,80.93587521663778,-7.764689755113636,11.299435028248581,19.064124783362217,7.764689755113636,2131,1203.954802259887,70-90%
1296610,4474904295756254699,2022-06-30 19:29:42+00:00,v0.7.34 Patch Notes!,2022-04-25 18:59:00+00:00,66.02131944444444,31-180 days,699,572,77.53934191702432,75.0,-2.5393419170243163,22.460658082975684,25.0,2.5393419170243163,-127,-18.168812589413445,70-90%
1296610,4589754330726722126,2022-09-21 02:11:42+00:00,v0.7.53 Hotfix Patch Notes,2022-04-25 18:59:00+00:00,148.3004861111111,31-180 days,258,234,70.15503875968993,70.94017094017094,0.7851321804810141,29.84496124031007,29.059829059829056,-0.7851321804810141,-24,-9.30232558139535,70-90%
1296610,4836332027653221288,2022-11-23 22:48:52+00:00,v0.8.6 Patch Notes,2022-04-25 18:59:00+00:00,212.15962962962962,>180 days,606,965,90.26402640264027,92.02072538860104,1.7566989859607673,9.735973597359731,7.979274611398964,-1.7566989859607673,359,59.240924092409244,>90%
1296610,5059268543355134684,2023-02-23 01:41:18+00:00,v0.8.28 Patch Notes,2022-04-25 18:59:00+00:00,303.279375,>180 days,226,298,80.53097345132744,86.24161073825503,5.710637286927593,19.46902654867256,13.758389261744966,-5.710637286927593,72,31.858407079646017,70-90%
1296610,5133583642655857971,2023-04-28 20:27:12+00:00,v0.9.03 Patch Updates and General Update,2022-04-25 18:59:00+00:00,368.06125,>180 days,238,413,80.25210084033614,70.2179176755448,-10.034183164791344,19.74789915966386,29.782082324455203,10.034183164791344,175,73.52941176470588,70-90%
1296610,5124582150161513570,2023-07-07 23:36:29+00:00,v0.9.22 Patch Notes,2022-04-25 18:59:00+00:00,438.19269675925926,>180 days,222,327,81.53153153153153,82.87461773700305,1.343086205471522,18.468468468468473,17.12538226299695,-1.343086205471522,105,47.2972972972973,70-90%
1296610,6438516944122034540,2023-10-12 23:14:46+00:00,Peglin Update v0.9.32 -- And More!,2022-04-25 18:59:00+00:00,535.1776157407407,>180 days,199,175,88.44221105527639,84.0,-4.442211055276388,11.557788944723612,16.0,4.442211055276388,-24,-12.060301507537687,70-90%
1296610,5410576585138051434,2023-12-23 18:27:22+00:00,Patch Notes for v0.9.40,2022-04-25 18:59:00+00:00,606.9780324074075,>180 days,207,228,83.09178743961353,83.33333333333334,0.24154589371981672,16.908212560386474,16.666666666666657,-0.24154589371981672,21,10.144927536231885,70-90%
1296610,6474562312186745120,2024-04-13 02:04:50+00:00,v0.9.54 Update Out Now!,2022-04-25 18:59:00+00:00,718.2957175925926,>180 days,187,238,76.47058823529412,81.09243697478992,4.621848739495803,23.529411764705884,18.90756302521008,-4.621848739495803,51,27.27272727272727,70-90%
1296610,5842939267332838875,2024-07-03 22:33:07+00:00,v0.9.58 is out!,2022-04-25 18:59:00+00:00,800.1486921296296,>180 days,177,203,87.57062146892656,77.83251231527095,-9.738109153655614,12.42937853107344,22.167487684729053,9.738109153655614,26,14.689265536723164,70-90%
1296610,6339469370182874782,2024-09-26 18:57:35+00:00,1.0.4 Patch Notes,2022-04-25 18:59:00+00:00,884.9990162037037,>180 days,728,342,73.9010989010989,80.7017543859649,6.800655484865999,26.098901098901095,19.298245614035096,-6.800655484865999,-386,-53.02197802197802,70-90%
1296610,1790848102675320,2025-02-08 05:26:20+00:00,1.1.0 Update!,2022-04-25 18:59:00+00:00,1019.4356481481482,>180 days,246,214,84.5528455284553,81.30841121495327,-3.244434313502026,15.447154471544707,18.691588785046733,3.244434313502026,-32,-13.008130081300814,70-90%
1296610,1796631172386591,2025-04-14 22:00:32+00:00,1.1.9 Update!,2022-04-25 18:59:00+00:00,1085.1260648148148,>180 days,203,159,82.75862068965517,80.50314465408806,-2.2554760355671135,17.241379310344826,19.49685534591194,2.2554760355671135,-44,-21.67487684729064,70-90%
1296610,1802893906896844,2025-06-24 17:03:19+00:00,Hotfix v1.1.14 Release,2022-04-25 18:59:00+00:00,1155.919664351852,>180 days,142,137,78.87323943661971,84.67153284671532,5.79829341009561,21.126760563380287,15.328467153284677,-5.79829341009561,-5,-3.5211267605633805,70-90%
1296610,1811772772523382,2025-10-03 22:51:07+00:00,v1.1.7 - Hotfix,2022-04-25 18:59:00+00:00,1257.1611921296296,>180 days,87,113,88.50574712643679,84.95575221238938,-3.549994914047403,11.494252873563212,15.044247787610615,3.549994914047403,26,29.88505747126437,70-90%
1296610,1827626365754970,2026-03-19 17:53:08+00:00,v2.0.4 Hotfix,2022-04-25 18:59:00+00:00,1423.9542592592593,>180 days,104,180,85.57692307692307,90.0,4.423076923076934,14.423076923076934,10.0,-4.423076923076934,76,73.07692307692307,70-90%
1296660,1803527891478772,2025-06-25 16:02:46+00:00,Wartorn Patch 1 - Patch Notes,2025-06-17 13:59:50+00:00,8.08537037037037,<=30 days (including pre-launch),81,25,86.41975308641975,64.0,-22.419753086419746,13.580246913580254,36.0,22.419753086419746,-56,-69.1358024691358,70-90%
1296830,4237325463666565409,2022-01-19 06:10:54+00:00,Warm Snow 1.0 version now available!,2022-01-18 00:00:00+00:00,1.2575694444444445,<=30 days (including pre-launch),83,12642,85.54216867469879,92.93624426514792,7.394075590449134,14.457831325301214,7.06375573485208,-7.394075590449134,12559,15131.325301204819,70-90%
1296830,4353300134228726325,2022-04-08 13:14:13+00:00,[0408]Bug Fixes,2022-01-18 00:00:00+00:00,80.55153935185186,31-180 days,972,564,87.44855967078189,84.75177304964538,-2.6967866211365106,12.55144032921811,15.24822695035462,2.6967866211365106,-408,-41.9753086419753,70-90%
1296830,4480533160882254363,2022-06-15 12:21:41+00:00,[0615]Bug fixes,2022-01-18 00:00:00+00:00,148.51505787037038,31-180 days,364,750,83.51648351648352,94.93333333333334,11.416849816849819,16.483516483516482,5.066666666666663,-11.416849816849819,386,106.04395604395604,70-90%
1296830,4732747437205905200,2022-11-04 15:17:21+00:00,[1104] Bug fixes,2022-01-18 00:00:00+00:00,290.6370486111111,>180 days,665,3854,93.23308270676691,97.43124026984951,4.198157563082603,6.766917293233092,2.5687597301504894,-4.198157563082603,3189,479.5488721804511,>90%
1296830,5000716037490058445,2023-01-04 15:10:31+00:00,[0104] Bug fixes,2022-01-18 00:00:00+00:00,351.6323032407407,>180 days,1402,1220,95.50641940085592,95.73770491803279,0.23128551717687174,4.493580599144082,4.26229508196721,-0.23128551717687174,-182,-12.981455064194009,>90%
1296830,5395937983678852994,2023-12-05 10:19:58+00:00,"【DLC2 Update】Boss Difficulty Optimization, Talisman System Guide, Bug Fixes!",2022-01-18 00:00:00+00:00,686.4305324074074,>180 days,491,3615,94.90835030549898,92.91839557399723,-1.9899547315017543,5.091649694501015,7.0816044260027695,1.9899547315017543,3124,636.2525458248473,>90%
1296830,1789580505296897,2025-01-23 06:42:06+00:00,[0123] V3.1.0.1 Bug Fixes,2022-01-18 00:00:00+00:00,1101.279236111111,>180 days,215,217,93.95348837209302,93.54838709677419,-0.40510127531882745,6.04651162790698,6.451612903225808,0.40510127531882745,2,0.9302325581395349,>90%
1299620,4069544181442886349,2021-05-24 14:38:54+00:00,Version 0.12.0 is live!,2021-05-20 16:57:49+00:00,3.9035300925925926,<=30 days (including pre-launch),49,43,85.71428571428571,88.37209302325581,2.6578073089701064,14.285714285714292,11.627906976744185,-2.6578073089701064,-6,-12.244897959183673,70-90%
1299620,4469272893491543745,2022-06-02 06:25:13+00:00,Incremented version to 1.0.1,2021-05-20 16:57:49+00:00,377.56069444444444,>180 days,33,41,78.78787878787878,70.73170731707317,-8.056171470805609,21.212121212121218,29.268292682926827,8.056171470805609,8,24.242424242424242,70-90%
1299620,5059268543357834580,2023-02-23 19:28:02+00:00,Version 1.1.2 is live!,2021-05-20 16:57:49+00:00,644.1043171296296,>180 days,31,20,64.51612903225806,90.0,25.483870967741936,35.483870967741936,10.0,-25.483870967741936,-11,-35.483870967741936,<70%
1309510,6000566704270295573,2024-07-12 19:27:46+00:00,7.13 Version Updata,2024-07-11 00:00:00+00:00,1.8109490740740741,<=30 days (including pre-launch),34,111,73.52941176470588,85.58558558558559,12.056173820879707,26.470588235294116,14.41441441441441,-12.056173820879707,77,226.47058823529412,70-90%
1311570,1805065414374682,2025-07-15 19:26:58+00:00,1.0.3b changelist,2021-03-26 20:38:55+00:00,1571.9500347222222,>180 days,63,24,98.4126984126984,95.83333333333334,-2.5793650793650613,1.5873015873015959,4.166666666666657,2.5793650793650613,-39,-61.904761904761905,>90%
1314770,5133583099795965683,2023-04-20 16:37:25+00:00,【1.01】Patch,2022-01-07 05:34:02+00:00,468.46068287037036,>180 days,26,42,100.0,92.85714285714286,-7.142857142857139,0.0,7.142857142857139,7.142857142857139,16,61.53846153846154,>90%
1323470,4069544181426264959,2021-05-20 01:00:54+00:00,Patch Notes,2022-02-16 00:00:00+00:00,-271.95770833333336,<=30 days (including pre-launch),211,123,76.30331753554502,73.17073170731707,-3.1325858282279455,23.69668246445498,26.829268292682926,3.1325858282279455,-88,-41.70616113744076,70-90%
1323470,4235075565597289372,2022-02-10 01:18:23+00:00,Announcing the release of GetsuFumaDen: Undying Moon V1.0.0,2022-02-16 00:00:00+00:00,-5.945567129629629,<=30 days (including pre-launch),20,84,95.0,83.33333333333334,-11.666666666666657,5.0,16.666666666666657,11.666666666666657,64,320.0,>90%
1323470,4348798430273255370,2022-04-28 05:02:33+00:00,V1.1.0 Release,2022-02-16 00:00:00+00:00,71.21010416666667,31-180 days,25,27,64.0,74.07407407407408,10.074074074074076,36.0,25.925925925925924,-10.074074074074076,2,8.0,<70%
1332340,1789580505301932,2025-01-23 10:40:12+00:00,[01/23] Urgent Patch,2025-01-21 00:00:00+00:00,2.4445833333333336,<=30 days (including pre-launch),52,37,48.07692307692308,37.83783783783784,-10.239085239085242,51.92307692307692,62.16216216216216,10.239085239085242,-15,-28.846153846153843,<70%
1334500,6250522009530414360,2024-09-17 06:54:57+00:00,Update 240917,2024-09-12 00:00:00+00:00,5.288159722222222,<=30 days (including pre-launch),54,20,90.74074074074075,75.0,-15.740740740740748,9.259259259259252,25.0,15.740740740740748,-34,-62.96296296296296,>90%
1338490,1817483467037977,2025-11-28 00:32:59+00:00,"AFTERBLAST - 1 Day After EA Launch Update, November 27, 2025",2025-11-26 00:00:00+00:00,2.0229050925925924,<=30 days (including pre-launch),36,77,77.77777777777779,75.32467532467533,-2.45310245310246,22.222222222222214,24.675324675324674,2.45310245310246,41,113.88888888888889,70-90%
1338490,1826362059927548,2026-03-07 22:37:16+00:00,"AFTERBLAST - EA Launch Update, March 7, 2026",2025-11-26 00:00:00+00:00,101.9425462962963,31-180 days,21,50,85.71428571428571,84.0,-1.7142857142857082,14.285714285714292,16.0,1.7142857142857082,29,138.0952380952381,70-90%
1347970,4072920612508581028,2021-05-08 10:29:02+00:00,Small Day 1 Bug Fixing Update,2023-03-02 00:00:00+00:00,-662.5631712962963,<=30 days (including pre-launch),66,99,98.48484848484848,98.98989898989899,0.5050505050505052,1.5151515151515156,1.0101010101010104,-0.5050505050505052,33,50.0,>90%
1347970,5070528176562724526,2023-03-02 17:05:02+00:00,Patch Quest is OUT NOW!,2023-03-02 00:00:00+00:00,0.7118287037037037,<=30 days (including pre-launch),42,830,100.0,93.13253012048193,-6.867469879518069,0.0,6.867469879518069,6.867469879518069,788,1876.1904761904764,>90%
1347970,6557848386959577397,2023-05-16 14:02:58+00:00,Save & Suspend Your Quests!,2023-03-02 00:00:00+00:00,75.58539351851852,31-180 days,59,53,94.91525423728814,90.56603773584906,-4.349216501439074,5.0847457627118615,9.433962264150935,4.349216501439074,-6,-10.16949152542373,>90%
1347970,5768625435409307300,2024-05-13 07:21:44+00:00,Patch Quest Plushies! (time limited),2023-03-02 00:00:00+00:00,438.30675925925925,>180 days,31,28,90.32258064516128,96.42857142857143,6.1059907834101494,9.677419354838719,3.5714285714285694,-6.1059907834101494,-3,-9.67741935483871,>90%
1367300,4093189347061077485,2021-06-08 12:51:23+00:00,Patch Notes #1,2021-06-07 15:55:24+00:00,0.8722106481481482,<=30 days (including pre-launch),53,324,88.67924528301887,83.9506172839506,-4.728627999068266,11.320754716981128,16.049382716049394,4.728627999068266,271,511.3207547169812,70-90%
1367300,4032396530958115059,2021-08-10 08:09:21+00:00,Notice for the 8/12 Character Update: Darcy,2021-06-07 15:55:24+00:00,63.67635416666667,31-180 days,36,87,91.66666666666666,85.0574712643678,-6.609195402298852,8.333333333333343,14.942528735632195,6.609195402298852,51,141.66666666666669,>90%
1367300,4971405952702552076,2021-11-12 00:07:48+00:00,Patch Notes v0.4,2021-06-07 15:55:24+00:00,157.34194444444444,31-180 days,28,64,78.57142857142857,90.625,12.05357142857143,21.42857142857143,9.375,-12.05357142857143,36,128.57142857142858,70-90%
1367300,4224939931844256131,2022-01-18 00:57:45+00:00,Official Release 1.0v Patch Note,2021-06-07 15:55:24+00:00,224.37663194444445,>180 days,46,280,93.47826086956522,75.71428571428571,-17.76397515527951,6.521739130434781,24.285714285714292,17.76397515527951,234,508.69565217391306,>90%
1367300,4348797798091721487,2022-04-26 01:01:03+00:00,Patch Notes v1.2,2021-06-07 15:55:24+00:00,322.37892361111113,>180 days,25,87,84.0,60.91954022988506,-23.080459770114942,16.0,39.08045977011494,23.080459770114942,62,248.0,70-90%
1367300,4591999790061830982,2022-07-13 05:29:49+00:00,Patch Notes v1.28,2021-06-07 15:55:24+00:00,400.56556712962964,>180 days,32,104,71.875,74.03846153846155,2.163461538461547,28.125,25.961538461538453,-2.163461538461547,72,225.0,70-90%
1372660,1800357164450734,2025-05-23 20:36:36+00:00,🧙‍♂️ Early Access Patch Notes 0.5.186,2025-05-22 00:00:00+00:00,1.85875,<=30 days (including pre-launch),36,66,91.66666666666666,86.36363636363636,-5.303030303030297,8.333333333333343,13.63636363636364,5.303030303030297,30,83.33333333333334,>90%
1375900,5138087875096979959,2023-05-09 08:31:30+00:00,v0.3.3,2023-05-05 16:56:54+00:00,3.649027777777778,<=30 days (including pre-launch),101,148,88.11881188118812,84.45945945945947,-3.6593524217286557,11.881188118811878,15.540540540540533,3.6593524217286557,47,46.53465346534654,70-90%
1375900,5397065151385266961,2023-12-13 08:27:15+00:00,MAJOR OPTIMIZATION PATCH,2023-05-05 16:56:54+00:00,221.6460763888889,>180 days,45,22,80.0,86.36363636363636,6.36363636363636,20.0,13.63636363636364,-6.36363636363636,-23,-51.11111111111111,70-90%
1375900,5756237364307556709,2024-04-04 09:27:37+00:00,Hotfix v0.7.0f1,2023-05-05 16:56:54+00:00,334.68799768518517,>180 days,28,72,85.71428571428571,73.61111111111111,-12.103174603174594,14.285714285714292,26.388888888888886,12.103174603174594,44,157.14285714285714,70-90%
1375900,1784506359077852,2024-11-30 12:23:57+00:00,V1.3.0,2023-05-05 16:56:54+00:00,574.8104513888889,>180 days,53,40,94.33962264150944,90.0,-4.339622641509436,5.660377358490564,10.0,4.339622641509436,-13,-24.528301886792452,>90%
1379600,5218041989043320222,2023-10-19 15:37:40+00:00,"Pandemic Train Hotfix 1.01: balance, collissions, and visual improvements",2023-10-18 00:00:00+00:00,1.6511574074074074,<=30 days (including pre-launch),33,113,78.78787878787878,66.3716814159292,-12.416197371949579,21.212121212121218,33.6283185840708,12.416197371949579,80,242.42424242424244,70-90%
1385380,4117954073006240830,2021-04-10 14:17:26+00:00,First early access patch,2021-04-08 17:00:55+00:00,1.8864699074074074,<=30 days (including pre-launch),34,333,94.11764705882352,88.28828828828829,-5.8293587705352365,5.882352941176478,11.711711711711715,5.8293587705352365,299,879.4117647058824,>90%
1385380,4056035920073383810,2021-06-22 15:44:24+00:00,Madness Patch v0.6.5,2021-04-08 17:00:55+00:00,74.94686342592593,31-180 days,109,94,85.3211009174312,92.5531914893617,7.232090571930499,14.678899082568805,7.446808510638306,-7.232090571930499,-15,-13.761467889908257,70-90%
1385380,4022264629326354067,2021-08-23 16:22:55+00:00,Patch v.0.6.7,2021-04-08 17:00:55+00:00,136.9736111111111,31-180 days,71,56,95.77464788732394,92.85714285714286,-2.9175050301810757,4.225352112676063,7.142857142857139,2.9175050301810757,-15,-21.12676056338028,>90%
1385380,4186652357028261754,2021-10-29 16:58:10+00:00,Community Update: Feedback v.0.7,2021-04-08 17:00:55+00:00,203.99809027777778,>180 days,74,83,90.54054054054053,91.56626506024097,1.0257245197004323,9.459459459459467,8.433734939759034,-1.0257245197004323,9,12.162162162162163,>90%
1385380,4246335198907251200,2022-02-21 14:56:25+00:00,Hotifx v.0.7.52,2021-04-08 17:00:55+00:00,318.9135416666667,>180 days,42,90,88.09523809523809,92.22222222222223,4.126984126984141,11.904761904761912,7.7777777777777715,-4.126984126984141,48,114.28571428571428,70-90%
1385380,4348797798083606038,2022-04-23 19:32:04+00:00,Hotfix v.0.8.25,2021-04-08 17:00:55+00:00,380.10496527777775,>180 days,158,179,87.9746835443038,91.06145251396647,3.0867689696626712,12.0253164556962,8.938547486033528,-3.0867689696626712,21,13.291139240506327,70-90%
1385380,4607764924169355894,2022-08-16 20:22:09+00:00,Hotfix v.1.0.01,2021-04-08 17:00:55+00:00,495.13974537037035,>180 days,124,2230,91.93548387096774,88.16143497757848,-3.7740488933892635,8.064516129032256,11.83856502242152,3.7740488933892635,2106,1698.3870967741937,>90%
1385380,4714731755427352844,2022-10-24 17:00:10+00:00,Halloween Patch Notes 1.0.3,2021-04-08 17:00:55+00:00,563.9994791666667,>180 days,460,450,89.56521739130436,92.22222222222223,2.65700483091787,10.434782608695642,7.7777777777777715,-2.65700483091787,-10,-2.1739130434782608,70-90%
1385380,6839319551982245335,2023-03-30 15:20:24+00:00,Update 1.1 Patch Notes,2021-04-08 17:00:55+00:00,720.9301967592593,>180 days,178,971,88.20224719101124,81.97734294541709,-6.224904245594146,11.797752808988761,18.022657054582908,6.224904245594146,793,445.50561797752806,70-90%
1385380,5127964289169608127,2023-08-16 15:28:25+00:00,Across the Obelisk - Update 1.2,2021-04-08 17:00:55+00:00,859.9357638888889,>180 days,124,309,85.48387096774194,65.69579288025889,-19.788078087483044,14.516129032258064,34.30420711974111,19.788078087483044,185,149.19354838709677,70-90%
1385380,5229301621595049163,2023-10-31 18:01:23+00:00,The Very Spooky 1.2.5 Halloween Update!,2021-04-08 17:00:55+00:00,936.0419907407407,>180 days,118,154,86.4406779661017,83.76623376623377,-2.674444199867935,13.559322033898297,16.233766233766232,2.674444199867935,36,30.508474576271187,70-90%
1385380,6300039510134426165,2024-01-15 14:02:12+00:00,Across the Obelisk 1.3.02 Hotfix is now LIVE!,2021-04-08 17:00:55+00:00,1011.8758912037038,>180 days,456,140,44.73684210526316,62.857142857142854,18.120300751879697,55.26315789473684,37.142857142857146,-18.120300751879697,-316,-69.2982456140351,<70%
1385380,5762993398269554236,2024-04-10 15:05:11+00:00,Across the Obelisk | Patch 1.3.2,2021-04-08 17:00:55+00:00,1097.9196296296295,>180 days,175,133,65.71428571428571,57.14285714285714,-8.57142857142857,34.28571428571429,42.85714285714286,8.57142857142857,-42,-24.0,<70%
1385380,5969041959961446205,2024-07-17 15:11:29+00:00,Across the Obelisk - Patch 1.4.1,2021-04-08 17:00:55+00:00,1195.9240046296297,>180 days,107,85,71.02803738317756,72.94117647058823,1.91313908741067,28.971962616822438,27.058823529411768,-1.91313908741067,-22,-20.5607476635514,70-90%
1385380,6146943657174036281,2024-11-04 18:01:55+00:00,Get Ready for Xbox & PlayStation Launch: Cross-Play Update and Exclusive Reward,2021-04-08 17:00:55+00:00,1306.0423611111112,>180 days,73,218,73.97260273972603,71.10091743119266,-2.8716853085333724,26.027397260273972,28.899082568807344,2.8716853085333724,145,198.63013698630135,70-90%
1385380,1789039014467686,2025-01-20 15:17:08+00:00,Across The Obelisk | Patch notes version 1.5,2021-04-08 17:00:55+00:00,1382.9279282407408,>180 days,115,196,83.47826086956522,72.95918367346938,-10.519077196095836,16.52173913043478,27.040816326530617,10.519077196095836,81,70.43478260869566,70-90%
1385380,1811772772204209,2025-09-24 08:21:14+00:00,Important update on the console edition of Across the Obelisk,2021-04-08 17:00:55+00:00,1629.6391087962963,>180 days,90,123,70.0,69.91869918699187,-0.08130081300812719,30.0,30.081300813008127,0.08130081300812719,33,36.666666666666664,70-90%
1385380,1818752592124375,2025-12-11 17:06:18+00:00,A Call for Adventurers - Beta Patch,2021-04-08 17:00:55+00:00,1708.003738425926,>180 days,142,81,63.38028169014085,66.66666666666666,3.2863849765258095,36.61971830985915,33.33333333333334,-3.2863849765258095,-61,-42.95774647887324,<70%
1385380,1825093633188726,2026-02-20 18:23:23+00:00,Free Hero Update & Patch Notes! 📜,2021-04-08 17:00:55+00:00,1779.0572685185184,>180 days,90,93,58.88888888888889,56.98924731182796,-1.8996415770609332,41.11111111111111,43.01075268817204,1.8996415770609332,3,3.3333333333333335,<70%
1385380,1833334318572677,2026-05-22 19:51:24+00:00,Open Beta: Magnus and Andrin Rework Update with Bugfixes,2021-04-08 17:00:55+00:00,1870.1183912037036,>180 days,55,55,69.0909090909091,70.9090909090909,1.818181818181813,30.909090909090907,29.090909090909093,-1.818181818181813,0,0.0,<70%
1385380,1840310314341812,2026-08-06 13:00:02+00:00,Update 1.7.6.2 Patch Notes,2021-04-08 17:00:55+00:00,1945.8327199074074,>180 days,59,62,44.06779661016949,45.16129032258064,1.0934937124111528,55.93220338983051,54.83870967741936,-1.0934937124111528,3,5.084745762711865,<70%
1390700,5320438099044201752,2021-12-18 19:58:23+00:00,HOTFIX 0.7.9.3 - Black Screen issue on Windows 7 resolved,2021-12-16 14:59:10+00:00,2.2077893518518517,<=30 days (including pre-launch),64,138,92.1875,90.57971014492753,-1.6077898550724683,7.8125,9.420289855072468,1.6077898550724683,74,115.625,>90%
1390700,4836332027651296672,2022-11-23 10:05:47+00:00,Update 0.17.1 - QoL changes!,2021-12-16 14:59:10+00:00,341.7962615740741,>180 days,22,51,95.45454545454545,84.31372549019608,-11.140819964349376,4.545454545454547,15.686274509803923,11.140819964349376,29,131.8181818181818,>90%
1393420,3887130640410904629,2020-11-10 13:13:28+00:00,Patch: Various bug fixes and game balance adjustments.,2020-11-07 13:56:23+00:00,2.970196759259259,<=30 days (including pre-launch),47,66,87.2340425531915,95.45454545454545,8.220502901353953,12.7659574468085,4.545454545454547,-8.220502901353953,19,40.42553191489361,70-90%
1393420,4703417046215891146,2021-02-16 01:16:17+00:00,Second Major Content Update Ver 0.3 Is Here! (Early Access),2020-11-07 13:56:23+00:00,100.47215277777778,31-180 days,22,29,95.45454545454545,93.10344827586206,-2.351097178683389,4.545454545454547,6.896551724137936,2.351097178683389,7,31.818181818181817,>90%
1393420,4469272893507072914,2022-06-06 12:45:26+00:00,Update Ver. 1.0.5,2020-11-07 13:56:23+00:00,575.9507291666666,>180 days,23,30,82.6086956521739,93.33333333333333,10.724637681159422,17.391304347826093,6.666666666666671,-10.724637681159422,7,30.434782608695656,70-90%
1393570,4058279008613463414,2021-03-12 18:26:44+00:00,English Is Now Available,2021-03-05 11:09:11+00:00,7.3038541666666665,<=30 days (including pre-launch),22,71,100.0,98.59154929577466,-1.408450704225345,0.0,1.408450704225345,1.408450704225345,49,222.72727272727272,>90%
1394130,5124581515258443865,2023-06-23 13:36:39+00:00,Performance Update + Soundtrack Release!,2021-06-04 16:02:38+00:00,748.8986226851852,>180 days,31,35,93.54838709677419,85.71428571428571,-7.834101382488484,6.451612903225808,14.285714285714292,7.834101382488484,4,12.903225806451612,>90%
1402120,5143713753744927800,2023-03-28 00:27:09+00:00,Update #41 : We're Live!!,2023-03-27 00:00:00+00:00,1.0188541666666666,<=30 days (including pre-launch),56,658,85.71428571428571,84.19452887537993,-1.5197568389057778,14.285714285714292,15.80547112462007,1.5197568389057778,602,1075.0,70-90%
1402120,5129083846351022640,2023-06-11 20:27:53+00:00,Update #42: Improving Performance,2023-03-27 00:00:00+00:00,76.85269675925926,31-180 days,88,65,72.72727272727273,70.76923076923077,-1.9580419580419601,27.272727272727266,29.230769230769226,1.9580419580419601,-23,-26.136363636363637,70-90%
1402120,5127964289191638443,2023-08-22 16:32:33+00:00,Build Update #7: 1.0.72,2023-03-27 00:00:00+00:00,148.68927083333332,31-180 days,77,46,76.62337662337663,80.43478260869566,3.811405985319027,23.37662337662337,19.565217391304344,-3.811405985319027,-31,-40.25974025974026,70-90%
1402120,5582843074941496313,2024-02-01 17:53:59+00:00,Build Update #8: 1.0.98,2023-03-27 00:00:00+00:00,311.7458217592593,>180 days,71,40,74.64788732394366,82.5,7.852112676056336,25.352112676056336,17.5,-7.852112676056336,-31,-43.66197183098591,70-90%
1402120,1797185861769900,2025-04-21 15:47:54+00:00,Build Update #9: 1.1.41,2023-03-27 00:00:00+00:00,756.6582638888889,>180 days,57,59,75.43859649122807,81.35593220338984,5.917335712161773,24.56140350877193,18.64406779661016,-5.917335712161773,2,3.508771929824561,70-90%
1404850,3942305442259947883,2021-01-11 16:49:13+00:00,Launch Hotfix #2,2021-01-08 18:00:08+00:00,2.9507523148148147,<=30 days (including pre-launch),26,122,88.46153846153845,92.62295081967213,4.161412358133674,11.538461538461547,7.377049180327873,-4.161412358133674,96,369.2307692307692,70-90%
1404850,4048146376714610834,2021-03-19 18:56:26+00:00,Content Patch #4 -- More Languages,2021-01-08 18:00:08+00:00,70.03909722222222,31-180 days,942,913,93.63057324840764,88.49945235487404,-5.1311208935336055,6.369426751592357,11.500547645125963,5.1311208935336055,-29,-3.0785562632696393,>90%
1404850,4069544181428770685,2021-05-20 17:32:24+00:00,Content Patch #6 -- Hotfix #5,2021-01-08 18:00:08+00:00,131.98074074074074,31-180 days,375,298,93.60000000000001,93.28859060402685,-0.31140939597315764,6.3999999999999915,6.711409395973149,0.31140939597315764,-77,-20.533333333333335,>90%
1404850,4204657340181493669,2021-07-19 23:05:50+00:00,Content Patch #9 -- Hotfix #12,2021-01-08 18:00:08+00:00,192.21229166666666,>180 days,266,293,90.97744360902256,97.26962457337885,6.292180964356291,9.022556390977442,2.7303754266211513,-6.292180964356291,27,10.150375939849624,>90%
1404850,4698935641759430252,2021-10-15 17:00:58+00:00,Content Patch #12 -- In Memory of Nori,2021-01-08 18:00:08+00:00,279.958912037037,>180 days,128,212,95.3125,93.86792452830188,-1.4445754716981156,4.6875,6.132075471698116,1.4445754716981156,84,65.625,>90%
1404850,5631194088567117458,2022-03-13 00:10:56+00:00,Content Patch #13 -- Hotfix #39,2021-01-08 18:00:08+00:00,428.2575,>180 days,83,82,97.59036144578313,95.1219512195122,-2.468410226270933,2.409638554216869,4.878048780487802,2.468410226270933,-1,-1.2048192771084338,>90%
1404850,5849624375837392139,2022-05-17 19:58:38+00:00,Content Patch #14 -- Hotfix #7,2021-01-08 18:00:08+00:00,494.08229166666666,>180 days,129,103,93.02325581395348,92.23300970873787,-0.7902461052156156,6.976744186046517,7.7669902912621325,0.7902461052156156,-26,-20.155038759689923,>90%
1404850,4937651144693774729,2022-07-16 21:16:04+00:00,Content Patch #15 -- Hotfix #4,2021-01-08 18:00:08+00:00,554.1360648148149,>180 days,150,102,92.66666666666666,95.09803921568627,2.4313725490196134,7.333333333333343,4.901960784313729,-2.4313725490196134,-48,-32.0,>90%
1404850,6258337460560130756,2022-09-20 01:48:58+00:00,Content Patch #16 -- Hotfix #6,2021-01-08 18:00:08+00:00,619.3255787037037,>180 days,65,78,95.38461538461539,93.58974358974359,-1.7948717948717956,4.615384615384613,6.410256410256409,1.7948717948717956,13,20.0,>90%
1404850,4789043687482264844,2022-11-19 19:44:55+00:00,Content Patch #18 -- Hotfix #9,2021-01-08 18:00:08+00:00,680.0727662037037,>180 days,92,181,89.13043478260869,97.79005524861878,8.659620466010097,10.869565217391312,2.209944751381215,-8.659620466010097,89,96.73913043478261,70-90%
1404850,5035621474419529362,2023-01-21 21:30:13+00:00,v1.0.23,2021-01-08 18:00:08+00:00,743.1458912037037,>180 days,438,278,90.8675799086758,96.40287769784173,5.535297789165938,9.132420091324207,3.597122302158269,-5.535297789165938,-160,-36.5296803652968,>90%
1404850,6839319551984783152,2023-03-31 08:03:18+00:00,v1.0.33,2021-01-08 18:00:08+00:00,811.5855324074074,>180 days,130,87,93.07692307692308,90.80459770114942,-2.2723253757736614,6.92307692307692,9.195402298850581,2.2723253757736614,-43,-33.07692307692307,>90%
1404850,5129083846341615274,2023-06-09 06:30:48+00:00,v1.0.37,2021-01-08 18:00:08+00:00,881.5212962962963,>180 days,118,142,88.13559322033898,90.84507042253522,2.70947720219624,11.864406779661024,9.154929577464785,-2.70947720219624,24,20.33898305084746,70-90%
1404850,5127964289177128512,2023-08-18 16:59:01+00:00,The Big Buffs Update,2021-01-08 18:00:08+00:00,951.9575578703704,>180 days,111,156,92.7927927927928,89.1025641025641,-3.690228690228693,7.207207207207205,10.897435897435898,3.690228690228693,45,40.54054054054054,>90%
1404850,5218041989054052000,2023-10-22 14:17:52+00:00,v1.1.4,2021-01-08 18:00:08+00:00,1016.8456481481481,>180 days,68,83,97.05882352941177,95.18072289156626,-1.878100637845506,2.941176470588232,4.819277108433738,1.878100637845506,15,22.058823529411764,>90%
1404850,5410576585185366759,2024-01-05 18:02:39+00:00,The Magnificent Modding Update,2021-01-08 18:00:08+00:00,1092.0017476851851,>180 days,148,258,91.21621621621621,95.34883720930233,4.132620993086121,8.78378378378379,4.6511627906976685,-4.132620993086121,110,74.32432432432432,>90%
1404850,7309977427443768089,2024-03-16 23:54:01+00:00,v1.2.16,2021-01-08 18:00:08+00:00,1163.2457523148148,>180 days,112,224,93.75,91.07142857142857,-2.6785714285714306,6.25,8.92857142857143,2.6785714285714306,112,100.0,>90%
1404850,5842939267324351897,2024-07-01 14:40:53+00:00,v1.2.21,2021-01-08 18:00:08+00:00,1269.8616319444445,>180 days,84,124,96.42857142857143,91.12903225806451,-5.299539170506918,3.5714285714285694,8.870967741935488,5.299539170506918,40,47.61904761904761,>90%
1404850,1788311418985666,2025-01-08 15:08:15+00:00,v1.2.24,2021-01-08 18:00:08+00:00,1460.880636574074,>180 days,125,96,89.60000000000001,92.70833333333334,3.1083333333333343,10.399999999999991,7.291666666666657,-3.1083333333333343,-29,-23.200000000000003,70-90%
1421290,5220292521177940731,2023-10-04 19:19:49+00:00,Thank you + Fixes to come!,2023-10-03 16:00:33+00:00,1.1383796296296296,<=30 days (including pre-launch),44,130,90.9090909090909,88.46153846153845,-2.4475524475524537,9.090909090909093,11.538461538461547,2.4475524475524537,86,195.45454545454547,>90%
1421290,5395938616810338210,2023-12-11 21:52:32+00:00,Patch Notes V0.3.2,2023-10-03 16:00:33+00:00,69.24443287037037,31-180 days,59,26,83.05084745762711,76.92307692307693,-6.12777053455018,16.949152542372886,23.076923076923066,6.12777053455018,-33,-55.932203389830505,70-90%
1421290,5728086065179157572,2024-02-21 19:03:39+00:00,Community Update - V0.5.0,2023-10-03 16:00:33+00:00,141.12715277777778,31-180 days,36,34,69.44444444444444,58.82352941176471,-10.620915032679733,30.555555555555557,41.17647058823529,10.620915032679733,-2,-5.555555555555555,<70%
1421290,5746109972553528828,2024-06-07 19:54:10+00:00,Patch Notes V0.7.3,2023-10-03 16:00:33+00:00,248.1622337962963,>180 days,23,23,86.95652173913044,91.30434782608695,4.347826086956516,13.043478260869563,8.695652173913047,-4.347826086956516,0,0.0,70-90%
1421290,1785321795647465,2024-12-06 19:11:59+00:00,Patch Notes V1.0.1 Hotfix,2023-10-03 16:00:33+00:00,430.1329398148148,>180 days,30,97,90.0,71.1340206185567,-18.865979381443296,10.0,28.865979381443296,18.865979381443296,67,223.33333333333334,70-90%
1421290,1791580426098368,2025-02-17 17:05:39+00:00,Patch Notes V1.0.3 Hotfix,2023-10-03 16:00:33+00:00,503.04520833333333,>180 days,26,42,88.46153846153845,95.23809523809523,6.776556776556774,11.538461538461547,4.761904761904773,-6.776556776556774,16,61.53846153846154,70-90%
1425000,1789039014339397,2025-01-16 16:34:32+00:00,Hotfix 2025/01/17,2025-01-15 00:00:00+00:00,1.6906481481481481,<=30 days (including pre-launch),39,260,97.43589743589743,86.53846153846155,-10.897435897435884,2.564102564102569,13.461538461538453,10.897435897435884,221,566.6666666666667,>90%
1425000,1794830910908517,2025-03-21 15:39:45+00:00,2025/03/21 Hotfix,2025-01-15 00:00:00+00:00,65.65260416666666,31-180 days,65,44,81.53846153846153,90.9090909090909,9.370629370629374,18.461538461538467,9.090909090909093,-9.370629370629374,-21,-32.30769230769231,70-90%
1425000,1800357164436476,2025-05-23 10:26:09+00:00,2025/05/23 Medium Update v0.0.20,2025-01-15 00:00:00+00:00,128.4348263888889,31-180 days,39,46,89.74358974358975,84.78260869565217,-4.9609810479375795,10.256410256410248,15.217391304347828,4.9609810479375795,7,17.94871794871795,70-90%
1425000,1806064758755624,2025-07-29 01:34:06+00:00,2025/7/29 ALICE Patch Notes - Version 0.0.30,2025-01-15 00:00:00+00:00,195.06534722222221,>180 days,90,109,84.44444444444444,87.1559633027523,2.711518858307855,15.555555555555557,12.844036697247702,-2.711518858307855,19,21.11111111111111,70-90%
1425000,1811772772405317,2025-09-30 10:12:01+00:00,2025/9/30 Patch Notes - Version 0.1.8,2025-01-15 00:00:00+00:00,258.42501157407406,>180 days,93,86,89.24731182795699,97.67441860465115,8.42710677669416,10.752688172043008,2.3255813953488484,-8.42710677669416,-7,-7.526881720430108,70-90%
1425000,1818752592123000,2025-12-11 09:26:13+00:00,2025/12/11 Patch Notes - Version 0.1.16,2025-01-15 00:00:00+00:00,330.3932060185185,>180 days,45,147,95.55555555555556,93.19727891156462,-2.3582766439909335,4.444444444444443,6.802721088435376,2.3582766439909335,102,226.66666666666666,>90%
1425000,1825727806719104,2026-03-03 03:19:50+00:00,2026/03/03 Patch Notes - Version 0.1.30,2025-01-15 00:00:00+00:00,412.1387731481482,>180 days,40,132,75.0,97.72727272727273,22.727272727272734,25.0,2.2727272727272663,-22.727272727272734,92,229.99999999999997,70-90%
1425000,1832700592788882,2026-05-14 12:05:46+00:00,Major Update — The Final Boss Descends — Baby Mia Is Here — Get Takehime’s Reve,2025-01-15 00:00:00+00:00,484.5040046296296,>180 days,142,534,89.43661971830986,93.25842696629213,3.821807247982278,10.563380281690144,6.741573033707866,-3.821807247982278,392,276.056338028169,70-90%
1425000,1837955055365869,2026-07-14 11:43:48+00:00,2026/07/14 Patch Notes - Version 0.2.15,2025-01-15 00:00:00+00:00,545.48875,>180 days,265,47,92.83018867924528,78.72340425531915,-14.106784423926129,7.169811320754718,21.276595744680847,14.106784423926129,-218,-82.26415094339623,>90%
1425000,1843481262704367,2026-09-15 11:55:11+00:00,2026/09/15 Patch Notes - Version 0.3.7,2025-01-15 00:00:00+00:00,608.4966550925926,>180 days,75,76,96.0,90.78947368421053,-5.2105263157894655,4.0,9.210526315789465,5.2105263157894655,1,1.3333333333333335,>90%
1457080,5133583099799567179,2023-04-21 16:20:19+00:00,Achievement Fix,2023-04-18 00:00:00+00:00,3.6807754629629628,<=30 days (including pre-launch),664,826,82.98192771084338,83.65617433414043,0.6742466232970514,17.01807228915662,16.34382566585957,-0.6742466232970514,162,24.397590361445783,70-90%
1457080,6438516944125360065,2023-10-13 21:08:12+00:00,In-game Progression Update,2023-04-18 00:00:00+00:00,178.88069444444446,31-180 days,35,35,82.85714285714286,91.42857142857143,8.57142857142857,17.14285714285714,8.57142857142857,-8.57142857142857,0,0.0,70-90%
1461810,4789043687476625405,2022-11-18 06:19:06+00:00,11.18维护公告,2022-11-17 00:00:00+00:00,1.263263888888889,<=30 days (including pre-launch),424,4884,77.83018867924528,78.07125307125307,0.24106439200778595,22.169811320754718,21.928746928746932,-0.24106439200778595,4460,1051.8867924528302,70-90%
1461810,5125698536854175771,2023-03-16 15:02:02+00:00,3.16《蜀山：初章》买断版第二次延迟开服公告,2022-11-17 00:00:00+00:00,119.62641203703704,31-180 days,83,90,33.734939759036145,16.666666666666664,-17.06827309236948,66.26506024096386,83.33333333333334,17.06827309236948,7,8.433734939759036,<70%
1473350,5409450219974367308,2023-12-15 00:55:47+00:00,Hotfix #4,2023-12-14 00:00:00+00:00,1.038738425925926,<=30 days (including pre-launch),21,2410,100.0,97.01244813278008,-2.9875518672199206,0.0,2.9875518672199206,2.9875518672199206,2389,11376.190476190475,>90%
1473350,5749481331452144989,2024-04-01 17:12:05+00:00,"200k, Saves Update & Wiki",2023-12-14 00:00:00+00:00,109.71672453703704,31-180 days,637,346,96.38932496075353,96.82080924855492,0.43148428780139625,3.6106750392464733,3.179190751445077,-0.43148428780139625,-291,-45.6828885400314,>90%
1473350,5759622039995281272,2024-06-25 18:52:19+00:00,Quick Fixes,2023-12-14 00:00:00+00:00,194.78633101851852,>180 days,233,592,94.4206008583691,95.27027027027027,0.849669411901175,5.579399141630901,4.729729729729726,-0.849669411901175,359,154.07725321888412,>90%
1479140,5219165352620636663,2023-09-20 16:45:26+00:00,AK-xolotl Quality of Life Update #1,2023-09-14 00:00:00+00:00,6.698217592592592,<=30 days (including pre-launch),265,148,75.47169811320755,63.51351351351351,-11.958184599694043,24.52830188679245,36.48648648648649,11.958184599694043,-117,-44.15094339622642,70-90%
1479140,5382426458970510691,2023-11-21 17:07:17+00:00,"AK-xolotl ""Chaos Unleashed"" Content Update",2023-09-14 00:00:00+00:00,68.71339120370371,31-180 days,49,158,73.46938775510205,93.0379746835443,19.568586928442258,26.530612244897952,6.962025316455694,-19.568586928442258,109,222.44897959183675,70-90%
1479140,6212244583175846905,2024-10-17 13:01:03+00:00,PATCH NOTES 2.0.2 + Online Beta 🐸,2023-09-14 00:00:00+00:00,399.54239583333333,>180 days,79,25,77.21518987341773,64.0,-13.215189873417728,22.784810126582272,36.0,13.215189873417728,-54,-68.35443037974683,70-90%
1479140,1786409468840575,2024-12-18 11:35:59+00:00,PATCH NOTES 2.0.18074.0.382 + Online Beta Patch #9🚨,2023-09-14 00:00:00+00:00,461.48332175925924,>180 days,35,23,74.28571428571429,65.21739130434783,-9.068322981366464,25.714285714285708,34.78260869565217,9.068322981366464,-12,-34.285714285714285,70-90%
1479140,1794102528069471,2025-03-13 10:42:58+00:00,🚨 PATCH NOTES 2.3 + Online Beta now Public🚨,2023-09-14 00:00:00+00:00,546.4465046296297,>180 days,23,25,56.52173913043478,68.0,11.478260869565219,43.47826086956522,32.0,-11.478260869565219,2,8.695652173913043,<70%
1479140,1802261838719026,2025-06-11 16:14:47+00:00,🚨 PATCH NOTES 2.4.1🚨,2023-09-14 00:00:00+00:00,636.6769328703704,>180 days,35,92,74.28571428571429,67.3913043478261,-6.894409937888199,25.714285714285708,32.60869565217391,6.894409937888199,57,162.85714285714286,70-90%
1487270,4789043687473278358,2022-11-17 08:06:50+00:00,Patch 1.0.5 update!! Mini map and dialogue skip function are added now!!,2022-10-25 00:00:00+00:00,23.338078703703705,<=30 days (including pre-launch),585,340,98.29059829059828,97.6470588235294,-0.6435394670688765,1.7094017094017175,2.352941176470594,0.6435394670688765,-245,-41.88034188034188,>90%
1487270,5143713753743016425,2023-03-27 11:52:08+00:00,Update version 1.0.6d1,2022-10-25 00:00:00+00:00,153.49453703703705,31-180 days,48,44,95.83333333333334,97.72727272727273,1.893939393939391,4.166666666666657,2.2727272727272663,-1.893939393939391,-4,-8.333333333333332,>90%
1487270,5124581515267832355,2023-06-26 03:29:32+00:00,Patch 1.0.7b Update!! More language and color blind support mode!,2022-10-25 00:00:00+00:00,244.14550925925926,>180 days,26,65,96.15384615384616,98.46153846153847,2.3076923076923066,3.8461538461538396,1.538461538461533,-2.3076923076923066,39,150.0,>90%
1487270,5219165352638437147,2023-09-25 13:58:25+00:00,Patch version 1.0.7d : Fixed audio bug.,2022-10-25 00:00:00+00:00,335.5822337962963,>180 days,23,40,100.0,100.0,0.0,0.0,0.0,0.0,17,73.91304347826086,>90%
1487270,5409450219987003175,2023-12-18 12:08:31+00:00,Patch version 1.0.8a : Fixed audio bug.,2022-10-25 00:00:00+00:00,419.50591435185186,>180 days,70,42,94.28571428571428,97.61904761904762,3.333333333333343,5.714285714285722,2.3809523809523796,-3.333333333333343,-28,-40.0,>90%
1487270,5742731639344513010,2024-06-03 12:18:08+00:00,Version Update 1.0.8b : Fix minor bugs,2022-10-25 00:00:00+00:00,587.5125925925926,>180 days,20,28,100.0,96.42857142857143,-3.5714285714285694,0.0,3.5714285714285694,3.5714285714285694,8,40.0,>90%
1487270,1788311419140513,2025-01-13 10:21:21+00:00,Version Update 1.0.9a : Combat optimization in 3D mode,2022-10-25 00:00:00+00:00,811.4314930555555,>180 days,30,29,80.0,89.65517241379311,9.65517241379311,20.0,10.34482758620689,-9.65517241379311,-1,-3.3333333333333335,70-90%
1487270,1824459501605233,2026-02-12 02:09:32+00:00,Russian Localization & OST update,2022-10-25 00:00:00+00:00,1206.0899537037037,>180 days,25,29,100.0,93.10344827586206,-6.896551724137936,0.0,6.896551724137936,6.896551724137936,4,16.0,>90%
1487270,1836506165553188,2026-06-26 09:03:28+00:00,The expanded DLC secret stage and related bug fixes are now live!,2022-10-25 00:00:00+00:00,1340.3774074074074,>180 days,24,28,95.83333333333334,89.28571428571429,-6.547619047619051,4.166666666666657,10.714285714285708,6.547619047619051,4,16.666666666666664,>90%
1491200,5410576585185173963,2024-01-05 16:46:34+00:00,Hotfix,2022-04-28 17:00:26+00:00,616.9903703703703,>180 days,34,32,88.23529411764706,71.875,-16.360294117647058,11.764705882352942,28.125,16.360294117647058,-2,-5.88235294117647,70-90%
1493520,6368680725438891922,2022-11-15 10:49:06+00:00,V 0.107,2022-11-14 16:57:05+00:00,0.7444560185185185,<=30 days (including pre-launch),37,119,97.2972972972973,95.7983193277311,-1.4989779695662122,2.7027027027026946,4.201680672268907,1.4989779695662122,82,221.6216216216216,>90%
1493520,5842939267309351099,2024-06-27 11:55:48+00:00,V1.008 Fixes for multi monitors,2022-11-14 16:57:05+00:00,590.790775462963,>180 days,32,27,87.5,74.07407407407408,-13.425925925925924,12.5,25.925925925925924,13.425925925925924,-5,-15.625,70-90%
1494810,5125698536867018484,2023-03-20 03:36:55+00:00,3/19 Update,2023-03-15 15:25:58+00:00,4.507604166666667,<=30 days (including pre-launch),174,116,97.70114942528735,96.55172413793103,-1.1494252873563227,2.2988505747126453,3.448275862068968,1.1494252873563227,-58,-33.33333333333333,>90%
1494810,5140340943317954584,2023-05-22 01:08:40+00:00,"5/21 Content Update! New class: Enigma, 6 new arena areas added",2023-03-15 15:25:58+00:00,67.40465277777778,31-180 days,64,21,96.875,100.0,3.125,3.125,0.0,-3.125,-43,-67.1875,>90%
1494810,5141475722343078832,2023-08-28 22:23:57+00:00,"Weekly Update: New Color Palette Added, Smoother Enemy / Player Collision!",2023-03-15 15:25:58+00:00,166.2902662037037,31-180 days,38,86,100.0,98.83720930232558,-1.1627906976744242,0.0,1.1627906976744242,1.1627906976744242,48,126.3157894736842,>90%
1494810,5322753221336291063,2023-11-14 23:42:27+00:00,Combo Shuffle Update,2023-03-15 15:25:58+00:00,244.3447800925926,>180 days,102,224,98.0392156862745,98.66071428571429,0.6214985994397892,1.9607843137254974,1.3392857142857082,-0.6214985994397892,122,119.6078431372549,>90%
1494810,5582843074942177076,2024-02-01 22:22:58+00:00,Secret Portal Room Update: 60 new levels!,2023-03-15 15:25:58+00:00,323.2895833333333,>180 days,453,102,94.92273730684326,97.05882352941177,2.136086222568508,5.07726269315674,2.941176470588232,-2.136086222568508,-351,-77.48344370860927,>90%
1494810,5768625435408160285,2024-05-12 23:48:32+00:00,Major Level Update,2023-03-15 15:25:58+00:00,424.34900462962963,>180 days,48,188,95.83333333333334,97.87234042553192,2.039007092198574,4.166666666666657,2.1276595744680833,-2.039007092198574,140,291.66666666666663,>90%
1494810,5969041959970400636,2024-07-20 02:08:36+00:00,Wall Clipping Fix Update,2023-03-15 15:25:58+00:00,492.4462731481481,>180 days,209,77,96.65071770334929,97.40259740259741,0.7518796992481214,3.3492822966507134,2.597402597402592,-0.7518796992481214,-132,-63.1578947368421,>90%
1494810,6212245217911905552,2024-10-27 02:25:05+00:00,Major Enemy Update,2023-03-15 15:25:58+00:00,591.4577199074074,>180 days,27,104,92.5925925925926,93.26923076923077,0.6766381766381784,7.407407407407405,6.730769230769226,-0.6766381766381784,77,285.18518518518516,>90%
1494810,1792116353287413,2025-02-23 10:36:02+00:00,Major Skill And Item Update,2023-03-15 15:25:58+00:00,710.7986574074074,>180 days,32,81,93.75,90.12345679012346,-3.6265432098765444,6.25,9.876543209876544,3.6265432098765444,49,153.125,>90%
1494810,1797820624509907,2025-04-26 01:04:34+00:00,"New Light, New Fight: Realistic Visual Update",2023-03-15 15:25:58+00:00,772.4018055555556,>180 days,84,238,89.28571428571429,92.85714285714286,3.5714285714285694,10.714285714285708,7.142857142857139,-3.5714285714285694,154,183.33333333333331,70-90%
1494810,1803527891559001,2025-06-28 00:47:12+00:00,The Oathbound Update,2023-03-15 15:25:58+00:00,835.3897453703704,>180 days,239,287,92.88702928870293,96.51567944250871,3.628650153805779,7.112970711297066,3.484320557491287,-3.628650153805779,48,20.0836820083682,>90%
1494810,1809235871624785,2025-08-29 16:48:47+00:00,Mortal Sin – Version 1.0 Release,2023-03-15 15:25:58+00:00,898.057511574074,>180 days,93,745,98.9247311827957,91.2751677852349,-7.649563397560797,1.0752688172043037,8.724832214765101,7.649563397560797,652,701.0752688172043,>90%
1494810,1819386365091170,2025-12-18 18:00:36+00:00,Final Boss Flow Update,2023-03-15 15:25:58+00:00,1009.1073842592592,>180 days,269,115,97.39776951672863,84.34782608695653,-13.0499434297721,2.60223048327137,15.65217391304347,13.0499434297721,-154,-57.249070631970255,>90%
1515640,5124584051988752295,2023-07-25 18:01:55+00:00,Patch Notes 1.3.1 (Hotfix),2023-07-18 00:00:00+00:00,7.751331018518519,<=30 days (including pre-launch),191,88,79.58115183246073,67.04545454545455,-12.535697287006187,20.418848167539267,32.95454545454545,12.535697287006187,-103,-53.92670157068062,70-90%
1515640,1796631172250164,2025-04-10 16:22:23+00:00,Patch 1.7.1,2023-07-18 00:00:00+00:00,632.6822106481482,>180 days,91,109,65.93406593406593,76.14678899082568,10.212723056759756,34.06593406593407,23.853211009174316,-10.212723056759756,18,19.78021978021978,<70%
1518220,6560117310268102881,2023-11-17 15:12:22+00:00,Spells & Secrets Patch 1.01 - Patch Notes,2023-11-09 00:00:00+00:00,8.633587962962963,<=30 days (including pre-launch),84,60,91.66666666666666,86.66666666666667,-4.999999999999986,8.333333333333343,13.333333333333329,4.999999999999986,-24,-28.57142857142857,>90%
1534980,4292505348842887502,2022-05-24 08:55:20+00:00,Terminus - V0.9.5 Beta Update (+ Announcement about Indie Craft),2021-03-01 08:06:49+00:00,449.0336921296296,>180 days,21,22,100.0,100.0,0.0,0.0,0.0,0.0,1,4.761904761904762,>90%
1534980,4584122114605502202,2022-08-22 07:40:56+00:00,Terminus - V0.9.5 Hotfix,2021-03-01 08:06:49+00:00,538.982025462963,>180 days,23,30,91.30434782608695,93.33333333333333,2.028985507246375,8.695652173913047,6.666666666666671,-2.028985507246375,7,30.434782608695656,>90%
1534980,4706851091168591032,2022-10-26 07:25:17+00:00,Terminus: Zombie Survivors - Special Halloween Update,2021-03-01 08:06:49+00:00,603.9711574074074,>180 days,26,36,96.15384615384616,94.44444444444444,-1.7094017094017175,3.8461538461538396,5.555555555555557,1.7094017094017175,10,38.46153846153847,>90%
1534980,5059268099245875409,2023-02-19 03:33:36+00:00,Terminus - V0.9.7 Hotfix,2021-03-01 08:06:49+00:00,719.8102662037037,>180 days,21,30,100.0,100.0,0.0,0.0,0.0,0.0,9,42.857142857142854,>90%
1534980,5138087875074095067,2023-05-03 01:47:59+00:00,Terminus - V0.9.7 Hotfix,2021-03-01 08:06:49+00:00,792.7369212962963,>180 days,24,23,100.0,100.0,0.0,0.0,0.0,0.0,-1,-4.166666666666666,>90%
1534980,6079346804888527897,2023-07-18 04:36:07+00:00,Terminus: Zombie Survivors - V0.9.8 Hotfix,2021-03-01 08:06:49+00:00,868.8536805555556,>180 days,38,23,97.36842105263158,91.30434782608695,-6.064073226544622,2.631578947368425,8.695652173913047,6.064073226544622,-15,-39.473684210526315,>90%
1534980,5218041989054215459,2023-10-22 15:22:30+00:00,Terminus: Zombie Survivors - V0.9.9 Beta Hotfix,2021-03-01 08:06:49+00:00,965.3025578703704,>180 days,20,82,95.0,97.5609756097561,2.560975609756099,5.0,2.439024390243901,-2.560975609756099,62,310.0,>90%
1534980,5510784213114427374,2024-01-23 02:00:16+00:00,Terminus: Zombie Survivors - V0.9.9 Hotfix,2021-03-01 08:06:49+00:00,1057.7454513888888,>180 days,63,56,95.23809523809523,100.0,4.761904761904773,4.761904761904773,0.0,-4.761904761904773,-7,-11.11111111111111,>90%
1534980,5686430301728544276,2024-03-24 10:51:16+00:00,Terminus: Zombie Survivors - V0.9.10 Hotfix,2021-03-01 08:06:49+00:00,1119.114201388889,>180 days,58,62,98.27586206896551,95.16129032258065,-3.114571746384854,1.724137931034491,4.838709677419345,3.114571746384854,4,6.896551724137931,>90%
1534980,5741605105617417106,2024-05-26 08:06:36+00:00,Terminus: Zombie Survivors - Supplemental Update (House Art Revamp and More),2021-03-01 08:06:49+00:00,1181.999849537037,>180 days,89,98,95.50561797752809,96.93877551020408,1.4331575326759918,4.49438202247191,3.0612244897959187,-1.4331575326759918,9,10.112359550561797,>90%
1534980,5963413728331088201,2024-07-31 10:32:02+00:00,Terminus: Zombie Survivors - 1.0 Beta Release,2021-03-01 08:06:49+00:00,1248.1008449074075,>180 days,120,911,96.66666666666667,93.30406147091108,-3.3626051957555916,3.3333333333333286,6.69593852908892,3.3626051957555916,791,659.1666666666666,>90%
1534980,1790214123097953,2025-01-31 00:08:50+00:00,Terminus: Zombie Survivors - 1.1 Update Release Date Announcement,2021-03-01 08:06:49+00:00,1431.6680671296297,>180 days,86,98,94.18604651162791,94.89795918367348,0.7119126720455711,5.813953488372093,5.102040816326522,-0.7119126720455711,12,13.953488372093023,>90%
1534980,1811138915418776,2025-09-19 08:29:04+00:00,Terminus: Zombie Survivors - V1.2.1 Update,2021-03-01 08:06:49+00:00,1663.0154513888888,>180 days,135,55,94.81481481481482,85.45454545454545,-9.36026936026937,5.185185185185176,14.545454545454547,9.36026936026937,-80,-59.25925925925925,>90%
1534980,1842212951309480,2026-08-31 08:16:34+00:00,Terminus: Zombie Survivors - 1.3 Workshop Update Now Live!,2021-03-01 08:06:49+00:00,2009.0067708333333,>180 days,24,31,91.66666666666666,93.54838709677419,1.881720430107535,8.333333333333343,6.451612903225808,-1.881720430107535,7,29.166666666666668,>90%
1535100,4732747437224294652,2022-11-09 16:24:15+00:00,Day 1 Hotfix,2022-11-08 18:57:26+00:00,0.8936226851851852,<=30 days (including pre-launch),22,65,90.9090909090909,86.15384615384616,-4.755244755244746,9.090909090909093,13.84615384615384,4.755244755244746,43,195.45454545454547,>90%
1535100,5036749277232987485,2023-02-10 12:11:44+00:00,Post-Launch Hotfix,2022-11-08 18:57:26+00:00,93.71826388888888,31-180 days,44,39,61.36363636363637,61.53846153846154,0.17482517482517324,38.63636363636363,38.46153846153846,-0.17482517482517324,-5,-11.363636363636363,<70%
1537480,4032396530945258989,2021-08-06 19:22:46+00:00,我们虽没回复，但一定有关注，游戏更新公告,2021-08-06 06:52:59+00:00,0.5206828703703704,<=30 days (including pre-launch),32,88,78.125,75.0,-3.125,21.875,25.0,3.125,56,175.0,70-90%
1543960,1809235871666325,2025-08-31 00:00:54+00:00,Hotfix v25.2.10,2025-08-13 00:00:00+00:00,18.000625,<=30 days (including pre-launch),93,20,94.6236559139785,95.0,0.37634408602150415,5.376344086021504,5.0,-0.37634408602150415,-73,-78.49462365591397,>90%
1554970,4020014099092177434,2021-09-03 15:12:39+00:00,EARLY ACCESS UPDATE (v0.3),2021-09-01 14:47:00+00:00,2.0178125,<=30 days (including pre-launch),26,49,76.92307692307693,79.59183673469387,2.668759811616937,23.076923076923066,20.40816326530613,-2.668759811616937,23,88.46153846153845,70-90%
1569240,1809235871755192,2025-09-02 17:19:58+00:00,Early Access Patch 1.0.1,2025-08-29 00:00:00+00:00,4.722199074074074,<=30 days (including pre-launch),29,29,93.10344827586206,100.0,6.896551724137936,6.896551724137936,0.0,-6.896551724137936,0,0.0,>90%
1569580,1796631172412602,2025-04-15 16:48:29+00:00,Patch 1.1,2025-04-10 00:00:00+00:00,5.700335648148148,<=30 days (including pre-launch),1821,4973,82.20757825370676,88.39734566659963,6.189767412892877,17.792421746293243,11.602654333400366,-6.189767412892877,3152,173.09170785282814,70-90%
1569580,1802893906701654,2025-06-18 16:39:22+00:00,Patch 1.5,2025-04-10 00:00:00+00:00,69.69400462962963,31-180 days,1755,1007,89.40170940170941,86.1966236345581,-3.205085767151317,10.598290598290589,13.803376365441906,3.205085767151317,-748,-42.62108262108262,70-90%
1569580,1811772772381516,2025-09-29 17:36:44+00:00,Patch 1.6,2025-04-10 00:00:00+00:00,172.7338425925926,31-180 days,546,542,82.23443223443223,81.91881918819189,-0.3156130462403439,17.765567765567766,18.08118081180811,0.3156130462403439,-4,-0.7326007326007326,70-90%
1569580,1831432155564824,2026-04-29 11:29:42+00:00,Patch 1.7 - The Accessibility Update,2025-04-10 00:00:00+00:00,384.4789583333333,>180 days,493,459,87.62677484787018,83.87799564270153,-3.7487792051686455,12.37322515212982,16.122004357298465,3.7487792051686455,-34,-6.896551724137931,70-90%
1569580,1838407329269251,2026-07-21 15:11:55+00:00,Hotfix 1.7.2,2025-04-10 00:00:00+00:00,467.63327546296296,>180 days,512,443,83.984375,84.87584650112868,0.8914715011286773,16.015625,15.124153498871323,-0.8914715011286773,-69,-13.4765625,70-90%
1573630,4588629064121166309,2022-10-02 10:44:30+00:00,Update 1.02,2022-09-30 00:00:00+00:00,2.4475694444444445,<=30 days (including pre-launch),22,83,100.0,92.7710843373494,-7.228915662650607,0.0,7.228915662650607,7.228915662650607,61,277.2727272727273,>90%
1575830,5133583642669846695,2023-05-02 16:34:40+00:00,Patch Notes: Version 1.0.0.5,2023-04-27 00:00:00+00:00,5.690740740740741,<=30 days (including pre-launch),79,60,77.21518987341773,73.33333333333333,-3.8818565400843994,22.784810126582272,26.66666666666667,3.8818565400843994,-19,-24.050632911392405,70-90%
1579880,5070528810296860238,2023-03-10 20:22:09+00:00,Update #1 - Community Feedback Patch,2023-02-22 00:00:00+00:00,16.848715277777778,<=30 days (including pre-launch),338,116,96.15384615384616,93.96551724137932,-2.1883289124668437,3.8461538461538396,6.034482758620683,2.1883289124668437,-222,-65.68047337278107,>90%
1579880,5409450219987850118,2023-12-18 17:42:48+00:00,Update 2.3 - Memories of Speed,2023-02-22 00:00:00+00:00,299.73805555555555,>180 days,80,60,93.75,83.33333333333334,-10.416666666666657,6.25,16.666666666666657,10.416666666666657,-20,-25.0,>90%
1579880,5762994032391491745,2024-04-18 17:20:11+00:00,Update 3.0 - Shadow Hunter (Major Content Update),2023-02-22 00:00:00+00:00,421.722349537037,>180 days,20,39,85.0,87.17948717948718,2.1794871794871824,15.0,12.820512820512818,-2.1794871794871824,19,95.0,70-90%
1579880,1784506359185173,2024-12-03 18:46:44+00:00,Hotfix Patch (-1/-1 lives issue),2023-02-22 00:00:00+00:00,650.7824537037037,>180 days,23,24,86.95652173913044,79.16666666666666,-7.78985507246378,13.043478260869563,20.833333333333343,7.78985507246378,1,4.3478260869565215,70-90%
1589570,6212245217911809344,2024-10-24 03:59:11+00:00,Reducing the overall difficulty a bit! - Early Access Patch Note V0.1.1,2024-10-22 16:01:46+00:00,1.4982060185185184,<=30 days (including pre-launch),84,321,100.0,97.81931464174455,-2.1806853582554453,0.0,2.1806853582554453,2.1806853582554453,237,282.14285714285717,>90%
1589570,1786573930872329,2024-12-27 08:39:28+00:00,New Achievements & Class Balance Changes,2024-10-22 16:01:46+00:00,65.69284722222223,31-180 days,79,21,100.0,90.47619047619048,-9.523809523809518,0.0,9.523809523809518,9.523809523809518,-58,-73.41772151898735,>90%
1590160,4246335198888837165,2022-02-16 13:35:37+00:00,Here comes the Hotfix!,2022-02-15 12:59:23+00:00,1.0251620370370371,<=30 days (including pre-launch),20,24,90.0,70.83333333333334,-19.166666666666657,10.0,29.166666666666657,19.166666666666657,4,20.0,70-90%
1608290,4237325463689144086,2022-01-25 10:59:18+00:00,Provisional Fix for Gnosia Display Bug,2022-01-23 00:00:00+00:00,2.457847222222222,<=30 days (including pre-launch),164,515,93.29268292682927,93.7864077669903,0.4937248401610219,6.707317073170728,6.213592233009706,-0.4937248401610219,351,214.02439024390242,>90%
1608290,1811772772633531,2025-10-07 09:57:48+00:00,Update on Unity Vulnerability,2022-01-23 00:00:00+00:00,1353.4151388888888,>180 days,78,269,92.3076923076923,91.44981412639405,-0.8578781812982612,7.692307692307693,8.550185873605955,0.8578781812982612,191,244.8717948717949,>90%
1618380,5035622743879718218,2023-02-02 11:39:17+00:00,v1.1.1 Bug fixes and Improvements,2023-01-31 00:00:00+00:00,2.485613425925926,<=30 days (including pre-launch),24,60,87.5,86.66666666666667,-0.8333333333333286,12.5,13.333333333333329,0.8333333333333286,36,150.0,70-90%
1618380,5302486388010661044,2023-11-13 00:01:58+00:00,Spellmasons Update #23!,2023-01-31 00:00:00+00:00,286.00136574074077,>180 days,30,24,90.0,100.0,10.0,10.0,0.0,-10.0,-6,-20.0,70-90%
1618380,6300039510125665203,2024-01-13 04:20:00+00:00,Update 27: Tons of fixes and improvements,2023-01-31 00:00:00+00:00,347.18055555555554,>180 days,28,24,96.42857142857143,95.83333333333334,-0.5952380952380878,3.5714285714285694,4.166666666666657,0.5952380952380878,-4,-14.285714285714285,>90%
1618380,5747233970429044582,2024-05-19 10:32:18+00:00,Hotfix patch v1.36,2023-01-31 00:00:00+00:00,474.43909722222224,>180 days,43,30,97.67441860465115,96.66666666666667,-1.0077519379844802,2.3255813953488484,3.3333333333333286,1.0077519379844802,-13,-30.23255813953488,>90%
1618380,1788311419046692,2025-01-10 11:53:03+00:00,v1.54.1,2023-01-31 00:00:00+00:00,710.4951736111111,>180 days,28,28,85.71428571428571,92.85714285714286,7.142857142857153,14.285714285714292,7.142857142857139,-7.142857142857153,0,0.0,70-90%
1618380,1806698490823467,2025-08-04 21:32:33+00:00,Remote Play Together - now Supported,2023-01-31 00:00:00+00:00,916.8976041666666,>180 days,197,64,91.87817258883248,96.875,4.996827411167516,8.121827411167516,3.125,-4.996827411167516,-133,-67.51269035532995,>90%
1618380,1814942955111688,2025-10-29 20:51:47+00:00,Balancing and Bug Fixes,2023-01-31 00:00:00+00:00,1002.8692939814815,>180 days,21,60,85.71428571428571,96.66666666666667,10.952380952380963,14.285714285714292,3.3333333333333286,-10.952380952380963,39,185.71428571428572,70-90%
1618380,1842212951310626,2026-08-31 15:42:52+00:00,Hotfix: v1.82.1,2023-01-31 00:00:00+00:00,1308.6547685185185,>180 days,36,40,77.77777777777779,87.5,9.722222222222214,22.222222222222214,12.5,-9.722222222222214,4,11.11111111111111,70-90%
1619570,6539831443777419469,2023-04-13 07:48:48+00:00,Patch Notes 0.9.3.89,2023-11-15 00:00:00+00:00,-215.67444444444445,<=30 days (including pre-launch),215,46,77.20930232558139,84.78260869565217,7.573306370070782,22.79069767441861,15.217391304347828,-7.573306370070782,-169,-78.6046511627907,70-90%
1625930,5963413094344897464,2024-07-24 15:05:23+00:00,Update Notes for July 24,2024-07-18 00:00:00+00:00,6.628738425925926,<=30 days (including pre-launch),22,21,95.45454545454545,80.95238095238095,-14.502164502164504,4.545454545454547,19.04761904761905,14.502164502164504,-1,-4.545454545454546,>90%
1638390,4347669995463785259,2022-04-01 11:46:25+00:00,V0.9.1 Update Log,2023-01-15 00:00:00+00:00,-288.50943287037035,<=30 days (including pre-launch),44,211,97.72727272727273,81.04265402843602,-16.684618698836715,2.2727272727272663,18.95734597156398,16.684618698836715,167,379.54545454545456,>90%
1638390,5070528176579889524,2023-03-07 10:08:03+00:00,V1.0.1 Update - New Skin System Live!,2023-01-15 00:00:00+00:00,51.42225694444444,31-180 days,28,20,64.28571428571429,90.0,25.714285714285708,35.71428571428571,10.0,-25.714285714285708,-8,-28.57142857142857,<70%
1641240,5125698536861472587,2023-03-18 15:04:45+00:00,PATCH NOTES 0.23.65,2023-03-16 00:00:00+00:00,2.628298611111111,<=30 days (including pre-launch),38,54,94.73684210526315,87.03703703703704,-7.699805068226112,5.26315789473685,12.962962962962962,7.699805068226112,16,42.10526315789473,>90%
1646790,1805065414297872,2025-07-13 11:04:53+00:00,Update 1.0.0.2,2021-11-29 19:09:17+00:00,1321.663611111111,>180 days,24,70,87.5,75.71428571428571,-11.785714285714292,12.5,24.285714285714292,11.785714285714292,46,191.66666666666669,70-90%
1649630,4224939931837884476,2022-01-16 06:58:02+00:00,Elemental Scrolls and Arenas Update,2022-01-09 20:58:52+00:00,6.416087962962963,<=30 days (including pre-launch),35,26,94.28571428571428,92.3076923076923,-1.978021978021971,5.714285714285722,7.692307692307693,1.978021978021971,-9,-25.71428571428571,>90%
1664670,4347669995455308085,2022-03-30 04:32:56+00:00,V0.54 Bug Fixed,2022-03-28 00:00:00+00:00,2.189537037037037,<=30 days (including pre-launch),59,218,96.61016949152543,88.9908256880734,-7.6193438034520256,3.3898305084745743,11.0091743119266,7.6193438034520256,159,269.49152542372883,>90%
1668290,5070528176559732272,2023-03-01 21:22:54+00:00,Patch 1.05 - Post Launch Day Patch Notes,2023-02-28 00:00:00+00:00,1.8909027777777778,<=30 days (including pre-launch),64,227,85.9375,78.41409691629956,-7.523403083700444,14.0625,21.585903083700444,7.523403083700444,163,254.6875,70-90%
1668690,4237325463671646042,2022-01-20 15:40:01+00:00,v0.8.1.3 (HotFix) - Add a new function for custom resolution,2022-01-19 08:59:53+00:00,1.2778703703703704,<=30 days (including pre-launch),124,820,95.16129032258065,93.65853658536587,-1.502753737214789,4.838709677419345,6.341463414634134,1.502753737214789,696,561.2903225806452,>90%
1668690,4347669995474000450,2022-04-04 07:43:34+00:00,Early Access v0.8.4 update,2022-01-19 08:59:53+00:00,74.94700231481481,31-180 days,86,142,91.86046511627907,85.2112676056338,-6.64919751064528,8.139534883720927,14.788732394366207,6.64919751064528,56,65.11627906976744,>90%
1668690,4480532686350110457,2022-06-10 05:50:15+00:00,Early Access v0.8.7 update,2022-01-19 08:59:53+00:00,141.86831018518518,31-180 days,78,92,94.87179487179486,90.21739130434783,-4.654403567447034,5.128205128205138,9.782608695652172,4.654403567447034,14,17.94871794871795,>90%
1668690,4621277624693347726,2022-09-02 05:44:20+00:00,"Achievement is testing in v0.9.0, v0.8.9 version can't unlock is normal",2022-01-19 08:59:53+00:00,225.8642013888889,>180 days,98,88,90.81632653061224,92.04545454545455,1.2291280148423027,9.183673469387756,7.954545454545453,-1.2291280148423027,-10,-10.204081632653061,>90%
1668690,4732747437200167363,2022-11-03 01:30:21+00:00,v1.0.5 Update Japanese localization,2022-01-19 08:59:53+00:00,287.68782407407406,>180 days,402,264,89.05472636815921,96.21212121212122,7.15739484396201,10.945273631840791,3.787878787878782,-7.15739484396201,-138,-34.32835820895522,70-90%
1668690,5036749277235328274,2023-02-11 03:35:41+00:00,v1.1.4 Update Steam Deck Verified,2022-01-19 08:59:53+00:00,387.77486111111114,>180 days,126,64,89.68253968253968,92.1875,2.5049603174603163,10.317460317460316,7.8125,-2.5049603174603163,-62,-49.2063492063492,70-90%
1668690,5409450219987060818,2023-12-18 12:31:17+00:00,"v1.2.2 Fixed Softlock issue with ""Fast Reload+"" card using Gamepad",2022-01-19 08:59:53+00:00,698.1468055555556,>180 days,58,62,87.93103448275862,90.32258064516128,2.391546162402662,12.06896551724138,9.677419354838719,-2.391546162402662,4,6.896551724137931,70-90%
1674890,4020014731811376298,2021-09-14 02:07:17+00:00,现已更新【完全手操】,2021-08-17 10:00:07+00:00,27.67164351851852,<=30 days (including pre-launch),196,111,91.3265306122449,90.09009009009009,-1.2364405221548083,8.673469387755105,9.909909909909913,1.2364405221548083,-85,-43.36734693877551,>90%
1674890,4971406207532943376,2021-11-15 10:50:48+00:00,新增道具、放置战场计时,2021-08-17 10:00:07+00:00,90.03519675925926,31-180 days,107,87,95.32710280373831,91.95402298850574,-3.373079815232572,4.672897196261687,8.045977011494259,3.373079815232572,-20,-18.69158878504673,>90%
1674890,4224939931833291083,2022-01-15 00:41:12+00:00,Major update！！,2021-08-17 10:00:07+00:00,150.61186342592592,31-180 days,29,229,72.41379310344827,86.8995633187773,14.485770215329026,27.58620689655173,13.100436681222703,-14.485770215329026,200,689.655172413793,70-90%
1683100,4348798430277427134,2022-04-29 08:31:49+00:00,1.0.4 Hotfix,2022-04-27 00:00:00+00:00,2.3554282407407405,<=30 days (including pre-launch),28,42,92.85714285714286,88.09523809523809,-4.761904761904773,7.142857142857139,11.904761904761912,4.761904761904773,14,50.0,>90%
1689350,4224939931836036100,2022-01-15 18:46:51+00:00,Patch 1.0.6,2022-01-10 00:00:00+00:00,5.7825347222222225,<=30 days (including pre-launch),35,107,94.28571428571428,90.65420560747664,-3.631508678237637,5.714285714285722,9.34579439252336,3.631508678237637,72,205.7142857142857,>90%
1694420,4069556867217233934,2021-10-11 02:33:48+00:00,Card Survival: Tropical Island - Update 7,2021-08-20 19:22:46+00:00,51.2993287037037,31-180 days,42,38,97.61904761904762,97.36842105263158,-0.2506265664160452,2.3809523809523796,2.631578947368425,0.2506265664160452,-4,-9.523809523809524,>90%
1694420,4588629064108483781,2022-09-28 23:12:19+00:00,Card Survival: Tropical Island - Patch Notes 1,2021-08-20 19:22:46+00:00,404.1594097222222,>180 days,47,117,95.74468085106383,99.14529914529915,3.400618294235315,4.255319148936167,0.8547008547008517,-3.400618294235315,70,148.93617021276594,>90%
1694420,4979322040019046659,2022-12-02 04:34:09+00:00,Card Survival: Tropical Island - Update 39,2021-08-20 19:22:46+00:00,468.3829050925926,>180 days,138,274,100.0,95.62043795620438,-4.379562043795616,0.0,4.379562043795616,4.379562043795616,136,98.55072463768117,>90%
1694420,5035622743877849131,2023-02-01 23:20:53+00:00,Patch Notes and Update 40 Merge,2021-08-20 19:22:46+00:00,530.1653587962963,>180 days,238,120,97.89915966386555,94.16666666666667,-3.732492997198875,2.1008403361344534,5.833333333333329,3.732492997198875,-118,-49.57983193277311,>90%
1694420,5151601211224202399,2023-06-01 00:52:35+00:00,Card Survival: Tropical Island - Update 42,2021-08-20 19:22:46+00:00,649.2290393518518,>180 days,56,35,94.64285714285714,94.28571428571428,-0.3571428571428612,5.357142857142861,5.714285714285722,0.3571428571428612,-21,-37.5,>90%
1694420,5141475722343092131,2023-08-28 22:29:15+00:00,Card Survival: Tropical Island in German!,2021-08-20 19:22:46+00:00,738.1295023148148,>180 days,69,54,94.20289855072464,94.44444444444444,0.2415458937198025,5.79710144927536,5.555555555555557,-0.2415458937198025,-15,-21.73913043478261,>90%
1694420,7585814657460196016,2023-12-14 11:10:21+00:00,Turkish Localization for Card Survival: Tropical Island,2021-08-20 19:22:46+00:00,845.6580439814815,>180 days,65,58,92.3076923076923,93.10344827586206,0.7957559681697575,7.692307692307693,6.896551724137936,-0.7957559681697575,-7,-10.76923076923077,>90%
1694420,5686430301734091001,2024-03-25 23:22:24+00:00,Card Survival: Tropical Island French translation,2021-08-20 19:22:46+00:00,948.166412037037,>180 days,73,58,98.63013698630137,96.55172413793103,-2.078412848370334,1.3698630136986338,3.448275862068968,2.078412848370334,-15,-20.54794520547945,>90%
1698350,5121196841283643409,2023-04-05 05:37:57+00:00,Hotfix 1.011,2023-04-03 00:00:00+00:00,2.2346875,<=30 days (including pre-launch),21,41,95.23809523809523,97.5609756097561,2.3228803716608724,4.761904761904773,2.439024390243901,-2.3228803716608724,20,95.23809523809523,>90%
1702990,4247463006802801280,2022-03-10 00:37:20+00:00,Patch 0.6.20,2022-02-18 00:00:00+00:00,20.025925925925925,<=30 days (including pre-launch),93,81,94.6236559139785,96.29629629629629,1.6726403823177947,5.376344086021504,3.7037037037037095,-1.6726403823177947,-12,-12.903225806451612,>90%
1709050,6368680725424352776,2022-11-11 11:03:31+00:00,1.1.0 update is now live!,2022-10-18 00:00:00+00:00,24.460775462962964,<=30 days (including pre-launch),136,48,93.38235294117648,89.58333333333334,-3.7990196078431353,6.617647058823522,10.416666666666657,3.7990196078431353,-88,-64.70588235294117,>90%
1709900,4235074931861353436,2022-02-07 11:15:45+00:00,early access 1.10,2021-09-28 14:37:44+00:00,131.8597337962963,31-180 days,31,112,93.54838709677419,96.42857142857143,2.8801843317972384,6.451612903225808,3.5714285714285694,-2.8801843317972384,81,261.2903225806451,>90%
1709900,4353300134236324470,2022-04-10 15:18:32+00:00,early access 1.16,2021-09-28 14:37:44+00:00,194.02833333333334,>180 days,74,38,97.2972972972973,97.36842105263158,0.07112375533426984,2.7027027027026946,2.631578947368425,-0.07112375533426984,-36,-48.64864864864865,>90%
1709900,4474904295769482308,2022-07-04 10:39:17+00:00,early access 1.20.1,2021-09-28 14:37:44+00:00,278.83440972222223,>180 days,28,23,82.14285714285714,86.95652173913044,4.8136645962732985,17.85714285714286,13.043478260869563,-4.8136645962732985,-5,-17.857142857142858,70-90%
1709900,4705721386245538799,2022-09-14 19:38:33+00:00,early access 1.27.0,2021-09-28 14:37:44+00:00,351.20890046296296,>180 days,36,23,94.44444444444444,78.26086956521739,-16.183574879227052,5.555555555555557,21.73913043478261,16.183574879227052,-13,-36.11111111111111,>90%
1709900,4979322040032457350,2022-12-05 20:53:09+00:00,early access 1.35.0,2021-09-28 14:37:44+00:00,433.26070601851853,>180 days,32,30,84.375,93.33333333333333,8.958333333333329,15.625,6.666666666666671,-8.958333333333329,-2,-6.25,70-90%
1709900,5035622743895788824,2023-02-06 21:28:05+00:00,v1.0,2021-09-28 14:37:44+00:00,496.28496527777776,>180 days,24,197,87.5,87.81725888324873,0.3172588832487264,12.5,12.182741116751274,-0.3172588832487264,173,720.8333333333333,70-90%
1709900,6539831519496029751,2023-04-16 10:23:09+00:00,v1.5.0,2021-09-28 14:37:44+00:00,564.8232060185185,>180 days,56,40,85.71428571428571,75.0,-10.714285714285708,14.285714285714292,25.0,10.714285714285708,-16,-28.57142857142857,70-90%
1710100,5035620840537833814,2023-01-14 09:54:53+00:00,1.0.12,2023-01-12 00:00:00+00:00,2.413113425925926,<=30 days (including pre-launch),180,789,98.88888888888889,96.70468948035487,-2.1841994085340133,1.1111111111111143,3.2953105196451276,2.1841994085340133,609,338.3333333333333,>90%
1710100,5132456474583123282,2023-04-12 11:37:26+00:00,1.3.x New Version New Boss Rush Mode Released！,2023-01-12 00:00:00+00:00,90.48432870370371,31-180 days,57,79,98.24561403508771,98.73417721518987,0.4885631801021617,1.754385964912288,1.2658227848101262,-0.4885631801021617,22,38.59649122807017,>90%
1710100,5219165352623698262,2023-09-21 12:55:01+00:00,22th Sep! Power-Up Edtion Big Update!,2023-01-12 00:00:00+00:00,252.5382060185185,>180 days,21,121,100.0,98.34710743801654,-1.6528925619834638,0.0,1.6528925619834638,1.6528925619834638,100,476.1904761904762,>90%
1710100,5410576585167223991,2023-12-31 18:34:59+00:00,2.3.0,2023-01-12 00:00:00+00:00,353.7742939814815,>180 days,41,42,92.6829268292683,95.23809523809523,2.5551684088269297,7.317073170731703,4.761904761904773,-2.5551684088269297,1,2.4390243902439024,>90%
1711610,4836332027659812197,2022-11-25 18:12:16+00:00,2022/11/26 _2：10,2022-11-25 10:35:04+00:00,0.3175,<=30 days (including pre-launch),109,823,84.40366972477065,87.97083839611179,3.567168671341136,15.596330275229349,12.029161603888213,-3.567168671341136,714,655.045871559633,70-90%
1711610,6839319551994939944,2023-04-03 02:57:11+00:00,4.3 Test Service Update,2022-11-25 10:35:04+00:00,128.68202546296297,31-180 days,28,23,71.42857142857143,78.26086956521739,6.83229813664596,28.57142857142857,21.73913043478261,-6.83229813664596,-5,-17.857142857142858,70-90%
1711610,5127964289176078284,2023-08-18 10:04:28+00:00,2023/8/18 Update Log,2022-11-25 10:35:04+00:00,265.97875,>180 days,104,46,81.73076923076923,95.65217391304348,13.921404682274257,18.269230769230774,4.347826086956516,-13.921404682274257,-58,-55.769230769230774,70-90%
1717090,5519792046265096449,2024-01-30 03:46:27+00:00,"Bugs, Balance, Misc.",2024-01-26 20:00:44+00:00,3.3234143518518517,<=30 days (including pre-launch),65,106,93.84615384615384,92.45283018867924,-1.3933236574745962,6.15384615384616,7.547169811320757,1.3933236574745962,41,63.07692307692307,>90%
1717090,5749481331450219126,2024-04-01 04:31:18+00:00,Patch Notes - 3/31/2024,2024-01-26 20:00:44+00:00,65.35456018518518,31-180 days,50,33,94.0,90.9090909090909,-3.0909090909090935,6.0,9.090909090909093,3.0909090909090935,-17,-34.0,>90%
1717090,5842939267350941284,2024-07-08 21:44:41+00:00,"Balance, Balance, Balance",2024-01-26 20:00:44+00:00,164.0721875,31-180 days,65,28,84.61538461538461,92.85714285714286,8.241758241758248,15.384615384615387,7.142857142857139,-8.241758241758248,-37,-56.92307692307692,70-90%
1717090,6212244583191222133,2024-10-21 18:14:33+00:00,Patch Notes - 10/21/2024,2024-01-26 20:00:44+00:00,268.9262615740741,>180 days,31,22,80.64516129032258,100.0,19.354838709677423,19.354838709677423,0.0,-19.354838709677423,-9,-29.03225806451613,70-90%
1719040,1816849002015717,2025-11-21 22:21:18+00:00,Patch #1,2025-11-18 00:00:00+00:00,3.9314583333333335,<=30 days (including pre-launch),222,210,77.02702702702703,81.9047619047619,4.877734877734866,22.97297297297297,18.095238095238102,-4.877734877734866,-12,-5.405405405405405,70-90%
1719040,1822556746168054,2026-01-26 22:50:54+00:00,Patch #4,2025-11-18 00:00:00+00:00,69.95201388888889,31-180 days,54,27,64.81481481481481,77.77777777777779,12.962962962962976,35.18518518518519,22.222222222222214,-12.962962962962976,-27,-50.0,<70%
1721110,1807966710792443,2025-08-12 22:09:07+00:00,UPDATE ON THE SESSION BROWSER ISSUE,2025-08-12 00:00:00+00:00,0.9229976851851852,<=30 days (including pre-launch),160,2488,78.125,87.94212218649517,9.817122186495169,21.875,12.057877813504831,-9.817122186495169,2328,1455.0,70-90%
1721110,1814309641442424,2025-10-23 14:11:33+00:00,HOTFIX #2 - Post Update 1.1,2025-08-12 00:00:00+00:00,72.59135416666666,31-180 days,515,168,78.05825242718447,89.28571428571429,11.227461858529821,21.94174757281553,10.714285714285708,-11.227461858529821,-347,-67.37864077669903,70-90%
1721110,1821288646585864,2026-01-12 13:36:23+00:00,"UPDATE 1.2 ""BRINEFROST"" IS OUT NOW!",2025-08-12 00:00:00+00:00,153.56693287037038,31-180 days,164,415,76.82926829268293,82.40963855421687,5.580370261533943,23.170731707317074,17.59036144578313,-5.580370261533943,251,153.0487804878049,70-90%
1721110,1832065502824148,2026-05-12 15:05:36+00:00,Free Major Update 1.3 Splashes Down June 25!,2025-08-12 00:00:00+00:00,273.62888888888887,>180 days,79,118,78.48101265822784,91.52542372881356,13.044411070585724,21.51898734177216,8.474576271186436,-13.044411070585724,39,49.36708860759494,70-90%
1721110,1841579228661972,2026-08-19 09:01:03+00:00,Abyssus - Hotfix 1.3.62817,2025-08-12 00:00:00+00:00,372.37572916666664,>180 days,310,174,86.45161290322581,86.20689655172413,-0.2447163515016797,13.548387096774192,13.793103448275872,0.2447163515016797,-136,-43.87096774193549,70-90%
1724770,5151600576591955730,2023-05-26 14:54:39+00:00,vEA_01a Patch is Online,2023-05-17 16:01:31+00:00,8.953564814814815,<=30 days (including pre-launch),161,54,92.54658385093167,85.18518518518519,-7.361398665746478,7.453416149068332,14.81481481481481,7.361398665746478,-107,-66.45962732919256,>90%
1724770,5141476355665267971,2023-09-02 15:38:35+00:00,vEA_0.4c Update,2023-05-17 16:01:31+00:00,107.98407407407407,31-180 days,33,20,90.9090909090909,100.0,9.090909090909093,9.090909090909093,0.0,-9.090909090909093,-13,-39.39393939393939,>90%
1724770,6146943657174031989,2024-11-04 15:09:46+00:00,vEA_09a - Hotfix,2023-05-17 16:01:31+00:00,536.9640625,>180 days,20,39,65.0,89.74358974358975,24.74358974358975,35.0,10.256410256410248,-24.74358974358975,19,95.0,<70%
1724770,1797185861641269,2025-04-17 14:47:06+00:00,Path 1.01 - Respec Cost reduction and more.,2023-05-17 16:01:31+00:00,700.9483217592592,>180 days,78,33,71.7948717948718,75.75757575757575,3.962703962703955,28.205128205128204,24.24242424242425,-3.962703962703955,-45,-57.692307692307686,70-90%
1739650,5035622743886577699,2023-02-04 08:48:46+00:00,Hotpatch Version 0.5.4,2023-02-01 00:00:00+00:00,3.3671990740740743,<=30 days (including pre-launch),83,30,55.42168674698795,73.33333333333333,17.911646586345377,44.57831325301205,26.66666666666667,-17.911646586345377,-53,-63.85542168674698,<70%
1740720,5631194088558973209,2022-03-10 18:30:31+00:00,Early Access Hotfix - 2022/03/10,2022-03-08 18:00:00+00:00,2.02119212962963,<=30 days (including pre-launch),539,1551,86.2708719851577,84.97743391360413,-1.2934380715535667,13.729128014842303,15.02256608639587,1.2934380715535667,1012,187.75510204081633,70-90%
1740720,4348799082209119262,2022-05-10 17:29:14+00:00,Infrastructure Development - Update Notes,2022-03-08 18:00:00+00:00,62.97863425925926,31-180 days,444,465,85.8108108108108,92.90322580645162,7.092414995640809,14.189189189189193,7.096774193548384,-7.092414995640809,21,4.72972972972973,70-90%
1740720,4591999790063654428,2022-07-13 17:30:33+00:00,Early Access Hotfix - 2022/07/13,2022-03-08 18:00:00+00:00,126.97954861111111,31-180 days,342,277,88.30409356725146,89.89169675090253,1.5876031836510691,11.695906432748544,10.108303249097474,-1.5876031836510691,-65,-19.005847953216374,70-90%
1740720,4589754330747565752,2022-09-26 19:30:22+00:00,Natural Disasters Update Arriving SEPTEMBER 29TH,2022-03-08 18:00:00+00:00,202.06275462962964,>180 days,254,256,79.13385826771653,86.71875,7.584891732283467,20.866141732283467,13.28125,-7.584891732283467,2,0.7874015748031495,70-90%
1740720,5623338145751478848,2022-12-15 18:00:22+00:00,The Executive Decisions Update is LIVE!,2022-03-08 18:00:00+00:00,282.00025462962964,>180 days,738,242,96.2059620596206,83.05785123966942,-13.148110819951185,3.794037940379397,16.942148760330582,13.148110819951185,-496,-67.20867208672087,>90%
1740720,5125698536872696585,2023-03-21 17:00:15+00:00,Launch Update Notes,2022-03-08 18:00:00+00:00,377.9585069444444,>180 days,132,936,93.93939393939394,76.70940170940172,-17.22999222999222,6.060606060606062,23.290598290598282,17.22999222999222,804,609.0909090909091,>90%
1740720,5395937983665318603,2023-12-01 17:12:36+00:00,Minor Hotfix Patch,2022-03-08 18:00:00+00:00,632.9670833333333,>180 days,570,115,95.78947368421052,82.6086956521739,-13.180778032036613,4.21052631578948,17.391304347826093,13.180778032036613,-455,-79.82456140350878,>90%
1740720,5686430301715038955,2024-03-20 17:56:20+00:00,"Minor Hotfix - March 18, 2024",2022-03-08 18:00:00+00:00,742.9974537037037,>180 days,86,98,82.55813953488372,86.73469387755102,4.176554342667302,17.441860465116278,13.265306122448976,-4.176554342667302,12,13.953488372093023,70-90%
1755830,5219165352630660234,2023-09-23 10:45:14+00:00,Localization Patch and Bug Fixes - v1.0.26,2023-09-21 00:00:00+00:00,2.4480787037037035,<=30 days (including pre-launch),184,1817,97.82608695652173,93.4507429829389,-4.3753439735828294,2.173913043478265,6.549257017061095,4.3753439735828294,1633,887.5,>90%
1755830,5409450219974996053,2023-12-15 05:04:07+00:00,"Controller Improvements, Localization Fixes and minor Balancing - v1.0.335",2023-09-21 00:00:00+00:00,85.21119212962962,31-180 days,396,160,95.95959595959596,86.25,-9.709595959595958,4.0404040404040416,13.75,9.709595959595958,-236,-59.59595959595959,>90%
1755830,8033928544511966324,2024-02-20 21:30:07+00:00,Development Update: Mod Support,2023-09-21 00:00:00+00:00,152.89591435185184,31-180 days,62,114,90.32258064516128,82.45614035087719,-7.866440294284089,9.677419354838719,17.54385964912281,7.866440294284089,52,83.87096774193549,>90%
1755830,5768625435397338189,2024-05-10 00:32:55+00:00,Bug Fixes - v1.1.42,2023-09-21 00:00:00+00:00,232.0228587962963,>180 days,99,54,89.8989898989899,88.88888888888889,-1.0101010101010104,10.101010101010104,11.111111111111114,1.0101010101010104,-45,-45.45454545454545,70-90%
1755830,5963414363395956341,2024-08-10 01:17:34+00:00,Reworks and Balancing - v1.1.565,2023-09-21 00:00:00+00:00,324.0538657407407,>180 days,34,64,88.23529411764706,87.5,-0.735294117647058,11.764705882352942,12.5,0.735294117647058,30,88.23529411764706,70-90%
1755830,6212244583181124505,2024-10-18 23:45:14+00:00,Bug Fixes - v1.2.108,2023-09-21 00:00:00+00:00,393.9897453703704,>180 days,192,84,90.10416666666666,86.90476190476191,-3.199404761904745,9.895833333333343,13.095238095238088,3.199404761904745,-108,-56.25,>90%
1755830,1786573930704701,2024-12-22 01:49:12+00:00,Bug Fixes - v1.2.156,2023-09-21 00:00:00+00:00,458.0758333333333,>180 days,93,80,91.39784946236558,87.5,-3.897849462365585,8.602150537634415,12.5,3.897849462365585,-13,-13.978494623655912,>90%
1755830,1792116353248394,2025-02-22 04:32:39+00:00,Beta Test Reworks and Balancing - v1.2.205,2023-09-21 00:00:00+00:00,520.1893402777778,>180 days,43,52,93.02325581395348,94.23076923076923,1.2075134168157433,6.976744186046517,5.769230769230774,-1.2075134168157433,9,20.930232558139537,>90%
1755830,1825727806712499,2026-02-28 02:36:28+00:00,Beta Test Reworks and Balancing - v1.2.872,2023-09-21 00:00:00+00:00,891.1086574074075,>180 days,21,30,76.19047619047619,90.0,13.80952380952381,23.80952380952381,10.0,-13.80952380952381,9,42.857142857142854,70-90%
1755830,1832065502810831,2026-05-07 03:49:18+00:00,Beta Test Reworks and Balancing - v1.2.918,2023-09-21 00:00:00+00:00,959.1592361111111,>180 days,21,27,90.47619047619048,85.18518518518519,-5.291005291005291,9.523809523809518,14.81481481481481,5.291005291005291,6,28.57142857142857,>90%
1757300,1811138915463914,2025-09-20 17:28:25+00:00,"First Patch, fixes crash when playing in Japanese/Ukrainian/Russian",2025-09-19 00:00:00+00:00,1.7280671296296297,<=30 days (including pre-launch),1290,4977,89.6124031007752,87.28149487643158,-2.3309082243436166,10.387596899224803,12.71850512356842,2.3309082243436166,3687,285.8139534883721,70-90%
1757300,1816849002013326,2025-11-21 09:52:57+00:00,Hotfix 13 - 0.5.11.28,2025-09-19 00:00:00+00:00,63.411770833333335,31-180 days,787,1070,82.46505717916138,91.77570093457945,9.31064375541807,17.534942820838623,8.224299065420553,-9.31064375541807,283,35.95933926302414,70-90%
1757300,1822556746158580,2026-01-22 10:33:19+00:00,Hotfix 21 - v0.5.12.47,2025-09-19 00:00:00+00:00,125.43980324074074,31-180 days,910,270,80.32967032967034,81.85185185185185,1.522181522181512,19.670329670329664,18.148148148148152,-1.522181522181512,-640,-70.32967032967034,70-90%
1757300,1827626365767588,2026-03-25 09:27:01+00:00,The Heated Update is HERE!,2025-09-19 00:00:00+00:00,187.39376157407406,>180 days,222,722,84.23423423423422,82.82548476454294,-1.408749469691287,15.765765765765778,17.174515235457065,1.408749469691287,500,225.22522522522524,70-90%
1757300,1835236783563607,2026-06-12 14:12:45+00:00,Test Our Biggest Update Right Now!,2025-09-19 00:00:00+00:00,266.5921875,>180 days,308,641,85.3896103896104,75.97503900156006,-9.414571388050334,14.610389610389603,24.024960998439937,9.414571388050334,333,108.11688311688312,70-90%
1757300,1843481262701607,2026-09-14 12:56:35+00:00,Anniversary Update is OUT + Free Weekend,2025-09-19 00:00:00+00:00,360.5392939814815,>180 days,183,1001,85.24590163934425,78.82117882117882,-6.424722818165435,14.754098360655746,21.17882117882118,6.424722818165435,818,446.9945355191257,70-90%
1761380,4348798430273861535,2022-04-28 09:02:11+00:00,4.28 Changelog,2024-10-30 00:00:00+00:00,-915.6234837962963,<=30 days (including pre-launch),48,382,50.0,43.455497382198956,-6.544502617801044,50.0,56.544502617801044,6.544502617801044,334,695.8333333333333,<70%
1761380,4587497456675532955,2022-07-27 02:08:15+00:00,1.13.1 patch note,2024-10-30 00:00:00+00:00,-825.9109375,<=30 days (including pre-launch),26,23,53.84615384615385,60.86956521739131,7.023411371237465,46.15384615384615,39.13043478260869,-7.023411371237465,-3,-11.538461538461538,<70%
1761380,4789043687473514634,2022-11-17 09:40:58+00:00,v1.14.3 patch,2024-10-30 00:00:00+00:00,-712.596550925926,<=30 days (including pre-launch),22,43,81.81818181818183,83.72093023255815,1.902748414376319,18.181818181818173,16.279069767441854,-1.902748414376319,21,95.45454545454545,70-90%
1761380,6146943657174026712,2024-11-04 11:19:52+00:00,v2.5.1 Patch Note,2024-10-30 00:00:00+00:00,5.47212962962963,<=30 days (including pre-launch),53,124,41.509433962264154,68.54838709677419,27.038953134510038,58.490566037735846,31.451612903225808,-27.038953134510038,71,133.96226415094338,<70%
1761380,1788311419161638,2025-01-14 02:02:38+00:00,v2.7.0 Spring Update,2024-10-30 00:00:00+00:00,76.08516203703704,31-180 days,49,44,81.63265306122449,75.0,-6.632653061224488,18.367346938775512,25.0,6.632653061224488,-5,-10.204081632653061,70-90%
1761380,1796631172393190,2025-04-15 03:07:34+00:00,"v2.9.0 Update! New Hero, New Event & New Skins!",2024-10-30 00:00:00+00:00,167.13025462962963,31-180 days,29,44,79.3103448275862,79.54545454545455,0.23510971786834034,20.689655172413794,20.454545454545453,-0.23510971786834034,15,51.724137931034484,70-90%
1761380,1805431065321203,2025-07-17 02:02:22+00:00,v2.11.0 Updates,2024-10-30 00:00:00+00:00,260.0849768518519,>180 days,32,32,75.0,68.75,-6.25,25.0,31.25,6.25,0,0.0,70-90%
1761380,1810503566564264,2025-09-16 02:00:46+00:00,v2.13.0 Patch Note,2024-10-30 00:00:00+00:00,321.08386574074075,>180 days,31,26,80.64516129032258,69.23076923076923,-11.41439205955335,19.354838709677423,30.769230769230774,11.41439205955335,-5,-16.129032258064516,70-90%
1761380,1818752592122443,2025-12-11 02:44:15+00:00,v2.16.0 Patch Note,2024-10-30 00:00:00+00:00,407.1140625,>180 days,51,29,84.31372549019608,79.3103448275862,-5.003380662609871,15.686274509803923,20.689655172413794,5.003380662609871,-22,-43.13725490196079,70-90%
1761380,1828441623111027,2026-03-31 02:01:07+00:00,v3.0.0 Update | New Gacha. New Pass. New Auto Chess!,2024-10-30 00:00:00+00:00,517.0841087962963,>180 days,24,30,91.66666666666666,86.66666666666667,-4.999999999999986,8.333333333333343,13.333333333333329,4.999999999999986,6,25.0,>90%
1761380,1835871199302518,2026-06-18 02:00:41+00:00,v3.3.0 Update | New Hero Sawra!,2024-10-30 00:00:00+00:00,596.0838078703704,>180 days,28,35,75.0,82.85714285714286,7.857142857142861,25.0,17.14285714285714,-7.857142857142861,7,25.0,70-90%
1763250,1790848102754685,2025-02-10 16:18:32+00:00,SWORN Hotfix Patch #1 [NOW LIVE],2025-02-06 16:59:18+00:00,3.9716898148148148,<=30 days (including pre-launch),789,1098,85.93155893536122,82.5136612021858,-3.4178977331754226,14.068441064638776,17.4863387978142,3.4178977331754226,309,39.163498098859314,70-90%
1763250,1796631172378691,2025-04-14 16:12:48+00:00,Sworn Patch #8 is LIVE (v0.51.2.0.613),2025-02-06 16:59:18+00:00,66.96770833333333,31-180 days,318,133,82.70440251572327,76.69172932330827,-6.012673192415008,17.295597484276726,23.308270676691734,6.012673192415008,-185,-58.17610062893082,70-90%
1763250,1809235871592550,2025-08-28 17:09:23+00:00,SWORN 1.0 Launches September 23,2025-02-06 16:59:18+00:00,203.00700231481483,>180 days,85,300,82.35294117647058,70.66666666666667,-11.686274509803908,17.64705882352942,29.33333333333333,11.686274509803908,215,252.94117647058823,70-90%
1763250,1814942955107007,2025-10-29 17:22:12+00:00,SWORN 1.0 Patch #2 is LIVE (v1.0.2.0.1054),2025-02-06 16:59:18+00:00,265.0159027777778,>180 days,224,180,75.89285714285714,85.55555555555556,9.662698412698418,24.10714285714286,14.444444444444443,-9.662698412698418,-44,-19.642857142857142,70-90%
1763250,1822556746167459,2026-01-26 17:03:33+00:00,SWORN 1.0 Patch #5 is LIVE (v1.1.2.0.1172),2025-02-06 16:59:18+00:00,354.0029513888889,>180 days,209,154,77.99043062200957,73.37662337662337,-4.613807245386198,22.00956937799043,26.62337662337663,4.613807245386198,-55,-26.31578947368421,70-90%
1763250,1833334318566407,2026-05-20 14:18:55+00:00,SWORN 1.0 Minor Bug Fix Update LIVE (v1.2.0.1),2025-02-06 16:59:18+00:00,467.88862268518517,>180 days,146,121,84.24657534246576,77.68595041322314,-6.560624929242621,15.75342465753424,22.31404958677686,6.560624929242621,-25,-17.123287671232877,70-90%
1766010,4514316500011552314,2022-08-27 23:40:03+00:00,Hotfix 1,2022-08-25 00:00:00+00:00,2.9861458333333335,<=30 days (including pre-launch),53,77,94.33962264150944,94.8051948051948,0.4655721636853656,5.660377358490564,5.194805194805198,-0.4655721636853656,24,45.28301886792453,>90%
1766010,4979322040011293559,2022-11-30 01:31:02+00:00,Getting back to develompent with weekly updates,2022-08-25 00:00:00+00:00,97.0632175925926,31-180 days,40,21,95.0,100.0,5.0,5.0,0.0,-5.0,-19,-47.5,>90%
1766390,4347669995460172710,2022-03-31 12:36:10+00:00,First Update - Fixing some player issues and some more balancing!,2022-03-29 00:00:00+00:00,2.5251157407407407,<=30 days (including pre-launch),121,249,95.0413223140496,85.94377510040161,-9.097547213647985,4.958677685950406,14.05622489959839,9.097547213647985,128,105.78512396694215,>90%
1769170,4347669995469283291,2022-04-03 00:37:54+00:00,v1.2.1,2022-03-23 00:00:00+00:00,11.026319444444445,<=30 days (including pre-launch),238,94,96.21848739495799,92.5531914893617,-3.6652959055962953,3.7815126050420105,7.446808510638306,3.6652959055962953,-144,-60.50420168067227,>90%
1769170,4474904295777770874,2022-07-06 17:15:30+00:00,Shattered Pixel Dungeon v1.3.0!,2022-03-23 00:00:00+00:00,105.71909722222222,31-180 days,29,39,89.65517241379311,97.43589743589743,7.7807250221043205,10.34482758620689,2.564102564102569,-7.7807250221043205,10,34.48275862068966,70-90%
1769170,4613399405933864775,2022-10-04 19:36:47+00:00,Shattered Pixel Dungeon v1.4.0!,2022-03-23 00:00:00+00:00,195.81721064814815,>180 days,25,38,100.0,97.36842105263158,-2.631578947368425,0.0,2.631578947368425,2.631578947368425,13,52.0,>90%
1769170,5070528810307268707,2023-03-13 16:55:40+00:00,Shattered Pixel Dungeon v2.0.0!,2022-03-23 00:00:00+00:00,355.7053240740741,>180 days,22,51,100.0,90.19607843137256,-9.803921568627445,0.0,9.803921568627445,9.803921568627445,29,131.8181818181818,>90%
1769170,5124582150167876952,2023-07-09 17:32:04+00:00,v2.1.4,2022-03-23 00:00:00+00:00,473.7306018518519,>180 days,20,23,90.0,95.65217391304348,5.652173913043484,10.0,4.347826086956516,-5.652173913043484,3,15.0,70-90%
1769170,5229301621577001640,2023-10-26 19:11:25+00:00,v2.2.1 - bugfixes and new quest reward tweaks,2022-03-23 00:00:00+00:00,582.7995949074074,>180 days,29,41,89.65517241379311,90.2439024390244,0.5887300252312855,10.34482758620689,9.756097560975604,-0.5887300252312855,12,41.37931034482759,70-90%
1769170,5510784213098623029,2024-01-18 17:57:16+00:00,Shattered Pixel Dungeon v2.3.0!,2022-03-23 00:00:00+00:00,666.7481018518519,>180 days,40,37,100.0,91.8918918918919,-8.108108108108098,0.0,8.108108108108098,8.108108108108098,-3,-7.5,>90%
1769170,5747233970415222480,2024-05-15 15:31:49+00:00,Shattered Pixel Dungeon v2.4.0!,2022-03-23 00:00:00+00:00,784.6470949074074,>180 days,30,28,90.0,100.0,10.0,10.0,0.0,-10.0,-2,-6.666666666666667,70-90%
1769170,6250522009510014611,2024-09-11 16:36:18+00:00,Shattered Pixel Dungeon v2.5.0!,2022-03-23 00:00:00+00:00,903.691875,>180 days,32,47,90.625,100.0,9.375,9.375,0.0,-9.375,15,46.875,>90%
1769170,1792751526013721,2025-02-27 17:01:59+00:00,Shattered Pixel Dungeon v3.0.0!,2022-03-23 00:00:00+00:00,1072.709710648148,>180 days,22,49,90.9090909090909,89.79591836734694,-1.113172541743964,9.090909090909093,10.204081632653057,1.113172541743964,27,122.72727272727273,>90%
1769170,1800991756447771,2025-06-02 18:00:44+00:00,Shattered Pixel Dungeon v3.1.0!,2022-03-23 00:00:00+00:00,1167.7505092592592,>180 days,24,45,91.66666666666666,93.33333333333333,1.6666666666666714,8.333333333333343,6.666666666666671,-1.6666666666666714,21,87.5,>90%
1769170,1806698490815579,2025-08-04 16:01:08+00:00,Shattered Pixel Dungeon v3.2.0!,2022-03-23 00:00:00+00:00,1230.6674537037038,>180 days,27,45,92.5925925925926,95.55555555555556,2.962962962962962,7.407407407407405,4.444444444444443,-2.962962962962962,18,66.66666666666666,>90%
1769170,1818118366173495,2025-12-04 16:58:12+00:00,Shattered Pixel Dungeon v3.3.0!,2022-03-23 00:00:00+00:00,1352.7070833333332,>180 days,77,47,96.1038961038961,93.61702127659575,-2.4868748273003547,3.896103896103895,6.38297872340425,2.4868748273003547,-30,-38.961038961038966,>90%
1769170,1823825466497331,2026-02-05 17:30:59+00:00,v3.3.5,2022-03-23 00:00:00+00:00,1415.7298495370371,>180 days,34,33,91.17647058823529,100.0,8.82352941176471,8.82352941176471,0.0,-8.82352941176471,-1,-2.941176470588235,>90%
1769170,1843481262689724,2026-09-09 16:59:30+00:00,Shattered Pixel Dungeon v4.0.0!,2022-03-23 00:00:00+00:00,1631.707986111111,>180 days,39,40,89.74358974358975,90.0,0.2564102564102484,10.256410256410248,10.0,-0.2564102564102484,1,2.564102564102564,70-90%
1779760,5124584686258934604,2023-07-31 01:54:16+00:00,V0.2.04 Early Access 2023.07.31 更新,2023-07-28 02:04:14+00:00,2.993078703703704,<=30 days (including pre-launch),26,28,76.92307692307693,85.71428571428571,8.791208791208774,23.076923076923066,14.285714285714292,-8.791208791208774,2,7.6923076923076925,70-90%
1782460,1805431065507221,2025-07-22 19:50:47+00:00,Hotfix 1,2025-07-22 00:00:00+00:00,0.8269328703703703,<=30 days (including pre-launch),93,2025,90.32258064516128,82.96296296296296,-7.359617682198319,9.677419354838719,17.037037037037038,7.359617682198319,1932,2077.4193548387098,>90%
1782460,1811138915525979,2025-09-22 16:01:57+00:00,1.1 Design Manifesto & Patch Notes,2025-07-22 00:00:00+00:00,62.66802083333334,31-180 days,321,225,83.48909657320873,82.66666666666667,-0.8224299065420553,16.510903426791273,17.33333333333333,0.8224299065420553,-96,-29.906542056074763,70-90%
1782460,1816849002017534,2025-11-22 20:58:50+00:00,Update 1.2 - Movement Revamp is Now Available,2025-07-22 00:00:00+00:00,123.87418981481481,31-180 days,92,324,81.52173913043478,90.4320987654321,8.91035963499732,18.47826086956522,9.567901234567898,-8.91035963499732,232,252.17391304347828,70-90%
1782460,1837955055357822,2026-07-10 19:31:56+00:00,Cursed War 2.0.0 Hotfix 1,2025-07-22 00:00:00+00:00,353.8138425925926,>180 days,257,322,78.59922178988327,87.88819875776397,9.2889769678807,21.400778210116727,12.111801242236027,-9.2889769678807,65,25.291828793774318,70-90%
1793330,1815580768304129,2025-11-07 19:51:01+00:00,Bug fixes and Tweaks,2025-11-06 00:00:00+00:00,1.8270949074074074,<=30 days (including pre-launch),42,92,90.47619047619048,85.86956521739131,-4.60662525879917,9.523809523809518,14.130434782608688,4.60662525879917,50,119.04761904761905,>90%
1803400,4732747437203088801,2022-11-03 20:44:24+00:00,0.2.10 - Patch Update,2022-11-03 15:05:22+00:00,0.23543981481481482,<=30 days (including pre-launch),25,165,92.0,82.42424242424242,-9.575757575757578,8.0,17.575757575757578,9.575757575757578,140,560.0,>90%
1803400,5035620840550343373,2023-01-17 20:17:30+00:00,0.4.2,2022-11-03 15:05:22+00:00,75.21675925925926,31-180 days,77,38,71.42857142857143,81.57894736842105,10.150375939849624,28.57142857142857,18.421052631578945,-10.150375939849624,-39,-50.649350649350644,70-90%
1803400,5125698536869237188,2023-03-20 18:13:23+00:00,0.6.6,2022-11-03 15:05:22+00:00,137.13056712962964,31-180 days,39,35,84.61538461538461,77.14285714285715,-7.47252747252746,15.384615384615387,22.857142857142847,7.47252747252746,-4,-10.256410256410255,70-90%
1803400,5129083846335761779,2023-06-07 15:58:25+00:00,0.7.1,2022-11-03 15:05:22+00:00,216.03684027777777,>180 days,31,28,80.64516129032258,75.0,-5.6451612903225765,19.354838709677423,25.0,5.6451612903225765,-3,-9.67741935483871,70-90%
1803400,5220291886489968703,2023-09-29 08:21:14+00:00,1.0.10 Update - Stability improvements,2022-11-03 15:05:22+00:00,329.71935185185185,>180 days,58,211,81.03448275862068,76.77725118483413,-4.257231573786555,18.965517241379317,23.222748815165872,4.257231573786555,153,263.7931034482759,70-90%
1803400,5397065151386521724,2023-12-13 16:42:39+00:00,1.0.22,2022-11-03 15:05:22+00:00,405.06755787037036,>180 days,74,29,89.1891891891892,75.86206896551724,-13.327120223671955,10.810810810810807,24.13793103448276,13.327120223671955,-45,-60.810810810810814,70-90%
1803400,5750603429273287066,2024-02-14 17:18:07+00:00,1.1.0,2022-11-03 15:05:22+00:00,468.0921875,>180 days,33,20,75.75757575757575,80.0,4.242424242424249,24.24242424242425,20.0,-4.242424242424249,-13,-39.39393939393939,70-90%
1803400,1786573930741314,2024-12-23 05:41:55+00:00,1.1.3,2022-11-03 15:05:22+00:00,780.6087152777778,>180 days,20,71,85.0,66.19718309859155,-18.80281690140845,15.0,33.80281690140845,18.80281690140845,51,254.99999999999997,70-90%
1807090,5322753221338681020,2023-11-15 15:26:24+00:00,Patch 2 Changelog,2023-11-08 13:03:44+00:00,7.099074074074074,<=30 days (including pre-launch),26,20,92.3076923076923,95.0,2.6923076923076934,7.692307692307693,5.0,-2.6923076923076934,-6,-23.076923076923077,>90%
1807090,5742731639326263408,2024-05-29 12:08:45+00:00,Patch 1.0.981,2023-11-08 13:03:44+00:00,202.96181712962962,>180 days,26,29,88.46153846153845,93.10344827586206,4.641909814323611,11.538461538461547,6.896551724137936,-4.641909814323611,3,11.538461538461538,70-90%
1808320,1815034432900381,2025-10-31 10:24:21+00:00,FIXES! :-) New Sound Effects + Improved Readability + Achievements,2024-11-15 00:00:00+00:00,350.43357638888887,>180 days,65,64,96.92307692307692,100.0,3.07692307692308,3.07692307692308,0.0,-3.07692307692308,-1,-1.5384615384615385,>90%
1811430,4598755821876642892,2022-07-24 16:51:09+00:00,Major Update 0.4,2022-07-19 00:00:00+00:00,5.7021875,<=30 days (including pre-launch),22,47,81.81818181818183,89.36170212765957,7.543520309477742,18.181818181818173,10.63829787234043,-7.543520309477742,25,113.63636363636364,70-90%
1812060,4613399405943573195,2022-10-07 11:32:57+00:00,v1.06 Update Notes,2022-09-28 00:00:00+00:00,9.481215277777778,<=30 days (including pre-launch),185,81,87.56756756756758,88.88888888888889,1.3213213213213066,12.432432432432421,11.111111111111114,-1.3213213213213066,-104,-56.21621621621622,70-90%
1812060,5035621474422123399,2023-01-22 14:35:27+00:00,v1.4【Event】The Revenge of Angry Sushi,2022-09-28 00:00:00+00:00,116.60795138888889,31-180 days,41,37,87.8048780487805,100.0,12.195121951219505,12.195121951219505,0.0,-12.195121951219505,-4,-9.75609756097561,70-90%
1812060,6839319551990272207,2023-04-01 20:12:14+00:00,v2.02 Update Notes,2022-09-28 00:00:00+00:00,185.8418287037037,>180 days,27,31,96.29629629629629,87.09677419354838,-9.199522102747906,3.7037037037037095,12.903225806451616,9.199522102747906,4,14.814814814814813,>90%
1812060,5124582150173972247,2023-07-11 09:40:46+00:00,v2.12d Update Notes,2022-09-28 00:00:00+00:00,286.4033101851852,>180 days,25,42,88.0,95.23809523809523,7.238095238095227,12.0,4.761904761904773,-7.238095238095227,17,68.0,70-90%
1812060,5395937983664523793,2023-12-01 11:58:52+00:00,v2.12e Update Notes,2022-09-28 00:00:00+00:00,429.499212962963,>180 days,29,28,89.65517241379311,89.28571428571429,-0.3694581280788185,10.34482758620689,10.714285714285708,0.3694581280788185,-1,-3.4482758620689653,70-90%
1812060,8033928544492650035,2024-02-15 14:19:07+00:00,v2.2.4 Update Notes,2022-09-28 00:00:00+00:00,505.5966087962963,>180 days,28,26,96.42857142857143,100.0,3.5714285714285694,3.5714285714285694,0.0,-3.5714285714285694,-2,-7.142857142857142,>90%
1815230,6214419130142482152,2022-06-17 12:25:29+00:00,Summum Aeterna v0.1.004 Patch Notes,2022-06-16 13:41:52+00:00,0.9469560185185185,<=30 days (including pre-launch),31,53,100.0,94.33962264150944,-5.660377358490564,0.0,5.660377358490564,5.660377358490564,22,70.96774193548387,>90%
1817500,1816849002020415,2025-11-24 15:48:35+00:00,Quick Hotfix #1,2025-11-24 00:00:00+00:00,0.6587384259259259,<=30 days (including pre-launch),24,681,95.83333333333334,94.7136563876652,-1.1196769456681466,4.166666666666657,5.286343612334804,1.1196769456681466,657,2737.5,>90%
1824580,5133583642656026475,2023-04-28 21:33:40+00:00,Dungeon Drafters: Our First Update!,2023-04-27 00:00:00+00:00,1.8983796296296296,<=30 days (including pre-launch),116,215,76.72413793103449,79.53488372093022,2.8107457898957335,23.27586206896551,20.465116279069775,-2.8107457898957335,99,85.34482758620689,70-90%
1824580,5741605105612687104,2024-05-25 00:57:48+00:00,📝 Patch Notes and Hotfixes [1.1.1.1 → 1.1.1.5],2023-04-27 00:00:00+00:00,394.04013888888886,>180 days,37,22,67.56756756756756,68.18181818181817,0.6142506142506079,32.432432432432435,31.818181818181827,-0.6142506142506079,-15,-40.54054054054054,<70%
1830970,5510784213113707513,2024-01-22 21:15:46+00:00,Patch 0.6.5,2024-01-17 16:59:25+00:00,5.178020833333333,<=30 days (including pre-launch),494,366,87.85425101214574,85.24590163934425,-2.6083493728014844,12.145748987854262,14.754098360655746,2.6083493728014844,-128,-25.910931174089068,70-90%
1830970,5749481331452336618,2024-04-01 18:27:38+00:00,Balance and Passives Update (0.6.8),2024-01-17 16:59:25+00:00,75.06126157407408,31-180 days,117,109,82.05128205128204,88.9908256880734,6.939543636791356,17.948717948717956,11.0091743119266,-6.939543636791356,-8,-6.837606837606838,70-90%
1830970,5742731639349178410,2024-06-04 19:00:51+00:00,Fight Variations Update (0.7.1),2024-01-17 16:59:25+00:00,139.0843287037037,31-180 days,82,72,82.92682926829268,90.27777777777779,7.350948509485107,17.07317073170732,9.722222222222214,-7.350948509485107,-10,-12.195121951219512,70-90%
1830970,6909171012607122427,2024-08-18 16:38:59+00:00,Quality of Life Update (0.8.2),2024-01-17 16:59:25+00:00,213.9858101851852,>180 days,44,54,81.81818181818183,85.18518518518519,3.3670033670033632,18.181818181818173,14.81481481481481,-3.3670033670033632,10,22.727272727272727,70-90%
1830970,6212244583195401342,2024-10-22 21:45:10+00:00,Balance Update #3 (0.9.1),2024-01-17 16:59:25+00:00,279.1984375,>180 days,38,21,78.94736842105263,71.42857142857143,-7.5187969924811995,21.05263157894737,28.57142857142857,7.5187969924811995,-17,-44.73684210526316,70-90%
1830970,1787858252761679,2025-01-03 23:28:32+00:00,"The Last Flame 1.0 will release on Jan 9th, 1pm EST!",2024-01-17 16:59:25+00:00,352.2702199074074,>180 days,39,525,94.87179487179486,81.14285714285714,-13.728937728937723,5.128205128205138,18.85714285714286,13.728937728937723,486,1246.1538461538462,>90%
1830970,1794102528179965,2025-03-16 19:10:04+00:00,More Balance Update (1.0.2),2024-01-17 16:59:25+00:00,424.0907291666667,>180 days,150,74,87.33333333333333,82.43243243243244,-4.9009009009008935,12.666666666666671,17.567567567567565,4.9009009009008935,-76,-50.66666666666667,70-90%
1830970,1802893906835218,2025-06-22 19:47:23+00:00,Balance Update #6 (1.0.3),2024-01-17 16:59:25+00:00,522.1166435185186,>180 days,43,41,81.3953488372093,73.17073170731707,-8.224617129892223,18.604651162790702,26.829268292682926,8.224617129892223,-2,-4.651162790697675,70-90%
1833680,6212245217911845919,2024-10-25 06:11:48+00:00,Gameplay Update,2024-10-22 00:00:00+00:00,3.2581944444444444,<=30 days (including pre-launch),22,38,68.18181818181817,81.57894736842105,13.397129186602882,31.818181818181827,18.421052631578945,-13.397129186602882,16,72.72727272727273,<70%
1840790,5138087875082670566,2023-05-05 10:16:28+00:00,2023.5.5 update3,2023-05-04 00:00:00+00:00,1.4281018518518518,<=30 days (including pre-launch),22,34,86.36363636363636,79.41176470588235,-6.951871657754012,13.63636363636364,20.588235294117652,6.951871657754012,12,54.54545454545454,70-90%
1842730,5756237364302763622,2024-04-03 01:54:19+00:00,Update - v1.0.2 Bug Fixes and Minor Changes,2022-01-07 01:43:43+00:00,817.0073611111111,>180 days,29,69,86.20689655172413,84.05797101449275,-2.148925537231378,13.793103448275872,15.94202898550725,2.148925537231378,40,137.93103448275863,70-90%
1844130,5749481331437937836,2024-03-28 19:38:46+00:00,Update 0.9.8.1b,2024-03-25 13:58:11+00:00,3.2365162037037036,<=30 days (including pre-launch),31,37,67.74193548387096,72.97297297297297,5.2310374891020075,32.25806451612904,27.02702702702703,-5.2310374891020075,6,19.35483870967742,<70%
1847150,5747233970415016828,2024-05-15 14:10:43+00:00,Touhou Genso Wanderer -Foresight- Ver1.02 Released,2024-05-14 00:00:00+00:00,1.590775462962963,<=30 days (including pre-launch),28,226,85.71428571428571,42.47787610619469,-43.236409608091016,14.285714285714292,57.52212389380531,43.236409608091016,198,707.1428571428571,70-90%
1848710,6258337460553513658,2022-09-18 06:13:14+00:00,Ver.1.02（2022.9.18）Patch Notes,2022-09-16 00:00:00+00:00,2.259189814814815,<=30 days (including pre-launch),28,55,78.57142857142857,85.45454545454545,6.883116883116884,21.42857142857143,14.545454545454547,-6.883116883116884,27,96.42857142857143,70-90%
1855890,1783238125375553,2024-11-19 13:40:52+00:00,First HotFix is here!,2024-11-15 00:00:00+00:00,4.570046296296296,<=30 days (including pre-launch),34,27,52.94117647058824,44.44444444444444,-8.496732026143796,47.05882352941176,55.55555555555556,8.496732026143796,-7,-20.588235294117645,<70%
1860600,4246335832512785312,2022-02-25 19:55:01+00:00,"Fixing bugs, etc",2022-02-22 00:00:00+00:00,3.829872685185185,<=30 days (including pre-launch),32,34,81.25,67.64705882352942,-13.60294117647058,18.75,32.35294117647058,13.60294117647058,2,6.25,70-90%
1863750,4235075565594833347,2022-02-09 09:07:43+00:00,挂机神话圆饼计划 20220209 小更,2022-02-07 01:01:48+00:00,2.3374421296296295,<=30 days (including pre-launch),41,170,82.92682926829268,92.94117647058823,10.014347202295554,17.07317073170732,7.058823529411768,-10.014347202295554,129,314.6341463414634,70-90%
1863750,4353300134238068782,2022-04-11 02:48:30+00:00,挂机神话 20220411 圆饼出击,2022-02-07 01:01:48+00:00,63.07409722222222,31-180 days,166,188,90.96385542168674,93.61702127659575,2.6531658549090054,9.036144578313255,6.38297872340425,-2.6531658549090054,22,13.253012048192772,>90%
1863750,4480532686350022938,2022-06-10 05:15:41+00:00,挂机神话 20220610 圆饼出击,2022-02-07 01:01:48+00:00,123.17630787037037,31-180 days,195,142,95.8974358974359,91.54929577464789,-4.34814012278801,4.102564102564102,8.450704225352112,4.34814012278801,-53,-27.17948717948718,>90%
1863750,4607764924151558224,2022-08-11 23:06:02+00:00,挂机神话 20220812 圆饼出击,2022-02-07 01:01:48+00:00,185.91960648148148,>180 days,133,48,94.73684210526315,87.5,-7.23684210526315,5.26315789473685,12.5,7.23684210526315,-85,-63.90977443609023,>90%
1863750,4836332027662714549,2022-11-26 13:19:23+00:00,挂机神话 20221126 圆饼出击,2022-02-07 01:01:48+00:00,292.51221064814814,>180 days,57,35,98.24561403508771,85.71428571428571,-12.531328320802004,1.754385964912288,14.285714285714292,12.531328320802004,-22,-38.59649122807017,>90%
1863750,5059268543366338115,2023-02-26 03:28:38+00:00,挂机神话 20230226 圆饼出击,2022-02-07 01:01:48+00:00,384.1019675925926,>180 days,32,29,96.875,93.10344827586206,-3.771551724137936,3.125,6.896551724137936,3.771551724137936,-3,-9.375,>90%
1863750,5133583642655504148,2023-04-28 18:07:26+00:00,挂机神话 20230428 圆饼出击,2022-02-07 01:01:48+00:00,445.7122453703704,>180 days,57,36,89.47368421052632,97.22222222222221,7.748538011695899,10.526315789473685,2.7777777777777857,-7.748538011695899,-21,-36.84210526315789,70-90%
1865930,5969041959980135299,2024-07-22 18:14:46+00:00,PATCH NOTE 1.0.3,2024-07-18 00:00:00+00:00,4.76025462962963,<=30 days (including pre-launch),62,69,85.48387096774194,89.85507246376811,4.371201496026174,14.516129032258064,10.14492753623189,-4.371201496026174,7,11.29032258064516,70-90%
1866880,4607764924156080469,2022-08-13 04:53:50+00:00,Update Notes for Aug 13,2022-08-01 19:48:25+00:00,11.378761574074074,<=30 days (including pre-launch),71,97,85.91549295774648,91.75257731958763,5.83708436184115,14.08450704225352,8.24742268041237,-5.83708436184115,26,36.61971830985916,70-90%
1866880,6402455182505979809,2022-10-13 22:30:18+00:00,Update Notes for Oct 14,2022-08-01 19:48:25+00:00,73.11241898148148,31-180 days,407,180,94.1031941031941,96.66666666666667,2.5634725634725726,5.896805896805901,3.3333333333333286,-2.5634725634725726,-227,-55.77395577395578,>90%
1866880,5035622109524754399,2023-01-30 18:53:31+00:00,Update Notes for Jan 31,2022-08-01 19:48:25+00:00,181.961875,>180 days,33,388,93.93939393939394,91.75257731958763,-2.186816619806308,6.060606060606062,8.24742268041237,2.186816619806308,355,1075.7575757575758,>90%
1868140,4706851091176236121,2022-10-28 09:44:55+00:00,[Released v0.6.1.473 Patch Notes],2022-10-27 06:59:44+00:00,1.1147106481481481,<=30 days (including pre-launch),150,4557,96.0,98.33223612025456,2.3322361202545636,4.0,1.6677638797454364,-2.3322361202545636,4407,2938.0,>90%
1868140,5035620387690578296,2023-01-06 07:24:33+00:00,[Released - v0.6.1.608 Patch Notes],2022-10-27 06:59:44+00:00,71.0172337962963,31-180 days,1140,1091,97.80701754385966,97.98350137488544,0.17648383102577725,2.192982456140342,2.016498625114565,-0.17648383102577725,-49,-4.298245614035088,>90%
1868140,5070528810294677807,2023-03-10 06:00:07+00:00,Dev Interview - 3/14 Update and Announcements,2022-10-27 06:59:44+00:00,133.95859953703703,31-180 days,591,1951,98.64636209813875,97.48846745258841,-1.1578946455503427,1.3536379018612479,2.5115325474115906,1.1578946455503427,1360,230.11844331641288,>90%
1868140,5140340308864352093,2023-05-10 02:56:51+00:00,Released- 5/10 Hotfix,2022-10-27 06:59:44+00:00,194.8313310185185,>180 days,697,511,97.13055954088952,97.4559686888454,0.32540914795588094,2.8694404591104785,2.5440313111545976,-0.32540914795588094,-186,-26.6857962697274,>90%
1868140,5124582150170545490,2023-07-10 11:06:54+00:00,Released- 7/10 Hotfix,2022-10-27 06:59:44+00:00,256.1716435185185,>180 days,15550,20001,97.2282958199357,97.19514024298786,-0.03315557694783422,2.7717041800643045,2.8048597570121387,0.03315557694783422,4451,28.62379421221865,>90%
1868140,5220292521184051730,2023-10-06 11:34:00+00:00,Dev Interview - New Content Update in October!,2022-10-27 06:59:44+00:00,344.19046296296295,>180 days,2642,2161,96.9341408024224,97.1309578898658,0.19681708744339232,3.065859197577595,2.8690421101342025,-0.19681708744339232,-481,-18.205904617713852,>90%
1868140,5409450219982864823,2023-12-17 08:53:10+00:00,Released - 12/17 Hotfix,2022-10-27 06:59:44+00:00,416.0787731481482,>180 days,20380,7306,99.05299313052012,96.40021899808376,-2.652774132436363,0.9470068694798783,3.5997810019162415,2.652774132436363,-13074,-64.15112855740922,>90%
1868140,5679673637665739555,2024-03-11 06:37:08+00:00,03/11 Hotfix,2022-10-27 06:59:44+00:00,500.9843055555556,>180 days,1784,3015,95.73991031390135,96.18573797678275,0.4458276628813991,4.260089686098652,3.8142620232172533,-0.4458276628813991,1231,69.00224215246637,>90%
1868140,5741605105611716085,2024-05-24 18:34:09+00:00,5/24 (Friday) Hotfix,2022-10-27 06:59:44+00:00,575.4822337962963,>180 days,1697,4412,96.46434885091337,96.46418857660925,-0.0001602743041217991,3.5356511490866325,3.5358114233907543,0.0001602743041217991,2715,159.98821449616972,>90%
1868140,5963414363404243949,2024-08-12 07:52:29+00:00,8/12 (Mon) Hotfix,2022-10-27 06:59:44+00:00,655.0366319444445,>180 days,2663,1820,95.41870071348104,95.21978021978022,-0.19892049370082532,4.581299286518956,4.780219780219781,0.19892049370082532,-843,-31.656027037176116,>90%
1868140,6212245217911813316,2024-10-24 07:06:37+00:00,Dave & Friends – Collaboration Update,2022-10-27 06:59:44+00:00,728.0047800925926,>180 days,1447,2438,95.64616447823082,95.5701394585726,-0.07602501965821773,4.353835521769184,4.429860541427402,0.07602501965821773,991,68.48652384243262,>90%
1868140,1788311419137694,2025-01-13 08:33:45+00:00,1/13 (Mon) Hotfix,2022-10-27 06:59:44+00:00,809.0652893518519,>180 days,2496,1721,95.67307692307693,95.93259732713538,0.2595204040584491,4.326923076923066,4.067402672864617,-0.2595204040584491,-775,-31.04967948717949,>90%
1868140,1796631172240449,2025-04-10 09:27:50+00:00,4/10 (Thu) Hotfix,2022-10-27 06:59:44+00:00,896.1028472222222,>180 days,1907,2804,95.49029889879391,91.86875891583452,-3.6215399829593906,4.50970110120609,8.131241084165481,3.6215399829593906,897,47.0372312532774,>90%
1868140,1803527891637938,2025-06-30 12:38:30+00:00,6/30 (Mon) Hotfix,2022-10-27 06:59:44+00:00,977.2352546296296,>180 days,2352,2680,94.85544217687075,94.77611940298507,-0.07932277388567854,5.144557823129247,5.223880597014926,0.07932277388567854,328,13.945578231292515,>90%
1868140,1809235871738215,2025-09-02 05:30:35+00:00,9/2 (Tue) Hotfix,2022-10-27 06:59:44+00:00,1040.9380902777777,>180 days,1386,1036,95.3102453102453,94.78764478764478,-0.522600522600527,4.689754689754693,5.21235521235522,0.522600522600527,-350,-25.252525252525253,>90%
1868140,1816307528969367,2025-11-17 01:43:17+00:00,11/17(Mon) Hotfix,2022-10-27 06:59:44+00:00,1116.7802430555555,>180 days,974,3586,95.68788501026694,97.43446737311768,1.746582362850745,4.312114989733061,2.565532626882316,-1.746582362850745,2612,268.1724845995893,>90%
1868140,1821922921822744,2026-01-20 06:08:02+00:00,1/20(Tue) Hotfix,2022-10-27 06:59:44+00:00,1180.9640972222223,>180 days,2476,1517,93.578352180937,93.6717205009888,0.09336832005179474,6.421647819062997,6.328279499011202,-0.09336832005179474,-959,-38.731825525040385,>90%
1868140,1835871199303110,2026-06-18 07:02:25+00:00,6/18 Bug Fix Patch Notes Notice,2022-10-27 06:59:44+00:00,1330.0018634259259,>180 days,1778,6772,94.54443194600674,92.6166568222091,-1.9277751237976446,5.455568053993261,7.3833431777909055,1.9277751237976446,4994,280.8773903262092,>90%
1868140,1843481262703810,2026-09-15 07:16:03+00:00,9/15 Patch Notes,2022-10-27 06:59:44+00:00,1419.0113310185186,>180 days,2024,701,92.98418972332016,94.00855920114122,1.0243694778210681,7.015810276679844,5.9914407988587755,-1.0243694778210681,-1323,-65.36561264822134,>90%
1877650,6148070194801545720,2024-11-06 00:41:32+00:00,v1.003 - More balanced battle map generation + tile protection fix,2024-11-04 00:00:00+00:00,2.028842592592593,<=30 days (including pre-launch),25,32,100.0,90.625,-9.375,0.0,9.375,9.375,7,28.000000000000004,>90%
1882040,4353300134220604051,2022-04-06 07:43:27+00:00,0.1.22 Hotfix - More Crashes Fixed,2022-04-01 07:00:43+00:00,5.029675925925926,<=30 days (including pre-launch),22,76,90.9090909090909,94.73684210526315,3.827751196172244,9.090909090909093,5.26315789473685,-3.827751196172244,54,245.45454545454547,>90%
1882040,4469272893506691043,2022-06-06 10:14:35+00:00,0.2.03 Update: More Bricks | Walkthrough Event 2.0 Winners,2022-04-01 07:00:43+00:00,66.13462962962963,31-180 days,101,34,89.10891089108911,76.47058823529412,-12.638322655794994,10.89108910891089,23.529411764705884,12.638322655794994,-67,-66.33663366336634,70-90%
1884750,4259848535843832352,2022-03-22 00:42:28+00:00,Patch 1.5,2022-03-12 00:00:00+00:00,10.02949074074074,<=30 days (including pre-launch),30,20,80.0,50.0,-30.0,20.0,50.0,30.0,-10,-33.33333333333333,70-90%
1889620,5623338145764638512,2022-12-19 08:41:14+00:00,Some bug fixes,2022-03-02 23:00:57+00:00,291.40297453703704,>180 days,22,24,72.72727272727273,87.5,14.772727272727266,27.272727272727266,12.5,-14.772727272727266,2,9.090909090909092,70-90%
1895820,5140340943308845397,2023-05-19 13:08:39+00:00,Greedventory - Hotfix 2023.05.19,2023-05-17 00:00:00+00:00,2.547673611111111,<=30 days (including pre-launch),44,101,86.36363636363636,78.21782178217822,-8.14581458145814,13.63636363636364,21.78217821782178,8.14581458145814,57,129.54545454545453,70-90%
1895860,4353300134236472698,2022-04-10 16:17:17+00:00,[Ver 0.1.04110] Update Info,2022-04-09 00:00:43+00:00,1.6781712962962962,<=30 days (including pre-launch),24,72,95.83333333333334,90.27777777777779,-5.555555555555557,4.166666666666657,9.722222222222214,5.555555555555557,48,200.0,>90%
1902300,5132456474582766792,2023-04-12 09:16:50+00:00,DROP - System Breach April Update,2023-03-28 00:00:00+00:00,15.386689814814815,<=30 days (including pre-launch),43,22,93.02325581395348,100.0,6.976744186046517,6.976744186046517,0.0,-6.976744186046517,-21,-48.837209302325576,>90%
1902870,5762994032392520304,2024-04-19 00:06:33+00:00,Updates and Hot fixes 01,2024-04-15 00:00:00+00:00,4.004548611111111,<=30 days (including pre-launch),47,37,82.97872340425532,81.08108108108108,-1.8976423231742388,17.02127659574468,18.91891891891892,1.8976423231742388,-10,-21.27659574468085,70-90%
1903560,6148070194801644521,2024-11-09 00:21:40+00:00,Hotfix #1 - Patch Notes - v0.5.2,2024-11-07 00:00:00+00:00,2.0150462962962963,<=30 days (including pre-launch),127,216,82.67716535433071,72.68518518518519,-9.99198016914552,17.32283464566929,27.31481481481481,9.99198016914552,89,70.07874015748031,70-90%
1904480,1813674388939700,2025-10-16 14:22:11+00:00,ABSOLUM: Hotfix - r34294,2025-10-09 00:00:00+00:00,7.598738425925926,<=30 days (including pre-launch),2160,2302,92.4074074074074,93.61424847958297,1.206841072175564,7.592592592592595,6.385751520417031,-1.206841072175564,142,6.5740740740740735,>90%
1904480,1824459501607273,2026-02-12 16:04:39+00:00,Unravel the Threads of Fate - 1.1 hits Talamh NOW!,2025-10-09 00:00:00+00:00,126.66989583333333,31-180 days,594,774,92.76094276094277,87.33850129198967,-5.422441468953096,7.239057239057232,12.661498708010328,5.422441468953096,180,30.303030303030305,>90%
1904480,1840310314344114,2026-08-07 08:09:27+00:00,"We’re Bringing More Fixes, Tweaks and Improvements to Talamh!",2025-10-09 00:00:00+00:00,302.33989583333334,>180 days,260,254,87.6923076923077,88.9763779527559,1.2840702604482033,12.307692307692307,11.023622047244103,-1.2840702604482033,-6,-2.307692307692308,70-90%
1907000,4937651144691421525,2022-07-16 05:45:38+00:00,Patch 0.3.2 - Key Bindings and Camera Fix,2022-07-11 13:30:30+00:00,4.677175925925926,<=30 days (including pre-launch),36,34,88.88888888888889,97.05882352941177,8.169934640522882,11.111111111111114,2.941176470588232,-8.169934640522882,-2,-5.555555555555555,70-90%
1907380,5623338145765279177,2022-12-19 12:54:19+00:00,Arcane Vale 0.1.1 Additional fixes and improvements,2022-12-16 00:00:00+00:00,3.5377199074074075,<=30 days (including pre-launch),29,54,96.55172413793103,87.03703703703704,-9.514687100893994,3.448275862068968,12.962962962962962,9.514687100893994,25,86.20689655172413,>90%
1910780,4480532686353786680,2022-06-11 06:03:14+00:00,24 hours later,2022-06-09 00:00:00+00:00,2.25224537037037,<=30 days (including pre-launch),58,254,65.51724137931035,75.59055118110236,10.073309801792007,34.48275862068965,24.409448818897644,-10.073309801792007,196,337.9310344827586,<70%
1911360,5410576585155851136,2023-12-28 15:41:04+00:00,Year-end patch notes!,2023-04-13 17:15:15+00:00,258.9345949074074,>180 days,153,82,92.15686274509804,91.46341463414635,-0.6934481109516923,7.843137254901961,8.536585365853654,0.6934481109516923,-71,-46.40522875816993,>90%
1911610,6212245217911861671,2024-10-25 17:15:25+00:00,Day one patch,2024-10-24 00:00:00+00:00,1.7190393518518519,<=30 days (including pre-launch),721,3696,89.73647711511789,89.44805194805194,-0.28842516706595234,10.263522884882107,10.55194805194806,0.28842516706595234,2975,412.621359223301,70-90%
1911610,1792751526177395,2025-03-04 16:36:41+00:00,Windblown | Endless Update Out Now!,2024-10-24 00:00:00+00:00,131.6921412037037,31-180 days,262,388,91.6030534351145,86.85567010309279,-4.7473833320217125,8.396946564885496,13.144329896907209,4.7473833320217125,126,48.091603053435115,>90%
1911610,1799088287832978,2025-05-08 13:23:35+00:00,"Windblown | ""From the Leapers"" Update Beta",2024-10-24 00:00:00+00:00,196.5580439814815,>180 days,271,291,88.19188191881919,81.78694158075601,-6.404940338063184,11.808118081180808,18.213058419243993,6.404940338063184,20,7.380073800738007,70-90%
1911610,1809869180200344,2025-09-09 15:28:17+00:00,Windblown | Alterattack Update Beta,2024-10-24 00:00:00+00:00,320.6446412037037,>180 days,145,105,84.82758620689656,86.66666666666667,1.8390804597701162,15.172413793103445,13.333333333333329,-1.8390804597701162,-40,-27.586206896551722,70-90%
1911610,1817483467040299,2025-11-28 19:23:09+00:00,"Lost & Altered | Balancing, QoL Patches & Stability",2024-10-24 00:00:00+00:00,400.80774305555553,>180 days,201,122,87.06467661691542,89.34426229508196,2.2795856781665407,12.93532338308458,10.655737704918039,-2.2795856781665407,-79,-39.30348258706468,70-90%
1911610,1823191198603080,2026-01-29 17:45:02+00:00,Windblown | Happy New Bug Fixes!,2024-10-24 00:00:00+00:00,462.7396064814815,>180 days,96,80,79.16666666666666,83.75,4.583333333333343,20.833333333333343,16.25,-4.583333333333343,-16,-16.666666666666664,70-90%
1911610,1828894815556993,2026-04-02 10:26:27+00:00,"Break the Path | Balancing, QoL Patches & Stability",2024-10-24 00:00:00+00:00,525.4350347222222,>180 days,96,103,76.04166666666666,77.66990291262135,1.628236245954696,23.958333333333343,22.330097087378647,-1.628236245954696,7,7.291666666666667,70-90%
1911610,1835236783557894,2026-06-10 15:15:01+00:00,"Windblown | ""Hunters Gonna Hunt"" Update Open Beta!",2024-10-24 00:00:00+00:00,594.6354282407408,>180 days,78,158,79.48717948717949,82.27848101265823,2.791301525478744,20.51282051282051,17.721518987341767,-2.791301525478744,80,102.56410256410255,70-90%
1914580,4437747060834371577,2022-05-28 17:05:11+00:00,SPIRIT HUNTERS: INFINITE HORDE - Patch 1,2022-05-25 15:00:56+00:00,3.086284722222222,<=30 days (including pre-launch),220,459,90.9090909090909,70.58823529411765,-20.320855614973254,9.090909090909093,29.411764705882348,20.320855614973254,239,108.63636363636364,>90%
1914580,4598757090450561753,2022-08-04 15:46:32+00:00,Content Update 01 is LIVE!,2022-05-25 15:00:56+00:00,71.03166666666667,31-180 days,69,103,75.36231884057972,82.52427184466019,7.161953004080473,24.637681159420282,17.47572815533981,-7.161953004080473,34,49.275362318840585,70-90%
1914580,4732747437198500377,2022-11-02 14:31:55+00:00,Content Update 4,2022-05-25 15:00:56+00:00,160.97984953703704,31-180 days,28,49,85.71428571428571,93.87755102040816,8.163265306122454,14.285714285714292,6.122448979591837,-8.163265306122454,21,75.0,70-90%
1914580,5059267908810220435,2023-02-15 10:29:13+00:00,Content Patch 07,2022-05-25 15:00:56+00:00,265.81130787037034,>180 days,39,41,82.05128205128204,75.60975609756098,-6.441525953721069,17.948717948717956,24.390243902439025,6.441525953721069,2,5.128205128205128,70-90%
1914580,5133583642646969460,2023-04-26 09:56:32+00:00,Content Patch 8,2022-05-25 15:00:56+00:00,335.7886111111111,>180 days,29,25,96.55172413793103,92.0,-4.551724137931032,3.448275862068968,8.0,4.551724137931032,-4,-13.793103448275861,>90%
1914580,5288974951222015545,2023-11-06 19:12:53+00:00,Patch 1.2,2022-05-25 15:00:56+00:00,530.1749652777778,>180 days,20,71,95.0,87.32394366197182,-7.676056338028175,5.0,12.676056338028175,7.676056338028175,51,254.99999999999997,>90%
1915510,5121196841307075760,2023-04-11 15:58:11+00:00,"April 11, 2023 Patch Notes",2023-04-03 10:35:12+00:00,8.224293981481482,<=30 days (including pre-launch),309,222,87.70226537216828,84.68468468468468,-3.0175806874836013,12.297734627831716,15.315315315315317,3.0175806874836013,-87,-28.155339805825243,70-90%
1915510,5896948309848246090,2023-06-17 23:21:14+00:00,"Patch Notes 18th June, 2023",2023-04-03 10:35:12+00:00,75.5319675925926,31-180 days,127,54,84.25196850393701,81.48148148148148,-2.7704870224555265,15.748031496062993,18.51851851851852,2.7704870224555265,-73,-57.48031496062992,70-90%
1915510,5219165352642826439,2023-09-26 18:51:56+00:00,"Patch Notes 27th September, 2023",2023-04-03 10:35:12+00:00,176.3449537037037,31-180 days,59,69,88.13559322033898,86.95652173913044,-1.1790714812085383,11.864406779661024,13.043478260869563,1.1790714812085383,10,16.94915254237288,70-90%
1915510,5395938616799215106,2023-12-08 20:37:37+00:00,Patch Notes 9th December. New character Ao Yu is now available,2023-04-03 10:35:12+00:00,249.4183449074074,>180 days,51,65,80.3921568627451,86.15384615384616,5.761689291101064,19.607843137254903,13.84615384615384,-5.761689291101064,14,27.450980392156865,70-90%
1915510,5679673637660765224,2024-03-09 21:51:26+00:00,"Patch Notes 10th March, 2024",2023-04-03 10:35:12+00:00,341.4696064814815,>180 days,26,42,80.76923076923077,88.09523809523809,7.326007326007314,19.230769230769226,11.904761904761912,-7.326007326007314,16,61.53846153846154,70-90%
1915510,5747233970415702329,2024-05-15 18:41:20+00:00,"Patch Update 16th May, 2024",2023-04-03 10:35:12+00:00,408.3375925925926,>180 days,24,25,95.83333333333334,88.0,-7.833333333333343,4.166666666666657,12.0,7.833333333333343,1,4.166666666666666,>90%
1915510,1797185861635899,2025-04-17 11:02:50+00:00,Yao-Guai Hunter V1.0,2023-04-03 10:35:12+00:00,745.0191898148148,>180 days,37,335,94.5945945945946,77.01492537313432,-17.57966922146028,5.4054054054054035,22.985074626865682,17.57966922146028,298,805.4054054054054,>90%
1915510,1803527891517322,2025-06-26 18:36:38+00:00,V1.2.0 UpDate,2023-04-03 10:35:12+00:00,815.3343287037037,>180 days,72,51,84.72222222222221,76.47058823529412,-8.251633986928098,15.277777777777786,23.529411764705884,8.251633986928098,-21,-29.166666666666668,70-90%
1915510,1809235871627592,2025-08-29 18:32:53+00:00,V1.2.2 New Features and Bug Fixes,2023-04-03 10:35:12+00:00,879.3317245370371,>180 days,22,31,90.9090909090909,83.87096774193549,-7.038123167155419,9.090909090909093,16.129032258064512,7.038123167155419,9,40.909090909090914,>90%
1915510,1815034433042588,2025-11-04 19:18:49+00:00,V1.2.5 Version Update,2023-04-03 10:35:12+00:00,946.3636226851852,>180 days,28,34,78.57142857142857,94.11764705882352,15.546218487394952,21.42857142857143,5.882352941176478,-15.546218487394952,6,21.428571428571427,70-90%
1919720,4613399405958372298,2022-10-11 13:01:57+00:00,Hotfixes,2022-10-10 12:01:07+00:00,1.0422453703703705,<=30 days (including pre-launch),22,82,95.45454545454545,74.39024390243902,-21.06430155210643,4.545454545454547,25.609756097560975,21.06430155210643,60,272.7272727272727,>90%
1919720,5000716037442955975,2022-12-22 16:55:45+00:00,"Winter Major Update #3 – New Map, New Class and New Weapons!",2022-10-10 12:01:07+00:00,73.20460648148148,31-180 days,25,27,80.0,77.77777777777779,-2.2222222222222143,20.0,22.222222222222214,2.2222222222222143,2,8.0,70-90%
1919750,4259848535835668009,2022-03-19 18:53:50+00:00,About the update log,2022-03-15 00:00:00+00:00,4.78738425925926,<=30 days (including pre-launch),39,22,100.0,95.45454545454545,-4.545454545454547,0.0,4.545454545454547,4.545454545454547,-17,-43.58974358974359,>90%
1929360,4347669995474615858,2022-04-04 11:46:42+00:00,"New area, New monster, New SkillCard (Ver 1.1.0)",2022-03-31 00:00:00+00:00,4.490763888888889,<=30 days (including pre-launch),23,132,95.65217391304348,93.18181818181817,-2.470355731225311,4.347826086956516,6.818181818181827,2.470355731225311,109,473.9130434782608,>90%
1929870,4348798430289503906,2022-05-02 16:06:51+00:00,Minor Update 4,2022-04-28 19:01:27+00:00,3.87875,<=30 days (including pre-launch),28,470,100.0,91.27659574468086,-8.723404255319139,0.0,8.723404255319139,8.723404255319139,442,1578.5714285714287,>90%
1929870,4539082035568869263,2022-07-10 05:28:56+00:00,Progress of Major Update 5,2022-04-28 19:01:27+00:00,72.43575231481482,31-180 days,171,216,93.56725146198829,94.44444444444444,0.8771929824561511,6.432748538011708,5.555555555555557,-0.8771929824561511,45,26.31578947368421,>90%
1929870,4606641560254448899,2022-09-10 04:57:22+00:00,Major Update 6,2022-04-28 19:01:27+00:00,134.41383101851852,31-180 days,101,107,89.10891089108911,66.35514018691589,-22.75377070417322,10.89108910891089,33.64485981308411,22.75377070417322,6,5.9405940594059405,70-90%
1929870,5302486388017275582,2023-11-14 19:34:50+00:00,Hotfix 1.0d,2022-04-28 19:01:27+00:00,565.0231828703704,>180 days,86,48,80.23255813953489,83.33333333333334,3.100775193798455,19.767441860465112,16.666666666666657,-3.100775193798455,-38,-44.18604651162791,70-90%
1929900,4789043687478198248,2022-11-18 16:44:52+00:00,Hotfix 11/18/2022,2022-11-15 00:00:00+00:00,3.697824074074074,<=30 days (including pre-launch),26,46,100.0,86.95652173913044,-13.043478260869563,0.0,13.043478260869563,13.043478260869563,20,76.92307692307693,>90%
1931510,4607764924159665506,2022-08-14 04:31:15+00:00,Ver.1.0.3 Released,2022-08-09 00:00:00+00:00,5.188368055555555,<=30 days (including pre-launch),22,20,95.45454545454545,90.0,-5.454545454545453,4.545454545454547,10.0,5.454545454545453,-2,-9.090909090909092,>90%
1934080,5059268099251466698,2023-02-20 16:23:20+00:00,《浮生箓2：九九行歌》 1.0.2.8版本更新公告,2023-02-20 04:09:03+00:00,0.5099189814814815,<=30 days (including pre-launch),68,100,26.47058823529412,62.0,35.529411764705884,73.52941176470588,38.0,-35.529411764705884,32,47.05882352941176,<70%
1934080,5159491482925653610,2023-09-12 03:22:04+00:00,《浮生箓2：九九行歌》1.0.2.40版本更新公告,2023-02-20 04:09:03+00:00,203.96737268518518,>180 days,37,37,91.8918918918919,64.86486486486487,-27.02702702702703,8.108108108108098,35.13513513513513,27.02702702702703,0,0.0,>90%
1934080,5322753221337661662,2023-11-15 08:44:02+00:00,"""Floating Life2"" version 1.0.2.49 update announcement",2023-02-20 04:09:03+00:00,268.1909606481481,>180 days,185,42,38.37837837837838,61.904761904761905,23.526383526383526,61.62162162162162,38.095238095238095,-23.526383526383526,-143,-77.29729729729729,<70%
1934100,4292505348833325784,2022-05-21 17:54:34+00:00,Update Notes for May 21st,2022-05-06 00:00:00+00:00,15.746226851851851,<=30 days (including pre-launch),21,35,100.0,97.14285714285714,-2.857142857142861,0.0,2.857142857142861,2.857142857142861,14,66.66666666666666,>90%
1938850,4348799082191844057,2022-05-05 23:39:14+00:00,Patch 1.1,2022-04-28 00:00:00+00:00,7.985578703703704,<=30 days (including pre-launch),47,23,93.61702127659575,100.0,6.38297872340425,6.38297872340425,0.0,-6.38297872340425,-24,-51.06382978723404,>90%
1944570,4598757090454838395,2022-08-05 20:10:24+00:00,Patch v1.2,2022-08-05 12:59:07+00:00,0.2995023148148148,<=30 days (including pre-launch),33,628,100.0,97.92993630573248,-2.0700636942675175,0.0,2.0700636942675175,2.0700636942675175,595,1803.030303030303,>90%
1944570,4613399405936211468,2022-10-05 11:04:12+00:00,Patch v8.2,2022-08-05 12:59:07+00:00,60.92019675925926,31-180 days,352,229,97.72727272727273,96.06986899563319,-1.6574037316395476,2.2727272727272663,3.930131004366814,1.6574037316395476,-123,-34.94318181818182,>90%
1944570,4979322040034947488,2022-12-06 13:17:07+00:00,Patch v17.1,2022-08-05 12:59:07+00:00,123.0125,31-180 days,293,178,95.90443686006826,97.19101123595506,1.2865743758868007,4.095563139931741,2.8089887640449405,-1.2865743758868007,-115,-39.249146757679185,>90%
1944570,5035622743897954262,2023-02-07 11:43:24+00:00,Patch v26.1,2022-08-05 12:59:07+00:00,185.9474189814815,>180 days,175,105,94.28571428571428,96.19047619047619,1.9047619047619122,5.714285714285722,3.80952380952381,-1.9047619047619122,-70,-40.0,>90%
1944570,5121196841302716882,2023-04-10 11:15:39+00:00,Patch v31.18,2022-08-05 12:59:07+00:00,247.92814814814815,>180 days,959,282,96.97601668404589,96.09929078014184,-0.8767259039040454,3.023983315954112,3.9007092198581574,0.8767259039040454,-677,-70.59436913451512,>90%
1944570,5129083846353380347,2023-06-12 11:59:29+00:00,Patch v33.12,2022-08-05 12:59:07+00:00,310.95858796296295,>180 days,143,147,98.6013986013986,93.19727891156462,-5.404119689833976,1.3986013986014,6.802721088435376,5.404119689833976,4,2.797202797202797,>90%
1944570,5839532486225192262,2023-08-14 11:57:41+00:00,Patch v35.4,2022-08-05 12:59:07+00:00,373.957337962963,>180 days,132,123,94.6969696969697,95.1219512195122,0.4249815225424953,5.303030303030297,4.878048780487802,-0.4249815225424953,-9,-6.8181818181818175,>90%
1944570,6438516944135069433,2023-10-16 13:05:00+00:00,Patch v35.19,2022-08-05 12:59:07+00:00,437.00408564814813,>180 days,88,65,94.31818181818183,95.38461538461539,1.0664335664335596,5.681818181818173,4.615384615384613,-1.0664335664335596,-23,-26.136363636363637,>90%
1944570,6300039510120192871,2024-01-11 16:18:16+00:00,Patch v35.26,2022-08-05 12:59:07+00:00,524.1382986111112,>180 days,86,72,87.20930232558139,93.05555555555556,5.846253229974167,12.79069767441861,6.944444444444443,-5.846253229974167,-14,-16.27906976744186,70-90%
1944570,5749481331451973928,2024-04-01 16:04:37+00:00,Boned Bits and Bobs Update #36,2022-08-05 12:59:07+00:00,605.1288194444444,>180 days,36,70,94.44444444444444,97.14285714285714,2.698412698412696,5.555555555555557,2.857142857142861,-2.698412698412696,34,94.44444444444444,>90%
1944570,5875595438695087830,2024-08-24 10:37:09+00:00,Patch v36.12,2022-08-05 12:59:07+00:00,749.9014120370371,>180 days,23,42,100.0,97.61904761904762,-2.3809523809523796,0.0,2.3809523809523796,2.3809523809523796,19,82.6086956521739,>90%
1944570,1814309641573630,2025-10-27 15:28:22+00:00,Celestial Update (v37),2022-08-05 12:59:07+00:00,1179.1036458333333,>180 days,21,40,95.23809523809523,95.0,-0.2380952380952266,4.761904761904773,5.0,0.2380952380952266,19,90.47619047619048,>90%
1945230,4621277624687702573,2022-08-31 16:32:47+00:00,【220901】新增招募队友的选择,2022-08-26 16:07:11+00:00,5.017777777777778,<=30 days (including pre-launch),41,63,68.29268292682927,80.95238095238095,12.659698025551677,31.707317073170728,19.04761904761905,-12.659698025551677,22,53.65853658536586,<70%
1948280,4353300134232677235,2022-04-09 15:16:14+00:00,Stacklands v1.0.6,2022-04-08 00:00:00+00:00,1.636273148148148,<=30 days (including pre-launch),82,2032,97.5609756097561,96.40748031496062,-1.1534952947954764,2.439024390243901,3.5925196850393775,1.1534952947954764,1950,2378.048780487805,>90%
1948280,4539082035573845148,2022-07-11 14:16:12+00:00,News: Island Update Out Now!,2022-04-08 00:00:00+00:00,94.59458333333333,31-180 days,2606,1886,96.08595548733692,96.65959703075292,0.5736415434160023,3.9140445126630823,3.34040296924708,-0.5736415434160023,-720,-27.62854950115119,>90%
1948280,4732747437223796990,2022-11-09 13:07:37+00:00,Dark Forest Update Out Now!,2022-04-08 00:00:00+00:00,215.54695601851853,>180 days,395,3594,95.69620253164557,98.72008903728437,3.0238865056387993,4.303797468354432,1.2799109627156326,-3.0238865056387993,3199,809.873417721519,>90%
1948280,5035620387706074200,2023-01-10 13:27:48+00:00,Stacklands v1.3.5,2022-04-08 00:00:00+00:00,277.56097222222223,>180 days,1327,926,95.47852298417483,95.68034557235421,0.20182258817938248,4.52147701582517,4.319654427645787,-0.20182258817938248,-401,-30.21853805576488,>90%
1948280,5129083846357326440,2023-06-13 13:58:25+00:00,News Update - June 2023,2022-04-08 00:00:00+00:00,431.5822337962963,>180 days,358,355,96.36871508379889,94.64788732394366,-1.7208277598552257,3.6312849162011105,5.352112676056336,1.7208277598552257,-3,-0.8379888268156425,>90%
1948280,5127964289190900041,2023-08-22 11:40:55+00:00,Stacklands v1.4.1.18,2022-04-08 00:00:00+00:00,501.4867476851852,>180 days,601,427,97.17138103161398,97.18969555035129,0.018314518737312824,2.8286189683860243,2.8103044496487115,-0.018314518737312824,-174,-28.95174708818636,>90%
1948280,6212244583171630369,2024-10-16 09:16:01+00:00,New DLC & free update releasing October 30th!,2022-04-08 00:00:00+00:00,922.3861226851852,>180 days,215,412,94.88372093023256,96.84466019417476,1.9609392639422083,5.116279069767444,3.1553398058252355,-1.9609392639422083,197,91.62790697674419,>90%
1951230,6438516944120224173,2023-10-12 11:19:48+00:00,Pizza Possum Pickle Patch 0.1,2023-09-28 00:00:00+00:00,14.472083333333334,<=30 days (including pre-launch),338,105,94.97041420118343,97.14285714285714,2.172442941673708,5.029585798816569,2.857142857142861,-2.172442941673708,-233,-68.93491124260355,>90%
1952930,4587497456688087453,2022-07-30 13:29:55+00:00,EA version of Soul Wargame updated to v2.5.12,2022-07-28 00:46:28+00:00,2.530173611111111,<=30 days (including pre-launch),25,47,76.0,87.2340425531915,11.2340425531915,24.0,12.7659574468085,-11.2340425531915,22,88.0,70-90%
1955030,5759616966668736987,2024-04-26 16:42:39+00:00,"GAME IS RELEASED, AND WE ARE WORKING ON FIXES!",2024-04-26 00:00:00+00:00,0.6962847222222223,<=30 days (including pre-launch),36,147,41.66666666666667,45.57823129251701,3.911564625850339,58.33333333333333,54.42176870748299,-3.911564625850339,111,308.33333333333337,<70%
1955830,5059268543365999206,2023-02-26 01:14:33+00:00,补丁更新 2023.2.26,2023-02-25 08:55:27+00:00,0.6799305555555556,<=30 days (including pre-launch),203,461,100.0,99.34924078091106,-0.6507592190889397,0.0,0.6507592190889397,0.6507592190889397,258,127.0935960591133,>90%
1955830,5129083846339743460,2023-06-08 18:11:18+00:00,Patch note 2023.6.9,2023-02-25 08:55:27+00:00,103.38600694444445,31-180 days,38,65,94.73684210526315,96.92307692307692,2.1862348178137694,5.26315789473685,3.07692307692308,-2.1862348178137694,27,71.05263157894737,>90%
1955830,6438516944127546412,2023-10-14 11:32:12+00:00,Major Content Update Available！,2023-02-25 08:55:27+00:00,231.10885416666667,>180 days,100,121,98.0,93.38842975206612,-4.611570247933884,2.0,6.611570247933884,4.611570247933884,21,21.0,>90%
1955830,5756237364303977850,2024-04-03 09:53:59+00:00,Touhou Hero of Ice Fairy 1.0 out now!,2023-02-25 08:55:27+00:00,403.04064814814814,>180 days,112,1340,97.32142857142857,96.49253731343283,-0.8288912579957355,2.6785714285714306,3.507462686567166,0.8288912579957355,1228,1096.4285714285713,>90%
1955830,1784506359047357,2024-11-29 13:32:57+00:00,Major Update! Roguelite Mode public beta!,2023-02-25 08:55:27+00:00,643.1927083333334,>180 days,402,496,99.50248756218906,97.98387096774194,-1.5186165944471242,0.4975124378109399,2.016129032258064,1.5186165944471242,94,23.383084577114428,>90%
1955830,1790214123147431,2025-02-01 13:18:46+00:00,Major Update! Brand-New BOSS Unleashed!,2023-02-25 08:55:27+00:00,707.1828587962963,>180 days,137,194,96.35036496350365,97.42268041237114,1.072315448867485,3.649635036496349,2.577319587628864,-1.072315448867485,57,41.605839416058394,>90%
1955830,1803527891514720,2025-06-26 17:09:30+00:00,Summer Update Now Available!,2023-02-25 08:55:27+00:00,852.3430902777778,>180 days,140,230,97.85714285714285,97.82608695652173,-0.031055900621112187,2.142857142857153,2.173913043478265,0.031055900621112187,90,64.28571428571429,>90%
1955830,1811772772383180,2025-09-29 18:24:31+00:00,Autumn Update Is Here! Many Improvements Inbound!,2023-02-25 08:55:27+00:00,947.3951851851851,>180 days,101,125,99.00990099009901,96.0,-3.0099009900990126,0.9900990099009874,4.0,3.0099009900990126,24,23.762376237623762,>90%
1969100,4706851091176923193,2022-10-28 14:15:58+00:00,Feedback Fixes Day 3.5,2022-10-24 00:00:00+00:00,4.5944212962962965,<=30 days (including pre-launch),27,43,66.66666666666666,72.09302325581395,5.426356589147289,33.33333333333334,27.906976744186053,-5.426356589147289,16,59.25925925925925,<70%
1976230,6258337460547150095,2022-09-16 12:17:47+00:00,Update 0.2.2,2022-09-09 00:00:00+00:00,7.5123495370370375,<=30 days (including pre-launch),22,51,81.81818181818183,78.43137254901961,-3.386809269162214,18.181818181818173,21.568627450980387,3.386809269162214,29,131.8181818181818,70-90%
1979570,6339469370189891895,2024-09-28 17:09:15+00:00,Update 1 - Hotfix 1,2023-03-30 08:12:51+00:00,548.3725,>180 days,28,22,75.0,63.63636363636363,-11.363636363636367,25.0,36.36363636363637,11.363636363636367,-6,-21.428571428571427,70-90%
1980770,4584121659785600974,2022-08-19 20:57:42+00:00,0.2.0,2022-08-19 00:59:32+00:00,0.8320601851851852,<=30 days (including pre-launch),25,38,52.0,52.63157894736842,0.6315789473684177,48.0,47.36842105263158,-0.6315789473684177,13,52.0,<70%
1989560,6214419350720086834,2022-06-20 20:56:39+00:00,Bug fixes,2022-06-14 21:30:06+00:00,5.976770833333333,<=30 days (including pre-launch),42,36,90.47619047619048,72.22222222222221,-18.253968253968267,9.523809523809518,27.777777777777786,18.253968253968267,-6,-14.285714285714285,>90%
1990110,5750603429272546091,2024-02-14 12:25:36+00:00,Hotfix #1 - 0.9.0b40,2024-02-12 16:57:39+00:00,1.811076388888889,<=30 days (including pre-launch),107,286,92.5233644859813,90.9090909090909,-1.6142735768903975,7.476635514018696,9.090909090909093,1.6142735768903975,179,167.28971962616822,>90%
1990110,5762994032390715724,2024-04-18 12:13:55+00:00,Hotfix,2024-02-12 16:57:39+00:00,65.80296296296297,31-180 days,115,57,89.56521739130436,89.47368421052632,-0.09153318077804329,10.434782608695642,10.526315789473685,0.09153318077804329,-58,-50.43478260869565,70-90%
1990110,5842939267360404932,2024-07-11 12:03:06+00:00,"Update #4: “Umbraxis, the Great Lindwyrm”",2024-02-12 16:57:39+00:00,149.7954513888889,31-180 days,30,45,86.66666666666667,75.55555555555556,-11.111111111111114,13.333333333333329,24.444444444444443,11.111111111111114,15,50.0,70-90%
1990110,6146943657173899594,2024-10-31 12:41:26+00:00,Update 5: Hotfix #1,2024-02-12 16:57:39+00:00,261.82207175925925,>180 days,23,48,95.65217391304348,81.25,-14.402173913043484,4.347826086956516,18.75,14.402173913043484,25,108.69565217391303,>90%
1990110,1797820624465716,2025-04-24 17:00:38+00:00,SpellRogue 1.0 is OUT NOW!,2024-02-12 16:57:39+00:00,437.00207175925925,>180 days,26,250,88.46153846153845,82.8,-5.661538461538456,11.538461538461547,17.200000000000003,5.661538461538456,224,861.5384615384615,70-90%
1990110,1803527891473496,2025-06-25 12:14:12+00:00,SpellRogue 1.1.0 - The Sacred Beast Awakens,2024-02-12 16:57:39+00:00,498.80315972222223,>180 days,60,74,76.66666666666667,87.83783783783784,11.171171171171167,23.33333333333333,12.162162162162161,-11.171171171171167,14,23.333333333333332,70-90%
1993150,4979322040023261827,2022-12-03 08:19:06+00:00,12.3 Update notice,2022-12-02 08:35:00+00:00,0.9889583333333334,<=30 days (including pre-launch),113,471,85.84070796460178,80.2547770700637,-5.58593089453808,14.159292035398224,19.745222929936304,5.58593089453808,358,316.8141592920354,70-90%
1993150,5036749277224168146,2023-02-08 02:09:59+00:00,2.8 Official service update announcement,2022-12-02 08:35:00+00:00,67.73262731481482,31-180 days,95,122,75.78947368421053,89.34426229508196,13.554788610871427,24.210526315789465,10.655737704918039,-13.554788610871427,27,28.421052631578945,70-90%
1993150,6539831443777129098,2023-04-13 05:54:07+00:00,April 13th Test server update announcement:,2022-12-02 08:35:00+00:00,131.88827546296295,31-180 days,176,91,79.54545454545455,87.91208791208791,8.366633366633366,20.454545454545453,12.087912087912088,-8.366633366633366,-85,-48.29545454545455,70-90%
1993150,5896948309838968675,2023-06-15 10:10:41+00:00,Test suit Update - Rise to the fairy,2022-12-02 08:35:00+00:00,195.06644675925926,>180 days,363,350,95.31680440771349,82.57142857142857,-12.745375836284921,4.683195592286509,17.42857142857143,12.745375836284921,-13,-3.581267217630854,>90%
1993150,5839532486228689127,2023-08-15 10:59:14+00:00,8.15 Test Service Update Bulletin,2022-12-02 08:35:00+00:00,256.100162037037,>180 days,77,65,76.62337662337663,84.61538461538461,7.992007992007984,23.37662337662337,15.384615384615387,-7.992007992007984,-12,-15.584415584415584,70-90%
1993150,6438516944133415698,2023-10-16 02:11:33+00:00,10.16 Update notice,2022-12-02 08:35:00+00:00,317.7337152777778,>180 days,84,52,82.14285714285714,88.46153846153845,6.318681318681314,17.85714285714286,11.538461538461547,-6.318681318681314,-32,-38.095238095238095,70-90%
1993150,5409450219979480675,2023-12-16 10:35:52+00:00,12.16 Test Service Update Announcement,2022-12-02 08:35:00+00:00,379.08393518518517,>180 days,77,64,77.92207792207793,78.125,0.20292207792206796,22.077922077922068,21.875,-0.20292207792206796,-13,-16.883116883116884,70-90%
1993150,5759616966678911252,2024-04-29 11:42:40+00:00,20240429 Test server update,2022-12-02 08:35:00+00:00,514.1303240740741,>180 days,34,43,82.35294117647058,86.04651162790698,3.6935704514364005,17.64705882352942,13.95348837209302,-3.6935704514364005,9,26.47058823529412,70-90%
1993150,1803527891754361,2025-07-04 02:23:39+00:00,Update on April 7th,2022-12-02 08:35:00+00:00,944.7421180555556,>180 days,21,26,57.14285714285714,92.3076923076923,35.16483516483517,42.85714285714286,7.692307692307693,-35.16483516483517,5,23.809523809523807,<70%
1993150,1831432155568148,2026-04-30 13:27:42+00:00,4.30更新公告,2022-12-02 08:35:00+00:00,1245.2032638888888,>180 days,27,44,88.88888888888889,84.0909090909091,-4.797979797979792,11.111111111111114,15.909090909090907,4.797979797979792,17,62.96296296296296,70-90%
1998450,5125698536857785877,2023-03-17 14:47:49+00:00,发售日紧急更新-优化流程、战斗系统解锁、更改误导描述,2023-03-16 00:00:00+00:00,1.6165393518518518,<=30 days (including pre-launch),74,389,78.37837837837837,75.32133676092545,-3.0570416174529242,21.621621621621628,24.678663239074552,3.0570416174529242,315,425.6756756756757,70-90%
2002220,5138087875081855978,2023-05-05 04:54:35+00:00,Day 2 Patch,2023-05-03 13:49:44+00:00,1.6283680555555555,<=30 days (including pre-launch),20,39,95.0,94.87179487179486,-0.1282051282051384,5.0,5.128205128205138,0.1282051282051384,19,95.0,>90%
2002220,6146943657173971633,2024-11-02 17:07:40+00:00,Patch Build 1.0.1 is Live,2023-05-03 13:49:44+00:00,549.1374537037037,>180 days,93,99,92.47311827956989,92.92929292929293,0.4561746497230388,7.5268817204301115,7.070707070707073,-0.4561746497230388,6,6.451612903225806,>90%
2002220,1811772772217210,2025-09-24 17:27:55+00:00,Patch Build 1.2.1,2023-05-03 13:49:44+00:00,875.1515162037037,>180 days,106,36,93.39622641509435,72.22222222222221,-21.174004192872133,6.603773584905653,27.777777777777786,21.174004192872133,-70,-66.0377358490566,>90%
2003050,5036749277245792811,2023-02-14 00:30:08+00:00,Perseus: Titan Slayer - Update,2023-02-13 00:00:00+00:00,1.020925925925926,<=30 days (including pre-launch),67,175,74.6268656716418,74.85714285714286,0.23027718550106613,25.373134328358205,25.14285714285714,-0.23027718550106613,108,161.19402985074626,70-90%
2009380,4589754330737434098,2022-09-24 00:45:18+00:00,They Don't Sleep Update 3 (v1.01),2022-09-14 00:00:00+00:00,10.031458333333333,<=30 days (including pre-launch),28,28,100.0,100.0,0.0,0.0,0.0,0.0,0,0.0,>90%
2009860,5059267908811752243,2023-02-15 20:33:51+00:00,v1.9.1 - Hotfix,2023-02-15 00:00:00+00:00,0.8568402777777778,<=30 days (including pre-launch),37,165,91.8918918918919,93.33333333333333,1.4414414414414267,8.108108108108098,6.666666666666671,-1.4414414414414267,128,345.94594594594594,>90%
2010420,4480532686352084791,2022-06-10 18:50:17+00:00,Pewt 'em Up! updated to v.1.2.0,2022-06-08 00:00:00+00:00,2.7849189814814816,<=30 days (including pre-launch),29,49,100.0,97.95918367346938,-2.040816326530617,0.0,2.040816326530617,2.040816326530617,20,68.96551724137932,>90%
2027970,5133583642662884980,2023-04-30 18:43:57+00:00,Update v0.11.6a,2023-04-28 00:00:00+00:00,2.7805208333333336,<=30 days (including pre-launch),51,38,80.3921568627451,76.31578947368422,-4.076367389060877,19.607843137254903,23.68421052631578,4.076367389060877,-13,-25.49019607843137,70-90%
2050590,4714731755430458701,2022-10-25 13:27:20+00:00,Updates and bug fix,2022-10-21 00:00:00+00:00,4.5606481481481485,<=30 days (including pre-launch),88,138,92.04545454545455,95.65217391304348,3.606719367588937,7.954545454545453,4.347826086956516,-3.606719367588937,50,56.81818181818182,>90%
2058570,5756237364304195049,2024-04-03 11:19:49+00:00,EA Patch 1,2024-03-25 02:49:47+00:00,9.354189814814815,<=30 days (including pre-launch),142,79,96.47887323943662,91.13924050632912,-5.339632733107507,3.5211267605633765,8.860759493670884,5.339632733107507,-63,-44.36619718309859,>90%
2058570,5759622039990687829,2024-06-24 12:38:11+00:00,Beta Branch Patch 7,2024-03-25 02:49:47+00:00,91.40861111111111,31-180 days,21,29,95.23809523809523,86.20689655172413,-9.031198686371098,4.761904761904773,13.793103448275872,9.031198686371098,8,38.095238095238095,>90%
2058570,1793384379329089,2025-03-05 05:16:25+00:00,The Beta Branch is Back,2024-03-25 02:49:47+00:00,345.1018287037037,>180 days,57,25,89.47368421052632,88.0,-1.473684210526315,10.526315789473685,12.0,1.473684210526315,-32,-56.14035087719298,70-90%
2058570,1799722702480706,2025-05-14 03:25:49+00:00,Beta Branch Patch 29,2024-03-25 02:49:47+00:00,415.02502314814814,>180 days,22,28,100.0,92.85714285714286,-7.142857142857139,0.0,7.142857142857139,7.142857142857139,6,27.27272727272727,>90%
2061150,5059267908814083477,2023-02-16 11:54:46+00:00,【アップデート バージョン 1.0.1】重篤な不具合の修正,2023-02-14 00:00:00+00:00,2.4963657407407407,<=30 days (including pre-launch),139,411,70.50359712230215,79.07542579075427,8.571828668452113,29.496402877697847,20.924574209245733,-8.571828668452113,272,195.68345323741008,70-90%
2062430,1815580768233693,2025-11-05 16:51:16+00:00,November Bug Fix Patch,2025-10-15 00:00:00+00:00,21.70226851851852,<=30 days (including pre-launch),9230,7095,95.6771397616468,96.56095842142354,0.8838186597767361,4.322860238353201,3.4390415785764645,-0.8838186597767361,-2135,-23.13109425785482,>90%
2062430,1821922921821726,2026-01-19 17:07:52+00:00,BALL x PIT: The Regal Update Launches January 26th!,2025-10-15 00:00:00+00:00,96.7137962962963,31-180 days,3180,1841,94.33962264150944,95.38294405214558,1.043321410636139,5.660377358490564,4.617055947854425,-1.043321410636139,-1339,-42.106918238993714,>90%
2062430,1830163047266499,2026-04-20 16:11:08+00:00,BALL x PIT: The Shadow Update launches April 27,2025-10-15 00:00:00+00:00,187.67439814814816,>180 days,711,676,96.0618846694796,92.45562130177515,-3.606263367704443,3.9381153305204037,7.544378698224847,3.606263367704443,-35,-4.922644163150492,>90%
2062430,1839041357038696,2026-07-28 16:03:40+00:00,BALL x PIT's Final Free Update Launches August 6!,2025-10-15 00:00:00+00:00,286.66921296296294,>180 days,432,804,89.81481481481481,91.54228855721394,1.7274737423991269,10.18518518518519,8.457711442786064,-1.7274737423991269,372,86.11111111111111,70-90%
2071280,6539831519507664263,2023-04-19 14:59:02+00:00,Ravenswatch Patch note - Version 0.12.00,2024-09-26 00:00:00+00:00,-525.3756712962963,<=30 days (including pre-launch),2808,685,79.0954415954416,85.98540145985402,6.889959864412418,20.9045584045584,14.014598540145982,-6.889959864412418,-2123,-75.6054131054131,70-90%
2071280,5124582150178122955,2023-07-12 13:00:28+00:00,Ravenswatch Hotfix (DX12 Error 0x887a0005) - Version 0.13.03,2024-09-26 00:00:00+00:00,-441.45800925925926,<=30 days (including pre-launch),287,180,86.41114982578398,81.66666666666667,-4.7444831591173084,13.58885017421602,18.33333333333333,4.7444831591173084,-107,-37.282229965156795,70-90%
2071280,5480373588782873521,2023-09-14 15:04:17+00:00,Ravenswatch Hotfix (Game Difficulty) - Version 0.14.02,2024-09-26 00:00:00+00:00,-377.37202546296294,<=30 days (including pre-launch),395,307,72.9113924050633,84.69055374592834,11.779161340865045,27.088607594936704,15.30944625407166,-11.779161340865045,-88,-22.278481012658226,70-90%
2071280,6560117310264581723,2023-11-16 16:01:35+00:00,Ravenswatch Patch note - Sun Wukong Version 0.15.01,2024-09-26 00:00:00+00:00,-314.3322337962963,<=30 days (including pre-launch),177,777,83.61581920903954,85.07078507078506,1.4549658617455208,16.384180790960457,14.929214929214936,-1.4549658617455208,600,338.9830508474576,70-90%
2071280,5519792046252109077,2024-01-26 14:15:18+00:00,The Dark Tales Update releases on February 1st (Reveal Teaser),2024-09-26 00:00:00+00:00,-243.40604166666665,<=30 days (including pre-launch),241,199,74.68879668049793,83.41708542713567,8.728288746637745,25.31120331950207,16.582914572864325,-8.728288746637745,-42,-17.42738589211618,70-90%
2071280,5762993398269918960,2024-04-10 17:29:13+00:00,The Fall of Avalon Update will be released on April 22nd!,2024-09-26 00:00:00+00:00,-168.27137731481483,<=30 days (including pre-launch),232,992,83.62068965517241,82.15725806451613,-1.4634315906562847,16.379310344827587,17.842741935483872,1.4634315906562847,760,327.58620689655174,70-90%
2071280,5842939267309830904,2024-06-27 15:05:14+00:00,Ravenswatch Patch note (Voice Chat and Balancing) - Version 0.17.03,2024-09-26 00:00:00+00:00,-90.37136574074074,<=30 days (including pre-launch),272,402,84.19117647058823,67.91044776119402,-16.28072870939421,15.808823529411768,32.08955223880598,16.28072870939421,130,47.794117647058826,70-90%
2071280,6341720536503019538,2024-09-19 15:34:02+00:00,One week before Ravenswatch 1.0!,2024-09-26 00:00:00+00:00,-6.351365740740741,<=30 days (including pre-launch),194,1652,84.5360824742268,76.39225181598063,-8.143830658246173,15.463917525773198,23.60774818401937,8.143830658246173,1458,751.5463917525773,70-90%
2071280,1784506359006832,2024-11-28 09:00:40+00:00,Ravenswatch Patch note (Crossplay) - Version 1.0.06,2024-09-26 00:00:00+00:00,63.37546296296296,31-180 days,684,1044,85.96491228070175,90.90038314176245,4.935470861060693,14.035087719298247,9.099616858237553,-4.935470861060693,360,52.63157894736842,70-90%
2071280,1790214123076909,2025-01-30 09:05:57+00:00,Ravenswatch Patch Note (Nightmares Unleashed Update) - Version 1.1.0,2024-09-26 00:00:00+00:00,126.37913194444444,31-180 days,371,640,81.6711590296496,72.8125,-8.858659029649601,18.3288409703504,27.1875,8.858659029649601,269,72.50673854447439,70-90%
2071280,1800357164561146,2025-05-27 08:10:42+00:00,Ravenswatch Patch Note (Romeo & Juliet DLC) - Version 1.2.1,2024-09-26 00:00:00+00:00,243.3407638888889,>180 days,298,1001,79.53020134228188,78.52147852147851,-1.0087228208033707,20.469798657718115,21.478521478521486,1.0087228208033707,703,235.9060402684564,70-90%
2071280,1809235871622255,2025-08-29 15:00:52+00:00,The Hourglass of Dreams Update launches on September 17! (Reveal Date Teaser),2024-09-26 00:00:00+00:00,337.62560185185185,>180 days,453,478,77.92494481236203,80.5439330543933,2.6189882420312784,22.07505518763797,19.456066945606693,-2.6189882420312784,25,5.518763796909492,70-90%
2071280,1821922921820652,2026-01-19 09:08:06+00:00,Ravenswatch Patch Note (Merlin DLC + Free Update) - Version 1.04,2024-09-26 00:00:00+00:00,480.380625,>180 days,417,771,74.34052757793765,72.50324254215305,-1.8372850357846033,25.65947242206235,27.496757457846954,1.8372850357846033,354,84.89208633093526,70-90%
2071280,1831432155568042,2026-04-30 13:00:49+00:00,The Songs of Thieves Update (Content Highlights),2024-09-26 00:00:00+00:00,581.5422337962963,>180 days,300,358,79.33333333333333,78.77094972067039,-0.5623836126629413,20.66666666666667,21.229050279329613,0.5623836126629413,58,19.333333333333332,70-90%
2071280,1836506165583493,2026-07-09 14:14:35+00:00,"Ravenswatch Patch Notes (Multiplayer in Russia, Bug Fixes) - Version 1.5.01",2024-09-26 00:00:00+00:00,651.5934606481482,>180 days,402,362,77.61194029850746,78.45303867403315,0.8410983755256893,22.388059701492537,21.546961325966848,-0.8410983755256893,-40,-9.950248756218906,70-90%
2071430,5519792046249117022,2024-01-25 18:33:31+00:00,January Hotfix,2024-01-24 16:58:17+00:00,1.0661342592592593,<=30 days (including pre-launch),31,78,100.0,93.58974358974359,-6.410256410256409,0.0,6.410256410256409,6.410256410256409,47,151.61290322580646,>90%
2071430,6250522009509658127,2024-09-11 14:15:34+00:00,Update 1.1 - QoL + Performance Fixes,2024-01-24 16:58:17+00:00,230.88700231481482,>180 days,38,57,81.57894736842105,94.73684210526315,13.157894736842096,18.421052631578945,5.26315789473685,-13.157894736842096,19,50.0,70-90%
2072980,1788945554767363,2025-01-15 20:50:24+00:00,v0.1.1 Update Notes,2025-01-12 00:00:00+00:00,3.868333333333333,<=30 days (including pre-launch),63,42,85.71428571428571,69.04761904761905,-16.666666666666657,14.285714285714292,30.95238095238095,16.666666666666657,-21,-33.33333333333333,70-90%
2074480,5059268543354318243,2023-02-22 20:18:35+00:00,v2.0.9 - 2023.2.26,2022-11-16 00:00:00+00:00,98.84623842592593,31-180 days,29,51,100.0,98.0392156862745,-1.9607843137254974,0.0,1.9607843137254974,1.9607843137254974,22,75.86206896551724,>90%
2078230,1798454487573623,2025-04-30 14:58:41+00:00,Hotfix #3,2025-04-28 00:00:00+00:00,2.624085648148148,<=30 days (including pre-launch),214,592,84.11214953271028,82.0945945945946,-2.01755493811568,15.887850467289724,17.905405405405403,2.01755493811568,378,176.6355140186916,70-90%
2078230,1825093633184938,2026-02-19 13:11:21+00:00,Patch#8,2025-04-28 00:00:00+00:00,297.5495486111111,>180 days,20,42,60.0,64.28571428571429,4.285714285714292,40.0,35.71428571428571,-4.285714285714292,22,110.00000000000001,<70%
2082410,6474562312188164720,2024-04-13 11:25:47+00:00,We've Rolled Out A New Update!,2024-04-11 00:00:00+00:00,2.476238425925926,<=30 days (including pre-launch),85,338,92.94117647058823,81.65680473372781,-11.284371736860422,7.058823529411768,18.34319526627219,11.284371736860422,253,297.6470588235294,>90%
2083900,4606641560263896516,2022-09-12 19:12:35+00:00,Major Pacing Update (1.1.0),2022-09-09 00:00:00+00:00,3.8004050925925927,<=30 days (including pre-launch),34,107,79.41176470588235,85.98130841121495,6.569543705332606,20.588235294117652,14.018691588785046,-6.569543705332606,73,214.70588235294116,70-90%
2086140,5138087875073730483,2023-05-02 23:23:50+00:00,Changelog for v18!,2023-05-01 00:00:00+00:00,1.9748842592592593,<=30 days (including pre-launch),26,127,92.3076923076923,73.22834645669292,-19.07934585099939,7.692307692307693,26.77165354330708,19.07934585099939,101,388.46153846153845,>90%
2088570,4589754330742145805,2022-09-25 07:48:11+00:00,Steam Integration Hotfix - V 0.1.5 V1,2022-09-23 00:00:00+00:00,2.325127314814815,<=30 days (including pre-launch),187,602,98.3957219251337,97.67441860465115,-0.7213033204825479,1.6042780748663006,2.3255813953488484,0.7213033204825479,415,221.92513368983958,>90%
2088570,4836332027656820850,2022-11-24 22:30:49+00:00,PTR Update 0.1.7e,2022-09-23 00:00:00+00:00,62.93806712962963,31-180 days,574,561,97.90940766550523,98.2174688057041,0.3080611401988733,2.0905923344947723,1.782531194295899,-0.3080611401988733,-13,-2.264808362369338,>90%
2088570,5125698536858310224,2023-03-17 18:14:48+00:00,PTR Update,2022-09-23 00:00:00+00:00,175.7602777777778,31-180 days,132,246,94.6969696969697,97.96747967479675,3.2705099778270466,5.303030303030297,2.032520325203251,-3.2705099778270466,114,86.36363636363636,>90%
2088570,5124582150168217293,2023-07-09 19:46:32+00:00,Where is the update?,2022-09-23 00:00:00+00:00,289.8239814814815,>180 days,76,55,96.05263157894737,96.36363636363636,0.31100478468898984,3.94736842105263,3.6363636363636402,-0.31100478468898984,-21,-27.631578947368425,>90%
2088570,5410576585136908827,2023-12-23 10:55:53+00:00,Hotfix: 0.2.0 V5,2022-09-23 00:00:00+00:00,456.45547453703705,>180 days,178,1387,94.3820224719101,96.39509733237203,2.013074860461927,5.617977528089895,3.604902667627968,-2.013074860461927,1209,679.2134831460675,>90%
2088570,5749481331433678457,2024-03-27 15:36:38+00:00,0.2.4 Patch Notes,2022-09-23 00:00:00+00:00,551.6504398148148,>180 days,313,431,97.76357827476039,97.91183294663574,0.1482546718753497,2.236421725239609,2.088167053364259,-0.1482546718753497,118,37.69968051118211,>90%
2088570,5742731639334798260,2024-05-31 20:19:36+00:00,0.2.5 Beta Kick Off,2022-09-23 00:00:00+00:00,616.8469444444445,>180 days,489,316,96.52351738241309,96.51898734177216,-0.004530040640929656,3.4764826175869104,3.48101265822784,0.004530040640929656,-173,-35.37832310838446,>90%
2088570,5963414363387093101,2024-08-07 14:55:06+00:00,Tiny Rogues: The Clean Update,2022-09-23 00:00:00+00:00,684.6215972222222,>180 days,273,533,95.6043956043956,93.62101313320825,-1.9833824711873547,4.395604395604394,6.378986866791749,1.9833824711873547,260,95.23809523809523,>90%
2088570,6360862737592860264,2024-10-09 17:57:03+00:00,When's the next patch?,2022-09-23 00:00:00+00:00,747.7479513888889,>180 days,208,172,95.67307692307693,94.76744186046511,-0.9056350626118217,4.326923076923066,5.232558139534888,0.9056350626118217,-36,-17.307692307692307,>90%
2088570,1788311419056656,2025-01-10 18:41:56+00:00,0.2.8.1 Patch Notes,2022-09-23 00:00:00+00:00,840.7791203703704,>180 days,157,153,97.45222929936305,92.81045751633987,-4.641771783023188,2.5477707006369457,7.189542483660134,4.641771783023188,-4,-2.547770700636943,>90%
2088570,1793384379546848,2025-03-11 21:49:54+00:00,0.2.8.4 Patch Notes,2022-09-23 00:00:00+00:00,900.9096527777778,>180 days,118,140,94.91525423728814,87.14285714285714,-7.772397094431,5.0847457627118615,12.857142857142861,7.772397094431,22,18.64406779661017,>90%
2088570,1811772772512350,2025-10-03 15:08:02+00:00,0.2.8.6 Patch Notes,2022-09-23 00:00:00+00:00,1106.6305787037038,>180 days,64,64,96.875,100.0,3.125,3.125,0.0,-3.125,0,0.0,>90%
2088650,5127964289177915985,2023-08-18 22:10:07+00:00,Patch Notes V1.0.1,2023-08-17 00:00:00+00:00,1.9236921296296297,<=30 days (including pre-launch),47,229,91.48936170212765,65.93886462882097,-25.550497073306687,8.510638297872347,34.061135371179034,25.550497073306687,182,387.2340425531915,>90%
2092850,5124584051969709912,2023-07-20 12:38:46+00:00,Krzyżacy - The Knights of the Cross - Patch 1 Update Announcement (V1.0.02),2023-07-19 00:00:00+00:00,1.5269212962962964,<=30 days (including pre-launch),37,302,81.08108108108108,67.54966887417218,-13.531412206908897,18.91891891891892,32.450331125827816,13.531412206908897,265,716.2162162162163,70-90%
2092850,5220291886482293429,2023-09-27 05:49:24+00:00,Krzyżacy - The Knights of the Cross - Patch 5 Update Announcement (V1.0.06),2023-07-19 00:00:00+00:00,70.24263888888889,31-180 days,27,76,85.18518518518519,98.68421052631578,13.49902534113059,14.81481481481481,1.3157894736842195,-13.49902534113059,49,181.4814814814815,70-90%
2093910,4588629064105244122,2022-09-28 01:52:12+00:00,0928 Update,2023-11-29 00:00:00+00:00,-426.9220833333333,<=30 days (including pre-launch),24,28,79.16666666666666,96.42857142857143,17.261904761904773,20.833333333333343,3.5714285714285694,-17.261904761904773,4,16.666666666666664,70-90%
2093910,5124585319851817156,2023-08-04 06:28:46+00:00,Aug.04 【Test Branch Update】Talent System Reforge & More Contents,2023-11-29 00:00:00+00:00,-116.73002314814815,<=30 days (including pre-launch),30,31,93.33333333333333,77.41935483870968,-15.913978494623649,6.666666666666671,22.58064516129032,15.913978494623649,1,3.3333333333333335,>90%
2093910,5395938616797503138,2023-12-08 09:22:07+00:00,1.0.0.11 Update | Easier to Merge Abilities Now!,2023-11-29 00:00:00+00:00,9.390358796296296,<=30 days (including pre-launch),307,291,88.92508143322475,88.65979381443299,-0.2652876187917599,11.074918566775253,11.340206185567013,0.2652876187917599,-16,-5.211726384364821,70-90%
2093910,5686430301720898873,2024-03-22 08:31:06+00:00,1.1.0.16 Update | Endless Mode Is Adjusted! Made the Game Play Smoother!,2023-11-29 00:00:00+00:00,114.35493055555555,31-180 days,79,94,88.60759493670885,92.5531914893617,3.9455965526528445,11.39240506329115,7.446808510638306,-3.9455965526528445,15,18.9873417721519,70-90%
2093910,5742731639344075194,2024-06-03 09:25:17+00:00,V1.2.0.5 Update | Bug Fix,2023-11-29 00:00:00+00:00,187.39255787037038,>180 days,28,21,89.28571428571429,76.19047619047619,-13.095238095238102,10.714285714285708,23.80952380952381,13.095238095238102,-7,-25.0,70-90%
2094910,5129083846351423814,2023-06-11 23:06:19+00:00,V0.4.1.9 Patch Notes,2023-06-02 15:59:04+00:00,9.29670138888889,<=30 days (including pre-launch),188,80,87.7659574468085,85.0,-2.7659574468084998,12.2340425531915,15.0,2.7659574468084998,-108,-57.446808510638306,70-90%
2094910,1806064758644680,2025-07-25 14:20:37+00:00,Day 1&2 Patches (v1.0.10),2023-06-02 15:59:04+00:00,783.9316319444445,>180 days,35,83,68.57142857142857,54.21686746987952,-14.354561101549052,31.42857142857143,45.78313253012048,14.354561101549052,48,137.14285714285714,<70%
2095890,5519792046262301688,2024-01-29 09:22:39+00:00,"The full version of the game will be released on February 5th, priced at $4.99.",2023-11-10 00:00:00+00:00,80.39072916666667,31-180 days,85,48,98.82352941176471,97.91666666666666,-0.9068627450980529,1.17647058823529,2.083333333333343,0.9068627450980529,-37,-43.529411764705884,>90%
2096510,5059268543376562568,2023-02-28 22:48:26+00:00,Minor bugfixes,2023-02-27 00:00:00+00:00,1.9503009259259259,<=30 days (including pre-launch),27,52,85.18518518518519,84.61538461538461,-0.5698005698005773,14.81481481481481,15.384615384615387,0.5698005698005773,25,92.5925925925926,70-90%
2096510,5129083846355417776,2023-06-13 01:24:09+00:00,"Localization Update, New Units and Practice Mode",2023-02-27 00:00:00+00:00,106.0584375,31-180 days,33,30,96.96969696969697,83.33333333333334,-13.636363636363626,3.030303030303031,16.666666666666657,13.636363636363626,-3,-9.090909090909092,>90%
2097230,5756237364326475300,2024-04-09 14:00:55+00:00,Localization Update is Out Now!,2024-01-18 00:00:00+00:00,82.58396990740741,31-180 days,99,95,96.96969696969697,95.78947368421052,-1.1802232854864485,3.030303030303031,4.21052631578948,1.1802232854864485,-4,-4.040404040404041,>90%
2097230,6240387642460144405,2024-08-31 03:26:40+00:00,New Holiday Hats Are On The Way!,2024-01-18 00:00:00+00:00,226.1435185185185,>180 days,50,43,96.0,93.02325581395348,-2.976744186046517,4.0,6.976744186046517,2.976744186046517,-7,-14.000000000000002,>90%
2097620,5322753221337889780,2023-11-15 10:14:14+00:00,November 15th update instructions,2023-11-14 00:00:00+00:00,1.426550925925926,<=30 days (including pre-launch),25,26,92.0,73.07692307692307,-18.923076923076934,8.0,26.923076923076934,18.923076923076934,1,4.0,>90%
2099220,4606641560262822736,2022-09-12 12:08:13+00:00,Hotfixed,2022-08-18 23:26:53+00:00,24.528703703703705,<=30 days (including pre-launch),21,49,90.47619047619048,87.75510204081633,-2.7210884353741562,9.523809523809518,12.244897959183675,2.7210884353741562,28,133.33333333333331,>90%
2099220,4789043687476185395,2022-11-18 03:23:46+00:00,Version a.1.9.0,2022-08-18 23:26:53+00:00,91.16450231481481,31-180 days,26,26,84.61538461538461,92.3076923076923,7.692307692307693,15.384615384615387,7.692307692307693,-7.692307692307693,0,0.0,70-90%
2099220,5035622743886259244,2023-02-04 06:43:01+00:00,Version a.1.17.0,2022-08-18 23:26:53+00:00,169.30287037037036,31-180 days,20,32,85.0,71.875,-13.125,15.0,28.125,13.125,12,60.0,70-90%
2100050,6402455182515246546,2022-10-16 11:32:46+00:00,The Fields Update!,2022-10-10 00:00:00+00:00,6.481087962962963,<=30 days (including pre-launch),37,30,91.8918918918919,100.0,8.108108108108098,8.108108108108098,0.0,-8.108108108108098,-7,-18.91891891891892,>90%
2100150,5762994032409197144,2024-04-23 13:55:04+00:00,v0.9.1.1 Patch Note,2024-04-23 01:59:36+00:00,0.4968518518518519,<=30 days (including pre-launch),54,253,90.74074074074075,67.58893280632411,-23.151807934416638,9.259259259259252,32.41106719367589,23.151807934416638,199,368.51851851851853,>90%
2102320,5229301621585679129,2023-10-29 04:19:50+00:00,Hot Fixes Applied!,2023-04-23 23:50:57+00:00,188.18672453703704,>180 days,33,63,60.60606060606061,69.84126984126983,9.235209235209226,39.39393939393939,30.158730158730165,-9.235209235209226,30,90.9090909090909,<70%
2103140,5288974951206732630,2023-11-02 14:35:11+00:00,【1102】 First Day of Release Bug Feedback Fix Patch Update,2023-11-02 02:24:56+00:00,0.5071180555555556,<=30 days (including pre-launch),144,3115,88.19444444444444,91.30016051364366,3.105716069199218,11.805555555555557,8.699839486356339,-3.105716069199218,2971,2063.1944444444443,70-90%
2103140,5410576585176000358,2024-01-03 04:22:59+00:00,【0103】Patch Updates,2023-11-02 02:24:56+00:00,62.08197916666666,31-180 days,833,332,91.11644657863145,89.45783132530121,-1.6586152533302396,8.883553421368546,10.542168674698786,1.6586152533302396,-501,-60.14405762304922,>90%
2103140,7309977427434903030,2024-03-14 13:32:29+00:00,0.8 Version Major Update | Developer's Log 05 for Magicraft,2023-11-02 02:24:56+00:00,133.4635763888889,31-180 days,358,587,85.75418994413407,91.82282793867121,6.068637994537141,14.245810055865931,8.17717206132879,-6.068637994537141,229,63.96648044692738,70-90%
2103140,5768625435413906743,2024-05-14 13:38:22+00:00,[0514] V0.82.13 Bug Fix Patch Update,2023-11-02 02:24:56+00:00,194.46766203703703,>180 days,323,238,95.3560371517028,93.69747899159664,-1.6585581601061534,4.643962848297207,6.30252100840336,1.6585581601061534,-85,-26.31578947368421,>90%
2103140,6212245217911971315,2024-10-29 03:00:26+00:00,Magicraft V1.0 release on NOV 02！,2023-11-02 02:24:56+00:00,362.02465277777776,>180 days,83,2519,91.56626506024097,90.98848749503772,-0.5777775652032489,8.433734939759034,9.011512504962283,0.5777775652032489,2436,2934.9397590361446,>90%
2103140,1786573930969988,2024-12-30 11:41:00+00:00,【1230】V1.0.48 Patch Updates,2023-11-02 02:24:56+00:00,424.3861574074074,>180 days,1032,628,96.02713178294574,94.10828025477707,-1.9188515281686733,3.9728682170542555,5.891719745222929,1.9188515281686733,-404,-39.14728682170542,>90%
2103140,1792751526134034,2025-03-03 10:01:02+00:00,【0303】V1.1.15 Patch Updates,2023-11-02 02:24:56+00:00,487.3167361111111,>180 days,705,417,95.74468085106383,95.92326139088729,0.17858053982345723,4.255319148936167,4.076738609112709,-0.17858053982345723,-288,-40.85106382978723,>90%
2103140,1798454487759696,2025-05-06 10:06:18+00:00,【0506】V1.1.16 Patch Updates,2023-11-02 02:24:56+00:00,551.3203935185185,>180 days,279,207,93.54838709677419,93.23671497584542,-0.31167212092877605,6.451612903225808,6.763285024154584,0.31167212092877605,-72,-25.806451612903224,>90%
2103140,1814942955087790,2025-10-29 03:37:56+00:00,Magicraft Ver. 1.2 — Free Crossover DLC with DAVE THE DIVER Now Available!,2023-11-02 02:24:56+00:00,727.0506944444444,>180 days,159,467,91.19496855345912,94.64668094218416,3.451712388725042,8.80503144654088,5.353319057815838,-3.451712388725042,308,193.71069182389937,>90%
2103140,1822556746156099,2026-01-21 07:40:07+00:00,【0121】V1.2.19 Patch Updates,2023-11-02 02:24:56+00:00,811.2188773148148,>180 days,295,230,90.84745762711864,95.65217391304348,4.80471628592484,9.152542372881356,4.347826086956516,-4.80471628592484,-65,-22.033898305084744,>90%
2103140,1836506165567698,2026-07-02 10:57:43+00:00,【0702】V1.2.27 Version update,2023-11-02 02:24:56+00:00,973.356099537037,>180 days,160,161,91.25,93.7888198757764,2.5388198757763973,8.75,6.211180124223603,-2.5388198757763973,1,0.625,>90%
2103140,1844751498217269,2026-09-23 03:29:35+00:00,"Magicraft × ""Lost Castle 2"" Crossover Available! v1.2.42 Update Announcement",2023-11-02 02:24:56+00:00,1056.0448958333334,>180 days,80,69,91.25,91.30434782608695,0.05434782608695343,8.75,8.695652173913047,-0.05434782608695343,-11,-13.750000000000002,>90%
2106670,5768625435414896810,2024-05-14 20:09:24+00:00,Update 0.8.0.37,2024-05-13 14:03:19+00:00,1.254224537037037,<=30 days (including pre-launch),168,679,89.88095238095238,87.48159057437408,-2.3993618065782982,10.11904761904762,12.518409425625919,2.3993618065782982,511,304.16666666666663,70-90%
2106670,6350729003509207553,2024-10-07 16:00:59+00:00,Interplanetary Store Update,2024-05-13 14:03:19+00:00,147.08171296296297,31-180 days,30,141,93.33333333333333,78.01418439716312,-15.319148936170208,6.666666666666671,21.98581560283688,15.319148936170208,111,370.0,>90%
2106670,1791580426137744,2025-02-18 21:31:07+00:00,Children of Tarra (Beta Hotfix),2024-05-13 14:03:19+00:00,281.31097222222223,>180 days,47,87,91.48936170212765,85.0574712643678,-6.431890437759847,8.510638297872347,14.942528735632195,6.431890437759847,40,85.1063829787234,>90%
2106670,1800991756350567,2025-05-30 17:19:17+00:00,"Gatekeeper 1.0 launches on August 1, 2025!",2024-05-13 14:03:19+00:00,382.13608796296296,>180 days,34,59,94.11764705882352,84.7457627118644,-9.37188434695912,5.882352941176478,15.254237288135599,9.37188434695912,25,73.52941176470588,>90%
2106670,1806698490719926,2025-08-01 16:01:52+00:00,1.0 Update - The Nowhere Throne,2024-05-13 14:03:19+00:00,445.0823263888889,>180 days,48,700,85.41666666666666,80.0,-5.416666666666657,14.583333333333343,20.0,5.416666666666657,652,1358.3333333333335,70-90%
2106670,1811772772575160,2025-10-05 13:49:48+00:00,Security Update,2024-05-13 14:03:19+00:00,509.9906134259259,>180 days,126,62,76.98412698412699,82.25806451612904,5.273937532002051,23.015873015873012,17.74193548387096,-5.273937532002051,-64,-50.79365079365079,70-90%
2106670,1818752592123903,2025-12-11 14:45:02+00:00,News: Update 1.2 & Gatekeeper: Crustad,2024-05-13 14:03:19+00:00,577.0289699074074,>180 days,196,77,89.28571428571429,84.4155844155844,-4.870129870129887,10.714285714285708,15.584415584415595,4.870129870129887,-119,-60.71428571428571,70-90%
2106670,1823825466508570,2026-02-10 14:25:00+00:00,Core Aspect Update & Crustad DLC arrive on February 19th,2024-05-13 14:03:19+00:00,638.0150578703704,>180 days,73,89,78.08219178082192,76.40449438202246,-1.6776973987994523,21.917808219178085,23.595505617977537,1.6776973987994523,16,21.91780821917808,70-90%
2106670,1832065502820455,2026-05-11 06:22:12+00:00,Update 1.2.0.30,2024-05-13 14:03:19+00:00,727.6797800925926,>180 days,41,24,78.04878048780488,79.16666666666666,1.1178861788617809,21.951219512195124,20.833333333333343,-1.1178861788617809,-17,-41.46341463414634,70-90%
2111190,5741605105604279040,2024-05-22 17:36:43+00:00,WEEK 1 PATCH 1.01,2024-05-15 00:00:00+00:00,7.733831018518519,<=30 days (including pre-launch),1888,1118,98.41101694915254,97.40608228980322,-1.004934659349317,1.5889830508474603,2.593917710196777,1.004934659349317,-770,-40.78389830508475,>90%
2111190,5875594803672028953,2024-08-13 22:18:17+00:00,PATCH 1.09,2024-05-15 00:00:00+00:00,90.92936342592593,31-180 days,441,277,96.82539682539682,98.55595667870037,1.7305598533035464,3.1746031746031775,1.444043321299631,-1.7305598533035464,-164,-37.188208616780045,>90%
2111190,1786409468869596,2024-12-19 08:55:14+00:00,🚨 ULTRAKILL CROSSOVER update! 🚨,2024-05-15 00:00:00+00:00,218.37168981481483,>180 days,900,540,99.44444444444444,98.14814814814815,-1.2962962962962905,0.5555555555555571,1.8518518518518476,1.2962962962962905,-360,-40.0,>90%
2111190,1819386365091476,2025-12-18 18:07:32+00:00,PATCH 1.13,2024-05-15 00:00:00+00:00,582.7552314814815,>180 days,106,206,98.11320754716981,96.60194174757282,-1.511265799596984,1.8867924528301927,3.3980582524271767,1.511265799596984,100,94.33962264150944,>90%
2113040,6438516944124411951,2023-10-13 14:53:45+00:00,"Balance, Bugs and Optimization",2023-10-12 10:47:33+00:00,1.1709722222222223,<=30 days (including pre-launch),46,129,97.82608695652173,82.17054263565892,-15.655544320862816,2.173913043478265,17.82945736434108,15.655544320862816,83,180.43478260869566,>90%
2118250,5756237364306264827,2024-04-04 00:57:09+00:00,1.0.86 Patch Note,2024-04-02 00:00:00+00:00,2.0396875,<=30 days (including pre-launch),43,223,81.3953488372093,74.88789237668162,-6.507456460527678,18.604651162790702,25.11210762331838,6.507456460527678,180,418.60465116279073,70-90%
2118370,6539831519500837515,2023-04-17 18:02:44+00:00,Patch notes V.0.1.27,2023-04-14 00:00:00+00:00,3.751898148148148,<=30 days (including pre-launch),82,99,96.34146341463415,93.93939393939394,-2.4020694752402107,3.6585365853658516,6.060606060606062,2.4020694752402107,17,20.73170731707317,>90%
2118810,6339469370186679693,2024-09-27 20:00:09+00:00,Patch #1 - Bug and Crash Fixes,2024-09-26 00:00:00+00:00,1.8334375,<=30 days (including pre-launch),113,430,73.45132743362832,77.44186046511628,3.9905330314879564,26.54867256637168,22.558139534883722,-3.9905330314879564,317,280.53097345132744,70-90%
2118810,1784506359007757,2024-11-28 09:33:06+00:00,Hotfix #6 - Minor bug fixes,2024-09-26 00:00:00+00:00,63.39798611111111,31-180 days,96,107,71.875,87.85046728971963,15.975467289719631,28.125,12.149532710280369,-15.975467289719631,11,11.458333333333332,70-90%
2118810,1790848102625926,2025-02-06 17:46:26+00:00,Development Update: Meta-Progression Rework & UI Overhaul,2024-09-26 00:00:00+00:00,133.7405787037037,31-180 days,54,44,72.22222222222221,79.54545454545455,7.323232323232332,27.777777777777786,20.454545454545453,-7.323232323232332,-10,-18.51851851851852,70-90%
2118810,1795917897491502,2025-04-08 16:48:27+00:00,Experimental Branch Update #3 – Equipment upgrades,2024-09-26 00:00:00+00:00,194.7003125,>180 days,21,40,71.42857142857143,82.5,11.07142857142857,28.57142857142857,17.5,-11.07142857142857,19,90.47619047619048,70-90%
2118810,1802893906817241,2025-06-22 06:15:08+00:00,"Patch #18 - Drafting table rework, card buffs and a new event",2024-09-26 00:00:00+00:00,269.26050925925927,>180 days,50,37,68.0,78.37837837837837,10.378378378378372,32.0,21.621621621621628,-10.378378378378372,-13,-26.0,<70%
2118810,1813041031336460,2025-10-13 12:27:56+00:00,Patch #19 Hotfix - Patched Unity's vulnerability and station soft locks,2024-09-26 00:00:00+00:00,382.5193981481481,>180 days,28,57,67.85714285714286,63.1578947368421,-4.699248120300759,32.14285714285714,36.8421052631579,4.699248120300759,29,103.57142857142858,<70%
2118810,1819386365090282,2025-12-18 15:58:09+00:00,"Patch #27 - Missile bug fix, Equipment subtypes, new cards",2024-09-26 00:00:00+00:00,448.66538194444445,>180 days,30,50,80.0,70.0,-10.0,20.0,30.0,10.0,20,66.66666666666666,70-90%
2118810,1830797770244948,2026-04-28 11:09:03+00:00,"Experimental branch update: Resource Bays, Railguns, and Reactor Lock",2024-09-26 00:00:00+00:00,579.4646180555555,>180 days,21,31,76.19047619047619,80.64516129032258,4.454685099846387,23.80952380952381,19.354838709677423,-4.454685099846387,10,47.61904761904761,70-90%
2118810,1836506165556468,2026-06-27 13:17:48+00:00,"Patch #32 (Experimental) - Flak overhaul, memory leak fix",2024-09-26 00:00:00+00:00,639.5540277777778,>180 days,30,34,76.66666666666667,76.47058823529412,-0.19607843137255543,23.33333333333333,23.529411764705884,0.19607843137255543,4,13.333333333333334,70-90%
2118810,1842846814439504,2026-09-02 07:49:14+00:00,"Balance Patch #7 - Balance, Bug-fixes, Unlock changes",2024-09-26 00:00:00+00:00,706.3258564814815,>180 days,32,21,68.75,80.95238095238095,12.202380952380949,31.25,19.04761904761905,-12.202380952380949,-11,-34.375,<70%
2128270,5138087875076958423,2023-05-03 20:39:17+00:00,version 0.5.3 'pain cleric',2023-05-01 09:36:36+00:00,2.4601967592592593,<=30 days (including pre-launch),33,134,100.0,100.0,0.0,0.0,0.0,0.0,101,306.06060606060606,>90%
2128270,5124584686258895947,2023-07-31 01:39:02+00:00,version 0.7.0 'Lapis Gate',2023-05-01 09:36:36+00:00,90.66835648148148,31-180 days,45,24,97.77777777777777,95.83333333333334,-1.9444444444444287,2.2222222222222285,4.166666666666657,1.9444444444444287,-21,-46.666666666666664,>90%
2128270,5220292521197241819,2023-10-10 02:25:26+00:00,version 0.8.6 'Sacrifice',2023-05-01 09:36:36+00:00,161.7005787037037,31-180 days,28,30,100.0,100.0,0.0,0.0,0.0,0.0,2,7.142857142857142,>90%
2128270,5395938616802358995,2023-12-09 17:20:02+00:00,version 0.9.3.9 Ormjarl / Mura,2023-05-01 09:36:36+00:00,222.32182870370372,>180 days,38,39,100.0,100.0,0.0,0.0,0.0,0.0,1,2.631578947368421,>90%
2128270,5728086065188333090,2024-02-24 07:27:56+00:00,version 0.9.5.3 'Jeweled Visage',2023-05-01 09:36:36+00:00,298.91064814814814,>180 days,39,66,100.0,100.0,0.0,0.0,0.0,0.0,27,69.23076923076923,>90%
2128270,5759616966661651943,2024-04-24 18:04:09+00:00,version 0.9.8.7 added Ill Manica,2023-05-01 09:36:36+00:00,359.35246527777775,>180 days,59,417,94.91525423728814,98.08153477218225,3.1662805348941134,5.0847457627118615,1.918465227817748,-3.1662805348941134,358,606.7796610169491,>90%
2128270,5963413728346492185,2024-08-04 15:57:28+00:00,version 1.4 the Eaten Star,2023-05-01 09:36:36+00:00,461.26449074074077,>180 days,91,133,98.9010989010989,97.74436090225564,-1.156737998843269,1.098901098901095,2.255639097744364,1.156737998843269,42,46.15384615384615,>90%
2128270,6931694080292541865,2024-10-10 20:24:02+00:00,1.4.2 the Lands roll forth...,2023-05-01 09:36:36+00:00,528.4496064814815,>180 days,51,43,96.07843137254902,93.02325581395348,-3.0551755585955362,3.9215686274509807,6.976744186046517,3.0551755585955362,-8,-15.686274509803921,>90%
2128270,1785774543572852,2024-12-13 23:26:05+00:00,1.4.3 O struggler...,2023-05-01 09:36:36+00:00,592.5760300925926,>180 days,212,376,98.11320754716981,99.7340425531915,1.620835006021693,1.8867924528301927,0.26595744680849975,-1.620835006021693,164,77.35849056603774,>90%
2129810,1795283637820272,2025-03-27 13:43:21+00:00,Demo Update: Version 1.0.1 Patch Notes,2025-03-18 00:00:00+00:00,9.571770833333334,<=30 days (including pre-launch),165,96,87.27272727272727,84.375,-2.8977272727272663,12.727272727272734,15.625,2.8977272727272663,-69,-41.81818181818181,70-90%
2134560,5229301621578202587,2023-10-27 03:05:52+00:00,Patch Notes（Rev 2890）,2023-10-06 03:03:25+00:00,21.00170138888889,<=30 days (including pre-launch),139,21,76.97841726618705,80.95238095238095,3.9739636861938976,23.02158273381295,19.04761904761905,-3.9739636861938976,-118,-84.89208633093526,70-90%
2138710,6557848386940514232,2023-05-11 08:29:58+00:00,Sifu | Patch Note 1.22,2023-03-28 00:00:00+00:00,44.35414351851852,31-180 days,662,484,91.6918429003021,93.38842975206612,1.6965868517640104,8.308157099697894,6.611570247933884,-1.6965868517640104,-178,-26.888217522658607,>90%
2138710,5159491482908897185,2023-09-07 13:02:12+00:00,Out Now: Sifu's Final Content Update,2023-03-28 00:00:00+00:00,163.54319444444445,31-180 days,406,654,92.61083743842364,93.57798165137615,0.9671442129525047,7.389162561576356,6.422018348623851,-0.9671442129525047,248,61.083743842364534,>90%
2142300,1815034432974255,2025-11-02 16:59:41+00:00,Mise à jour 1.3.6,2025-10-31 00:00:00+00:00,2.708113425925926,<=30 days (including pre-launch),33,52,87.87878787878788,88.46153846153845,0.5827505827505775,12.121212121212125,11.538461538461547,-0.5827505827505775,19,57.57575757575758,70-90%
2144220,5756237364318929225,2024-04-07 12:20:04+00:00,ver2.0.1アップデート内容,2024-04-03 00:00:00+00:00,4.513935185185185,<=30 days (including pre-launch),29,35,89.65517241379311,100.0,10.34482758620689,10.34482758620689,0.0,-10.34482758620689,6,20.689655172413794,70-90%
2147530,1805065414372397,2025-07-15 17:37:50+00:00,Version 1.0.5 Patch notes,2023-11-03 07:00:46+00:00,620.4424074074074,>180 days,21,64,95.23809523809523,98.4375,3.1994047619047734,4.761904761904773,1.5625,-3.1994047619047734,43,204.76190476190476,>90%
2151580,4979322040020757378,2022-12-02 15:49:40+00:00,【1203】游戏更新,2022-11-30 11:56:02+00:00,2.1622453703703703,<=30 days (including pre-launch),31,336,87.09677419354838,79.16666666666666,-7.930107526881727,12.903225806451616,20.833333333333343,7.930107526881727,305,983.8709677419354,70-90%
2151580,5035622743875653763,2023-02-01 08:54:14+00:00,【0201】Update,2022-11-30 11:56:02+00:00,62.87375,31-180 days,193,75,87.04663212435233,77.33333333333333,-9.713298791019,12.953367875647672,22.66666666666667,9.713298791019,-118,-61.13989637305699,70-90%
2151580,6557848386956501484,2023-05-15 17:47:37+00:00,【0516】Update,2022-11-30 11:56:02+00:00,166.2441550925926,31-180 days,26,33,76.92307692307693,78.78787878787878,1.8648018648018478,23.076923076923066,21.212121212121218,-1.8648018648018478,7,26.923076923076923,70-90%
2154240,1794102528266081,2025-03-19 10:59:56+00:00,Patch Notes: 0.5.1.5,2025-03-11 00:00:00+00:00,8.458287037037037,<=30 days (including pre-launch),120,31,88.33333333333333,87.09677419354838,-1.2365591397849443,11.666666666666671,12.903225806451616,1.2365591397849443,-89,-74.16666666666667,70-90%
2158810,1800357164362772,2025-05-21 04:46:44+00:00,Update: v1.0.4,2025-05-15 00:00:00+00:00,6.199120370370371,<=30 days (including pre-launch),20,20,100.0,90.0,-10.0,0.0,10.0,10.0,0,0.0,>90%
2159900,1814309641470063,2025-10-24 10:17:37+00:00,Patch note - 1.0.3,2025-10-21 00:00:00+00:00,3.428900462962963,<=30 days (including pre-launch),31,34,80.64516129032258,82.35294117647058,1.7077798861480034,19.354838709677423,17.64705882352942,-1.7077798861480034,3,9.67741935483871,70-90%
2185780,5035620387696185554,2023-01-07 20:20:04+00:00,Update,2023-01-06 00:00:00+00:00,1.8472685185185185,<=30 days (including pre-launch),47,455,85.1063829787234,84.61538461538461,-0.49099836333878955,14.893617021276597,15.384615384615387,0.49099836333878955,408,868.0851063829787,70-90%
2185780,5133583642659581762,2023-04-29 20:58:26+00:00,4.30 Update Instruction,2023-01-06 00:00:00+00:00,113.87391203703703,31-180 days,24,40,75.0,70.0,-5.0,25.0,30.0,5.0,16,66.66666666666666,70-90%
2186580,1803527891509117,2025-06-26 14:01:56+00:00,SHUFFLE TACTICS - Hotfix 1.0.1,2025-06-24 00:00:00+00:00,2.584675925925926,<=30 days (including pre-launch),25,48,64.0,75.0,11.0,36.0,25.0,-11.0,23,92.0,<70%
2191770,1783238125323573,2024-11-17 23:28:44+00:00,Patch note #2,2024-11-14 00:00:00+00:00,3.978287037037037,<=30 days (including pre-launch),20,84,100.0,98.80952380952381,-1.1904761904761898,0.0,1.1904761904761898,1.1904761904761898,64,320.0,>90%
2193540,6350729003505603596,2024-10-06 16:17:10+00:00,We Hear You! Hotfix Incoming + More Updates,2024-10-03 13:58:20+00:00,3.096412037037037,<=30 days (including pre-launch),413,343,54.23728813559322,68.22157434402332,13.984286208430106,45.76271186440678,31.778425655976676,-13.984286208430106,-70,-16.94915254237288,<70%
2193540,1784506359254809,2024-12-05 21:22:39+00:00,The Sky Citadel Update: Our First Major Content Expansion,2024-10-03 13:58:20+00:00,63.30855324074074,31-180 days,123,122,72.35772357723577,60.65573770491803,-11.701985872317742,27.642276422764226,39.34426229508197,11.701985872317742,-1,-0.8130081300813009,70-90%
2193540,1792751526181364,2025-03-04 19:11:13+00:00,Update 0.6.3 is live now.,2024-10-03 13:58:20+00:00,152.2172800925926,31-180 days,90,45,62.22222222222222,57.77777777777777,-4.44444444444445,37.77777777777778,42.22222222222223,4.44444444444445,-45,-50.0,<70%
2193540,1802261838721404,2025-06-11 17:44:44+00:00,Wizard of Legend 2 - 1.0 Launch Live Stream,2024-10-03 13:58:20+00:00,251.15722222222223,>180 days,29,345,58.620689655172406,44.05797101449275,-14.562718640679655,41.379310344827594,55.94202898550725,14.562718640679655,316,1089.655172413793,<70%
2196790,5000716037471774606,2022-12-30 14:44:59+00:00,0.75 Update,2022-12-28 00:36:42+00:00,2.5890856481481483,<=30 days (including pre-launch),29,78,86.20689655172413,85.8974358974359,-0.30946065428823033,13.793103448275872,14.102564102564102,0.30946065428823033,49,168.9655172413793,70-90%
2196790,5070528176558673047,2023-03-01 14:24:34+00:00,0.89 Update,2022-12-28 00:36:42+00:00,63.57490740740741,31-180 days,323,224,91.95046439628483,93.30357142857143,1.3531070322866015,8.04953560371517,6.696428571428569,-1.3531070322866015,-99,-30.65015479876161,>90%
2196790,5138087875075751856,2023-05-03 12:42:43+00:00,0.98 Update,2022-12-28 00:36:42+00:00,126.50417824074074,31-180 days,50,55,84.0,80.0,-4.0,16.0,20.0,4.0,5,10.0,70-90%
2198680,5151600576591102962,2023-05-26 09:17:50+00:00,5月26日更新说明,2023-05-25 00:00:00+00:00,1.3873842592592593,<=30 days (including pre-launch),22,320,95.45454545454545,88.4375,-7.017045454545453,4.545454545454547,11.5625,7.017045454545453,298,1354.5454545454545,>90%
2199060,5519792046255235848,2024-01-27 10:50:30+00:00,Patch 1.0.1,2024-01-25 00:00:00+00:00,2.451736111111111,<=30 days (including pre-launch),44,30,90.9090909090909,80.0,-10.909090909090907,9.090909090909093,20.0,10.909090909090907,-14,-31.818181818181817,>90%
2202770,5842939267361118786,2024-07-11 16:44:53+00:00,Minor Update [WINDOWED MODE ADDED],2024-06-27 00:00:00+00:00,14.697835648148148,<=30 days (including pre-launch),83,322,87.95180722891565,88.50931677018633,0.5575095412706759,12.048192771084345,11.49068322981367,-0.5575095412706759,239,287.95180722891564,70-90%
2206240,5766372999939537016,2024-05-01 10:25:14+00:00,1.0.0.4 Hotfix,2024-04-30 00:00:00+00:00,1.434189814814815,<=30 days (including pre-launch),31,54,87.09677419354838,94.44444444444444,7.3476702508960585,12.903225806451616,5.555555555555557,-7.3476702508960585,23,74.19354838709677,70-90%
2206270,5124584686264407591,2023-08-01 13:56:38+00:00,Vampire Hunters - Update #1,2023-07-26 17:17:03+00:00,5.8608217592592595,<=30 days (including pre-launch),52,20,84.61538461538461,80.0,-4.615384615384613,15.384615384615387,20.0,4.615384615384613,-32,-61.53846153846154,70-90%
2206270,5382426458980840587,2023-11-24 13:25:15+00:00,Update #8 - More Improvements to Survivors Mode,2023-07-26 17:17:03+00:00,120.83902777777777,31-180 days,42,57,88.09523809523809,91.22807017543859,3.132832080200501,11.904761904761912,8.771929824561411,-3.132832080200501,15,35.714285714285715,70-90%
2206270,5688680204374071344,2024-03-01 15:04:44+00:00,Major Update - Update #11 Hotfix #1,2023-07-26 17:17:03+00:00,218.90811342592593,>180 days,20,41,80.0,85.36585365853658,5.3658536585365795,20.0,14.63414634146342,-5.3658536585365795,21,105.0,70-90%
2206270,5742731639348559662,2024-06-04 14:56:33+00:00,Major Update - Update #13 Hotfix #2,2023-07-26 17:17:03+00:00,313.90243055555555,>180 days,25,50,88.0,96.0,8.0,12.0,4.0,-8.0,25,100.0,70-90%
2206270,5963413728350968787,2024-08-05 21:26:08+00:00,Update #17 - Hotfix #1,2023-07-26 17:17:03+00:00,376.172974537037,>180 days,45,26,93.33333333333333,88.46153846153845,-4.871794871794876,6.666666666666671,11.538461538461547,4.871794871794876,-19,-42.22222222222222,>90%
2206270,6212245217911985339,2024-10-29 13:03:07+00:00,Vampire Hunters 1.0 is VERIFIED for the Steam Deck!,2023-07-26 17:17:03+00:00,460.8236574074074,>180 days,24,597,95.83333333333334,92.96482412060301,-2.8685092127303307,4.166666666666657,7.035175879396988,2.8685092127303307,573,2387.5,>90%
2206270,1786573930974418,2024-12-30 15:03:09+00:00,Update 1.1.4 - Hotfix #1,2023-07-26 17:17:03+00:00,522.9070138888889,>180 days,120,48,84.16666666666667,95.83333333333334,11.666666666666671,15.833333333333329,4.166666666666657,-11.666666666666671,-72,-60.0,70-90%
2206270,1808061939341439,2025-08-14 13:55:18+00:00,Free Major Content Update is LIVE!,2023-07-26 17:17:03+00:00,749.8598958333333,>180 days,21,141,85.71428571428571,88.65248226950354,2.9381965552178286,14.285714285714292,11.347517730496463,-2.9381965552178286,120,571.4285714285714,70-90%
2211390,6300039510138592293,2024-01-16 17:27:26+00:00,🍄 PATCH 1.02 🍄,2024-01-15 00:00:00+00:00,1.7273842592592592,<=30 days (including pre-launch),88,94,76.13636363636364,57.446808510638306,-18.689555125725335,23.86363636363636,42.553191489361694,18.689555125725335,6,6.8181818181818175,70-90%
2216130,5124584051976144299,2023-07-22 07:00:41+00:00,【v 1.0.1】版本更新公告,2023-07-19 00:00:00+00:00,3.2921412037037037,<=30 days (including pre-launch),41,592,92.6829268292683,88.51351351351352,-4.169413315754781,7.317073170731703,11.486486486486484,4.169413315754781,551,1343.9024390243903,>90%
2216130,5220291886485951849,2023-09-28 05:54:31+00:00,【v1.09补丁】调整部分数值，优化新手期体验,2023-07-19 00:00:00+00:00,71.24619212962963,31-180 days,100,38,95.0,89.47368421052632,-5.526315789473685,5.0,10.526315789473685,5.526315789473685,-62,-62.0,>90%
2216130,5409450219974665701,2023-12-15 02:53:39+00:00,1.1.1 重大更新-新增功虫馆、新异虫“霸王”、和功虫擂台,2023-07-19 00:00:00+00:00,149.12059027777778,31-180 days,69,28,98.55072463768117,96.42857142857143,-2.12215320910974,1.4492753623188293,3.5714285714285694,2.12215320910974,-41,-59.42028985507246,>90%
2216660,5679673637651955413,2024-03-07 11:51:35+00:00,Updated to 1.0.1,2024-03-04 00:00:00+00:00,3.4941550925925924,<=30 days (including pre-launch),81,89,93.82716049382715,86.51685393258427,-7.310306561242882,6.172839506172849,13.483146067415731,7.310306561242882,8,9.876543209876543,>90%
2218400,5124585319856028432,2023-08-05 10:12:16+00:00,Ver.0.6.04 Development Update,2023-08-04 09:58:20+00:00,1.009675925925926,<=30 days (including pre-launch),128,691,85.9375,86.25180897250362,0.3143089725036248,14.0625,13.748191027496375,-0.3143089725036248,563,439.84375,70-90%
2218400,6438516944130057428,2023-10-15 04:04:29+00:00,Update V0.7.64,2023-08-04 09:58:20+00:00,71.75427083333334,31-180 days,148,150,86.48648648648648,84.66666666666667,-1.8198198198198128,13.513513513513516,15.333333333333329,1.8198198198198128,2,1.3513513513513513,70-90%
2218400,5410576585125361417,2023-12-20 06:55:45+00:00,0.7.90 Update&Greedland's First Idea Hamster Speical Event,2023-08-04 09:58:20+00:00,137.87320601851852,31-180 days,234,112,90.5982905982906,88.39285714285714,-2.2054334554334645,9.401709401709397,11.607142857142861,2.2054334554334645,-122,-52.13675213675214,>90%
2218400,5688680204373317521,2024-03-01 10:07:10+00:00,0.8.12 Update,2023-08-04 09:58:20+00:00,210.00613425925926,>180 days,86,73,86.04651162790698,87.67123287671232,1.6247212488053435,13.95348837209302,12.328767123287676,-1.6247212488053435,-13,-15.11627906976744,70-90%
2218400,5766372999953389069,2024-05-05 05:37:00+00:00,0.8.25 Update,2023-08-04 09:58:20+00:00,274.81851851851854,>180 days,46,96,80.43478260869566,87.5,7.065217391304344,19.565217391304344,12.5,-7.065217391304344,50,108.69565217391303,70-90%
2218400,5963414363392716174,2024-08-09 03:56:05+00:00,V0.8.40 Update: Dark Hole Generator Returns!,2023-08-04 09:58:20+00:00,370.7484375,>180 days,54,44,77.77777777777779,79.54545454545455,1.767676767676761,22.222222222222214,20.454545454545453,-1.767676767676761,-10,-18.51851851851852,70-90%
2218400,1784506359005911,2024-11-28 08:28:34+00:00,Greedland Returns with a New Update at Bullet Heaven Fest 2.0!,2023-08-04 09:58:20+00:00,481.93766203703706,>180 days,37,61,81.08108108108108,88.52459016393442,7.443509082853339,18.91891891891892,11.47540983606558,-7.443509082853339,24,64.86486486486487,70-90%
2218400,1802261838708854,2025-06-11 09:09:15+00:00,v0.9.20 Update,2023-08-04 09:58:20+00:00,676.9659143518519,>180 days,28,51,82.14285714285714,72.54901960784314,-9.593837535014003,17.85714285714286,27.450980392156865,9.593837535014003,23,82.14285714285714,70-90%
2218400,1810503566414890,2025-09-11 11:41:02+00:00,Greedland Version 1.0 Officially Launches on September 16th!,2023-08-04 09:58:20+00:00,769.0713194444445,>180 days,23,268,82.6086956521739,73.13432835820896,-9.474367293964946,17.391304347826093,26.86567164179104,9.474367293964946,245,1065.2173913043478,70-90%
2218400,1816849002019427,2025-11-24 06:55:43+00:00,v1.1.02 Update,2023-08-04 09:58:20+00:00,842.8731828703703,>180 days,40,107,85.0,81.30841121495327,-3.691588785046733,15.0,18.691588785046733,3.691588785046733,67,167.5,70-90%
2218400,1823191198601110,2026-01-29 02:36:51+00:00,Greedland Mobile Has Been Updated to Version 1.0.1!,2023-08-04 09:58:20+00:00,908.6934143518519,>180 days,47,47,78.72340425531915,70.2127659574468,-8.510638297872347,21.276595744680847,29.787234042553195,8.510638297872347,0,0.0,70-90%
2218400,1832065502822754,2026-05-12 02:29:47+00:00,Update v1.1.12,2023-08-04 09:58:20+00:00,1011.6885069444445,>180 days,28,41,75.0,70.73170731707317,-4.268292682926827,25.0,29.268292682926827,4.268292682926827,13,46.42857142857143,70-90%
2218400,1839041357023668,2026-07-22 11:05:07+00:00,Update V1.1.15,2023-08-04 09:58:20+00:00,1083.046377314815,>180 days,46,61,89.13043478260869,75.40983606557377,-13.720598717034918,10.869565217391312,24.59016393442623,13.720598717034918,15,32.608695652173914,70-90%
2226700,5124581515271620483,2023-06-27 04:26:00+00:00,2023.6.27 v0.3.2 version update content,2023-06-25 08:00:29+00:00,1.8510532407407407,<=30 days (including pre-launch),110,225,87.27272727272727,84.88888888888889,-2.3838383838383805,12.727272727272734,15.111111111111114,2.3838383838383805,115,104.54545454545455,70-90%
2226700,5141476355661044330,2023-09-01 11:50:12+00:00,2023.9.01 Version 0.3.13 update:,2023-06-25 08:00:29+00:00,68.15952546296296,31-180 days,58,37,72.41379310344827,78.37837837837837,5.964585274930101,27.58620689655173,21.621621621621628,-5.964585274930101,-21,-36.206896551724135,70-90%
2226700,5302486388001251258,2023-11-10 10:04:06+00:00,2023.11.10 v0.3.21 version update:,2023-06-25 08:00:29+00:00,138.08584490740742,31-180 days,27,43,62.96296296296296,69.76744186046511,6.80447889750215,37.03703703703704,30.232558139534888,-6.80447889750215,16,59.25925925925925,<70%
2226730,1808061939382181,2025-08-15 19:29:22+00:00,2025.08.16 Patch Note,2025-08-14 00:00:00+00:00,1.8120601851851852,<=30 days (including pre-launch),112,703,90.17857142857143,90.18492176386913,0.006350335297696574,9.82142857142857,9.815078236130873,-0.006350335297696574,591,527.6785714285714,>90%
2226730,1815580768328453,2025-11-08 14:10:09+00:00,0.2.3 Major Update,2025-08-14 00:00:00+00:00,86.59038194444445,31-180 days,27,46,96.29629629629629,95.65217391304348,-0.6441223832528067,3.7037037037037095,4.347826086956516,0.6441223832528067,19,70.37037037037037,>90%
2226730,1821288646585619,2026-01-12 11:23:37+00:00,0.3.2 Major Update,2025-08-14 00:00:00+00:00,151.4747337962963,31-180 days,43,32,93.02325581395348,56.25,-36.77325581395348,6.976744186046517,43.75,36.77325581395348,-11,-25.581395348837212,>90%
2236590,5138087875092311776,2023-05-08 01:46:35+00:00,0.1.2,2023-05-05 05:59:49+00:00,2.8241435185185186,<=30 days (including pre-launch),31,53,87.09677419354838,88.67924528301887,1.5824710894704879,12.903225806451616,11.320754716981128,-1.5824710894704879,22,70.96774193548387,70-90%
2246110,6557848386940529488,2023-05-11 08:36:02+00:00,Functional Adjustment Update,2023-05-01 00:00:00+00:00,10.358356481481481,<=30 days (including pre-launch),87,64,93.10344827586206,82.8125,-10.290948275862064,6.896551724137936,17.1875,10.290948275862064,-23,-26.436781609195403,>90%
2249550,5035620840546388089,2023-01-16 18:15:08+00:00,2023/01/17 Update,2023-01-03 00:00:00+00:00,13.760509259259258,<=30 days (including pre-launch),22,87,68.18181818181817,47.12643678160919,-21.05538140020898,31.818181818181827,52.87356321839081,21.05538140020898,65,295.45454545454544,<70%
2249550,5143713753740207227,2023-03-26 17:21:48+00:00,2023.03.26 Update,2023-01-03 00:00:00+00:00,82.72347222222223,31-180 days,39,34,48.717948717948715,47.05882352941176,-1.6591251885369545,51.282051282051285,52.94117647058824,1.6591251885369545,-5,-12.82051282051282,<70%
2251010,5519792046256411281,2024-01-27 18:34:56+00:00,Post-release patch,2024-01-24 00:00:00+00:00,3.774259259259259,<=30 days (including pre-launch),178,108,96.06741573033707,89.81481481481481,-6.252600915522265,3.932584269662925,10.18518518518519,6.252600915522265,-70,-39.325842696629216,>90%
2258890,5510784213105055414,2024-01-20 12:17:46+00:00,patch notes 1.20,2025-08-02 00:00:00+00:00,-559.487662037037,<=30 days (including pre-launch),50,71,96.0,69.01408450704226,-26.985915492957744,4.0,30.985915492957744,26.985915492957744,21,42.0,>90%
2258890,5686430301721377404,2024-03-22 11:40:00+00:00,patch notes 3.22 (season time exceeding),2025-08-02 00:00:00+00:00,-497.5138888888889,<=30 days (including pre-launch),51,59,86.27450980392157,84.7457627118644,-1.5287470920571735,13.725490196078425,15.254237288135599,1.5287470920571735,8,15.686274509803921,70-90%
2258890,5747233970436572926,2024-05-21 12:06:29+00:00,05-21 patch-notes,2025-08-02 00:00:00+00:00,-437.49549768518517,<=30 days (including pre-launch),95,53,84.21052631578947,83.01886792452831,-1.1916583912611571,15.789473684210535,16.98113207547169,1.1916583912611571,-42,-44.21052631578947,70-90%
2258890,5963413094344220984,2024-07-24 10:38:19+00:00,7.24 patch-notes,2025-08-02 00:00:00+00:00,-373.55672453703704,<=30 days (including pre-launch),53,38,84.90566037735849,84.21052631578947,-0.6951340615690214,15.094339622641513,15.789473684210535,0.6951340615690214,-15,-28.30188679245283,70-90%
2258890,6931694080291037104,2024-10-10 10:30:10+00:00,10.10 patch-notes,2025-08-02 00:00:00+00:00,-295.56238425925926,<=30 days (including pre-launch),30,41,83.33333333333334,85.36585365853658,2.0325203252032367,16.666666666666657,14.63414634146342,-2.0325203252032367,11,36.666666666666664,70-90%
2258890,1806698490804632,2025-08-04 08:14:42+00:00,8.4 patch-notes,2025-08-02 00:00:00+00:00,2.343541666666667,<=30 days (including pre-launch),20,93,40.0,86.02150537634408,46.02150537634408,60.0,13.97849462365592,-46.02150537634408,73,365.0,<70%
2258890,1816307528973355,2025-11-18 11:21:34+00:00,11.18 patch-notes,2025-08-02 00:00:00+00:00,108.47331018518518,31-180 days,20,32,90.0,96.875,6.875,10.0,3.125,-6.875,12,60.0,70-90%
2263510,5035622109515201846,2023-01-28 04:00:20+00:00,1/27 (Multiplayer Patch),2023-01-17 10:35:45+00:00,10.725405092592593,<=30 days (including pre-launch),21,21,95.23809523809523,90.47619047619048,-4.761904761904745,4.761904761904773,9.523809523809518,4.761904761904745,0,0.0,>90%
2269320,5059268099254114969,2023-02-21 09:49:52+00:00,0.5.6 Patch,2023-02-15 00:00:00+00:00,6.40962962962963,<=30 days (including pre-launch),30,27,83.33333333333334,77.77777777777779,-5.555555555555557,16.666666666666657,22.222222222222214,5.555555555555557,-3,-10.0,70-90%
2269540,1816849002008298,2025-11-19 16:42:29+00:00,Hotfixes 19/11/25,2025-11-17 00:00:00+00:00,2.6961689814814815,<=30 days (including pre-launch),20,49,100.0,95.91836734693877,-4.081632653061234,0.0,4.081632653061234,4.081632653061234,29,145.0,>90%
2269540,1830163047262230,2026-04-18 11:32:17+00:00,0.2.1,2025-11-17 00:00:00+00:00,152.48075231481482,31-180 days,31,24,90.32258064516128,91.66666666666666,1.344086021505376,9.677419354838719,8.333333333333343,-1.344086021505376,-7,-22.58064516129032,>90%
2270750,5582843074958780908,2024-02-06 11:41:30+00:00,February 6th Update Notes,2024-02-04 00:00:00+00:00,2.4871527777777778,<=30 days (including pre-launch),142,130,100.0,99.23076923076923,-0.7692307692307736,0.0,0.7692307692307736,0.7692307692307736,-12,-8.450704225352112,>90%
2273430,5127964289173168000,2023-08-17 14:54:40+00:00,Update Announcement for August 17th: Bug Fixes and Improvements,2024-02-14 00:00:00+00:00,-180.3787037037037,<=30 days (including pre-launch),582,2496,88.14432989690721,90.625,2.480670103092791,11.855670103092791,9.375,-2.480670103092791,1914,328.8659793814433,70-90%
2273430,5229301621592671273,2023-10-31 02:22:30+00:00,Update Announcement for Oct. 31st : New Content & Mechanism Optimization,2024-02-14 00:00:00+00:00,-105.90104166666667,<=30 days (including pre-launch),375,719,93.86666666666666,95.6884561891516,1.8217895224849343,6.13333333333334,4.311543810848406,-1.8217895224849343,344,91.73333333333333,>90%
2273430,5582843074935440198,2024-01-31 02:02:37+00:00,BlazBlue Entropy Effect - V1.0 Official Version Now Available!,2024-02-14 00:00:00+00:00,-13.914849537037037,<=30 days (including pre-launch),544,5694,94.66911764705883,93.37899543378995,-1.290122213268873,5.330882352941174,6.621004566210047,1.290122213268873,5150,946.6911764705882,>90%
2273430,5756237364302900615,2024-04-03 02:48:24+00:00,Update Announcement for Apr. 3rd: Mechanism Optimization,2024-02-14 00:00:00+00:00,49.11694444444444,31-180 days,4425,1731,97.19774011299435,95.89832466782207,-1.2994154451722864,2.802259887005647,4.101675332177933,1.2994154451722864,-2694,-60.881355932203384,>90%
2273430,5746109972548129470,2024-06-06 08:22:05+00:00,Update Announcement for June 6th: Mechanism Optimization,2024-02-14 00:00:00+00:00,113.34866898148148,31-180 days,854,753,96.8384074941452,96.94555112881807,0.10714363467286603,3.1615925058547987,3.0544488711819326,-0.10714363467286603,-101,-11.826697892271664,>90%
2273430,5963414363388997507,2024-08-08 03:27:17+00:00,Patch Notes for Aug. 8th: Mechanism Optimization,2024-02-14 00:00:00+00:00,176.14394675925925,31-180 days,1181,559,95.42760372565621,95.16994633273703,-0.2576573929191852,4.572396274343788,4.830053667262973,0.2576573929191852,-622,-52.667231160033865,>90%
2273430,1784506359044852,2024-11-29 11:43:37+00:00,Patch Notes for Nov. 29th: Mechanism Optimization,2024-02-14 00:00:00+00:00,289.4886226851852,>180 days,943,1288,97.03075291622481,95.4968944099379,-1.5338585062869186,2.969247083775187,4.5031055900621055,1.5338585062869186,345,36.58536585365854,>90%
2273430,1792751525961299,2025-02-26 03:30:14+00:00,Patch Notes for Feb. 26th: Mechanism Optimization,2024-02-14 00:00:00+00:00,378.1459953703704,>180 days,1573,673,95.86776859504133,95.69093610698366,-0.17683248805766993,4.132231404958674,4.309063893016344,0.17683248805766993,-900,-57.21551176096631,>90%
2273430,1797820624556817,2025-04-27 12:42:00+00:00,Patch Notes for Apr. 27th,2024-02-14 00:00:00+00:00,438.52916666666664,>180 days,564,497,96.09929078014184,94.76861167002012,-1.3306791101217215,3.9007092198581574,5.231388329979879,1.3306791101217215,-67,-11.879432624113475,>90%
2273430,1803527891514673,2025-06-26 17:07:39+00:00,Patch Notes for Jun. 27th,2024-02-14 00:00:00+00:00,498.7136458333333,>180 days,489,696,96.31901840490798,94.25287356321839,-2.0661448416895922,3.680981595092021,5.747126436781613,2.0661448416895922,207,42.331288343558285,>90%
2273430,1809235871721930,2025-09-01 17:01:13+00:00,Patch Notes for Sep. 1st,2024-02-14 00:00:00+00:00,565.7091782407407,>180 days,344,1033,93.6046511627907,93.51403678606002,-0.0906143767306844,6.395348837209298,6.485963213939982,0.0906143767306844,689,200.2906976744186,>90%
2273430,1815580768279505,2025-11-07 02:03:07+00:00,Patch Notes for Nov. 6th,2024-02-14 00:00:00+00:00,632.0854976851851,>180 days,317,625,88.64353312302839,90.24,1.5964668769716042,11.35646687697161,9.760000000000005,-1.5964668769716042,308,97.16088328075709,70-90%
2273430,1825727806710017,2026-02-27 08:51:48+00:00,Patch Notes for Feb. 27,2024-02-14 00:00:00+00:00,744.3693055555556,>180 days,454,306,78.63436123348018,82.6797385620915,4.045377328611323,21.365638766519822,17.3202614379085,-4.045377328611323,-148,-32.59911894273127,70-90%
2273430,1833334318565178,2026-05-20 02:56:47+00:00,Patch Notes for May. 20,2024-02-14 00:00:00+00:00,826.1227662037037,>180 days,249,204,92.7710843373494,89.2156862745098,-3.5553980628395863,7.228915662650607,10.784313725490193,3.5553980628395863,-45,-18.072289156626507,>90%
2273430,1840944183775448,2026-08-13 01:57:11+00:00,Patch Notes for August. 13,2024-02-14 00:00:00+00:00,911.0813773148149,>180 days,363,509,93.93939393939394,94.30255402750491,0.36316008811097333,6.060606060606062,5.697445972495089,-0.36316008811097333,146,40.22038567493113,>90%
2273980,1790214123036594,2025-01-29 03:35:01+00:00,Patch 1.0.7,2025-01-28 00:00:00+00:00,1.1493171296296296,<=30 days (including pre-launch),631,2013,61.014263074484944,74.46597118728266,13.451708112797718,38.985736925515056,25.534028812717338,-13.451708112797718,1382,219.0174326465927,<70%
2273980,1795917897493366,2025-04-08 17:56:34+00:00,Hotfix 1.1.3,2025-01-28 00:00:00+00:00,70.74761574074074,31-180 days,286,158,73.07692307692307,71.51898734177216,-1.557935735150906,26.923076923076934,28.48101265822784,1.557935735150906,-128,-44.75524475524475,70-90%
2273980,1802354289567747,2025-06-12 16:49:59+00:00,"Magnum Orcus Update (LIVE NOW) - New Map, Lore, & More!",2025-01-28 00:00:00+00:00,135.7013773148148,31-180 days,82,150,74.39024390243902,68.66666666666667,-5.723577235772353,25.609756097560975,31.33333333333333,5.723577235772353,68,82.92682926829268,70-90%
2273980,1811138915556473,2025-09-23 14:04:39+00:00,Orctoberfest (NEW UPDATE) - LIVE NOW!,2025-01-28 00:00:00+00:00,238.5865625,>180 days,70,120,71.42857142857143,71.66666666666667,0.2380952380952408,28.57142857142857,28.33333333333333,-0.2380952380952408,50,71.42857142857143,70-90%
2278830,6839319552000196942,2023-04-04 13:34:09+00:00,Update 0.38,2023-03-31 00:00:00+00:00,4.565381944444445,<=30 days (including pre-launch),33,74,100.0,89.1891891891892,-10.810810810810807,0.0,10.810810810810807,10.810810810810807,41,124.24242424242425,>90%
2281650,5127964289176113352,2023-08-18 10:18:15+00:00,Hotfix post release v.0.2.1b,2023-08-17 00:00:00+00:00,1.4293402777777777,<=30 days (including pre-launch),23,134,100.0,88.05970149253731,-11.940298507462686,0.0,11.940298507462686,11.940298507462686,111,482.60869565217394,>90%
2281650,5218041989043355140,2023-10-19 15:51:24+00:00,"Sorry, a few hours of delay for V0.4",2023-08-17 00:00:00+00:00,63.660694444444445,31-180 days,52,53,86.53846153846155,69.81132075471697,-16.727140783744574,13.461538461538453,30.188679245283026,16.727140783744574,1,1.9230769230769231,70-90%
2281820,5220291886490816345,2023-09-29 13:55:56+00:00,Evolings Patch 1.0.8 now live!,2023-09-21 00:00:00+00:00,8.580509259259259,<=30 days (including pre-launch),170,40,74.70588235294117,82.5,7.794117647058826,25.294117647058826,17.5,-7.794117647058826,-130,-76.47058823529412,70-90%
2286450,5059268543367783715,2023-02-26 12:59:55+00:00,Update 0.9.1.1,2023-02-20 08:01:50+00:00,6.207002314814815,<=30 days (including pre-launch),24,25,95.83333333333334,92.0,-3.833333333333343,4.166666666666657,8.0,3.833333333333343,1,4.166666666666666,>90%
2286790,6839319551993953821,2023-04-02 20:27:30+00:00,update,2023-03-12 00:00:00+00:00,21.852430555555557,<=30 days (including pre-launch),32,20,87.5,80.0,-7.5,12.5,20.0,7.5,-12,-37.5,70-90%
2287150,1789039014401173,2025-01-18 13:52:49+00:00,Patch is on the way!,2025-01-16 00:00:00+00:00,2.5783449074074074,<=30 days (including pre-launch),38,48,94.73684210526315,87.5,-7.23684210526315,5.26315789473685,12.5,7.23684210526315,10,26.31578947368421,>90%
2288470,1811772772279686,2025-09-26 14:36:20+00:00,Aethermancer Patch Notes 0.3.1.1 - First Hotfix Update,2025-09-23 00:00:00+00:00,3.6085648148148146,<=30 days (including pre-launch),437,864,86.2700228832952,92.24537037037037,5.975347487075169,13.729977116704802,7.754629629629633,-5.975347487075169,427,97.7116704805492,70-90%
2288470,1818752592123884,2025-12-11 14:39:28+00:00,Aethermancer's second QOL Update (and a couple surprises...),2025-09-23 00:00:00+00:00,79.61074074074074,31-180 days,222,190,94.5945945945946,92.10526315789474,-2.4893314366998567,5.4054054054054035,7.89473684210526,2.4893314366998567,-32,-14.414414414414415,>90%
2288470,1827626365754535,2026-03-19 17:06:14+00:00,The Full of Fusion Update is live now!,2025-09-23 00:00:00+00:00,177.71266203703703,31-180 days,90,164,94.44444444444444,95.1219512195122,0.677506775067755,5.555555555555557,4.878048780487802,-0.677506775067755,74,82.22222222222221,>90%
2288470,1835236783563639,2026-06-12 14:21:05+00:00,The Alchemical Awakening Update: A pre-release deep dive,2025-09-23 00:00:00+00:00,262.59797453703703,>180 days,69,128,88.40579710144928,89.84375,1.4379528985507193,11.59420289855072,10.15625,-1.4379528985507193,59,85.5072463768116,70-90%
2289390,5759622039980085323,2024-06-21 14:49:20+00:00,Patch Notes v.1.0.69,2024-06-20 00:00:00+00:00,1.6175925925925927,<=30 days (including pre-launch),33,73,90.9090909090909,90.41095890410958,-0.49813200498132915,9.090909090909093,9.589041095890423,0.49813200498132915,40,121.21212121212122,>90%
2289650,5963414363404787142,2024-08-12 11:27:07+00:00,"Patch Notes v0.8.2 - New Map, Borderless Window, Bug fixes",2024-07-30 00:00:00+00:00,13.477164351851853,<=30 days (including pre-launch),353,150,96.3172804532578,86.66666666666667,-9.650613786591123,3.682719546742206,13.333333333333329,9.650613786591123,-203,-57.50708215297451,>90%
2289650,1784506358976397,2024-11-27 12:09:45+00:00,"Patch Notes v0.9.6 - New Map, New Upgrade and Tester Wanted",2024-07-30 00:00:00+00:00,120.50677083333333,31-180 days,29,243,96.55172413793103,93.82716049382715,-2.724563644103881,3.448275862068968,6.172839506172849,2.724563644103881,214,737.9310344827586,>90%
2289650,1791580425954574,2025-02-13 06:26:15+00:00,"Patch Notes - Auto-Save, New Map, and Multiplayer In-Game Chat",2024-07-30 00:00:00+00:00,198.26822916666666,>180 days,68,39,91.17647058823529,92.3076923076923,1.1312217194570167,8.82352941176471,7.692307692307693,-1.1312217194570167,-29,-42.64705882352941,>90%
2289650,1802893906716466,2025-06-19 03:44:15+00:00,Mini Airways: Premium Mobile Version Now Available on App Store and Google Play！,2024-07-30 00:00:00+00:00,324.1557291666667,>180 days,23,47,100.0,97.87234042553192,-2.1276595744680833,0.0,2.1276595744680833,2.1276595744680833,24,104.34782608695652,>90%
2289650,1836506165552984,2026-06-26 07:49:04+00:00,Patch Notes - License System & New Map,2024-07-30 00:00:00+00:00,696.3257407407407,>180 days,20,38,95.0,78.94736842105263,-16.05263157894737,5.0,21.05263157894737,16.05263157894737,18,90.0,>90%
2289750,1814309641505100,2025-10-25 12:10:15+00:00,Patch #01: The Boss Chest and lots of Balance!,2025-10-24 00:00:00+00:00,1.5071180555555554,<=30 days (including pre-launch),386,2979,93.00518134715026,88.38536421617992,-4.619817130970333,6.9948186528497445,11.614635783820077,4.619817130970333,2593,671.761658031088,>90%
2289750,1823825466500651,2026-02-06 20:15:40+00:00,"Patch 14: Unit Sheets in Catalog, New Targeting Items Shop and More",2025-10-24 00:00:00+00:00,105.84421296296296,31-180 days,343,218,83.09037900874635,75.68807339449542,-7.402305614250935,16.909620991253647,24.31192660550458,7.402305614250935,-125,-36.44314868804665,70-90%
2289750,1829528821306397,2026-04-09 11:43:49+00:00,"Patch #15: Spells, Promotions, Traits and Monster catching",2025-10-24 00:00:00+00:00,167.48876157407406,31-180 days,152,439,80.92105263157895,77.22095671981776,-3.7000959117611814,19.078947368421055,22.779043280182236,3.7000959117611814,287,188.8157894736842,70-90%
2296550,5124585319858400341,2023-08-06 01:49:46+00:00,Version 0.1.1,2023-08-02 17:00:20+00:00,3.367662037037037,<=30 days (including pre-launch),48,56,91.66666666666666,92.85714285714286,1.190476190476204,8.333333333333343,7.142857142857139,-1.190476190476204,8,16.666666666666664,>90%
2296550,6339469370185996347,2024-09-27 15:30:25+00:00,Version 1.0 Patch Notes,2023-08-02 17:00:20+00:00,421.93755787037037,>180 days,28,161,92.85714285714286,86.95652173913044,-5.900621118012424,7.142857142857139,13.043478260869563,5.900621118012424,133,475.0,>90%
2296550,1784506359084434,2024-11-30 16:54:26+00:00,PvP Alpha & Version 1.1 Release Date,2023-08-02 17:00:20+00:00,485.99590277777776,>180 days,31,23,80.64516129032258,78.26086956521739,-2.384291725105186,19.354838709677423,21.73913043478261,2.384291725105186,-8,-25.806451612903224,70-90%
2296550,1790214123121852,2025-01-31 17:34:35+00:00,Version 1.1.2 - Hotfix,2023-08-02 17:00:20+00:00,548.0237847222222,>180 days,30,33,86.66666666666667,87.87878787878788,1.212121212121204,13.333333333333329,12.121212121212125,-1.212121212121204,3,10.0,70-90%
2305500,5875595438705094565,2024-08-27 04:31:11+00:00,Update ver. 1.0.1.3,2024-08-26 00:00:00+00:00,1.1883217592592592,<=30 days (including pre-launch),38,368,94.73684210526315,92.3913043478261,-2.3455377574370573,5.26315789473685,7.608695652173907,2.3455377574370573,330,868.421052631579,>90%
2305500,6212245217911978975,2024-10-29 09:00:09+00:00,Update ver. 1.1.1,2024-08-26 00:00:00+00:00,64.37510416666667,31-180 days,59,22,89.83050847457628,100.0,10.169491525423723,10.169491525423723,0.0,-10.169491525423723,-37,-62.71186440677966,70-90%
2305500,1821288646583677,2026-01-11 04:03:01+00:00,Update ver. 1.2.1,2024-08-26 00:00:00+00:00,503.1687615740741,>180 days,24,66,95.83333333333334,90.9090909090909,-4.924242424242436,4.166666666666657,9.090909090909093,4.924242424242436,42,175.0,>90%
2305900,6148070194801615155,2024-11-08 03:28:11+00:00,Update 1.0.0.2,2023-11-15 23:41:17+00:00,358.15756944444445,>180 days,27,38,92.5925925925926,100.0,7.407407407407405,7.407407407407405,0.0,-7.407407407407405,11,40.74074074074074,>90%
2306530,5410576585128891248,2023-12-21 06:09:48+00:00,Hotfix 1.07,2023-12-15 00:00:00+00:00,6.256805555555555,<=30 days (including pre-launch),21,21,95.23809523809523,90.47619047619048,-4.761904761904745,4.761904761904773,9.523809523809518,4.761904761904745,0,0.0,>90%
2311990,5741605105624742829,2024-05-28 08:20:56+00:00,Bugfix patch 1.02,2024-05-27 00:00:00+00:00,1.3478703703703703,<=30 days (including pre-launch),38,205,97.36842105263158,94.14634146341463,-3.2220795892169463,2.631578947368425,5.853658536585371,3.2220795892169463,167,439.4736842105263,>90%
2311990,5963414363394122421,2024-08-09 13:13:01+00:00,Big update and Switch release in 10 days!,2024-05-27 00:00:00+00:00,74.55070601851853,31-180 days,25,56,88.0,91.07142857142857,3.0714285714285694,12.0,8.92857142857143,-3.0714285714285694,31,124.0,70-90%
2321210,5133583099799622779,2023-04-21 16:42:17+00:00,【0421】Fixed the error that caused the game to crash,2023-04-20 00:00:00+00:00,1.6960300925925926,<=30 days (including pre-launch),399,1903,79.9498746867168,76.9837099316868,-2.966164755029993,20.050125313283203,23.016290068313197,2.966164755029993,1504,376.9423558897243,70-90%
2321350,6250522009523854637,2024-09-15 11:43:38+00:00,We’ve heard your feedback! Join the test branch to experience the latest changes,2024-09-13 00:00:00+00:00,2.488634259259259,<=30 days (including pre-launch),70,59,82.85714285714286,71.1864406779661,-11.670702179176757,17.14285714285714,28.813559322033896,11.670702179176757,-11,-15.714285714285714,70-90%
2325920,1816849002014346,2025-11-21 15:11:59+00:00,Patch v1.0-2330,2025-11-17 00:00:00+00:00,4.6333217592592595,<=30 days (including pre-launch),185,418,92.43243243243244,93.54066985645933,1.1082374240268962,7.567567567567565,6.459330143540669,-1.1082374240268962,233,125.94594594594595,>90%
2325920,1824644522842078,2026-02-14 17:07:16+00:00,Patch v1.0-2559,2025-11-17 00:00:00+00:00,89.71337962962963,31-180 days,61,49,86.88524590163934,89.79591836734694,2.9106724657076057,13.114754098360663,10.204081632653057,-2.9106724657076057,-12,-19.672131147540984,70-90%
2330870,5302486388012484023,2023-11-13 12:02:17+00:00,v0.8.9,2023-11-13 01:00:16+00:00,0.4597337962962963,<=30 days (including pre-launch),53,168,96.22641509433963,85.71428571428571,-10.51212938005392,3.773584905660371,14.285714285714292,10.51212938005392,115,216.98113207547172,>90%
2332210,5410576585197223081,2024-01-09 00:07:31+00:00,1.0.5 Patch Notes,2023-12-15 00:00:00+00:00,25.005219907407408,<=30 days (including pre-launch),224,56,70.53571428571429,89.28571428571429,18.75,29.464285714285708,10.714285714285708,-18.75,-168,-75.0,70-90%
2332210,5679673637668121939,2024-03-11 22:18:01+00:00,1.0.12,2023-12-15 00:00:00+00:00,87.92917824074074,31-180 days,53,40,88.67924528301887,85.0,-3.679245283018872,11.320754716981128,15.0,3.679245283018872,-13,-24.528301886792452,70-90%
2332210,5842939267329050209,2024-07-02 21:36:36+00:00,1.1: Rebirth,2023-12-15 00:00:00+00:00,200.90041666666667,>180 days,30,55,96.66666666666667,89.0909090909091,-7.575757575757578,3.3333333333333286,10.909090909090907,7.575757575757578,25,83.33333333333334,>90%
2332210,6212245217911769879,2024-10-22 22:22:32+00:00,1.2.0: Spirit's Awakening,2023-12-15 00:00:00+00:00,312.9323148148148,>180 days,38,34,92.10526315789474,94.11764705882352,2.012383900928782,7.89473684210526,5.882352941176478,-2.012383900928782,-4,-10.526315789473683,>90%
2332210,1822556746162892,2026-01-23 20:27:35+00:00,Born Again: 2.0.0,2023-12-15 00:00:00+00:00,770.8524884259259,>180 days,20,38,80.0,81.57894736842105,1.5789473684210549,20.0,18.421052631578945,-1.5789473684210549,18,90.0,70-90%
2332260,6909171012608300401,2024-08-19 00:24:30+00:00,Update Notes for Patch 1,2024-08-16 00:00:00+00:00,3.017013888888889,<=30 days (including pre-launch),149,169,94.63087248322147,92.3076923076923,-2.32318017552916,5.3691275167785335,7.692307692307693,2.32318017552916,20,13.422818791946309,>90%
2332410,5141476355667477919,2023-09-03 06:12:02+00:00,Version 3.0.1.7 Update Notice,2023-09-01 00:00:00+00:00,2.2583564814814814,<=30 days (including pre-launch),41,246,82.92682926829268,81.30081300813008,-1.6260162601626007,17.07317073170732,18.699186991869922,1.6260162601626007,205,500.0,70-90%
2332410,5302486388000747184,2023-11-10 06:44:47+00:00,Version 3.1.0.13 Update Notice,2023-09-01 00:00:00+00:00,70.28109953703704,31-180 days,66,22,89.39393939393939,81.81818181818183,-7.575757575757564,10.606060606060609,18.181818181818173,7.575757575757564,-44,-66.66666666666666,70-90%
2334170,1794102528093779,2025-03-14 03:05:06+00:00,Update Ver. 1.01.7,2025-03-11 00:00:00+00:00,3.1285416666666666,<=30 days (including pre-launch),132,577,93.18181818181817,88.38821490467937,-4.7936032771388,6.818181818181827,11.611785095320627,4.7936032771388,445,337.1212121212121,>90%
2334170,1799088287976927,2025-05-13 03:19:23+00:00,Update Ver. 1.01.9,2025-03-11 00:00:00+00:00,63.13846064814815,31-180 days,61,74,90.1639344262295,86.48648648648648,-3.6774479397430184,9.836065573770497,13.513513513513516,3.6774479397430184,13,21.311475409836063,>90%
2334500,1790214123110699,2025-01-31 10:01:43+00:00,Patch v1.2.0.3,2024-12-13 00:00:00+00:00,49.417858796296294,31-180 days,31,35,93.54838709677419,100.0,6.451612903225808,6.451612903225808,0.0,-6.451612903225808,4,12.903225806451612,>90%
2335130,5766372999963176159,2024-05-07 22:03:19+00:00,"Fixes, improvements and achievements!",2024-03-11 00:00:00+00:00,57.91896990740741,31-180 days,101,94,91.0891089108911,92.5531914893617,1.4640825784705953,8.910891089108901,7.446808510638306,-1.4640825784705953,-7,-6.9306930693069315,>90%
2336580,5766372999948019865,2024-05-03 18:15:32+00:00,Regarding the game's update.,2024-05-02 00:00:00+00:00,1.760787037037037,<=30 days (including pre-launch),20,91,95.0,92.3076923076923,-2.6923076923076934,5.0,7.692307692307693,2.6923076923076934,71,355.0,>90%
2336730,5728086065194292878,2024-02-25 22:42:44+00:00,Fixed issue with multiple warrior's taunting at the same time,2024-02-23 00:00:00+00:00,2.946342592592593,<=30 days (including pre-launch),33,77,84.84848484848484,70.12987012987013,-14.718614718614717,15.151515151515156,29.870129870129873,14.718614718614717,44,133.33333333333331,70-90%
2340510,1792751526133575,2025-03-03 09:46:43+00:00,Moon’s Creed – First Hotfix Update,2025-02-28 10:01:06+00:00,2.990011574074074,<=30 days (including pre-launch),40,37,90.0,86.48648648648648,-3.513513513513516,10.0,13.513513513513516,3.513513513513516,-3,-7.5,70-90%
2341760,1785774543648142,2024-12-16 09:05:48+00:00,Patch Notes v.1.0.2,2024-12-11 00:00:00+00:00,5.379027777777778,<=30 days (including pre-launch),28,29,78.57142857142857,62.06896551724138,-16.50246305418719,21.42857142857143,37.93103448275862,16.50246305418719,1,3.571428571428571,70-90%
2342690,1793384379542840,2025-03-11 19:04:30+00:00,"March 11, 2025 Update Patch Notes",2025-03-10 00:00:00+00:00,1.7947916666666666,<=30 days (including pre-launch),30,83,66.66666666666666,77.10843373493977,10.441767068273109,33.33333333333334,22.891566265060234,-10.441767068273109,53,176.66666666666666,<70%
2343920,5762994032398961277,2024-04-20 18:31:06+00:00,Update 1.0.6,2024-04-18 00:00:00+00:00,2.7715972222222223,<=30 days (including pre-launch),32,31,71.875,93.54838709677419,21.673387096774192,28.125,6.451612903225808,-21.673387096774192,-1,-3.125,70-90%
2348090,5480373588788650746,2023-09-16 05:06:24+00:00,Bug Fix [12204966] [1.0.7-a54c9739],2023-09-15 00:00:00+00:00,1.2127777777777777,<=30 days (including pre-launch),25,110,100.0,94.54545454545455,-5.454545454545453,0.0,5.454545454545453,5.454545454545453,85,340.0,>90%
2348090,6560117310263087490,2023-11-16 06:08:54+00:00,Bug Fix [12717474] [1.1.6-f0439060],2023-09-15 00:00:00+00:00,62.25618055555555,31-180 days,23,83,95.65217391304348,98.79518072289156,3.1430068098480746,4.347826086956516,1.2048192771084416,-3.1430068098480746,60,260.8695652173913,>90%
2352040,5138087875092645443,2023-05-08 03:58:24+00:00,V1.1-V1.2 fix content,2023-05-04 00:00:00+00:00,4.165555555555556,<=30 days (including pre-launch),28,83,78.57142857142857,80.72289156626506,2.1514629948364927,21.42857142857143,19.277108433734938,-2.1514629948364927,55,196.42857142857142,70-90%
2354600,6539831519488041591,2023-04-14 05:46:29+00:00,Version 0.26 is Live!,2023-04-12 13:49:44+00:00,1.6644097222222223,<=30 days (including pre-launch),36,98,83.33333333333334,85.71428571428571,2.3809523809523654,16.666666666666657,14.285714285714292,-2.3809523809523654,62,172.22222222222223,70-90%
2354600,5896948309839888810,2023-06-15 16:14:45+00:00,"MAJOR CONTENT UPDATE #2 - New character, new bosses, new levels, and more!",2023-04-12 13:49:44+00:00,64.10070601851852,31-180 days,67,39,80.59701492537313,84.61538461538461,4.0183696900114825,19.40298507462687,15.384615384615387,-4.0183696900114825,-28,-41.7910447761194,70-90%
2354600,5141476355662174502,2023-09-01 19:16:16+00:00,"Major Content Update #3: New Features, Weapons, Characters, Stages, and More!",2023-04-12 13:49:44+00:00,142.22675925925927,31-180 days,48,88,81.25,73.86363636363636,-7.38636363636364,18.75,26.13636363636364,7.38636363636364,40,83.33333333333334,70-90%
2354600,5288974951221312782,2023-11-06 14:35:33+00:00,VERSION 1.1 IS HERE!,2023-04-12 13:49:44+00:00,208.03181712962962,>180 days,87,105,77.01149425287356,80.95238095238095,3.940886699507388,22.98850574712644,19.04761904761905,-3.940886699507388,18,20.689655172413794,70-90%
2369950,5395937983679183667,2023-12-05 12:30:33+00:00,12.5,2023-12-04 07:57:31+00:00,1.1896064814814815,<=30 days (including pre-launch),41,70,95.1219512195122,77.14285714285715,-17.979094076655045,4.878048780487802,22.857142857142847,17.979094076655045,29,70.73170731707317,>90%
2372950,1795283637931201,2025-03-31 00:07:48+00:00,"First Patch: Bug Fixes, Improvements, and Balance",2025-03-26 00:00:00+00:00,5.005416666666667,<=30 days (including pre-launch),28,27,96.42857142857143,100.0,3.5714285714285694,3.5714285714285694,0.0,-3.5714285714285694,-1,-3.571428571428571,>90%
2380320,6339469370183535435,2024-09-26 23:18:35+00:00,Update 1.02,2024-09-26 00:00:00+00:00,0.9712384259259259,<=30 days (including pre-launch),23,83,100.0,92.7710843373494,-7.228915662650607,0.0,7.228915662650607,7.228915662650607,60,260.8695652173913,>90%
2388460,5480373588786961237,2023-09-15 17:58:45+00:00,Update notes for Sept 15th,2023-09-14 13:39:42+00:00,1.1798958333333334,<=30 days (including pre-launch),110,154,50.90909090909091,61.68831168831169,10.779220779220786,49.09090909090909,38.31168831168831,-10.779220779220786,44,40.0,<70%
2388460,6560117310264689195,2023-11-16 16:44:00+00:00,Patch Notes : 1.0.2567,2023-09-14 13:39:42+00:00,63.12798611111111,31-180 days,61,40,77.04918032786885,72.5,-4.549180327868854,22.950819672131146,27.5,4.549180327868854,-21,-34.42622950819672,70-90%
2398430,5742731639325839833,2024-05-29 09:21:28+00:00,Second day bug fix,2024-05-27 00:00:00+00:00,2.3899074074074074,<=30 days (including pre-launch),27,30,96.29629629629629,76.66666666666667,-19.62962962962962,3.7037037037037095,23.33333333333333,19.62962962962962,3,11.11111111111111,>90%
2400160,6931694080289380928,2024-10-09 23:35:49+00:00,Hotfix for localization bugs,2024-10-09 00:00:00+00:00,0.9832060185185185,<=30 days (including pre-launch),53,311,94.33962264150944,89.38906752411575,-4.950555117393691,5.660377358490564,10.610932475884255,4.950555117393691,258,486.7924528301887,>90%
2400160,1785321795729415,2024-12-09 09:43:49+00:00,Hotfix 2024.12.9.1732-BETA,2024-10-09 00:00:00+00:00,61.40542824074074,31-180 days,134,82,91.7910447761194,90.2439024390244,-1.5471423370950106,8.208955223880594,9.756097560975604,1.5471423370950106,-52,-38.80597014925373,>90%
2400160,1795283637946812,2025-03-31 12:00:30+00:00,"Update 4 : New Main Weapon, Evolutions, and Boss!",2024-10-09 00:00:00+00:00,173.50034722222222,31-180 days,75,285,96.0,91.57894736842105,-4.421052631578945,4.0,8.421052631578945,4.421052631578945,210,280.0,>90%
2400160,1800991756395985,2025-06-01 03:43:17+00:00,Hotfix 2025.6.1.1137-BETA,2024-10-09 00:00:00+00:00,235.15505787037037,>180 days,69,79,84.05797101449275,84.81012658227847,0.7521555677857208,15.94202898550725,15.189873417721529,-0.7521555677857208,10,14.492753623188406,70-90%
2400160,1806698490680734,2025-07-31 12:09:43+00:00,"Update 6 : New Achievements, Weapon, and Boss!",2024-10-09 00:00:00+00:00,295.5067476851852,>180 days,43,50,74.4186046511628,94.0,19.581395348837205,25.581395348837205,6.0,-19.581395348837205,7,16.27906976744186,70-90%
2400160,1814309641410996,2025-10-22 13:22:02+00:00,Hotfix 2025.10.22.2110-BETA,2024-10-09 00:00:00+00:00,378.55696759259257,>180 days,39,66,94.87179487179486,96.96969696969697,2.0979020979021072,5.128205128205138,3.030303030303031,-2.0979020979021072,27,69.23076923076923,>90%
2400160,1819386365101913,2025-12-22 12:59:34+00:00,Hotfix 2025.12.22.2049-BETA,2024-10-09 00:00:00+00:00,439.54136574074073,>180 days,57,40,94.73684210526315,97.5,2.7631578947368496,5.26315789473685,2.5,-2.7631578947368496,-17,-29.82456140350877,>90%
2400160,1825727806709538,2026-02-27 01:52:01+00:00,Hotfix 2026.2.27.942-BETA,2024-10-09 00:00:00+00:00,506.07778935185183,>180 days,496,138,92.74193548387096,89.13043478260869,-3.6115007012622726,7.258064516129039,10.869565217391312,3.6115007012622726,-358,-72.17741935483872,>90%
2400160,1834602721199089,2026-06-08 14:42:37+00:00,Update 11 : Roguelite Omens,2024-10-09 00:00:00+00:00,607.6129282407408,>180 days,45,82,93.33333333333333,92.6829268292683,-0.6504065040650318,6.666666666666671,7.317073170731703,0.6504065040650318,37,82.22222222222221,>90%
2400160,1840944183779543,2026-08-14 12:57:00+00:00,Glyphica Update 12 : The Armory,2024-10-09 00:00:00+00:00,674.5395833333333,>180 days,41,62,82.92682926829268,90.32258064516128,7.395751376868603,17.07317073170732,9.677419354838719,-7.395751376868603,21,51.21951219512195,70-90%
2400960,1800991756482626,2025-06-03 19:30:31+00:00,Patch v0.5.723 & Survey,2024-04-16 00:00:00+00:00,413.81285879629627,>180 days,24,39,95.83333333333334,97.43589743589743,1.602564102564088,4.166666666666657,2.564102564102569,-1.602564102564088,15,62.5,>90%
2404170,1790848102747857,2025-02-10 12:07:22+00:00,2025.2.10Update,2025-02-09 00:00:00+00:00,1.5051157407407407,<=30 days (including pre-launch),26,166,80.76923076923077,78.91566265060241,-1.8535681186283597,19.230769230769226,21.084337349397586,1.8535681186283597,140,538.4615384615385,70-90%
2404510,5382426458976674937,2023-11-23 09:46:15+00:00,LUCKY HERO Update Notes v1.0.0.2,2023-11-16 00:00:00+00:00,7.407118055555555,<=30 days (including pre-launch),23,25,82.6086956521739,88.0,5.391304347826093,17.391304347826093,12.0,-5.391304347826093,2,8.695652173913043,70-90%
2406360,5124584051981925307,2023-07-23 21:05:21+00:00,7/24 Game Adjustments:,2023-07-19 00:00:00+00:00,4.878715277777777,<=30 days (including pre-launch),22,28,100.0,100.0,0.0,0.0,0.0,0.0,6,27.27272727272727,>90%
2406360,5219165352635399541,2023-09-24 17:58:12+00:00,GameUpdate,2023-07-19 00:00:00+00:00,67.74875,31-180 days,21,37,95.23809523809523,64.86486486486487,-30.373230373230356,4.761904761904773,35.13513513513513,30.373230373230356,16,76.19047619047619,>90%
2416050,5747233970433091841,2024-05-20 13:11:23+00:00,1.0.2,2024-05-15 00:00:00+00:00,5.549571759259259,<=30 days (including pre-launch),23,28,91.30434782608695,100.0,8.695652173913047,8.695652173913047,0.0,-8.695652173913047,5,21.73913043478261,>90%
2421310,1785321795725849,2024-12-09 06:54:41+00:00,Small game update 1209,2024-12-05 00:00:00+00:00,4.287974537037037,<=30 days (including pre-launch),205,193,83.90243902439025,84.97409326424871,1.0716542398584608,16.097560975609753,15.025906735751292,-1.0716542398584608,-12,-5.853658536585367,70-90%
2423300,5728086065183964539,2024-02-23 02:42:28+00:00,ver1.0.2,2024-02-21 00:00:00+00:00,2.1128240740740742,<=30 days (including pre-launch),46,289,89.13043478260869,83.39100346020761,-5.7394313224010745,10.869565217391312,16.608996539792386,5.7394313224010745,243,528.2608695652174,70-90%
2423300,6240387642461945779,2024-08-31 15:18:30+00:00,Ver2.0.1 Bug fix,2024-02-21 00:00:00+00:00,192.63784722222223,>180 days,20,41,80.0,85.36585365853658,5.3658536585365795,20.0,14.63414634146342,-5.3658536585365795,21,105.0,70-90%
2424650,5124584051973763704,2023-07-21 15:20:07+00:00,🗡️🐸🛹 Froggy's Battle 1.0.1 update 👩‍🔧,2023-07-19 00:00:00+00:00,2.6389699074074073,<=30 days (including pre-launch),29,95,100.0,94.73684210526315,-5.26315789473685,0.0,5.26315789473685,5.26315789473685,66,227.58620689655174,>90%
2427050,6146943657174064195,2024-11-05 14:48:19+00:00,Working on 1st patch with updates!,2024-11-04 00:00:00+00:00,1.616886574074074,<=30 days (including pre-launch),25,52,56.00000000000001,86.53846153846155,30.53846153846154,43.99999999999999,13.461538461538453,-30.53846153846154,27,108.0,<70%
2427450,1811138915372255,2025-09-17 22:25:59+00:00,Patchnotes for version 1.00.03.923 [Hotfix],2025-09-17 00:00:00+00:00,0.9347106481481482,<=30 days (including pre-launch),30,167,100.0,86.22754491017965,-13.772455089820355,0.0,13.772455089820355,13.772455089820355,137,456.66666666666663,>90%
2427700,5679673637670893009,2024-03-12 16:32:31+00:00,Hotfixes & Help with Technical Issues,2024-03-08 09:59:27+00:00,4.272962962962963,<=30 days (including pre-launch),2435,5026,95.564681724846,91.44448865897334,-4.120193065872655,4.435318275154003,8.555511341026659,4.120193065872655,2591,106.40657084188912,>90%
2427700,5747233970421518145,2024-05-17 08:58:45+00:00,Backpack Battles Patch 0.9.8,2024-03-08 09:59:27+00:00,69.95784722222223,31-180 days,973,532,82.32271325796505,85.71428571428571,3.3915724563206595,17.67728674203495,14.285714285714292,-3.3915724563206595,-441,-45.32374100719424,70-90%
2427700,5969041959967791176,2024-07-19 08:57:46+00:00,Backpack Battles Patch 0.9.15,2024-03-08 09:59:27+00:00,132.95716435185184,31-180 days,483,347,87.5776397515528,88.18443804034582,0.6067982887930299,12.422360248447205,11.815561959654175,-0.6067982887930299,-136,-28.157349896480333,70-90%
2427700,6341720536505682602,2024-09-20 09:06:08+00:00,The SKILL UPDATE is Here! - Backpack Battles Patch 0.9.20,2024-03-08 09:59:27+00:00,195.96297453703704,>180 days,296,338,88.17567567567568,86.98224852071006,-1.1934271549656188,11.824324324324323,13.017751479289942,1.1934271549656188,42,14.18918918918919,70-90%
2427700,1783872412009395,2024-11-22 09:43:40+00:00,Backpack Battles Patch 0.9.26,2024-03-08 09:59:27+00:00,258.98903935185183,>180 days,446,1832,88.78923766816143,97.87117903930131,9.081941371139877,11.210762331838566,2.1288209606986896,-9.081941371139877,1386,310.762331838565,70-90%
2427700,1789580505334714,2025-01-24 09:57:53+00:00,Backpack Battles Patch 0.9.32,2024-03-08 09:59:27+00:00,321.99891203703703,>180 days,351,317,87.74928774928775,85.8044164037855,-1.94487134550225,12.250712250712255,14.195583596214504,1.94487134550225,-34,-9.686609686609685,70-90%
2427700,1795917897352205,2025-04-04 08:56:27+00:00,Backpack Battles Patch 0.9.37,2024-03-08 09:59:27+00:00,391.95625,>180 days,256,225,91.40625,89.33333333333333,-2.0729166666666714,8.59375,10.666666666666671,2.0729166666666714,-31,-12.109375,>90%
2427700,1802354289601112,2025-06-13 17:00:51+00:00,FULL RELEASE!! Backpack Battles Patch 1.0 is Here,2024-03-08 09:59:27+00:00,462.2926388888889,>180 days,260,1577,86.92307692307692,93.53202282815472,6.608945905077803,13.07692307692308,6.467977171845277,-6.608945905077803,1317,506.5384615384615,70-90%
2427700,1808601382471962,2025-08-22 08:53:24+00:00,Backpack Battles Patch 1.0.7,2024-03-08 09:59:27+00:00,531.9541319444445,>180 days,436,298,86.0091743119266,89.93288590604027,3.9237115941136693,13.9908256880734,10.06711409395973,-3.9237115941136693,-138,-31.65137614678899,70-90%
2427700,1816307528941779,2025-11-14 09:51:23+00:00,Backpack Battles Patch 1.0.9,2024-03-08 09:59:27+00:00,615.9943981481481,>180 days,197,1204,86.80203045685279,97.9235880398671,11.121557583014308,13.19796954314721,2.0764119601329014,-11.121557583014308,1007,511.16751269035535,70-90%
2427700,1823191198604770,2026-01-30 09:44:15+00:00,Backpack Battles Patch 1.0.10,2024-03-08 09:59:27+00:00,692.9894444444444,>180 days,274,202,88.6861313868613,89.10891089108911,0.42277950422780464,11.313868613138695,10.89108910891089,-0.42277950422780464,-72,-26.277372262773724,70-90%
2427700,1828894815559615,2026-04-03 08:01:07+00:00,Backpack Battles Patch 1.1.1,2024-03-08 09:59:27+00:00,755.917824074074,>180 days,245,264,86.53061224489797,87.87878787878788,1.348175633889909,13.469387755102034,12.121212121212125,-1.348175633889909,19,7.755102040816326,70-90%
2427700,1835236783556878,2026-06-10 08:41:45+00:00,Backpack Battles Patch 1.1.6,2024-03-08 09:59:27+00:00,823.9460416666667,>180 days,200,159,87.5,84.90566037735849,-2.594339622641513,12.5,15.094339622641513,2.594339622641513,-41,-20.5,70-90%
2427700,1840944183773379,2026-08-12 08:49:11+00:00,Backpack Battles Patch 1.1.8,2024-03-08 09:59:27+00:00,886.9512037037038,>180 days,130,125,90.76923076923077,84.0,-6.769230769230774,9.230769230769226,16.0,6.769230769230774,-5,-3.8461538461538463,>90%
2435090,5288974951205705357,2023-11-02 07:49:32+00:00,Hotfix 0.10.32,2023-10-31 06:39:42+00:00,2.0484953703703703,<=30 days (including pre-launch),27,91,96.29629629629629,94.5054945054945,-1.790801790801794,3.7037037037037095,5.494505494505503,1.790801790801794,64,237.037037037037,>90%
2435090,5410576585198377253,2024-01-09 07:43:35+00:00,Talented 0.11 Update - Legendary Investment,2023-10-31 06:39:42+00:00,70.04436342592592,31-180 days,107,78,97.19626168224299,93.58974358974359,-3.6065180924993996,2.803738317757009,6.410256410256409,3.6065180924993996,-29,-27.102803738317753,>90%
2435090,7309977427452303795,2024-03-19 08:06:51+00:00,Talented 0.12 Update - Box of Tricks,2023-10-31 06:39:42+00:00,140.06052083333333,31-180 days,21,34,95.23809523809523,85.29411764705883,-9.9439775910364,4.761904761904773,14.705882352941174,9.9439775910364,13,61.904761904761905,>90%
2435090,6909171012606105359,2024-08-18 09:57:11+00:00,Talented 0.14 Update - Thumbs of Steel,2023-10-31 06:39:42+00:00,292.1371412037037,>180 days,24,34,91.66666666666666,94.11764705882352,2.4509803921568647,8.333333333333343,5.882352941176478,-2.4509803921568647,10,41.66666666666667,>90%
2435090,1786573930889512,2024-12-27 21:36:33+00:00,Hotfix 1.0.19,2023-10-31 06:39:42+00:00,423.6228125,>180 days,55,327,90.9090909090909,93.57798165137615,2.6688907422852424,9.090909090909093,6.422018348623851,-2.6688907422852424,272,494.5454545454545,>90%
2435090,1793384379402238,2025-03-07 10:42:38+00:00,Patch 1.0.59 - Alchemist Rework & Supporter Pack,2023-10-31 06:39:42+00:00,493.1687037037037,>180 days,82,74,84.14634146341463,86.48648648648648,2.3401450230718552,15.853658536585371,13.513513513513516,-2.3401450230718552,-8,-9.75609756097561,70-90%
2435090,1800991756336567,2025-05-30 07:35:00+00:00,Talented 1.1 Update - Be Kind Rebind,2023-10-31 06:39:42+00:00,577.0384027777778,>180 days,29,38,100.0,89.47368421052632,-10.526315789473685,0.0,10.526315789473685,10.526315789473685,9,31.03448275862069,>90%
2435090,1808601382502609,2025-08-23 06:55:23+00:00,Hotfix 1.2.19,2023-10-31 06:39:42+00:00,662.0108912037037,>180 days,21,50,85.71428571428571,90.0,4.285714285714292,14.285714285714292,10.0,-4.285714285714292,29,138.0952380952381,70-90%
2435090,1823191198612283,2026-02-02 20:54:50+00:00,Hotfix 1.3.35,2023-10-31 06:39:42+00:00,825.5938425925926,>180 days,20,29,85.0,82.75862068965517,-2.2413793103448256,15.0,17.241379310344826,2.2413793103448256,9,45.0,70-90%
2443090,5963413728331391300,2024-07-31 12:31:44+00:00,Update 0.2.77.1,2024-07-29 00:00:00+00:00,2.522037037037037,<=30 days (including pre-launch),41,44,36.58536585365854,68.18181818181817,31.596452328159636,63.41463414634146,31.818181818181827,-31.596452328159636,3,7.317073170731707,<70%
2447310,5124582150137980344,2023-07-01 12:38:07+00:00,Update 0.6.7,2023-06-15 00:00:00+00:00,16.526469907407407,<=30 days (including pre-launch),22,27,100.0,92.5925925925926,-7.407407407407405,0.0,7.407407407407405,7.407407407407405,5,22.727272727272727,>90%
2449080,5688680204370497318,2024-02-29 15:33:13+00:00,Corrective Update,2024-02-22 00:00:00+00:00,7.64806712962963,<=30 days (including pre-launch),23,22,100.0,95.45454545454545,-4.545454545454547,0.0,4.545454545454547,4.545454545454547,-1,-4.3478260869565215,>90%
2452820,1798454487581240,2025-04-30 20:25:25+00:00,Bug fix,2025-04-28 00:00:00+00:00,2.8509837962962963,<=30 days (including pre-launch),21,28,90.47619047619048,100.0,9.523809523809518,9.523809523809518,0.0,-9.523809523809518,7,33.33333333333333,>90%
2455060,5124585319848886017,2023-08-03 11:10:56+00:00,2023-08-03 Patch Notes (2),2023-07-31 00:00:00+00:00,3.465925925925926,<=30 days (including pre-launch),27,312,88.88888888888889,94.23076923076923,5.341880341880341,11.111111111111114,5.769230769230774,-5.341880341880341,285,1055.5555555555554,70-90%
2455060,5220291886501375298,2023-10-02 11:28:19+00:00,October 2nd Update (1),2023-07-31 00:00:00+00:00,63.47799768518519,31-180 days,144,109,91.66666666666666,88.07339449541286,-3.593272171253801,8.333333333333343,11.926605504587144,3.593272171253801,-35,-24.305555555555554,>90%
2455060,5409450219990630214,2023-12-19 12:01:17+00:00,Taboo Trial version 4.0-Workshop Update Notice,2023-07-31 00:00:00+00:00,141.5008912037037,31-180 days,79,36,84.81012658227847,88.88888888888889,4.078762306610415,15.189873417721529,11.111111111111114,-4.078762306610415,-43,-54.43037974683544,70-90%
2455060,5688680204377822474,2024-03-02 15:46:23+00:00,March 2nd Update,2023-07-31 00:00:00+00:00,215.65721064814815,>180 days,142,233,81.69014084507043,81.97424892703863,0.28410808196819914,18.30985915492957,18.02575107296137,-0.28410808196819914,91,64.08450704225352,70-90%
2455060,5766372999943747955,2024-05-02 14:08:32+00:00,5/02 Update (1),2023-07-31 00:00:00+00:00,276.5892592592593,>180 days,95,39,81.05263157894737,76.92307692307693,-4.129554655870436,18.94736842105263,23.076923076923066,4.129554655870436,-56,-58.94736842105262,70-90%
2455920,5679673637648523039,2024-03-06 13:15:45+00:00,Screenshot Functionality,2024-02-22 00:00:00+00:00,13.552604166666667,<=30 days (including pre-launch),94,110,100.0,98.18181818181819,-1.818181818181813,0.0,1.818181818181813,1.818181818181813,16,17.02127659574468,>90%
2455920,5747233970432170703,2024-05-20 07:07:33+00:00,Ver. 1.007 Update,2024-02-22 00:00:00+00:00,88.29690972222222,31-180 days,32,26,96.875,96.15384615384616,-0.7211538461538396,3.125,3.8461538461538396,0.7211538461538396,-6,-18.75,>90%
2457890,1808061939383538,2025-08-15 20:20:06+00:00,DRACOMATON Bugfix and Optimization Patch / Merch Store,2023-08-01 00:00:00+00:00,745.8472916666667,>180 days,514,156,90.07782101167315,89.74358974358975,-0.33423126808339987,9.922178988326849,10.256410256410248,0.33423126808339987,-358,-69.64980544747081,>90%
2462570,6474562312200264046,2024-04-16 19:06:02+00:00,Day One Patch 16/04/2024,2024-04-15 00:00:00+00:00,1.7958564814814815,<=30 days (including pre-launch),21,39,85.71428571428571,64.1025641025641,-21.611721611721606,14.285714285714292,35.8974358974359,21.611721611721606,18,85.71428571428571,70-90%
2464530,1785774543528809,2024-12-12 15:33:35+00:00,VOIN Hotfix #1 is now live,2024-12-10 00:00:00+00:00,2.648321759259259,<=30 days (including pre-launch),104,261,95.1923076923077,92.72030651340997,-2.4720011788977274,4.807692307692307,7.279693486590034,2.4720011788977274,157,150.96153846153845,>90%
2464530,1794102528112164,2025-03-14 16:00:22+00:00,Thunderborn Update is Available Now,2024-12-10 00:00:00+00:00,94.6669212962963,31-180 days,50,150,94.0,97.33333333333334,3.333333333333343,6.0,2.666666666666657,-3.333333333333343,100,200.0,>90%
2464530,1803527891512100,2025-06-26 16:01:04+00:00,Permafrost Update is Available Now,2024-12-10 00:00:00+00:00,198.6674074074074,>180 days,91,111,94.5054945054945,91.8918918918919,-2.6136026136025947,5.494505494505503,8.108108108108098,2.6136026136025947,20,21.978021978021978,>90%
2464530,1811772772409126,2025-09-30 13:00:16+00:00,VOIN 0.4.0 Update is Available Now,2024-12-10 00:00:00+00:00,294.54185185185185,>180 days,34,607,85.29411764705883,95.71663920922569,10.422521562166864,14.705882352941174,4.28336079077431,-10.422521562166864,573,1685.2941176470588,70-90%
2464530,1835236783570663,2026-06-15 15:03:05+00:00,Inferno Update has arrived,2024-12-10 00:00:00+00:00,552.6271412037037,>180 days,41,345,90.2439024390244,95.3623188405797,5.118416401555308,9.756097560975604,4.637681159420296,-5.118416401555308,304,741.4634146341464,>90%
2464880,5322753221338966935,2023-11-15 17:19:20+00:00,Update 1.1.0🔧 ✨,2023-11-07 00:00:00+00:00,8.72175925925926,<=30 days (including pre-launch),38,245,86.8421052631579,90.61224489795919,3.770139634801282,13.157894736842096,9.387755102040813,-3.770139634801282,207,544.7368421052632,70-90%
2464880,5510784213095711232,2024-01-17 22:47:05+00:00,Update 1.2.10: Bug fixes and removed Christmas theme. 🔧🎄,2023-11-07 00:00:00+00:00,71.94936342592592,31-180 days,94,30,82.97872340425532,90.0,7.0212765957446805,17.02127659574468,10.0,-7.0212765957446805,-64,-68.08510638297872,70-90%
2464880,5766372999951127496,2024-05-04 14:43:24+00:00,🛠️ Update 1.3.1: A lot of bug fixes! 🛠️,2023-11-07 00:00:00+00:00,179.6134722222222,31-180 days,20,20,80.0,80.0,0.0,20.0,20.0,0.0,0,0.0,70-90%
2464880,1785321795708303,2024-12-08 17:39:37+00:00,✨ Update 1.4.1: Bug fixes and new islands! 🏝️,2023-11-07 00:00:00+00:00,397.7358449074074,>180 days,52,20,82.6923076923077,70.0,-12.692307692307693,17.307692307692307,30.0,12.692307692307693,-32,-61.53846153846154,70-90%
2481670,1799817379473311,2025-05-15 16:34:01+00:00,"Update #1: Fixes, Tweaks, and More",2025-05-09 00:00:00+00:00,6.690289351851852,<=30 days (including pre-launch),83,47,85.54216867469879,87.2340425531915,1.6918738784927143,14.457831325301214,12.7659574468085,-1.6918738784927143,-36,-43.373493975903614,70-90%
2483730,1797820624490596,2025-04-25 11:09:42+00:00,Version Update (4/25),2025-04-23 00:00:00+00:00,2.4650694444444445,<=30 days (including pre-launch),30,67,73.33333333333333,77.61194029850746,4.278606965174134,26.66666666666667,22.388059701492537,-4.278606965174134,37,123.33333333333334,70-90%
2488510,5229301621580279017,2023-10-27 16:45:47+00:00,Early Access | Hotfix #1,2023-10-23 13:00:00+00:00,4.156793981481481,<=30 days (including pre-launch),474,688,76.16033755274262,70.20348837209302,-5.9568491806495985,23.839662447257382,29.79651162790698,5.9568491806495985,214,45.14767932489451,70-90%
2488510,5510783579246496013,2024-01-10 11:01:30+00:00,Early Access | Hotfix #4,2023-10-23 13:00:00+00:00,78.91770833333334,31-180 days,149,54,65.1006711409396,62.96296296296296,-2.1377081779766343,34.899328859060404,37.03703703703704,2.1377081779766343,-95,-63.758389261744966,<70%
2488510,5686430301714860203,2024-03-20 16:45:42+00:00,Early Access | Update #2,2023-10-23 13:00:00+00:00,149.15673611111112,31-180 days,43,43,65.11627906976744,58.139534883720934,-6.97674418604651,34.883720930232556,41.860465116279066,6.97674418604651,0,0.0,<70%
2488510,6250522009531567863,2024-09-17 14:30:29+00:00,FatalZone v1.0,2023-10-23 13:00:00+00:00,330.06283564814817,>180 days,85,171,82.35294117647058,52.046783625730995,-30.306157550739584,17.64705882352942,47.953216374269005,30.306157550739584,86,101.17647058823529,70-90%
2490160,5229301621588497239,2023-10-29 22:53:40+00:00,10.30 Update,2023-10-28 00:00:00+00:00,1.9539351851851852,<=30 days (including pre-launch),40,154,82.5,75.32467532467533,-7.175324675324674,17.5,24.675324675324674,7.175324675324674,114,285.0,70-90%
2494810,6148070194801624182,2024-11-08 10:06:46+00:00,HOTFIX 1.0.0.2,2024-11-07 23:00:11+00:00,0.4629050925925926,<=30 days (including pre-launch),25,209,96.0,95.21531100478468,-0.7846889952153191,4.0,4.784688995215319,0.7846889952153191,184,736.0,>90%
2494810,1789039014326921,2025-01-16 07:50:47+00:00,OPEN BETA 1.3.0.0,2024-11-07 23:00:11+00:00,69.36847222222222,31-180 days,25,37,100.0,97.2972972972973,-2.7027027027026946,0.0,2.7027027027026946,2.7027027027026946,12,48.0,>90%
2494810,1802893906850979,2025-06-23 07:43:56+00:00,UPDATES 1.4.2.0,2024-11-07 23:00:11+00:00,227.36371527777777,>180 days,21,20,85.71428571428571,90.0,4.285714285714292,14.285714285714292,10.0,-4.285714285714292,-1,-4.761904761904762,70-90%
2494810,1809869180163143,2025-09-08 12:44:19+00:00,HOT FIX 1.0.2,2024-11-07 23:00:11+00:00,304.57231481481483,>180 days,58,171,96.55172413793103,90.05847953216374,-6.493244605767288,3.448275862068968,9.941520467836256,6.493244605767288,113,194.82758620689654,>90%
2494810,1815580768379631,2025-11-10 04:43:24+00:00,UPDATES 1.5.1,2024-11-07 23:00:11+00:00,367.2383449074074,>180 days,24,26,91.66666666666666,100.0,8.333333333333343,8.333333333333343,0.0,-8.333333333333343,2,8.333333333333332,>90%
2499520,5759622039972906394,2024-06-19 15:33:59+00:00,Version 0.5.1,2024-06-18 00:00:00+00:00,1.648599537037037,<=30 days (including pre-launch),46,229,84.78260869565217,89.08296943231441,4.300360736662242,15.217391304347828,10.917030567685586,-4.300360736662242,183,397.82608695652175,70-90%
2499520,6339469370182585955,2024-09-26 17:03:24+00:00,THREADS OF FATE UPDATE IS HERE! Be My Horde 0.7 available now!,2024-06-18 00:00:00+00:00,100.71069444444444,31-180 days,46,76,84.78260869565217,84.21052631578947,-0.5720823798627066,15.217391304347828,15.789473684210535,0.5720823798627066,30,65.21739130434783,70-90%
2499520,1784506359020700,2024-11-28 18:03:33+00:00,DICK IS HERE! The boss update available now!,2024-06-18 00:00:00+00:00,163.7524652777778,31-180 days,75,98,94.66666666666667,89.79591836734694,-4.870748299319729,5.333333333333329,10.204081632653057,4.870748299319729,23,30.666666666666664,>90%
2499520,1790848102750083,2025-02-10 13:34:36+00:00,Hotfix Patch: 0.8.6,2024-06-18 00:00:00+00:00,237.56569444444443,>180 days,35,32,91.42857142857143,87.5,-3.9285714285714306,8.57142857142857,12.5,3.9285714285714306,-3,-8.571428571428571,>90%
2499520,1800357164572240,2025-05-27 15:55:50+00:00,Hotfix Patch: 0.10.1,2024-06-18 00:00:00+00:00,343.66377314814815,>180 days,54,353,88.88888888888889,81.86968838526913,-7.019200503619757,11.111111111111114,18.13031161473087,7.019200503619757,299,553.7037037037037,70-90%
2499520,1814309641577179,2025-10-27 17:59:42+00:00,Minions ask: WHERE IS THE UPDATE? And we answer…,2024-06-18 00:00:00+00:00,496.7497916666667,>180 days,23,40,86.95652173913044,82.5,-4.456521739130437,13.043478260869563,17.5,4.456521739130437,17,73.91304347826086,70-90%
2499520,1821288646586067,2026-01-12 15:11:57+00:00,Hotfix Patch: 0.12.8,2024-06-18 00:00:00+00:00,573.6332986111111,>180 days,84,66,89.28571428571429,77.27272727272727,-12.012987012987026,10.714285714285708,22.727272727272734,12.012987012987026,-18,-21.428571428571427,70-90%
2499520,1829528821317315,2026-04-14 09:21:50+00:00,Hotfix Patch 0.13.1,2024-06-18 00:00:00+00:00,665.390162037037,>180 days,70,39,85.71428571428571,76.92307692307693,-8.791208791208774,14.285714285714292,23.076923076923066,8.791208791208774,-31,-44.285714285714285,70-90%
2499520,1835236783573781,2026-06-16 10:35:43+00:00,Hotfix Patch 0.14.5,2024-06-18 00:00:00+00:00,728.4414699074074,>180 days,54,42,79.62962962962963,88.09523809523809,8.465608465608454,20.370370370370367,11.904761904761912,-8.465608465608454,-12,-22.22222222222222,70-90%
2500460,1809869180001596,2025-09-03 13:43:24+00:00,Hotfix,2025-09-01 00:00:00+00:00,2.5718055555555557,<=30 days (including pre-launch),28,54,100.0,100.0,0.0,0.0,0.0,0.0,26,92.85714285714286,>90%
2501600,6931694080294754658,2024-10-11 10:58:12+00:00,Update Log - Patch 1.0.10,2024-10-09 00:00:00+00:00,2.4570833333333333,<=30 days (including pre-launch),147,1668,96.5986394557823,97.48201438848922,0.8833749327069143,3.4013605442176953,2.517985611510781,-0.8833749327069143,1521,1034.6938775510203,>90%
2501600,1786573930640467,2024-12-20 02:35:57+00:00,Patch note - version 1.1.15,2024-10-09 00:00:00+00:00,72.10829861111111,31-180 days,1449,304,98.61973775017253,92.76315789473685,-5.856579855435683,1.3802622498274673,7.23684210526315,5.856579855435683,-1145,-79.0200138026225,>90%
2501600,1797185861634877,2025-04-17 10:15:37+00:00,Patch note - version 1.1.16,2024-10-09 00:00:00+00:00,190.42751157407406,>180 days,172,124,97.09302325581395,92.74193548387096,-4.351087771942986,2.9069767441860535,7.258064516129039,4.351087771942986,-48,-27.906976744186046,>90%
2506440,1816849002010912,2025-11-20 14:21:09+00:00,v1.0.6,2024-10-30 15:24:22+00:00,385.95609953703706,>180 days,20,61,95.0,96.72131147540983,1.7213114754098342,5.0,3.278688524590166,-1.7213114754098342,41,204.99999999999997,>90%
2508890,5410576585166368259,2023-12-31 12:56:59+00:00,Update Log 2023/12/31,2023-12-24 06:26:52+00:00,7.270914351851852,<=30 days (including pre-launch),23,38,95.65217391304348,100.0,4.347826086956516,4.347826086956516,0.0,-4.347826086956516,15,65.21739130434783,>90%
2510760,6148070194801586951,2024-11-07 07:04:15+00:00,Version V1.002 update,2024-03-14 21:39:05+00:00,237.39247685185185,>180 days,21,32,95.23809523809523,65.625,-29.613095238095227,4.761904761904773,34.375,29.613095238095227,11,52.38095238095239,>90%
2510850,5679673637664196230,2024-03-10 20:27:13+00:00,"Slay the Minotaur Game Update: New Tower, Tweaks, and New Options!",2024-02-22 00:00:00+00:00,17.852233796296296,<=30 days (including pre-launch),21,51,100.0,96.07843137254902,-3.9215686274509807,0.0,3.9215686274509807,3.9215686274509807,30,142.85714285714286,>90%
2516820,5141475722333458415,2023-08-26 07:02:24+00:00,【DevLog】2023.08.26,2023-08-04 16:02:25+00:00,21.624988425925928,<=30 days (including pre-launch),21,74,95.23809523809523,95.94594594594594,0.7078507078507101,4.761904761904773,4.054054054054063,-0.7078507078507101,53,252.38095238095238,>90%
2516820,5229301621590886669,2023-10-30 14:37:38+00:00,【Genre Update】Dark Castle 2023.10.30,2023-08-04 16:02:25+00:00,86.94112268518519,31-180 days,44,33,97.72727272727273,90.9090909090909,-6.818181818181827,2.2727272727272663,9.090909090909093,6.818181818181827,-11,-25.0,>90%
2516820,5410576585198768848,2024-01-09 10:18:24+00:00,【DevLog】2024.01.09,2023-08-04 16:02:25+00:00,157.76109953703704,31-180 days,32,28,90.625,100.0,9.375,9.375,0.0,-9.375,-4,-12.5,>90%
2516990,1801617199359610,2025-06-04 13:20:57+00:00,Ver.1.0.1 Update,2025-05-30 00:00:00+00:00,5.556215277777778,<=30 days (including pre-launch),102,65,92.15686274509804,90.76923076923077,-1.387631975867265,7.843137254901961,9.230769230769226,1.387631975867265,-37,-36.27450980392157,>90%
2517810,5510784213092939529,2024-01-17 04:32:25+00:00,"0.6.4 - issues with AMD card fixes, Mech Origin Rework and 6 new music tracks!",2024-01-08 00:00:00+00:00,9.189178240740741,<=30 days (including pre-launch),237,51,92.40506329113924,74.50980392156863,-17.89525936957061,7.594936708860757,25.490196078431367,17.89525936957061,-186,-78.48101265822784,>90%
2518630,1789580505282406,2025-01-22 19:54:28+00:00,Hotfixes,2025-01-21 00:00:00+00:00,1.8294907407407408,<=30 days (including pre-launch),81,292,83.9506172839506,76.71232876712328,-7.238288516827325,16.049382716049394,23.28767123287672,7.238288516827325,211,260.4938271604938,70-90%
2518630,1796631172286268,2025-04-11 18:33:44+00:00,"Next Major Patch ""The Awakening"" Date Announcement / Beta is out",2025-01-21 00:00:00+00:00,80.77342592592592,31-180 days,57,65,64.91228070175438,75.38461538461539,10.472334682861003,35.08771929824562,24.615384615384613,-10.472334682861003,8,14.035087719298245,<70%
2518630,1833968530895652,2026-05-31 17:15:28+00:00,Hotfix for Project Unknown,2025-01-21 00:00:00+00:00,495.71907407407406,>180 days,24,38,87.5,65.78947368421053,-21.710526315789465,12.5,34.210526315789465,21.710526315789465,14,58.333333333333336,70-90%
2523250,5220291886484038174,2023-09-27 17:18:19+00:00,Hotfix | 09.27,2023-09-25 00:00:00+00:00,2.7210532407407406,<=30 days (including pre-launch),27,116,74.07407407407408,80.17241379310344,6.098339719029369,25.925925925925924,19.827586206896555,-6.098339719029369,89,329.6296296296296,70-90%
2526880,6350729003498896417,2024-10-04 20:06:51+00:00,UPDATE 0.11,2024-10-02 00:00:00+00:00,2.838090277777778,<=30 days (including pre-launch),22,48,95.45454545454545,95.83333333333334,0.37878787878788955,4.545454545454547,4.166666666666657,-0.37878787878788955,26,118.18181818181819,>90%
2527600,5741605105620770155,2024-05-27 06:11:27+00:00,2024/05/27 Patch Notes,2024-05-24 00:00:00+00:00,3.257951388888889,<=30 days (including pre-launch),37,29,40.54054054054054,68.96551724137932,28.424976700838776,59.45945945945946,31.034482758620683,-28.424976700838776,-8,-21.62162162162162,<70%
2531940,1790848102720182,2025-02-09 15:18:21+00:00,V1.0.07 Update,2025-02-06 00:00:00+00:00,3.6377430555555557,<=30 days (including pre-launch),211,362,73.45971563981043,73.20441988950276,-0.25529575030766694,26.540284360189574,26.79558011049724,0.25529575030766694,151,71.56398104265402,70-90%
2536960,1793384379343813,2025-03-05 15:47:40+00:00,Launch Week Update (1.0.1 Patch Notes),2025-03-04 00:00:00+00:00,1.6581018518518518,<=30 days (including pre-launch),47,287,89.36170212765957,73.17073170731707,-16.190970420342495,10.63829787234043,26.829268292682926,16.190970420342495,240,510.63829787234044,70-90%
2536960,1799088287826809,2025-05-08 09:12:14+00:00,Shadowveil Patch 1.1.1 - The Last Expedition,2025-03-04 00:00:00+00:00,65.38349537037037,31-180 days,25,28,84.0,75.0,-9.0,16.0,25.0,9.0,3,12.0,70-90%
2537300,1796631172249118,2025-04-10 15:25:17+00:00,V1.0.0.250410001Beta版本更新,2025-04-03 00:00:00+00:00,7.6425578703703705,<=30 days (including pre-launch),20,45,65.0,86.66666666666667,21.66666666666667,35.0,13.333333333333329,-21.66666666666667,25,125.0,<70%
2542140,1799088287911364,2025-05-10 23:30:49+00:00,Ketz: Galactic Overlords – Version 0.0.2 Patch Notes,2025-05-09 00:00:00+00:00,1.9797337962962962,<=30 days (including pre-launch),45,147,77.77777777777779,69.38775510204081,-8.390022675736972,22.222222222222214,30.612244897959187,8.390022675736972,102,226.66666666666666,70-90%
2542140,1806064758774529,2025-07-29 15:19:05+00:00,Version 0.0.9 Patch Notes,2025-05-09 00:00:00+00:00,81.63825231481482,31-180 days,34,31,73.52941176470588,64.51612903225806,-9.01328273244782,26.470588235294116,35.483870967741936,9.01328273244782,-3,-8.823529411764707,70-90%
2543510,1807332909606082,2025-08-08 14:24:19+00:00,GUNTOUCHABLES v1.0.1,2025-08-07 00:00:00+00:00,1.6002199074074075,<=30 days (including pre-launch),903,1673,85.49280177187154,85.65451285116558,0.1617110792940366,14.507198228128459,14.345487148834422,-0.1617110792940366,770,85.27131782945736,70-90%
2543510,1813041031205934,2025-10-09 12:08:30+00:00,Guntouchables v. 1.1.4 - Bug fixes,2025-08-07 00:00:00+00:00,63.50590277777778,31-180 days,235,86,66.80851063829788,60.46511627906976,-6.343394359228114,33.191489361702125,39.53488372093024,6.343394359228114,-149,-63.40425531914894,<70%
2543510,1824644522844898,2026-02-16 08:58:42+00:00,New build (1.2.2) previewing on Experimental Branch,2025-08-07 00:00:00+00:00,193.37409722222222,>180 days,69,58,73.91304347826086,79.3103448275862,5.397301349325346,26.08695652173914,20.689655172413794,-5.397301349325346,-11,-15.942028985507244,70-90%
2549380,1790848102783354,2025-02-11 13:20:07+00:00,PATCH 1.0.1 is here!,2025-01-29 00:00:00+00:00,13.555636574074073,<=30 days (including pre-launch),120,21,93.33333333333333,71.42857142857143,-21.904761904761898,6.666666666666671,28.57142857142857,21.904761904761898,-99,-82.5,>90%
2563550,5686430301735191866,2024-03-26 06:37:19+00:00,圆饼出击 20240326 第8更,2024-03-25 00:00:00+00:00,1.2759143518518519,<=30 days (including pre-launch),20,65,70.0,44.61538461538462,-25.38461538461538,30.0,55.38461538461538,25.38461538461538,45,225.0,70-90%
2564520,1808061939340978,2025-08-14 13:40:54+00:00,Lost in Random: The Eternal Die – Stitched in Style cosmetic DLC + Free Update!,2025-06-17 00:00:00+00:00,58.57006944444444,31-180 days,76,54,90.78947368421053,79.62962962962963,-11.159844054580901,9.210526315789465,20.370370370370367,11.159844054580901,-22,-28.947368421052634,>90%
2569170,5288974951207118549,2023-11-02 17:07:34+00:00,V 1.0.1 updates.,2023-11-01 00:00:00+00:00,1.713587962962963,<=30 days (including pre-launch),35,36,80.0,77.77777777777779,-2.2222222222222143,20.0,22.222222222222214,2.2222222222222143,1,2.857142857142857,70-90%
2569330,5963414363395388318,2024-08-09 21:33:06+00:00,Minor Update (V1.12),2023-10-05 11:01:17+00:00,309.4387615740741,>180 days,20,27,95.0,88.88888888888889,-6.111111111111114,5.0,11.111111111111114,6.111111111111114,7,35.0,>90%
2574030,5510784213107956951,2024-01-21 07:24:15+00:00,Small Update~,2024-01-19 00:00:00+00:00,2.3085069444444444,<=30 days (including pre-launch),21,36,90.47619047619048,80.55555555555556,-9.920634920634924,9.523809523809518,19.444444444444443,9.920634920634924,15,71.42857142857143,>90%
2579550,5875595438684233311,2024-08-21 11:09:38+00:00,Salvo Shuffle Minor Update V1.0.1,2024-08-16 00:00:00+00:00,5.465023148148148,<=30 days (including pre-launch),25,21,100.0,100.0,0.0,0.0,0.0,0.0,-4,-16.0,>90%
2582470,1810503566485923,2025-09-13 15:32:18+00:00,Wacky West – Optimization & New Content Update ⚡,2025-08-26 00:00:00+00:00,18.647430555555555,<=30 days (including pre-launch),39,25,84.61538461538461,92.0,7.384615384615387,15.384615384615387,8.0,-7.384615384615387,-14,-35.8974358974359,70-90%
2591290,5742731639343270304,2024-06-03 04:07:19+00:00,Update on June 3rd: Bug fix,2024-05-30 00:00:00+00:00,4.171747685185185,<=30 days (including pre-launch),20,22,80.0,81.81818181818183,1.8181818181818272,20.0,18.181818181818173,-1.8181818181818272,2,10.0,70-90%
2591360,1801617199519691,2025-06-09 10:28:48+00:00,"June 9th, Version V1.0.1 Update Notes",2025-06-06 00:00:00+00:00,3.4366666666666665,<=30 days (including pre-launch),33,29,81.81818181818183,86.20689655172413,4.388714733542301,18.181818181818173,13.793103448275872,-4.388714733542301,-4,-12.121212121212121,70-90%
2598800,1790214123218507,2025-02-03 18:08:15+00:00,Day One Update,2025-02-02 00:00:00+00:00,1.7557291666666666,<=30 days (including pre-launch),28,79,89.28571428571429,87.34177215189874,-1.943942133815554,10.714285714285708,12.658227848101262,1.943942133815554,51,182.14285714285714,70-90%
2607260,1798454487640628,2025-05-02 15:38:10+00:00,Update Notes – May 2,2025-04-27 00:00:00+00:00,5.651504629629629,<=30 days (including pre-launch),28,24,100.0,100.0,0.0,0.0,0.0,0.0,-4,-14.285714285714285,>90%
2608350,5875595438706126304,2024-08-27 11:18:35+00:00,Bug Fixes,2024-08-26 00:00:00+00:00,1.471238425925926,<=30 days (including pre-launch),188,1039,98.93617021276596,96.15014436958614,-2.7860258431798144,1.0638297872340416,3.849855630413856,2.7860258431798144,851,452.65957446808505,>90%
2608350,1786573930771205,2024-12-24 03:46:36+00:00,Bug Fixes,2024-08-26 00:00:00+00:00,120.15736111111111,31-180 days,169,124,98.22485207100591,96.7741935483871,-1.4506585226188093,1.7751479289940875,3.225806451612897,1.4506585226188093,-45,-26.627218934911244,>90%
2608350,1811772772544002,2025-10-04 14:27:02+00:00,Unity Security Vulnerability Response Update,2024-08-26 00:00:00+00:00,404.6021064814815,>180 days,51,32,96.07843137254902,93.75,-2.3284313725490193,3.9215686274509807,6.25,2.3284313725490193,-19,-37.254901960784316,>90%
2608350,1836506165560294,2026-06-29 14:32:00+00:00,Bug Fixes for Specific Environments,2024-08-26 00:00:00+00:00,672.6055555555556,>180 days,31,44,90.32258064516128,97.72727272727273,7.404692082111453,9.677419354838719,2.2727272727272663,-7.404692082111453,13,41.935483870967744,>90%
2615010,5741605105608985704,2024-05-24 00:35:41+00:00,05.23.24: Patch Update 01,2024-05-22 00:00:00+00:00,2.0247800925925925,<=30 days (including pre-launch),35,55,57.14285714285714,76.36363636363637,19.220779220779235,42.85714285714286,23.636363636363626,-19.220779220779235,20,57.14285714285714,<70%
2618840,6438516944125005885,2023-10-13 18:48:08+00:00,2023-10-14 Updated Description,2023-10-13 00:00:00+00:00,0.783425925925926,<=30 days (including pre-launch),228,380,42.10526315789473,56.57894736842105,14.473684210526315,57.89473684210527,43.42105263157895,-14.473684210526315,152,66.66666666666666,<70%
2618840,5519792046247813848,2024-01-25 09:59:04+00:00,2024-1-25 Update Description,2023-10-13 00:00:00+00:00,104.41601851851851,31-180 days,20,41,50.0,51.21951219512195,1.2195121951219505,50.0,48.78048780487805,-1.2195121951219505,21,105.0,<70%
2618840,6474562312184512614,2024-04-12 11:23:08+00:00,2024-4-12 Update Instructions,2023-10-13 00:00:00+00:00,182.47439814814814,>180 days,29,24,62.06896551724138,41.66666666666667,-20.40229885057471,37.93103448275862,58.33333333333333,20.40229885057471,-5,-17.24137931034483,<70%
2621150,6560117310277196604,2023-11-20 03:05:46+00:00,Optimization and enemy respawn fix,2023-11-16 00:00:00+00:00,4.129004629629629,<=30 days (including pre-launch),308,633,77.92207792207793,92.41706161137441,14.494983689296475,22.077922077922068,7.5829383886255926,-14.494983689296475,325,105.51948051948052,70-90%
2626860,5969041959968709689,2024-07-19 15:00:33+00:00,Dragon Eclipse: Patch 1 - Shadow Realm!,2024-06-24 15:57:27+00:00,24.960486111111113,<=30 days (including pre-launch),74,24,81.08108108108108,70.83333333333334,-10.247747747747738,18.91891891891892,29.166666666666657,10.247747747747738,-50,-67.56756756756756,70-90%
2630080,1827626365757007,2026-03-20 09:56:11+00:00,Update Notes for 1.30.1,2023-10-30 00:00:00+00:00,872.4140162037037,>180 days,22,22,86.36363636363636,86.36363636363636,0.0,13.63636363636364,13.63636363636364,0.0,0,0.0,70-90%
2633080,1783238125272925,2024-11-16 08:35:28+00:00,2024/11/16：Update,2024-11-14 00:00:00+00:00,2.357962962962963,<=30 days (including pre-launch),38,146,73.68421052631578,73.28767123287672,-0.39653929343906213,26.31578947368422,26.71232876712328,0.39653929343906213,108,284.2105263157895,70-90%
2635500,1809235871534940,2025-08-26 23:15:16+00:00,DAY 1/10: Major Fixes & Improvements - Community Impact!,2025-08-25 00:00:00+00:00,1.9689351851851853,<=30 days (including pre-launch),46,120,86.95652173913044,76.66666666666667,-10.289855072463766,13.043478260869563,23.33333333333333,10.289855072463766,74,160.8695652173913,70-90%
2643010,1805431065308082,2025-07-16 16:19:59+00:00,Patch Notes - 16/07/2025,2025-07-15 00:00:00+00:00,1.6805439814814815,<=30 days (including pre-launch),34,99,70.58823529411765,84.84848484848484,14.260249554367192,29.411764705882348,15.151515151515156,-14.260249554367192,65,191.1764705882353,70-90%
2644610,6148070194801753644,2024-11-12 10:54:22+00:00,PLANS FOR THE FIRST PATCH,2024-11-11 00:00:00+00:00,1.4544212962962964,<=30 days (including pre-launch),197,827,84.26395939086294,87.42442563482467,3.1604662439617357,15.736040609137063,12.575574365175328,-3.1604662439617357,630,319.79695431472084,70-90%
2644610,1789580505309376,2025-01-23 15:35:35+00:00,Version 1.12,2024-11-11 00:00:00+00:00,73.64971064814814,31-180 days,181,125,82.87292817679558,75.2,-7.67292817679558,17.127071823204417,24.799999999999997,7.67292817679558,-56,-30.939226519337016,70-90%
2644610,1797820624492041,2025-04-25 12:24:23+00:00,Version 1.14,2024-11-11 00:00:00+00:00,165.51693287037037,31-180 days,56,68,83.92857142857143,82.35294117647058,-1.5756302521008507,16.07142857142857,17.64705882352942,1.5756302521008507,12,21.428571428571427,70-90%
2644610,1802893906893315,2025-06-24 14:31:43+00:00,Dagon's stun attack fix,2024-11-11 00:00:00+00:00,225.6053587962963,>180 days,86,75,83.72093023255815,80.0,-3.720930232558146,16.279069767441854,20.0,3.720930232558146,-11,-12.790697674418606,70-90%
2644610,1809869180172608,2025-09-08 19:21:51+00:00,Version 1.17,2024-11-11 00:00:00+00:00,301.8068402777778,>180 days,49,54,73.46938775510205,72.22222222222221,-1.2471655328798334,26.530612244897952,27.777777777777786,1.2471655328798334,5,10.204081632653061,70-90%
2645100,6242640076600725027,2024-09-06 15:31:16+00:00,"Kerker Patch Notes - September 6, 2024",2024-08-30 00:00:00+00:00,7.646712962962963,<=30 days (including pre-launch),22,24,100.0,87.5,-12.5,0.0,12.5,12.5,2,9.090909090909092,>90%
2649800,5963414363396794395,2024-08-10 06:48:41+00:00,V0.9.1.6 Version Update Announcement~,2024-08-08 06:59:28+00:00,1.992511574074074,<=30 days (including pre-launch),33,24,100.0,100.0,0.0,0.0,0.0,0.0,-9,-27.27272727272727,>90%
2657310,5756237364314854932,2024-04-06 09:30:09+00:00,V1.14 Update,2024-04-03 00:00:00+00:00,3.3959375,<=30 days (including pre-launch),21,154,100.0,96.1038961038961,-3.896103896103895,0.0,3.896103896103895,3.896103896103895,133,633.3333333333333,>90%
2666230,1783238125310742,2024-11-17 13:31:51+00:00,20241117 Update,2024-11-14 00:00:00+00:00,3.563784722222222,<=30 days (including pre-launch),36,80,88.88888888888889,76.25,-12.638888888888886,11.111111111111114,23.75,12.638888888888886,44,122.22222222222223,70-90%
2688680,5728086065191798894,2024-02-25 06:17:21+00:00,V1.0.0.1 更新公告20240225,2024-02-23 00:00:00+00:00,2.262048611111111,<=30 days (including pre-launch),70,281,87.14285714285714,89.32384341637011,2.1809862735129713,12.857142857142861,10.67615658362989,-2.1809862735129713,211,301.42857142857144,70-90%
2688680,5759616966674939398,2024-04-28 09:33:20+00:00,V1.0.1.5 更新公告20240428,2024-02-23 00:00:00+00:00,65.39814814814815,31-180 days,38,42,89.47368421052632,80.95238095238095,-8.521303258145366,10.526315789473685,19.04761904761905,8.521303258145366,4,10.526315789473683,70-90%
2688680,5842939267326763678,2024-07-02 06:33:45+00:00,Update Contents for 20240702,2024-02-23 00:00:00+00:00,130.2734375,31-180 days,30,29,83.33333333333334,75.86206896551724,-7.471264367816104,16.666666666666657,24.13793103448276,7.471264367816104,-1,-3.3333333333333335,70-90%
2688900,5582843074944374330,2024-02-02 12:50:49+00:00,v1.2 Update: New game mode and more!,2024-01-18 00:00:00+00:00,15.535289351851851,<=30 days (including pre-launch),40,30,92.5,90.0,-2.5,7.5,10.0,2.5,-10,-25.0,>90%
2689470,1788311419042701,2025-01-10 09:16:02+00:00,HOTFIX 0.6.2,2025-01-09 00:00:00+00:00,1.3861342592592591,<=30 days (including pre-launch),117,562,95.72649572649573,95.72953736654804,0.003041640052316552,4.2735042735042725,4.270462633451956,-0.003041640052316552,445,380.3418803418803,>90%
2689470,1821288646581024,2026-01-09 14:01:19+00:00,Anniversary Update,2025-01-09 00:00:00+00:00,365.5842476851852,>180 days,49,111,93.87755102040816,95.4954954954955,1.6179444750873415,6.122448979591837,4.504504504504496,-1.6179444750873415,62,126.53061224489797,>90%
2692030,1790848102743042,2025-02-10 08:35:31+00:00,Update Notes - 02/10/2025,2025-02-05 00:00:00+00:00,5.357997685185185,<=30 days (including pre-launch),40,33,72.5,66.66666666666666,-5.833333333333343,27.5,33.33333333333334,5.833333333333343,-7,-17.5,70-90%
2713070,5410576585148960156,2023-12-26 18:18:03+00:00,Hotfixes,2023-12-20 00:00:00+00:00,6.762534722222222,<=30 days (including pre-launch),72,97,86.11111111111111,77.31958762886599,-8.791523482245125,13.888888888888886,22.68041237113401,8.791523482245125,25,34.72222222222222,70-90%
2715370,1787858252748884,2025-01-03 14:01:00+00:00,EA 0.0.1 Version Update Notes,2025-01-03 03:59:23+00:00,0.41778935185185184,<=30 days (including pre-launch),23,194,78.26086956521739,73.71134020618557,-4.549529359031823,21.73913043478261,26.288659793814432,4.549529359031823,171,743.4782608695652,70-90%
2726450,5728086065192216813,2024-02-25 09:02:22+00:00,Windowkill 3.0.1 changelog,2024-02-23 00:00:00+00:00,2.3766435185185184,<=30 days (including pre-launch),232,559,98.70689655172413,97.85330948121646,-0.8535870705076718,1.2931034482758719,2.1466905187835437,0.8535870705076718,327,140.94827586206898,>90%
2726450,6242640076601394050,2024-09-06 19:55:29+00:00,Windowkill v4.0 update!!,2024-02-23 00:00:00+00:00,196.83019675925925,>180 days,91,121,94.5054945054945,99.17355371900827,4.6680592135137715,5.494505494505503,0.8264462809917319,-4.6680592135137715,30,32.967032967032964,>90%
2726450,1792116353305969,2025-02-24 00:44:02+00:00,"Steam Deck Support, 1 Year Anniversary, and 4.0.5 Update",2024-02-23 00:00:00+00:00,367.0305787037037,>180 days,87,104,95.40229885057471,92.3076923076923,-3.0946065428824028,4.597701149425291,7.692307692307693,3.0946065428824028,17,19.54022988505747,>90%
2726870,5963414363393544278,2024-08-09 09:24:55+00:00,How to deal with lost achieves & Patch Note 1.1.3,2024-08-07 00:00:00+00:00,2.3923032407407407,<=30 days (including pre-launch),59,134,89.83050847457628,87.31343283582089,-2.5170756387553865,10.169491525423723,12.68656716417911,2.5170756387553865,75,127.11864406779661,70-90%
2726870,1786573930646383,2024-12-20 07:00:53+00:00,v1.7.0 Update Notes: Sweetie Lychee Remake & Translation Optimization,2024-08-07 00:00:00+00:00,135.2922800925926,31-180 days,31,23,100.0,78.26086956521739,-21.73913043478261,0.0,21.73913043478261,21.73913043478261,-8,-25.806451612903224,>90%
2735630,6300039510137504655,2024-01-16 10:18:08+00:00,New conductors are on board!,2024-01-10 00:00:00+00:00,6.4292592592592595,<=30 days (including pre-launch),212,735,96.22641509433963,94.42176870748298,-1.8046463868566462,3.773584905660371,5.578231292517017,1.8046463868566462,523,246.69811320754715,>90%
2735630,5749481331447216563,2024-03-31 08:44:51+00:00,Restart the update!,2024-01-10 00:00:00+00:00,81.36447916666667,31-180 days,210,119,92.38095238095238,94.9579831932773,2.577030812324921,7.61904761904762,5.0420168067227,-2.577030812324921,-91,-43.333333333333336,>90%
2735630,5759622039982575793,2024-06-22 07:13:06+00:00,"Developer Letter, and the 1.4 Update",2024-01-10 00:00:00+00:00,164.3007638888889,31-180 days,119,124,91.59663865546219,95.16129032258065,3.5646516671184685,8.403361344537814,4.838709677419345,-3.5646516671184685,5,4.201680672268908,>90%
2735630,6212244583193853363,2024-10-22 11:34:02+00:00,New language added!,2024-01-10 00:00:00+00:00,286.4819675925926,>180 days,72,53,90.27777777777779,94.33962264150944,4.06184486373165,9.722222222222214,5.660377358490564,-4.06184486373165,-19,-26.38888888888889,>90%
2735630,1786573930986792,2024-12-31 00:22:30+00:00,1.5.1 Update,2024-01-10 00:00:00+00:00,356.015625,>180 days,66,48,92.42424242424242,87.5,-4.924242424242422,7.575757575757578,12.5,4.924242424242422,-18,-27.27272727272727,>90%
2741110,8033928544501812758,2024-02-18 02:39:07+00:00,V1.2.1,2024-02-13 00:00:00+00:00,5.1104976851851855,<=30 days (including pre-launch),20,35,80.0,82.85714285714286,2.857142857142861,20.0,17.14285714285714,-2.857142857142861,15,75.0,70-90%
2742830,1800991756285599,2025-05-28 18:05:51+00:00,Patch Notes May 28,2025-05-21 00:00:00+00:00,7.7540625,<=30 days (including pre-launch),2632,2247,96.20060790273556,95.95015576323988,-0.25045213949567824,3.7993920972644446,4.049844236760123,0.25045213949567824,-385,-14.627659574468085,>90%
2742830,1810503566387881,2025-09-10 16:00:29+00:00,Lost Arsenal Free Content Update Out Now!,2025-05-21 00:00:00+00:00,112.66700231481481,31-180 days,363,446,92.56198347107438,92.152466367713,-0.4095171033613809,7.4380165289256155,7.847533632286996,0.4095171033613809,83,22.865013774104685,>90%
2742830,1816215235333086,2025-11-11 23:36:00+00:00,Echoes from the Void Patch 1.3.1,2025-05-21 00:00:00+00:00,174.98333333333332,31-180 days,300,816,95.33333333333334,97.67156862745098,2.338235294117638,4.666666666666657,2.3284313725490193,-2.338235294117638,516,172.0,>90%
2742830,1823191198617491,2026-02-03 18:44:04+00:00,Destiny of the Railforged Hotfix 2.0.1,2025-05-21 00:00:00+00:00,258.7806018518518,>180 days,291,482,95.87628865979381,93.3609958506224,-2.515292809171413,4.123711340206185,6.639004149377598,2.515292809171413,191,65.63573883161511,>90%
2746030,6339469370189777658,2024-09-28 16:24:05+00:00,Patch 1.0.33,2024-09-25 00:00:00+00:00,3.6833912037037035,<=30 days (including pre-launch),31,48,100.0,87.5,-12.5,0.0,12.5,12.5,17,54.83870967741935,>90%
2746910,1795917897416451,2025-04-06 09:11:34+00:00,V3.1 Patch Note,2024-03-20 01:42:45+00:00,382.3116782407407,>180 days,43,187,97.67441860465115,93.04812834224599,-4.626290262405163,2.3255813953488484,6.951871657754012,4.626290262405163,144,334.8837209302326,>90%
2746910,1807332909694950,2025-08-11 09:34:03+00:00,v3.7 Patch Note,2024-03-20 01:42:45+00:00,509.32729166666667,>180 days,49,52,81.63265306122449,94.23076923076923,12.598116169544738,18.367346938775512,5.769230769230774,-12.598116169544738,3,6.122448979591836,70-90%
2746910,1831432155564159,2026-04-29 06:08:10+00:00,v3.9 Patch Note,2024-03-20 01:42:45+00:00,770.1843171296297,>180 days,20,38,100.0,94.73684210526315,-5.26315789473685,0.0,5.26315789473685,5.26315789473685,18,90.0,>90%
2750920,5747233970435898534,2024-05-21 07:40:08+00:00,2.2.16.0,2024-05-16 00:00:00+00:00,5.319537037037037,<=30 days (including pre-launch),21,45,76.19047619047619,66.66666666666666,-9.523809523809533,23.80952380952381,33.33333333333334,9.523809523809533,24,114.28571428571428,70-90%
2751120,1797185861658566,2025-04-18 03:29:04+00:00,Hotfix v0.1.15a,2025-04-15 00:00:00+00:00,3.145185185185185,<=30 days (including pre-launch),42,53,80.95238095238095,75.47169811320755,-5.480682839173397,19.04761904761905,24.52830188679245,5.480682839173397,11,26.190476190476193,70-90%
2752720,6250522009513108756,2024-09-12 12:58:34+00:00,9.12 update,2024-09-12 00:00:00+00:00,0.5406712962962963,<=30 days (including pre-launch),36,351,100.0,92.02279202279202,-7.977207977207982,0.0,7.977207977207982,7.977207977207982,315,875.0,>90%
2754370,1800991756479357,2025-06-03 17:03:58+00:00,Launch Day Hotfixes V2,2025-06-02 00:00:00+00:00,1.711087962962963,<=30 days (including pre-launch),22,55,68.18181818181817,74.54545454545455,6.363636363636374,31.818181818181827,25.454545454545453,-6.363636363636374,33,150.0,<70%
2757630,5749481331442071508,2024-03-29 22:51:52+00:00,03.30 - bug fix,2024-03-18 00:00:00+00:00,11.952685185185185,<=30 days (including pre-launch),23,75,69.56521739130434,82.66666666666667,13.101449275362327,30.434782608695656,17.33333333333333,-13.101449275362327,52,226.08695652173913,<70%
2758280,6069233198563553656,2024-02-15 01:54:45+00:00,1.0.2 Version Update,2024-02-07 00:00:00+00:00,8.0796875,<=30 days (including pre-launch),70,53,34.285714285714285,58.490566037735846,24.20485175202156,65.71428571428572,41.509433962264154,-24.20485175202157,-17,-24.285714285714285,<70%
2760790,1806698490809342,2025-08-04 11:29:13+00:00,🌱 First Patch: Freshly Picked Fixes & Tweaks!,2025-08-01 00:00:00+00:00,3.478622685185185,<=30 days (including pre-launch),212,190,76.88679245283019,74.21052631578947,-2.6762661370407272,23.113207547169807,25.789473684210535,2.6762661370407272,-22,-10.377358490566039,70-90%
2761610,5766372999943011134,2024-05-02 09:17:33+00:00,2024/05/02 update,2024-04-30 00:00:00+00:00,2.3871875,<=30 days (including pre-launch),23,79,91.30434782608695,81.0126582278481,-10.291689598238847,8.695652173913047,18.987341772151893,10.291689598238847,56,243.47826086956525,>90%
2769070,1797185861638351,2025-04-17 12:47:49+00:00,补丁0417-2,2025-04-16 00:00:00+00:00,1.5332060185185186,<=30 days (including pre-launch),21,183,90.47619047619048,67.75956284153006,-22.716627634660426,9.523809523809518,32.240437158469945,22.716627634660426,162,771.4285714285714,>90%
2770460,1789580505335868,2025-01-24 10:54:33+00:00,Version 0.1.1 Update,2025-01-23 00:00:00+00:00,1.454548611111111,<=30 days (including pre-launch),29,555,93.10344827586206,88.82882882882883,-4.274619447033231,6.896551724137936,11.171171171171167,4.274619447033231,526,1813.7931034482758,>90%
2770460,1811772772429747,2025-10-01 03:45:17+00:00,0.2.1修复补丁公告,2025-01-23 00:00:00+00:00,251.15644675925927,>180 days,29,66,68.96551724137932,77.27272727272727,8.30721003134795,31.034482758620683,22.727272727272734,-8.30721003134795,37,127.58620689655173,<70%
2776450,1787858252745976,2025-01-03 11:51:26+00:00,v0.6.1.0,2025-01-03 01:58:53+00:00,0.41149305555555554,<=30 days (including pre-launch),97,945,96.90721649484536,83.7037037037037,-13.203512791141662,3.0927835051546424,16.296296296296305,13.203512791141662,848,874.2268041237113,>90%
2776450,1794014851394581,2025-03-12 16:25:45+00:00,Version 0.8.7.0,2025-01-03 01:58:53+00:00,68.60199074074075,31-180 days,180,108,77.22222222222223,69.44444444444444,-7.777777777777786,22.77777777777777,30.555555555555557,7.777777777777786,-72,-40.0,70-90%
2776450,1805431065430672,2025-07-20 10:51:04+00:00,Bug fixes and optimizations,2025-01-03 01:58:53+00:00,198.36957175925926,>180 days,69,154,75.36231884057972,75.97402597402598,0.6117071334462594,24.637681159420282,24.025974025974023,-0.6117071334462594,85,123.18840579710144,70-90%
2782530,5728086065184626528,2024-02-23 07:03:59+00:00,v0.08 Update.,2024-02-12 00:00:00+00:00,11.29443287037037,<=30 days (including pre-launch),31,26,87.09677419354838,88.46153846153845,1.3647642679900684,12.903225806451616,11.538461538461547,-1.3647642679900684,-5,-16.129032258064516,70-90%
2782530,5963413728350599944,2024-08-05 19:00:22+00:00,v0.17 Update.,2024-02-12 00:00:00+00:00,175.7919212962963,31-180 days,28,44,75.0,88.63636363636364,13.63636363636364,25.0,11.36363636363636,-13.63636363636364,16,57.14285714285714,70-90%
2784470,1800357164449842,2025-05-23 19:53:28+00:00,"Patch #01: Hotfixes, Rebalancing, Quality of Life updates",2025-05-23 00:00:00+00:00,0.8287962962962963,<=30 days (including pre-launch),267,7169,96.25468164794007,93.13711814757986,-3.1175635003602196,3.7453183520599254,6.862881852420145,3.1175635003602196,6902,2585.0187265917602,>90%
2784470,1806698490714944,2025-08-01 12:58:13+00:00,"Patch #13: King of Nomads (New cards, perks, decrees, visuals & audio system)",2025-05-23 00:00:00+00:00,70.54042824074074,31-180 days,2360,1078,93.00847457627118,92.02226345083488,-0.9862111254362986,6.991525423728817,7.977736549165115,0.9862111254362986,-1282,-54.32203389830509,>90%
2784470,1813041031177612,2025-10-08 15:09:45+00:00,"Patch #15: King of Time (New cards, perks, decrees, and gamebreaking stuff)",2025-05-23 00:00:00+00:00,138.63177083333332,31-180 days,807,1346,92.3172242874845,88.8558692421991,-3.4613550452854014,7.682775712515493,11.144130757800895,3.4613550452854014,539,66.7905824039653,>90%
2784470,1823825466494791,2026-02-04 18:08:57+00:00,"Patch #21: The Endless Patch (new deck, performance, controller support)",2025-05-23 00:00:00+00:00,257.75621527777776,>180 days,586,489,88.90784982935153,88.5480572597137,-0.35979256963783257,11.092150170648466,11.451942740286299,0.35979256963783257,-97,-16.552901023890783,70-90%
2784470,1832065502813680,2026-05-08 00:05:42+00:00,"Patch #23: Balancing, Quest Difficulty, Preparations for Async Multiplayer!",2025-05-23 00:00:00+00:00,350.00395833333334,>180 days,451,794,87.8048780487805,86.90176322418137,-0.903114824599129,12.195121951219505,13.098236775818634,0.903114824599129,343,76.05321507760532,70-90%
2784470,1839676055883110,2026-07-29 17:03:11+00:00,Patch #29: The big deck rework!,2025-05-23 00:00:00+00:00,432.71054398148146,>180 days,412,381,89.07766990291263,88.18897637795276,-0.8886935249598764,10.922330097087368,11.811023622047244,0.8886935249598764,-31,-7.524271844660194,70-90%
2784620,6146943657174046080,2024-11-05 01:35:24+00:00,Update notes for patch 1.1.2,2024-10-24 00:00:00+00:00,12.06625,<=30 days (including pre-launch),74,61,98.64864864864865,98.36065573770492,-0.2879929109437285,1.3513513513513544,1.639344262295083,0.2879929109437285,-13,-17.56756756756757,>90%
2788310,6474562312183190384,2024-04-12 02:40:50+00:00,Ver 0.21 Small Update,2024-04-01 00:00:00+00:00,11.111689814814815,<=30 days (including pre-launch),92,144,89.13043478260869,91.66666666666666,2.536231884057969,10.869565217391312,8.333333333333343,-2.536231884057969,52,56.52173913043478,70-90%
2788310,5963413094350204420,2024-07-26 02:01:31+00:00,"Ver 1.0 ""Ancient Ruins"" Major Upate",2024-04-01 00:00:00+00:00,116.08438657407407,31-180 days,52,88,90.38461538461539,90.9090909090909,0.5244755244755197,9.615384615384613,9.090909090909093,-0.5244755244755197,36,69.23076923076923,>90%
2788310,1784506359168377,2024-12-03 07:34:56+00:00,Ver 2.0 Major Update,2024-04-01 00:00:00+00:00,246.31592592592594,>180 days,72,59,95.83333333333334,91.52542372881356,-4.307909604519779,4.166666666666657,8.474576271186436,4.307909604519779,-13,-18.055555555555554,>90%
2797650,1806064758709184,2025-07-27 14:50:22+00:00,1.0.2,2025-07-25 00:00:00+00:00,2.618310185185185,<=30 days (including pre-launch),20,56,95.0,94.64285714285714,-0.3571428571428612,5.0,5.357142857142861,0.3571428571428612,36,180.0,>90%
2800840,1799817379477118,2025-05-15 19:07:42+00:00,May 15th 2025 - Patch 1.00.1,2025-05-13 00:00:00+00:00,2.797013888888889,<=30 days (including pre-launch),58,101,93.10344827586206,88.11881188118812,-4.984636394673942,6.896551724137936,11.881188118811878,4.984636394673942,43,74.13793103448276,>90%
2803280,5746109972558736917,2024-06-09 06:11:37+00:00,Hotfix v0.6941,2024-06-07 14:55:44+00:00,1.6360300925925926,<=30 days (including pre-launch),72,111,68.05555555555556,83.78378378378379,15.728228228228232,31.944444444444443,16.21621621621621,-15.728228228228232,39,54.166666666666664,<70%
2803280,5963414363409451592,2024-08-13 18:09:12+00:00,V0.7 - Revamped Legendary Crafting System and New Legendary Gear,2024-06-07 14:55:44+00:00,67.13435185185185,31-180 days,27,21,81.48148148148148,95.23809523809523,13.756613756613746,18.51851851851852,4.761904761904773,-13.756613756613746,-6,-22.22222222222222,70-90%
2803280,1802261838713590,2025-06-11 12:27:36+00:00,Dragon is Dead v1.042 Update,2024-06-07 14:55:44+00:00,368.8971296296296,>180 days,156,116,75.64102564102564,67.24137931034483,-8.39964633068081,24.358974358974365,32.758620689655174,8.39964633068081,-40,-25.64102564102564,70-90%
2811200,5686430301732901937,2024-03-25 15:32:46+00:00,Patch Note: 03/25/2024 Sound and Languages,2024-03-22 00:00:00+00:00,3.6477546296296297,<=30 days (including pre-launch),26,38,96.15384615384616,92.10526315789474,-4.048582995951421,3.8461538461538396,7.89473684210526,4.048582995951421,12,46.15384615384615,>90%
2812610,1783238125300647,2024-11-17 05:47:08+00:00,11月17日 1.01版本更新,2024-11-14 00:00:00+00:00,3.241064814814815,<=30 days (including pre-launch),38,93,92.10526315789474,88.17204301075269,-3.933220147142052,7.89473684210526,11.827956989247312,3.933220147142052,55,144.73684210526315,>90%
2815610,6240387642450744141,2024-08-28 13:33:37+00:00,Update 1.020 is live!,2024-08-21 00:00:00+00:00,7.565011574074074,<=30 days (including pre-launch),30,21,63.33333333333333,52.38095238095239,-10.952380952380942,36.66666666666667,47.61904761904761,10.952380952380942,-9,-30.0,<70%
2816940,5768625435409235286,2024-05-13 06:53:23+00:00,Update #2 Bug Fix,2024-05-11 00:00:00+00:00,2.287071759259259,<=30 days (including pre-launch),57,72,84.21052631578947,91.66666666666666,7.456140350877192,15.789473684210535,8.333333333333343,-7.456140350877192,15,26.31578947368421,70-90%
2820820,1789580505345353,2025-01-24 17:09:35+00:00,Hotfix 0.1.0.7 - Patch Notes,2025-01-21 13:05:32+00:00,3.1694791666666666,<=30 days (including pre-launch),914,1711,86.43326039387308,81.35593220338984,-5.077328190483243,13.566739606126916,18.64406779661016,5.077328190483243,797,87.19912472647702,70-90%
2820820,1795917897322476,2025-04-03 11:00:16+00:00,Content Update 0.3 Drops Now - Rule the Waves with Njord & New Weapons!,2025-01-21 13:05:32+00:00,71.91300925925925,31-180 days,492,217,82.72357723577237,83.41013824884793,0.6865610130755613,17.276422764227632,16.58986175115207,-0.6865610130755613,-275,-55.894308943089435,70-90%
2820820,1801617199520167,2025-06-09 10:46:12+00:00,Hotfix 0.4.4 - Patch Notes,2025-01-21 13:05:32+00:00,138.90324074074073,31-180 days,426,232,81.45539906103286,78.01724137931035,-3.4381576817225152,18.544600938967136,21.98275862068965,3.4381576817225152,-194,-45.539906103286384,70-90%
2820820,1809869180006017,2025-09-03 16:46:08+00:00,JOTUNNSLAYER: HORDES OF HEL HITS 1.0!,2025-01-21 13:05:32+00:00,225.15319444444444,>180 days,141,1114,88.65248226950354,79.53321364452424,-9.119268624979298,11.347517730496463,20.46678635547576,9.119268624979298,973,690.0709219858155,70-90%
2820820,1815580768263821,2025-11-06 14:51:05+00:00,Update 1.0.5 - Patch Notes,2025-01-21 13:05:32+00:00,289.0732986111111,>180 days,252,428,87.3015873015873,95.32710280373831,8.02551550215101,12.698412698412696,4.672897196261687,-8.02551550215101,176,69.84126984126983,70-90%
2820820,1821288646578317,2026-01-08 10:09:43+00:00,Hotfix 1.1.2 - Patch Notes,2025-01-21 13:05:32+00:00,351.8779050925926,>180 days,333,177,78.67867867867868,84.18079096045197,5.502112281773293,21.32132132132132,15.819209039548028,-5.502112281773293,-156,-46.846846846846844,70-90%
2820820,1827626365753630,2026-03-19 14:32:51+00:00,Hotfix 1.1.4 - Patch Notes,2025-01-21 13:05:32+00:00,422.06063657407407,>180 days,128,191,80.46875,73.82198952879581,-6.646760471204189,19.53125,26.17801047120419,6.646760471204189,63,49.21875,70-90%
2824490,1805431065383578,2025-07-18 23:05:10+00:00,"Patch #01 - Early Fixes, Balance Tweaks, and Localization Pass",2025-07-17 00:00:00+00:00,1.9619212962962962,<=30 days (including pre-launch),244,1565,88.52459016393442,84.08945686900958,-4.435133294924839,11.47540983606558,15.910543130990419,4.435133294924839,1321,541.3934426229508,70-90%
2824490,1811772772445349,2025-10-01 15:01:10+00:00,"Patch #08 - New game difficulties, balance changes",2025-07-17 00:00:00+00:00,76.62581018518519,31-180 days,314,271,84.39490445859873,83.39483394833948,-1.000070510259249,15.605095541401269,16.605166051660518,1.000070510259249,-43,-13.694267515923567,70-90%
2824490,1821288646587535,2026-01-13 08:19:50+00:00,Bugfix - 0.8.59,2025-07-17 00:00:00+00:00,180.3471064814815,>180 days,178,133,80.89887640449437,78.94736842105263,-1.9515079834417435,19.101123595505626,21.05263157894737,1.9515079834417435,-45,-25.280898876404496,70-90%
2824490,1828441623110059,2026-03-30 15:13:04+00:00,"Patch #13 Mouse/Keyboard only controls, tome rework",2025-07-17 00:00:00+00:00,256.6340740740741,>180 days,141,95,85.1063829787234,81.05263157894737,-4.053751399776033,14.893617021276597,18.94736842105263,4.053751399776033,-46,-32.62411347517731,70-90%
2824490,1835236783560434,2026-06-11 13:48:50+00:00,"Patch #14 Cauldron item updates, balance changes",2025-07-17 00:00:00+00:00,329.5755787037037,>180 days,70,70,77.14285714285715,84.28571428571429,7.142857142857139,22.857142857142847,15.714285714285708,-7.142857142857139,0,0.0,70-90%
2824780,1811772772380920,2025-09-29 17:19:04+00:00,1.0.04 Patch Notes,2025-09-24 00:00:00+00:00,5.721574074074074,<=30 days (including pre-launch),27,26,100.0,100.0,0.0,0.0,0.0,0.0,-1,-3.7037037037037033,>90%
2827200,1814309641602470,2025-10-28 09:38:02+00:00,10/28 HOTFIX,2025-10-27 00:00:00+00:00,1.401412037037037,<=30 days (including pre-launch),191,3944,75.91623036649214,86.71399594320486,10.79776557671272,24.083769633507856,13.286004056795136,-10.79776557671272,3753,1964.9214659685863,70-90%
2827200,1824459501603631,2026-02-11 12:10:30+00:00,MIMESIS Update Notice (2/11),2025-10-27 00:00:00+00:00,107.50729166666666,31-180 days,595,503,79.32773109243698,84.89065606361828,5.562924971181303,20.672268907563023,15.10934393638172,-5.562924971181303,-92,-15.46218487394958,70-90%
2827200,1835236783569150,2026-06-15 06:03:19+00:00,MIMESIS Update Notice (6/15),2025-10-27 00:00:00+00:00,231.25230324074073,>180 days,225,523,84.0,81.26195028680688,-2.7380497131931207,16.0,18.73804971319312,2.7380497131931207,298,132.44444444444446,70-90%
2827200,1844115010493675,2026-09-18 02:32:01+00:00,MIMESIS New Mode Update Notice (9/18),2025-10-27 00:00:00+00:00,326.1055671296296,>180 days,210,118,80.0,79.66101694915254,-0.3389830508474603,20.0,20.33898305084746,0.3389830508474603,-92,-43.80952380952381,70-90%
2827780,5679673637652696258,2024-03-07 16:44:07+00:00,2024/03/07 Difficulty Revamp Patch,2024-02-29 00:00:00+00:00,7.697303240740741,<=30 days (including pre-launch),28,50,89.28571428571429,82.0,-7.285714285714292,10.714285714285708,18.0,7.285714285714292,22,78.57142857142857,70-90%
2835570,5756237364309359312,2024-04-04 21:19:18+00:00,Hot Fix 1,2024-04-04 00:00:00+00:00,0.8884027777777778,<=30 days (including pre-launch),827,15561,98.54897218863361,95.32163742690058,-3.227334761733033,1.4510278113663873,4.67836257309942,3.227334761733033,14734,1781.6203143893592,>90%
2835570,1785774543493003,2024-12-11 13:56:55+00:00,BUCKSHOT ROULETTE - Hotfix v2.2.0 patch notes,2024-04-04 00:00:00+00:00,251.58119212962964,>180 days,33640,5687,98.51367419738408,93.56426938631968,-4.949404811064397,1.486325802615923,6.43573061368032,4.949404811064397,-27953,-83.09453032104638,>90%
2842150,1806698490701684,2025-08-01 03:23:45+00:00,PAD Hotfix 1,2025-07-31 00:00:00+00:00,1.1414930555555556,<=30 days (including pre-launch),32,259,65.625,54.054054054054056,-11.570945945945944,34.375,45.945945945945944,11.570945945945944,227,709.375,<70%
2843640,1785774543690980,2024-12-17 16:19:23+00:00,1.0.01 Patch Note,2024-12-16 00:00:00+00:00,1.6801273148148148,<=30 days (including pre-launch),52,191,88.46153846153845,83.7696335078534,-4.691904953685054,11.538461538461547,16.2303664921466,4.691904953685054,139,267.30769230769226,70-90%
2850100,5963414363407176424,2024-08-13 03:10:46+00:00,Dungeon Exiles 1.0.2,2024-08-07 00:00:00+00:00,6.132476851851852,<=30 days (including pre-launch),21,37,95.23809523809523,62.16216216216216,-33.075933075933065,4.761904761904773,37.83783783783784,33.075933075933065,16,76.19047619047619,>90%
2853160,1795917897367883,2025-04-04 19:51:19+00:00,V1.0.4 Change log,2025-04-02 00:00:00+00:00,2.827303240740741,<=30 days (including pre-launch),107,234,85.04672897196261,80.34188034188034,-4.704848630082267,14.953271028037392,19.65811965811966,4.704848630082267,127,118.69158878504673,70-90%
2853160,1801617199352447,2025-06-04 08:18:51+00:00,V1.2.2 Change Log,2025-04-02 00:00:00+00:00,63.34642361111111,31-180 days,29,33,75.86206896551724,90.9090909090909,15.047021943573668,24.13793103448276,9.090909090909093,-15.047021943573668,4,13.793103448275861,70-90%
2856370,5759622039976272272,2024-06-20 13:43:33+00:00,Day One Balancing Patch!,2024-06-19 14:26:25+00:00,0.9702314814814815,<=30 days (including pre-launch),22,60,100.0,91.66666666666666,-8.333333333333343,0.0,8.333333333333343,8.333333333333343,38,172.72727272727272,>90%
2862890,1803527891782836,2025-07-04 22:57:05+00:00,Become the Moon Update 1.1.0,2025-06-19 00:00:00+00:00,15.95630787037037,<=30 days (including pre-launch),133,33,78.94736842105263,93.93939393939394,14.992025518341308,21.05263157894737,6.060606060606062,-14.992025518341308,-100,-75.18796992481202,70-90%
2868860,1792751526066067,2025-03-01 06:51:29+00:00,Patch Notes and Release Recap,2025-02-28 00:00:00+00:00,1.285752314814815,<=30 days (including pre-launch),196,612,63.26530612244898,79.24836601307189,15.983059890622904,36.73469387755102,20.751633986928113,-15.983059890622904,416,212.24489795918367,<70%
2868860,1799088287782787,2025-05-07 00:24:35+00:00,Main Branch Update and Q&A 1,2025-02-28 00:00:00+00:00,68.01707175925925,31-180 days,39,20,71.7948717948718,75.0,3.2051282051282044,28.205128205128204,25.0,-3.2051282051282044,-19,-48.717948717948715,70-90%
2868860,1818118366168997,2025-12-03 03:25:33+00:00,Animal Update and Patch Notes #50,2025-02-28 00:00:00+00:00,278.14274305555557,>180 days,33,21,84.84848484848484,71.42857142857143,-13.419913419913414,15.151515151515156,28.57142857142857,13.419913419913414,-12,-36.36363636363637,70-90%
2868860,1831432155566604,2026-04-30 01:02:38+00:00,Cooking Improvements Update and Patch Notes #58,2025-02-28 00:00:00+00:00,426.04349537037035,>180 days,25,23,72.0,73.91304347826086,1.9130434782608603,28.0,26.08695652173914,-1.9130434782608603,-2,-8.0,70-90%
2870150,1800991756472554,2025-06-03 12:23:13+00:00,Day1 First Update,2025-06-02 00:00:00+00:00,1.5161226851851852,<=30 days (including pre-launch),41,116,95.1219512195122,69.82758620689656,-25.294365012615643,4.878048780487802,30.172413793103445,25.294365012615643,75,182.9268292682927,>90%
2870340,1814309641587810,2025-10-28 01:46:24+00:00,Update to the XP System and Unlocks,2025-10-27 00:00:00+00:00,1.073888888888889,<=30 days (including pre-launch),96,1003,83.33333333333334,83.84845463609173,0.5151213027583879,16.666666666666657,16.15154536390827,-0.5151213027583879,907,944.7916666666666,70-90%
2870340,1819386365119649,2026-01-02 19:06:26+00:00,"Balance Changes, Brazilian Portuguese Localization & Bugfixes",2025-10-27 00:00:00+00:00,67.79613425925926,31-180 days,155,191,90.96774193548387,85.86387434554975,-5.103867589934126,9.032258064516128,14.136125654450254,5.103867589934126,36,23.225806451612904,>90%
2870340,1828894815565542,2026-04-06 15:59:16+00:00,Decktamer Update 1.5.1,2025-10-27 00:00:00+00:00,161.6661574074074,31-180 days,56,68,94.64285714285714,85.29411764705883,-9.348739495798313,5.357142857142861,14.705882352941174,9.348739495798313,12,21.428571428571427,>90%
2870340,1836506165558339,2026-06-28 15:03:48+00:00,Update Version 1.7.2,2025-10-27 00:00:00+00:00,244.6276388888889,>180 days,116,68,88.79310344827587,86.76470588235294,-2.02839756592293,11.206896551724128,13.235294117647058,2.02839756592293,-48,-41.37931034482759,70-90%
2870340,1842846814456297,2026-09-08 16:58:21+00:00,Decktamer Update 1.8.7,2025-10-27 00:00:00+00:00,316.7071875,>180 days,214,93,87.85046728971963,88.17204301075269,0.32157572103305654,12.149532710280369,11.827956989247312,-0.32157572103305654,-121,-56.54205607476636,70-90%
2870430,1802893906701179,2025-06-18 16:17:01+00:00,v0.6.2.4 - Spell Shop Changes,2025-06-16 00:00:00+00:00,2.6784837962962964,<=30 days (including pre-launch),45,107,77.77777777777779,82.2429906542056,4.465212876427813,22.222222222222214,17.7570093457944,-4.465212876427813,62,137.77777777777777,70-90%
2881660,1806698490844464,2025-08-05 13:04:50+00:00,"Major FPS Fixes, Early Access Banner, and the Weapon Apocalypse 🔥 (v0.0.107)",2025-07-30 00:00:00+00:00,6.5450231481481485,<=30 days (including pre-launch),74,46,87.83783783783784,91.30434782608695,3.466509988249115,12.162162162162161,8.695652173913047,-3.466509988249115,-28,-37.83783783783784,70-90%
2881660,1838407329266111,2026-07-20 17:08:27+00:00,Holy Shoot 1.0 is Out Now!,2025-07-30 00:00:00+00:00,355.7142013888889,>180 days,38,63,84.21052631578947,65.07936507936508,-19.13116123642439,15.789473684210535,34.920634920634924,19.13116123642439,25,65.78947368421053,70-90%
2881800,1790848102667416,2025-02-07 23:18:54+00:00,Patchnotes SuperTaxCity 1.1.0,2025-01-29 00:00:00+00:00,9.971458333333333,<=30 days (including pre-launch),73,37,95.8904109589041,86.48648648648648,-9.403924472417614,4.1095890410959015,13.513513513513516,9.403924472417614,-36,-49.31506849315068,>90%
2884590,5768625435399009499,2024-05-10 11:33:05+00:00,Patch Notes For May 10,2024-05-09 02:00:40+00:00,1.397511574074074,<=30 days (including pre-launch),26,32,84.61538461538461,90.625,6.009615384615387,15.384615384615387,9.375,-6.009615384615387,6,23.076923076923077,70-90%
2891120,6250522009519494344,2024-09-14 07:00:51+00:00,V0.85.2.1 Version Update Announcement,2024-09-12 00:00:00+00:00,2.2922569444444445,<=30 days (including pre-launch),70,151,74.28571428571429,71.52317880794702,-2.7625354777672726,25.714285714285708,28.47682119205298,2.7625354777672726,81,115.71428571428572,70-90%
2891120,1785774543550501,2024-12-13 07:29:47+00:00,V0.91.2 Update,2024-09-12 00:00:00+00:00,92.31234953703704,31-180 days,47,20,72.3404255319149,70.0,-2.340425531914903,27.659574468085097,30.0,2.340425531914903,-27,-57.446808510638306,70-90%
2900530,5762994032391962918,2024-04-18 20:26:21+00:00,Release Notes for 18/04/2024,2024-04-15 00:00:00+00:00,3.8516319444444442,<=30 days (including pre-launch),78,44,76.92307692307693,40.909090909090914,-36.01398601398602,23.076923076923066,59.090909090909086,36.01398601398602,-34,-43.58974358974359,70-90%
2909250,6890025005359863133,2024-06-16 13:16:59+00:00,"Update virtual hand and add ""grabable"" indicator light",2024-06-05 00:00:00+00:00,11.553460648148148,<=30 days (including pre-launch),21,37,85.71428571428571,86.48648648648648,0.772200772200776,14.285714285714292,13.513513513513516,-0.772200772200776,16,76.19047619047619,70-90%
2910990,1791580425958634,2025-02-13 09:33:09+00:00,[Volume Adjustment] Adjusted some attack volume,2025-02-07 00:00:00+00:00,6.398020833333334,<=30 days (including pre-launch),32,34,78.125,58.82352941176471,-19.30147058823529,21.875,41.17647058823529,19.30147058823529,2,6.25,70-90%
2917350,6360862737592514934,2024-10-09 15:40:46+00:00,Hotfixes 09/10/24,2024-10-08 00:00:00+00:00,1.6533101851851852,<=30 days (including pre-launch),65,316,87.6923076923077,79.74683544303798,-7.945472249269713,12.307692307692307,20.25316455696202,7.945472249269713,251,386.15384615384613,70-90%
2924580,1806698490685712,2025-07-31 15:44:15+00:00,📢 Early Access Hotfix 0.3.0 is live!,2025-07-28 00:00:00+00:00,3.6557291666666667,<=30 days (including pre-launch),34,26,85.29411764705883,80.76923076923077,-4.524886877828052,14.705882352941174,19.230769230769226,4.524886877828052,-8,-23.52941176470588,70-90%
2929730,6240387642452089621,2024-08-28 22:25:07+00:00,Linux build fix,2024-08-27 00:00:00+00:00,1.9341087962962964,<=30 days (including pre-launch),157,287,97.45222929936305,97.90940766550523,0.45717836614217333,2.5477707006369457,2.0905923344947723,-0.45717836614217333,130,82.80254777070064,>90%
2929730,1783238125339888,2024-11-18 11:30:39+00:00,Progress of the Major Update,2024-08-27 00:00:00+00:00,83.47961805555556,31-180 days,52,201,94.23076923076923,99.00497512437812,4.774205893608894,5.769230769230774,0.9950248756218798,-4.774205893608894,149,286.53846153846155,>90%
2934220,1816849002011991,2025-11-20 18:58:30+00:00,Known Issues List - 20/11/2025,2025-11-20 00:00:00+00:00,0.790625,<=30 days (including pre-launch),39,1580,94.87179487179486,77.9113924050633,-16.960402466731566,5.128205128205138,22.088607594936704,16.960402466731566,1541,3951.2820512820513,>90%
2934220,1824459501606732,2026-02-12 13:03:20+00:00,Patch 1.1.3.0,2025-11-20 00:00:00+00:00,84.54398148148148,31-180 days,171,164,83.62573099415205,81.09756097560977,-2.5281700185422835,16.37426900584795,18.902439024390233,2.5281700185422835,-7,-4.093567251461988,70-90%
2934220,1830163047255357,2026-04-15 16:01:35+00:00,Update reveal: The Road of Fortune,2025-11-20 00:00:00+00:00,146.6677662037037,31-180 days,140,149,86.42857142857143,83.22147651006712,-3.2070949185043105,13.57142857142857,16.77852348993288,3.2070949185043105,9,6.428571428571428,70-90%
2934220,1835871199315366,2026-06-23 12:07:07+00:00,Patch 1.4.17.0,2025-11-20 00:00:00+00:00,215.50494212962963,>180 days,134,107,79.1044776119403,81.30841121495327,2.2039336030129704,20.895522388059703,18.691588785046733,-2.2039336030129704,-27,-20.149253731343283,70-90%
2934220,1842846814453267,2026-09-07 14:36:45+00:00,Update Reveal: High Voltage,2025-11-20 00:00:00+00:00,291.6088541666667,>180 days,62,68,67.74193548387096,67.64705882352942,-0.09487666034154074,32.25806451612904,32.35294117647058,0.09487666034154074,6,9.67741935483871,<70%
2942700,6341720536505637682,2024-09-20 08:48:25+00:00,Seed of Heroes Game Update: 1.0.3,2024-09-17 00:00:00+00:00,3.3669560185185183,<=30 days (including pre-launch),24,101,79.16666666666666,79.20792079207921,0.041254125412550025,20.833333333333343,20.792079207920793,-0.041254125412550025,77,320.83333333333337,70-90%
2949320,1811772772230368,2025-09-25 03:05:59+00:00,Early Access v0.5.10 Hotfix Patch Notes,2025-09-18 00:00:00+00:00,7.129155092592592,<=30 days (including pre-launch),1500,648,88.0,79.01234567901234,-8.987654320987659,12.0,20.98765432098766,8.987654320987659,-852,-56.8,70-90%
2949320,1818752592122503,2025-12-11 03:19:31+00:00,Ratatan’s December Update: Descent of the Dark Ratatan,2025-09-18 00:00:00+00:00,84.13855324074073,31-180 days,390,159,94.87179487179486,83.64779874213836,-11.223996129656499,5.128205128205138,16.352201257861637,11.223996129656499,-231,-59.23076923076923,>90%
2951580,1799088287924715,2025-05-11 10:07:29+00:00,v1.0.5 Update,2025-05-08 00:00:00+00:00,3.4218634259259257,<=30 days (including pre-launch),128,291,98.4375,93.81443298969072,-4.623067010309285,1.5625,6.185567010309285,4.623067010309285,163,127.34375,>90%
2952070,1798454487652484,2025-05-03 00:33:39+00:00,Nanika Game Online Patch Notes Ver. 0.29,2025-04-29 00:00:00+00:00,4.023368055555555,<=30 days (including pre-launch),23,20,100.0,85.0,-15.0,0.0,15.0,15.0,-3,-13.043478260869565,>90%
2955220,6146943657173981210,2024-11-03 00:23:44+00:00,Update Notes,2024-11-01 00:00:00+00:00,2.0164814814814815,<=30 days (including pre-launch),24,62,83.33333333333334,80.64516129032258,-2.6881720430107663,16.666666666666657,19.354838709677423,2.6881720430107663,38,158.33333333333331,70-90%
2958790,1805431065409335,2025-07-19 18:32:44+00:00,Version 1.0.2,2025-01-17 22:21:45+00:00,182.84096064814815,>180 days,21,27,95.23809523809523,77.77777777777779,-17.46031746031744,4.761904761904773,22.222222222222214,17.46031746031744,6,28.57142857142857,>90%
2964410,5746109972550129127,2024-06-06 21:31:37+00:00,ACTUALIZACION 1.04,2024-06-05 00:00:00+00:00,1.8969560185185186,<=30 days (including pre-launch),46,191,95.65217391304348,90.0523560209424,-5.599817892101086,4.347826086956516,9.947643979057602,5.599817892101086,145,315.2173913043478,>90%
2974620,1798454487652483,2025-05-03 00:32:59+00:00,Achievement Issue Notice,2025-04-25 00:00:00+00:00,8.022905092592593,<=30 days (including pre-launch),40,26,90.0,100.0,10.0,10.0,0.0,-10.0,-14,-35.0,70-90%
2975180,1792751525999879,2025-02-27 07:33:05+00:00,Patch 0.7.5.0 - More meta progression + Controller support!,2024-09-06 16:54:59+00:00,173.60979166666667,31-180 days,21,24,80.95238095238095,95.83333333333334,14.880952380952394,19.04761904761905,4.166666666666657,-14.880952380952394,3,14.285714285714285,70-90%
2979650,5741605105625513254,2024-05-28 13:25:08+00:00,New Patch Available! Fixes & Improvements (v0.55.3),2024-05-24 00:00:00+00:00,4.55912037037037,<=30 days (including pre-launch),60,34,78.33333333333333,50.0,-28.33333333333333,21.66666666666667,50.0,28.33333333333333,-26,-43.333333333333336,70-90%
2981070,1816849002016441,2025-11-22 09:03:48+00:00,"Gameplay, Display & Balance Update",2025-11-12 00:00:00+00:00,10.377638888888889,<=30 days (including pre-launch),150,109,83.33333333333334,91.74311926605505,8.409785932721704,16.666666666666657,8.256880733944953,-8.409785932721704,-41,-27.333333333333332,70-90%
2996540,1814309641602935,2025-10-28 10:00:48+00:00,THE GOOD OLD DAYS Update Notice,2025-10-22 00:00:00+00:00,6.417222222222223,<=30 days (including pre-launch),23,36,86.95652173913044,97.22222222222221,10.265700483091777,13.043478260869563,2.7777777777777857,-10.265700483091777,13,56.52173913043478,70-90%
3005620,1807332909675738,2025-08-10 18:58:03+00:00,Drop Pockets 0.77.00,2025-08-08 00:00:00+00:00,2.7903125,<=30 days (including pre-launch),33,111,96.96969696969697,78.37837837837837,-18.591318591318597,3.030303030303031,21.621621621621628,18.591318591318597,78,236.36363636363637,>90%
3011360,1803527891761373,2025-07-04 07:35:38+00:00,Primordialis v0.0e,2025-07-02 00:00:00+00:00,2.316412037037037,<=30 days (including pre-launch),27,156,96.29629629629629,94.87179487179486,-1.424501424501429,3.7037037037037095,5.128205128205138,1.424501424501429,129,477.77777777777777,>90%
3011360,1819386365106544,2025-12-24 13:29:28+00:00,Primordialis v0.1,2025-07-02 00:00:00+00:00,175.56212962962962,31-180 days,110,112,94.54545454545455,94.64285714285714,0.09740259740259205,5.454545454545453,5.357142857142861,-0.09740259740259205,2,1.8181818181818181,>90%
3011360,1835236783570721,2026-06-15 15:14:23+00:00,Primordialis v0.2 beta update,2025-07-02 00:00:00+00:00,348.63498842592594,>180 days,42,78,90.47619047619048,88.46153846153845,-2.014652014652029,9.523809523809518,11.538461538461547,2.014652014652029,36,85.71428571428571,>90%
3021630,1799088287802920,2025-05-07 15:20:33+00:00,1.0.5 Patch Notes,2025-05-06 00:00:00+00:00,1.6392708333333332,<=30 days (including pre-launch),55,283,98.18181818181819,89.39929328621908,-8.78252489559911,1.818181818181813,10.600706713780923,8.78252489559911,228,414.54545454545456,>90%
3024640,6350729003499170516,2024-10-04 21:55:13+00:00,Patch,2024-09-27 00:00:00+00:00,7.913344907407407,<=30 days (including pre-launch),81,64,85.18518518518519,92.1875,7.0023148148148096,14.81481481481481,7.8125,-7.0023148148148096,-17,-20.98765432098765,70-90%
3025160,1818118366185037,2025-12-09 10:57:28+00:00,🛠️v0.7.1 Patch Note,2025-12-03 00:00:00+00:00,6.456574074074074,<=30 days (including pre-launch),59,33,79.66101694915254,66.66666666666666,-12.994350282485883,20.33898305084746,33.33333333333334,12.994350282485883,-26,-44.06779661016949,70-90%
3026450,1811772772207033,2025-09-24 10:17:41+00:00,Hotfix 0.14.8,2025-09-22 00:00:00+00:00,2.4289467592592593,<=30 days (including pre-launch),599,1165,91.31886477462437,86.43776824034335,-4.881096534281028,8.681135225375627,13.562231759656655,4.881096534281028,566,94.49081803005008,>90%
3026450,1818118366173891,2025-12-04 18:04:55+00:00,Update 0.18 - Get ready for the SNOWVERLOAD,2025-09-22 00:00:00+00:00,73.75341435185184,31-180 days,317,171,95.58359621451105,80.7017543859649,-14.881841828546143,4.416403785488953,19.298245614035096,14.881841828546143,-146,-46.05678233438486,>90%
3026450,1827626365755019,2026-03-19 17:58:44+00:00,Update 0.19 - BLOOM & BOOM!,2025-09-22 00:00:00+00:00,178.74912037037038,31-180 days,81,69,80.24691358024691,88.40579710144928,8.15888352120237,19.75308641975309,11.59420289855072,-8.15888352120237,-12,-14.814814814814813,70-90%
3026450,1834602721199661,2026-06-08 17:17:37+00:00,Update 0.21 - Sunscream,2025-09-22 00:00:00+00:00,259.7205671296296,>180 days,28,99,78.57142857142857,83.83838383838383,5.266955266955264,21.42857142857143,16.161616161616166,-5.266955266955264,71,253.57142857142856,70-90%
3026450,1842212951310480,2026-08-31 14:57:17+00:00,Update 0.22 - Bite & Bright,2025-09-22 00:00:00+00:00,343.6231134259259,>180 days,45,148,80.0,89.1891891891892,9.189189189189193,20.0,10.810810810810807,-9.189189189189193,103,228.88888888888889,70-90%
3028310,1795283637886236,2025-03-29 13:54:23+00:00,Patch 1.0.0.1,2025-03-25 00:00:00+00:00,4.57943287037037,<=30 days (including pre-launch),546,1174,91.39194139194139,90.28960817717207,-1.1023332147693168,8.608058608058613,9.71039182282793,1.1023332147693168,628,115.01831501831501,>90%
3028310,1805431065386225,2025-07-19 00:49:04+00:00,NEW Game Mode: Meta+ / Pathing Choices / Patch 1.0.692,2025-03-25 00:00:00+00:00,116.03407407407407,31-180 days,96,102,80.20833333333334,80.3921568627451,0.18382352941175384,19.791666666666657,19.607843137254903,-0.18382352941175384,6,6.25,70-90%
3028310,1817483467033145,2025-11-26 10:37:55+00:00,Version 1.1.1 is Live: Balancing Patch & QOL Update. Season 4 Start!,2025-03-25 00:00:00+00:00,246.4429976851852,>180 days,91,94,89.01098901098901,79.7872340425532,-9.223754968435813,10.989010989010993,20.212765957446805,9.223754968435813,3,3.296703296703297,70-90%
3028310,1832700592796129,2026-05-17 13:21:19+00:00,Patch 1.1.21 - Season 5 is Live!,2025-03-25 00:00:00+00:00,418.5564699074074,>180 days,84,102,71.42857142857143,76.47058823529412,5.042016806722685,28.57142857142857,23.529411764705884,-5.042016806722685,18,21.428571428571427,70-90%
3032830,1810503566465837,2025-09-13 00:22:49+00:00,Katanaut Patch 1.006,2025-09-10 00:00:00+00:00,3.0158449074074074,<=30 days (including pre-launch),70,90,97.14285714285714,88.88888888888889,-8.253968253968253,2.857142857142861,11.111111111111114,8.253968253968253,20,28.57142857142857,>90%
3032830,1816307528906065,2025-11-13 07:53:54+00:00,Katanaut Patch 1.023,2025-09-10 00:00:00+00:00,64.32909722222222,31-180 days,86,30,94.18604651162791,93.33333333333333,-0.8527131782945787,5.813953488372093,6.666666666666671,0.8527131782945787,-56,-65.11627906976744,>90%
3032830,1838407329261042,2026-07-18 01:09:46+00:00,Katanaut Patch 1.140,2025-09-10 00:00:00+00:00,311.0484490740741,>180 days,24,92,83.33333333333334,93.47826086956522,10.144927536231876,16.666666666666657,6.521739130434781,-10.144927536231876,68,283.33333333333337,70-90%
3040180,1811772772290516,2025-09-26 22:18:15+00:00,Day One - Hotfix,2025-09-26 00:00:00+00:00,0.9293402777777777,<=30 days (including pre-launch),21,33,100.0,87.87878787878788,-12.121212121212125,0.0,12.121212121212125,12.121212121212125,12,57.14285714285714,>90%
3040270,6146943657173949952,2024-11-02 00:44:36+00:00,First Day Launch Update,2024-10-31 00:00:00+00:00,2.030972222222222,<=30 days (including pre-launch),20,39,100.0,94.87179487179486,-5.128205128205138,0.0,5.128205128205138,5.128205128205138,19,95.0,>90%
3040560,1786573930904557,2024-12-28 09:12:27+00:00,Update v0.4.18,2024-12-25 00:00:00+00:00,3.3836458333333335,<=30 days (including pre-launch),20,28,95.0,92.85714285714286,-2.142857142857139,5.0,7.142857142857139,2.142857142857139,8,40.0,>90%
3045660,1816849002012879,2025-11-21 06:06:24+00:00,11月21日更新：修复完成成就无法正确解锁道具等问题,2025-11-19 00:00:00+00:00,2.2544444444444443,<=30 days (including pre-launch),24,91,100.0,89.01098901098901,-10.989010989010993,0.0,10.989010989010993,10.989010989010993,67,279.16666666666663,>90%
3046050,1786409468851753,2024-12-18 19:16:24+00:00,Small update,2024-12-10 00:00:00+00:00,8.803055555555556,<=30 days (including pre-launch),22,20,100.0,100.0,0.0,0.0,0.0,0.0,-2,-9.090909090909092,>90%
3048660,5969041959968682468,2024-07-19 14:49:53+00:00,2024年7月19日更新公告,2024-07-19 00:00:00+00:00,0.6179745370370371,<=30 days (including pre-launch),26,65,96.15384615384616,92.3076923076923,-3.846153846153854,3.8461538461538396,7.692307692307693,3.846153846153854,39,150.0,>90%
3052500,6146943657173866352,2024-10-30 12:41:15+00:00,Patch Note - v1.0.4,2024-10-28 00:00:00+00:00,2.5286458333333335,<=30 days (including pre-launch),21,50,90.47619047619048,76.0,-14.476190476190482,9.523809523809518,24.0,14.476190476190482,29,138.0952380952381,>90%
3054210,1817483467036645,2025-11-27 13:45:28+00:00,Update v0.1.1,2025-11-24 00:00:00+00:00,3.573240740740741,<=30 days (including pre-launch),46,67,93.47826086956522,95.52238805970148,2.0441271901362654,6.521739130434781,4.477611940298516,-2.0441271901362654,21,45.65217391304348,>90%
3054610,5963413094355525122,2024-07-27 13:03:15+00:00,V1.2.1 Regular Update,2024-07-26 00:00:00+00:00,1.5439236111111112,<=30 days (including pre-launch),44,267,90.9090909090909,83.14606741573034,-7.7630234933605635,9.090909090909093,16.853932584269657,7.7630234933605635,223,506.8181818181818,>90%
3054610,6339469370185059172,2024-09-27 09:20:34+00:00,V1.3.8 Regular Update,2024-07-26 00:00:00+00:00,63.38928240740741,31-180 days,70,34,80.0,70.58823529411765,-9.411764705882348,20.0,29.411764705882348,9.411764705882348,-36,-51.42857142857142,70-90%
3054610,1788311419132367,2025-01-13 04:36:09+00:00,V1.3.14 Regular Update,2024-07-26 00:00:00+00:00,171.19177083333332,31-180 days,23,26,82.6086956521739,65.38461538461539,-17.22408026755852,17.391304347826093,34.61538461538461,17.22408026755852,3,13.043478260869565,70-90%
3054610,1799817379595856,2025-05-19 12:27:56+00:00,V1.4.6 Regular Update,2024-07-26 00:00:00+00:00,297.5193981481481,>180 days,26,25,57.692307692307686,88.0,30.307692307692314,42.307692307692314,12.0,-30.307692307692314,-1,-3.8461538461538463,<70%
3057190,1801617199418688,2025-06-06 08:22:00+00:00,HUUGE UDPATE (v1.2),2025-04-22 01:35:12+00:00,45.2825,31-180 days,50,25,96.0,84.0,-12.0,4.0,16.0,12.0,-25,-50.0,>90%
3057760,1789039014339851,2025-01-16 16:48:52+00:00,Root Update,2024-07-17 00:00:00+00:00,183.70060185185184,>180 days,26,22,80.76923076923077,95.45454545454545,14.68531468531468,19.230769230769226,4.545454545454547,-14.68531468531468,-4,-15.384615384615385,70-90%
3059390,1795283637792605,2025-03-26 17:11:21+00:00,Hot Fix #4,2025-03-24 00:00:00+00:00,2.7162152777777777,<=30 days (including pre-launch),32,23,90.625,95.65217391304348,5.027173913043484,9.375,4.347826086956516,-5.027173913043484,-9,-28.125,>90%
3063750,1805431065364209,2025-07-18 09:14:22+00:00,Pixel Dungeon v2.30 Update is Live!,2025-05-27 00:00:00+00:00,52.38497685185185,31-180 days,63,32,84.12698412698413,93.75,9.623015873015873,15.873015873015873,6.25,-9.623015873015873,-31,-49.2063492063492,70-90%
3066570,1789580505300510,2025-01-23 09:29:46+00:00,Aotenjo 01- 23 Update Patch Note,2025-01-19 00:00:00+00:00,4.395671296296296,<=30 days (including pre-launch),223,446,94.17040358744396,83.40807174887892,-10.762331838565032,5.829596412556043,16.591928251121075,10.762331838565032,223,100.0,>90%
3066570,1799088287864898,2025-05-09 12:47:12+00:00,May 9 Update Announcement: Artifacts for Wooden Tiles & Auto Backup Save Feature,2025-01-19 00:00:00+00:00,110.53277777777778,31-180 days,48,26,85.41666666666666,84.61538461538461,-0.801282051282044,14.583333333333343,15.384615384615387,0.801282051282044,-22,-45.83333333333333,70-90%
3074110,1788311419027302,2025-01-09 21:37:07+00:00,Hotfix 1.0.5,2025-01-09 00:00:00+00:00,0.900775462962963,<=30 days (including pre-launch),27,513,81.48148148148148,86.74463937621833,5.26315789473685,18.51851851851852,13.25536062378167,-5.26315789473685,486,1800.0,70-90%
3074110,1794102528077735,2025-03-13 16:16:06+00:00,2.0.1,2025-01-09 00:00:00+00:00,63.67784722222222,31-180 days,47,37,80.85106382978722,70.27027027027027,-10.580793559516948,19.148936170212778,29.729729729729726,10.580793559516948,-10,-21.27659574468085,70-90%
3081280,1816849002010189,2025-11-20 10:26:10+00:00,Patch 1.0.1: Added a link to the WIKI and fixed some crash issues.,2025-11-19 00:00:00+00:00,1.434837962962963,<=30 days (including pre-launch),69,701,84.05797101449275,81.31241084165478,-2.745560172837969,15.94202898550725,18.68758915834522,2.745560172837969,632,915.9420289855072,70-90%
3081280,1824644522837765,2026-02-13 02:05:30+00:00,"[1.2.0 Update] The ""Reforged"" Version Has Arrived!",2025-11-19 00:00:00+00:00,86.08715277777777,31-180 days,35,90,60.0,57.77777777777777,-2.2222222222222285,40.0,42.22222222222223,2.2222222222222285,55,157.14285714285714,<70%
3081280,1830163047254938,2026-04-15 13:47:54+00:00,Test Branch Update #4,2025-11-19 00:00:00+00:00,147.57493055555557,31-180 days,26,52,50.0,78.84615384615384,28.84615384615384,50.0,21.15384615384616,-28.84615384615384,26,100.0,<70%
3081280,1835871199299904,2026-06-17 08:16:08+00:00,[1.5.0 Patch Update] Season Gameplay First Wave Numerical,2025-11-19 00:00:00+00:00,210.34453703703704,>180 days,35,21,80.0,42.857142857142854,-37.142857142857146,20.0,57.142857142857146,37.142857142857146,-14,-40.0,70-90%
3088410,6909171012610180663,2024-08-19 12:47:23+00:00,Update version 1.1.3,2024-08-16 00:00:00+00:00,3.5329050925925927,<=30 days (including pre-launch),127,62,77.95275590551181,83.87096774193549,5.91821183642368,22.047244094488192,16.129032258064512,-5.91821183642368,-65,-51.181102362204726,70-90%
3088410,1785774543645378,2024-12-16 07:06:15+00:00,7th Domain:Tree of Chaos Update version 1.2.0,2024-08-16 00:00:00+00:00,122.29600694444444,31-180 days,34,109,91.17647058823529,95.41284403669725,4.236373448461961,8.82352941176471,4.587155963302749,-4.236373448461961,75,220.58823529411765,>90%
3091390,5963413728331621761,2024-07-31 14:02:50+00:00,Second patch,2024-07-23 00:00:00+00:00,8.585300925925926,<=30 days (including pre-launch),29,37,82.75862068965517,78.37837837837837,-4.3802423112768025,17.241379310344826,21.621621621621628,4.3802423112768025,8,27.586206896551722,70-90%
3091390,6931694080295286868,2024-10-11 14:28:22+00:00,Hotfix for Patch #6,2024-07-23 00:00:00+00:00,80.60303240740741,31-180 days,45,63,86.66666666666667,84.12698412698413,-2.539682539682545,13.333333333333329,15.873015873015873,2.539682539682545,18,40.0,70-90%
3093400,1808601382481563,2025-08-22 15:25:54+00:00,"v1.0 patch notes, what’s next, and a thank you from the team",2025-08-21 00:00:00+00:00,1.642986111111111,<=30 days (including pre-launch),144,771,71.52777777777779,74.05966277561609,2.5318849978383042,28.472222222222214,25.94033722438391,-2.5318849978383042,627,435.4166666666667,70-90%
3093400,1814309641412967,2025-10-22 14:53:19+00:00,Knightica - v1.1.1a,2025-08-21 00:00:00+00:00,62.620358796296294,31-180 days,50,29,78.0,79.3103448275862,1.3103448275862064,22.0,20.689655172413794,-1.3103448275862064,-21,-42.0,70-90%
3095600,1785321795757412,2024-12-10 06:15:44+00:00,Small updates,2024-12-07 00:00:00+00:00,3.260925925925926,<=30 days (including pre-launch),24,48,100.0,97.91666666666666,-2.083333333333343,0.0,2.083333333333343,2.083333333333343,24,100.0,>90%
3096270,1783872412118682,2024-11-25 18:39:15+00:00,Actualizacion 1.10,2024-11-15 00:00:00+00:00,10.777256944444444,<=30 days (including pre-launch),124,127,86.29032258064517,92.91338582677166,6.623063246126492,13.709677419354833,7.086614173228341,-6.623063246126492,3,2.4193548387096775,70-90%
3096620,6350729003505662691,2024-10-06 16:40:22+00:00,Update #02,2024-08-04 00:00:00+00:00,63.69469907407407,31-180 days,59,42,91.52542372881356,90.47619047619048,-1.0492332526230825,8.474576271186436,9.523809523809518,1.0492332526230825,-17,-28.8135593220339,>90%
3101770,6240387642459616640,2024-08-30 23:58:02+00:00,Minor update patches,2024-08-23 00:00:00+00:00,7.998634259259259,<=30 days (including pre-launch),44,24,84.0909090909091,83.33333333333334,-0.7575757575757507,15.909090909090907,16.666666666666657,0.7575757575757507,-20,-45.45454545454545,70-90%
3107590,1807332909641262,2025-08-09 16:38:12+00:00,1.9.1アップデート,2024-09-13 00:00:00+00:00,330.69319444444443,>180 days,30,25,96.66666666666667,100.0,3.3333333333333286,3.3333333333333286,0.0,-3.3333333333333286,-5,-16.666666666666664,>90%
3107590,1821922921811858,2026-01-15 02:46:44+00:00,1.11.0 アップデート🎉,2024-09-13 00:00:00+00:00,489.115787037037,>180 days,30,22,93.33333333333333,90.9090909090909,-2.424242424242422,6.666666666666671,9.090909090909093,2.424242424242422,-8,-26.666666666666668,>90%
3109580,1793384379430083,2025-03-08 06:59:57+00:00,Ver1.0.1a is out!,2025-03-06 00:00:00+00:00,2.2916319444444446,<=30 days (including pre-launch),155,1151,80.64516129032258,85.05647263249348,4.4113113421709045,19.354838709677423,14.943527367506519,-4.4113113421709045,996,642.5806451612904,70-90%
3109580,1816849002007551,2025-11-19 12:37:29+00:00,Version 2.0 | Dec 4 Update! First Look at the New Artifact System!,2025-03-06 00:00:00+00:00,258.5260300925926,>180 days,48,263,68.75,79.46768060836501,10.717680608365015,31.25,20.532319391634985,-10.717680608365015,215,447.9166666666667,<70%
3112170,1813041031281400,2025-10-11 19:00:43+00:00,Patch 1.0.1,2025-10-10 00:00:00+00:00,1.7921643518518517,<=30 days (including pre-launch),67,112,82.08955223880598,80.35714285714286,-1.7324093816631176,17.91044776119402,19.64285714285714,1.7324093816631176,45,67.16417910447761,70-90%
3123120,1808601382507718,2025-08-23 10:36:54+00:00,Kill the Brickman patch 0.9.880 now live,2025-08-21 00:00:00+00:00,2.4422916666666667,<=30 days (including pre-launch),56,92,78.57142857142857,79.34782608695652,0.7763975155279468,21.42857142857143,20.652173913043484,-0.7763975155279468,36,64.28571428571429,70-90%
3128280,1799722702497939,2025-05-14 16:00:37+00:00,Patch v0.0.4,2025-05-12 00:00:00+00:00,2.6670949074074075,<=30 days (including pre-launch),20,29,90.0,72.41379310344827,-17.58620689655173,10.0,27.58620689655173,17.58620689655173,9,45.0,70-90%
3141720,1799817379531279,2025-05-17 11:26:04+00:00,Update Notes 0.0.1.4,2025-05-15 00:00:00+00:00,2.4764351851851854,<=30 days (including pre-launch),44,177,81.81818181818183,75.70621468926554,-6.111967128916291,18.181818181818173,24.293785310734464,6.111967128916291,133,302.2727272727273,70-90%
3141720,1805431065356718,2025-07-18 03:50:45+00:00,"Monster Battles launching Version 0.1.0 — the ""Mechanical Revolution“ is here",2025-05-15 00:00:00+00:00,64.16024305555555,31-180 days,48,30,83.33333333333334,76.66666666666667,-6.666666666666671,16.666666666666657,23.33333333333333,6.666666666666671,-18,-37.5,70-90%
3141720,1822556746158684,2026-01-22 11:37:10+00:00,0.3.1.3 Update,2025-05-15 00:00:00+00:00,252.48414351851852,>180 days,21,56,80.95238095238095,71.42857142857143,-9.523809523809518,19.04761904761905,28.57142857142857,9.523809523809518,35,166.66666666666669,70-90%
3145320,6148070194801758327,2024-11-12 14:14:28+00:00,V1.0004 Updates logs,2024-11-11 00:00:00+00:00,1.5933796296296296,<=30 days (including pre-launch),20,137,80.0,81.02189781021897,1.0218978102189737,20.0,18.978102189781026,-1.0218978102189737,117,585.0,70-90%
3151420,1806064758671914,2025-07-26 10:42:08+00:00,2025/07/26 Update,2025-07-23 00:00:00+00:00,3.445925925925926,<=30 days (including pre-launch),23,27,100.0,92.5925925925926,-7.407407407407405,0.0,7.407407407407405,7.407407407407405,4,17.391304347826086,>90%
3151760,1817483467033888,2025-11-26 15:37:40+00:00,"Patch 1 - Interactions system, black screen on launch, cinematics, + more",2025-11-20 00:00:00+00:00,6.651157407407408,<=30 days (including pre-launch),222,101,94.5945945945946,88.11881188118812,-6.475782713406474,5.4054054054054035,11.881188118811878,6.475782713406474,-121,-54.5045045045045,>90%
3151760,1839676055883595,2026-07-29 21:30:54+00:00,Stability & Bug Fix Update,2025-11-20 00:00:00+00:00,251.89645833333333,>180 days,30,21,90.0,90.47619047619048,0.4761904761904816,10.0,9.523809523809518,-0.4761904761904816,-9,-30.0,70-90%
3160160,1795283637889441,2025-03-29 16:15:08+00:00,Version 1.1 Update Log,2025-03-24 00:00:00+00:00,5.677175925925926,<=30 days (including pre-launch),53,30,100.0,100.0,0.0,0.0,0.0,0.0,-23,-43.39622641509434,>90%
3161850,6240387642456889708,2024-08-30 06:01:14+00:00,Bug fix,2024-08-29 00:00:00+00:00,1.2508564814814815,<=30 days (including pre-launch),24,117,95.83333333333334,98.29059829059828,2.4572649572649397,4.166666666666657,1.7094017094017175,-2.4572649572649397,93,387.5,>90%
3162110,6146943657173871499,2024-10-30 16:20:42+00:00,Bug fixes and adjustments.,2024-10-29 00:00:00+00:00,1.6810416666666668,<=30 days (including pre-launch),54,126,92.5925925925926,96.82539682539682,4.232804232804227,7.407407407407405,3.1746031746031775,-4.232804232804227,72,133.33333333333331,>90%
3167020,1813674388933982,2025-10-16 10:06:21+00:00,Update Log 1.0.17,2025-10-16 00:00:00+00:00,0.4210763888888889,<=30 days (including pre-launch),139,50955,88.48920863309353,94.30085369443627,5.811645061342745,11.510791366906474,5.69914630556373,-5.811645061342745,50816,36558.27338129497,70-90%
3167020,1819386365088887,2025-12-18 08:01:19+00:00,Patch Notes: Update 1.3.10,2025-10-16 00:00:00+00:00,63.33424768518518,31-180 days,36280,7552,80.47684674751929,38.74470338983051,-41.73214335768878,19.52315325248071,61.25529661016949,41.73214335768878,-28728,-79.18412348401324,70-90%
3167020,1836506165547679,2026-06-25 03:01:34+00:00,"Summer Island Challenge Update is out now! New map, new gameplay, new items!",2025-10-16 00:00:00+00:00,252.12608796296297,>180 days,478,1016,83.47280334728033,83.36614173228347,-0.10666161499686666,16.527196652719667,16.633858267716533,0.10666161499686666,538,112.55230125523012,70-90%
3167970,1797820624521746,2025-04-26 10:13:10+00:00,Update 26 April,2025-04-25 00:00:00+00:00,1.4258101851851852,<=30 days (including pre-launch),30,196,100.0,85.71428571428571,-14.285714285714292,0.0,14.285714285714292,14.285714285714292,166,553.3333333333334,>90%
3176850,1818752592122853,2025-12-11 08:00:10+00:00,Second Stellar v0.1.0.1,2025-12-10 00:00:00+00:00,1.333449074074074,<=30 days (including pre-launch),45,186,100.0,100.0,0.0,0.0,0.0,0.0,141,313.3333333333333,>90%
3177890,1810503566580527,2025-09-16 13:32:08+00:00,V1.0.5 补丁,2025-09-15 00:00:00+00:00,1.5639814814814814,<=30 days (including pre-launch),31,856,100.0,90.88785046728972,-9.112149532710276,0.0,9.112149532710276,9.112149532710276,825,2661.2903225806454,>90%
3177890,1829528821306237,2026-04-09 10:32:57+00:00,V1.4.9 & EditorV1.0.3,2025-09-15 00:00:00+00:00,206.43954861111112,>180 days,21,21,71.42857142857143,85.71428571428571,14.285714285714278,28.57142857142857,14.285714285714292,-14.285714285714278,0,0.0,70-90%
3177920,6148070194801639688,2024-11-08 20:37:16+00:00,🎃 NEW UPDATE 1.2 🎃,2024-10-30 00:00:00+00:00,9.859212962962962,<=30 days (including pre-launch),103,486,96.11650485436894,96.70781893004116,0.5913140756722157,3.883495145631059,3.2921810699588434,-0.5913140756722157,383,371.84466019417476,>90%
3177920,1791580426067764,2025-02-16 18:17:41+00:00,1.2.1 New languages added,2024-10-30 00:00:00+00:00,109.76228009259259,31-180 days,164,265,96.34146341463415,96.60377358490567,0.2623101702715189,3.6585365853658516,3.3962264150943327,-0.2623101702715189,101,61.58536585365854,>90%
3177970,1783238125296788,2024-11-17 02:45:24+00:00,Patch Note V1.04,2024-11-15 00:00:00+00:00,2.1148611111111113,<=30 days (including pre-launch),90,377,85.55555555555556,83.0238726790451,-2.531682876510459,14.444444444444443,16.9761273209549,2.531682876510459,287,318.8888888888889,70-90%
3177970,1795917897440132,2025-04-07 03:37:05+00:00,Patch Note V2.0.6a,2024-11-15 00:00:00+00:00,143.1507523148148,31-180 days,30,20,83.33333333333334,70.0,-13.333333333333343,16.666666666666657,30.0,13.333333333333343,-10,-33.33333333333333,70-90%
3180680,1818752592130067,2025-12-13 17:40:35+00:00,Content Update v1.0.3,2025-12-11 00:00:00+00:00,2.7365162037037036,<=30 days (including pre-launch),20,28,100.0,100.0,0.0,0.0,0.0,0.0,8,40.0,>90%
3183360,1785774543586499,2024-12-14 10:07:06+00:00,NABI’s First Update is Here!,2024-12-10 00:00:00+00:00,4.421597222222222,<=30 days (including pre-launch),25,29,60.0,65.51724137931035,5.517241379310349,40.0,34.48275862068965,-5.517241379310349,4,16.0,<70%
3187880,1815580768248149,2025-11-06 03:37:30+00:00,Update ver.1.0.5,2025-11-05 00:00:00+00:00,1.1510416666666667,<=30 days (including pre-launch),23,151,91.30434782608695,94.03973509933775,2.735387273250794,8.695652173913047,5.960264900662253,-2.735387273250794,128,556.5217391304348,>90%
3191030,1793384379534399,2025-03-11 13:10:50+00:00,Update V1.2 - Mostly initial bug fixes,2025-03-07 00:00:00+00:00,4.549189814814815,<=30 days (including pre-launch),132,4484,100.0,97.63603925066904,-2.363960749330957,0.0,2.363960749330957,2.363960749330957,4352,3296.969696969697,>90%
3191030,1799817379514724,2025-05-16 22:44:25+00:00,Nubby's Number Factory V1.3.1 (large patch),2025-03-07 00:00:00+00:00,70.94751157407407,31-180 days,2942,1399,97.75662814411965,96.06862044317369,-1.6880077009459598,2.243371855880355,3.9313795568263146,1.6880077009459598,-1543,-52.44731475186948,>90%
3191030,1816307528969451,2025-11-17 03:06:38+00:00,Update V1.4 - The Big One,2025-03-07 00:00:00+00:00,255.1296064814815,>180 days,383,2979,97.12793733681463,98.95938234306814,1.8314450062535172,2.8720626631853747,1.0406176569318575,-1.8314450062535172,2596,677.8067885117493,>90%
3191030,1825093633186808,2026-02-20 02:54:41+00:00,NNF v1.4.3 Patch Notes (2/19/2026),2025-03-07 00:00:00+00:00,350.12130787037034,>180 days,430,623,95.81395348837209,96.30818619582665,0.4942327074545574,4.186046511627907,3.69181380417335,-0.4942327074545574,193,44.883720930232556,>90%
3191030,1830797770243361,2026-04-27 18:21:38+00:00,NNF V1.4.7 Patch Notes (4/27/2026),2025-03-07 00:00:00+00:00,416.76502314814815,>180 days,370,341,93.78378378378378,96.48093841642229,2.697154632638515,6.216216216216225,3.5190615835777095,-2.697154632638515,-29,-7.837837837837839,>90%
3191030,1836506165566193,2026-07-01 18:50:34+00:00,NNF V1.4.7.3 Patch Notes | Added European Spanish localization! (7/1/2026),2025-03-07 00:00:00+00:00,481.78511574074076,>180 days,321,366,96.57320872274143,95.08196721311475,-1.4912415096266756,3.426791277258573,4.918032786885249,1.4912415096266756,45,14.018691588785046,>90%
3191030,1842846814444586,2026-09-03 20:46:02+00:00,NNF V1.4.7.5 Patch Notes | Galician Localization Spontaneously Added!,2025-03-07 00:00:00+00:00,545.8653009259259,>180 days,347,199,93.94812680115274,94.9748743718593,1.0267475707065614,6.051873198847261,5.0251256281406995,-1.0267475707065614,-148,-42.65129682997118,>90%
3201010,1809235871760615,2025-09-02 21:29:27+00:00,"EA Minor Update #01, 9/2/25",2025-08-27 00:00:00+00:00,6.895451388888889,<=30 days (including pre-launch),160,134,66.25,63.43283582089553,-2.8171641791044735,33.75,36.56716417910447,2.8171641791044735,-26,-16.25,<70%
3201010,1819386365102438,2025-12-22 16:57:22+00:00,Starlight Re:Volver is Now Offline + 12/22/25 Update Patch Notes,2025-08-27 00:00:00+00:00,117.70650462962963,31-180 days,37,32,32.432432432432435,34.375,1.9425675675675649,67.56756756756756,65.625,-1.9425675675675649,-5,-13.513513513513514,<70%
3201070,1827626365764907,2026-03-24 04:05:05+00:00,Patch Notes,2025-08-05 00:00:00+00:00,231.17019675925926,>180 days,32,33,87.5,69.6969696969697,-17.803030303030297,12.5,30.303030303030297,17.803030303030297,1,3.125,70-90%
3202950,1809869180002074,2025-09-03 14:04:45+00:00,Update Notes for September 3rd 2025,2025-08-26 00:00:00+00:00,8.586631944444445,<=30 days (including pre-launch),33,20,100.0,90.0,-10.0,0.0,10.0,10.0,-13,-39.39393939393939,>90%
3206200,1797820624553196,2025-04-27 09:55:05+00:00,Update 0.9.20-BUG Fix,2025-04-25 00:00:00+00:00,2.4132523148148146,<=30 days (including pre-launch),92,226,83.69565217391305,76.99115044247787,-6.7045017314351725,16.304347826086953,23.008849557522126,6.7045017314351725,134,145.65217391304347,70-90%
3232040,1797185861769897,2025-04-21 15:45:54+00:00,Hotfix 0.1.1.8 - Stability & Improvements Update,2025-04-17 00:00:00+00:00,4.656875,<=30 days (including pre-launch),102,186,41.17647058823529,67.74193548387096,26.56546489563567,58.82352941176471,32.25806451612904,-26.56546489563567,84,82.35294117647058,<70%
3232040,1819386365109625,2025-12-26 19:31:51+00:00,We`re finally back with Update 0.2.0!,2025-04-17 00:00:00+00:00,253.8137847222222,>180 days,30,39,86.66666666666667,61.53846153846154,-25.12820512820513,13.333333333333329,38.46153846153846,25.12820512820513,9,30.0,70-90%
3234700,1799088287900279,2025-05-10 15:16:29+00:00,Patch Notes Ver.18413619,2025-05-07 00:00:00+00:00,3.6364467592592593,<=30 days (including pre-launch),31,34,87.09677419354838,97.05882352941177,9.962049335863384,12.903225806451616,2.941176470588232,-9.962049335863384,3,9.67741935483871,70-90%
3238670,1798454487610680,2025-05-01 17:41:24+00:00,0.16.1 - Early Access Hotfix 1,2025-04-30 00:00:00+00:00,1.7370833333333333,<=30 days (including pre-launch),198,1291,89.39393939393939,93.64833462432223,4.2543952303828405,10.606060606060609,6.351665375677769,-4.2543952303828405,1093,552.020202020202,70-90%
3238670,1808061939473550,2025-08-18 16:12:54+00:00,0.18.0 - Early Access Update 2,2025-04-30 00:00:00+00:00,110.675625,31-180 days,86,87,74.4186046511628,78.16091954022988,3.7423148890670888,25.581395348837205,21.839080459770116,-3.7423148890670888,1,1.1627906976744187,70-90%
3238670,1816849002017424,2025-11-22 19:53:09+00:00,Conquest Dark - 0.19.0 - Early Access Update 3,2025-04-30 00:00:00+00:00,206.82857638888888,>180 days,33,167,84.84848484848484,92.81437125748504,7.965886409000191,15.151515151515156,7.1856287425149645,-7.965886409000191,134,406.06060606060606,70-90%
3238670,1823191198616884,2026-02-03 14:43:23+00:00,0.19.7 - Early Access Minor Update,2025-04-30 00:00:00+00:00,279.61346064814813,>180 days,33,47,90.9090909090909,89.36170212765957,-1.5473887814313372,9.090909090909093,10.63829787234043,1.5473887814313372,14,42.42424242424242,>90%
3238670,1828894815565752,2026-04-06 17:45:43+00:00,0.20.4 & 0.20.5 - Early Access Hotfixes,2025-04-30 00:00:00+00:00,341.74008101851854,>180 days,27,40,62.96296296296296,82.5,19.537037037037038,37.03703703703704,17.5,-19.537037037037038,13,48.148148148148145,<70%
3238670,1836506165546051,2026-06-24 13:59:44+00:00,0.20.12 - Early Access Minor Update,2025-04-30 00:00:00+00:00,420.58314814814815,>180 days,25,31,80.0,83.87096774193549,3.8709677419354875,20.0,16.129032258064512,-3.8709677419354875,6,24.0,70-90%
3238670,1844115010492113,2026-09-17 14:00:46+00:00,0.21.0 Early Access - Major Update,2025-04-30 00:00:00+00:00,505.58386574074075,>180 days,93,39,79.56989247311827,92.3076923076923,12.737799834574034,20.430107526881727,7.692307692307693,-12.737799834574034,-54,-58.06451612903226,70-90%
3241540,1808601382580485,2025-08-25 16:21:30+00:00,xd1 Patch v.22.2.0.22,2025-08-20 00:00:00+00:00,5.681597222222222,<=30 days (including pre-launch),31,32,96.7741935483871,93.75,-3.024193548387103,3.225806451612897,6.25,3.024193548387103,1,3.225806451612903,>90%
3247500,1795283637886693,2025-03-29 14:19:53+00:00,アップデート1.0.1,2025-03-27 00:00:00+00:00,2.597141203703704,<=30 days (including pre-launch),28,104,100.0,100.0,0.0,0.0,0.0,0.0,76,271.42857142857144,>90%
3247500,1811772772530004,2025-10-04 04:06:45+00:00,アップデート1.0.2,2025-03-27 00:00:00+00:00,191.17135416666667,>180 days,21,44,100.0,100.0,0.0,0.0,0.0,0.0,23,109.52380952380953,>90%
3247750,1804977324459647,2025-07-11 21:17:52+00:00,Update 1.0.2,2025-07-10 00:00:00+00:00,1.8874074074074074,<=30 days (including pre-launch),298,1735,95.30201342281879,88.58789625360231,-6.714117169216479,4.6979865771812115,11.41210374639769,6.714117169216479,1437,482.2147651006712,>90%
3247750,1810503566552333,2025-09-15 17:11:24+00:00,Mycopunk Update 1.4,2025-07-10 00:00:00+00:00,67.71625,31-180 days,323,436,84.82972136222911,89.22018348623854,4.3904621240094315,15.170278637770892,10.77981651376146,-4.3904621240094315,113,34.984520123839005,70-90%
3247750,1816307528967620,2025-11-15 23:21:53+00:00,Patch 1.5.5,2025-07-10 00:00:00+00:00,128.9735300925926,31-180 days,237,347,89.45147679324894,92.21902017291066,2.767543379661717,10.548523206751057,7.7809798270893396,-2.767543379661717,110,46.41350210970464,70-90%
3247750,1821922921814366,2026-01-15 21:21:58+00:00,BETA Update 1.6.6,2025-07-10 00:00:00+00:00,189.89025462962962,>180 days,281,125,85.40925266903915,85.6,0.19074733096084628,14.590747330960852,14.400000000000006,-0.19074733096084628,-156,-55.51601423487544,70-90%
3247750,1828894815565862,2026-04-06 19:12:59+00:00,Procedural Levels Beta 2,2025-07-10 00:00:00+00:00,270.8006828703704,>180 days,88,183,87.5,88.52459016393442,1.0245901639344197,12.5,11.47540983606558,-1.0245901639344197,95,107.95454545454545,70-90%
3247750,1836506165550146,2026-06-25 16:42:26+00:00,1.9 - THE ENEMY UPDATE,2025-07-10 00:00:00+00:00,350.6961342592593,>180 days,103,117,84.46601941747572,85.47008547008546,1.004066052609744,15.53398058252428,14.529914529914535,-1.004066052609744,14,13.592233009708737,70-90%
3247750,1841579228678901,2026-08-25 16:59:37+00:00,MAJOR UPDATE - FREEZE & FESTER,2025-07-10 00:00:00+00:00,411.7080671296296,>180 days,69,68,86.95652173913044,85.29411764705883,-1.6624040920716112,13.043478260869563,14.705882352941174,1.6624040920716112,-1,-1.4492753623188406,70-90%
3265060,1813674389034685,2025-10-19 12:31:57+00:00,Version 1.0.1 Update Notice,2025-10-17 00:00:00+00:00,2.5221875,<=30 days (including pre-launch),330,988,98.7878787878788,97.67206477732793,-1.1158140105508636,1.212121212121204,2.3279352226720675,1.1158140105508636,658,199.39393939393938,>90%
3265060,1822556746158500,2026-01-22 09:56:08+00:00,Version 1.1.2 Update Notice - Script-based Mods (DLL) are now supported,2025-10-17 00:00:00+00:00,97.41398148148149,31-180 days,171,73,97.6608187134503,100.0,2.339181286549703,2.339181286549703,0.0,-2.339181286549703,-98,-57.30994152046783,>90%
3265060,1828441623104212,2026-03-27 11:24:28+00:00,Version 1.1.3 Update Notice - Custom Mode & Performance Optimizations,2025-10-17 00:00:00+00:00,161.47532407407408,31-180 days,49,70,97.95918367346938,94.28571428571428,-3.6734693877551052,2.040816326530617,5.714285714285722,3.6734693877551052,21,42.857142857142854,>90%
3265060,1834602721200956,2026-06-09 06:59:53+00:00,Version 1.2.0 Beta is Now Live on the Public Beta Branch!,2025-10-17 00:00:00+00:00,235.29158564814816,>180 days,35,86,97.14285714285714,94.18604651162791,-2.9568106312292315,2.857142857142861,5.813953488372093,2.9568106312292315,51,145.7142857142857,>90%
3288300,1802893906861397,2025-06-23 15:13:53+00:00,Patch Notes – V1.0.4.955,2025-06-19 00:00:00+00:00,4.634641203703704,<=30 days (including pre-launch),114,126,90.35087719298247,86.5079365079365,-3.84294068504596,9.649122807017534,13.492063492063494,3.84294068504596,12,10.526315789473683,>90%
3288300,1810503566550810,2025-09-15 16:20:33+00:00,DarkFairyTale Version 1.2 – The Whisperer is Now Live!,2025-06-19 00:00:00+00:00,88.6809375,31-180 days,58,76,96.55172413793103,88.1578947368421,-8.393829401088936,3.448275862068968,11.842105263157904,8.393829401088936,18,31.03448275862069,>90%
3292980,6148070194801581284,2024-11-07 02:51:32+00:00,Typing with pleasure update,2024-11-01 00:00:00+00:00,6.1191203703703705,<=30 days (including pre-launch),22,27,95.45454545454545,88.88888888888889,-6.5656565656565675,4.545454545454547,11.111111111111114,6.5656565656565675,5,22.727272727272727,>90%
3297050,1796631172330773,2025-04-13 04:27:57+00:00,"Hotfix - April 13th, 2024",2024-11-20 09:02:53+00:00,143.80907407407406,31-180 days,21,26,90.47619047619048,88.46153846153845,-2.014652014652029,9.523809523809518,11.538461538461547,2.014652014652029,5,23.809523809523807,>90%
3314790,1811772772415679,2025-09-30 17:30:03+00:00,"300,000 copies sold in 4 days !!!! And first patch available 👀",2025-09-26 00:00:00+00:00,4.729201388888889,<=30 days (including pre-launch),3962,8256,91.54467440686523,88.21463178294574,-3.330042623919482,8.455325593134773,11.785368217054256,3.330042623919482,4294,108.37960625946492,>90%
3314790,1819386365089670,2025-12-18 12:57:58+00:00,1.3 - Hard Mode Hotfix,2025-09-26 00:00:00+00:00,83.54025462962963,31-180 days,4209,1747,94.89189831313851,89.35317687464224,-5.5387214384962675,5.108101686861488,10.646823125357756,5.5387214384962675,-2462,-58.49370396768828,>90%
3314790,1829528821307536,2026-04-09 16:43:30+00:00,Unholy Fusion DLC is OUT NOW + free 1.4 Leaderboards update!,2025-09-26 00:00:00+00:00,195.696875,>180 days,770,1305,90.77922077922078,88.65900383141762,-2.120216947803158,9.220779220779221,11.340996168582379,2.120216947803158,535,69.48051948051948,>90%
3315330,1802354289627242,2025-06-14 12:42:11+00:00,【Warehouse Expansion】 Update V1.0.1.0614.2​​,2025-06-13 00:00:00+00:00,1.5292939814814814,<=30 days (including pre-launch),39,421,89.74358974358975,84.56057007125891,-5.183019672330843,10.256410256410248,15.439429928741092,5.183019672330843,382,979.4871794871796,70-90%
3324320,1795283637777577,2025-03-26 06:31:39+00:00,Announcement of Patch Release(Ver.1.0.2),2025-03-24 00:00:00+00:00,2.2719791666666667,<=30 days (including pre-launch),55,138,94.54545454545455,84.05797101449275,-10.487483530961796,5.454545454545453,15.94202898550725,10.487483530961796,83,150.9090909090909,>90%
3339780,1800357164370655,2025-05-21 10:27:51+00:00,Patch v1.0.1,2025-05-20 00:00:00+00:00,1.4360069444444445,<=30 days (including pre-launch),132,556,95.45454545454545,95.32374100719424,-0.13080444735120977,4.545454545454547,4.6762589928057565,0.13080444735120977,424,321.2121212121212,>90%
3343940,1805431065343782,2025-07-17 18:00:17+00:00,Version 1.5.0 Update,2025-07-15 00:00:00+00:00,2.7501967592592593,<=30 days (including pre-launch),21,22,90.47619047619048,95.45454545454545,4.978354978354972,9.523809523809518,4.545454545454547,-4.978354978354972,1,4.761904761904762,>90%
3347620,1810503566512749,2025-09-14 11:59:32+00:00,【2025-9-14】update,2025-09-11 00:00:00+00:00,3.499675925925926,<=30 days (including pre-launch),72,89,94.44444444444444,96.62921348314607,2.1847690387016314,5.555555555555557,3.3707865168539257,-2.1847690387016314,17,23.61111111111111,>90%
3349840,1786573930783900,2024-12-24 13:14:07+00:00,December 24th Patch Note,2024-12-16 00:00:00+00:00,8.551469907407407,<=30 days (including pre-launch),28,37,100.0,97.2972972972973,-2.7027027027026946,0.0,2.7027027027026946,2.7027027027026946,9,32.142857142857146,>90%
3349850,1786573930779160,2024-12-24 10:04:00+00:00,Minor Update 1.0.3,2024-12-16 00:00:00+00:00,8.419444444444444,<=30 days (including pre-launch),35,31,97.14285714285714,90.32258064516128,-6.820276497695858,2.857142857142861,9.677419354838719,6.820276497695858,-4,-11.428571428571429,>90%
3349860,1786573930845596,2024-12-26 12:23:44+00:00,24.12.26 Ver 1.3 Patch,2024-12-16 00:00:00+00:00,10.516481481481481,<=30 days (including pre-launch),23,20,73.91304347826086,90.0,16.08695652173914,26.08695652173914,10.0,-16.08695652173914,-3,-13.043478260869565,70-90%
3352240,1819386365088020,2025-12-17 21:25:46+00:00,Hotfix #1 - December 19,2025-12-15 00:00:00+00:00,2.8928935185185187,<=30 days (including pre-launch),316,567,47.151898734177216,56.08465608465608,8.932757350478866,52.848101265822784,43.91534391534392,-8.932757350478866,251,79.43037974683544,<70%
3352240,1831432155580818,2026-05-05 17:30:17+00:00,Ghoulag Update Release Date,2025-12-15 00:00:00+00:00,141.72936342592592,31-180 days,33,197,81.81818181818183,81.21827411167513,-0.5999077065066984,18.181818181818173,18.78172588832487,0.5999077065066984,164,496.969696969697,70-90%
3352240,1837955055366430,2026-07-14 15:11:14+00:00,The Fangs and Faith Update is Now Live!,2025-12-15 00:00:00+00:00,211.63280092592592,>180 days,37,88,62.16216216216216,73.86363636363636,11.701474201474198,37.83783783783784,26.13636363636364,-11.701474201474198,51,137.83783783783784,<70%
3352240,1844115010491919,2026-09-17 12:51:25+00:00,The Transmutation Update is Now Live!,2025-12-15 00:00:00+00:00,276.5357060185185,>180 days,26,43,61.53846153846154,79.06976744186046,17.531305903398923,38.46153846153846,20.930232558139537,-17.531305903398923,17,65.38461538461539,<70%
3353100,1807332909723661,2025-08-12 06:56:16+00:00,Patch v1.03,2025-08-11 00:00:00+00:00,1.289074074074074,<=30 days (including pre-launch),36,180,86.11111111111111,82.22222222222221,-3.8888888888889,13.888888888888886,17.777777777777786,3.8888888888889,144,400.0,70-90%
3361510,1810503566518106,2025-09-14 16:09:08+00:00,Patch v1.0.0.8 - Small Achievement Bug Fixes,2025-09-11 00:00:00+00:00,3.6730092592592594,<=30 days (including pre-launch),96,325,91.66666666666666,92.0,0.3333333333333428,8.333333333333343,8.0,-0.3333333333333428,229,238.54166666666666,>90%
3361510,1816307528974778,2025-11-18 21:46:41+00:00,Patch v1.2.0.9,2025-09-11 00:00:00+00:00,68.90741898148148,31-180 days,111,116,93.69369369369369,96.55172413793103,2.858030444237343,6.306306306306311,3.448275862068968,-2.858030444237343,5,4.504504504504505,>90%
3361510,1827626365771615,2026-03-26 19:43:49+00:00,Update v1.3 Out Now,2025-09-11 00:00:00+00:00,196.8220949074074,>180 days,92,134,89.13043478260869,97.01492537313433,7.884490590525644,10.869565217391312,2.985074626865668,-7.884490590525644,42,45.65217391304348,70-90%
3363560,1816307528965738,2025-11-15 03:43:04+00:00,Shard Squad - Patch 1.0.01,2025-11-10 00:00:00+00:00,5.154907407407407,<=30 days (including pre-launch),212,203,86.79245283018868,89.16256157635468,2.3701087461659966,13.20754716981132,10.837438423645324,-2.3701087461659966,-9,-4.245283018867925,70-90%
3363560,1826362059930017,2026-03-09 12:04:03+00:00,Shard Squad Update 1.1 - Prismatic Power,2025-11-10 00:00:00+00:00,119.5028125,31-180 days,23,44,82.6086956521739,90.9090909090909,8.300395256917,17.391304347826093,9.090909090909093,-8.300395256917,21,91.30434782608695,70-90%
3371510,1814309641530860,2025-10-26 07:50:57+00:00,Update Log V1.0.2,2025-10-23 00:00:00+00:00,3.327048611111111,<=30 days (including pre-launch),24,210,95.83333333333334,97.14285714285714,1.309523809523796,4.166666666666657,2.857142857142861,-1.309523809523796,186,775.0,>90%
3380820,1790214123050023,2025-01-29 13:12:32+00:00,Update 1.1,2025-01-24 00:00:00+00:00,5.55037037037037,<=30 days (including pre-launch),35,27,88.57142857142857,88.88888888888889,0.31746031746031633,11.42857142857143,11.111111111111114,-0.31746031746031633,-8,-22.857142857142858,70-90%
3385370,1798454487679407,2025-05-03 21:00:31+00:00,v0.0.134,2025-05-02 13:55:45+00:00,1.2949768518518519,<=30 days (including pre-launch),23,45,100.0,97.77777777777777,-2.2222222222222285,0.0,2.2222222222222285,2.2222222222222285,22,95.65217391304348,>90%
3385370,1805065414337179,2025-07-14 16:14:56+00:00,v1.0.1,2025-05-02 13:55:45+00:00,73.0966550925926,31-180 days,49,106,93.87755102040816,83.9622641509434,-9.915286869464765,6.122448979591837,16.037735849056602,9.915286869464765,57,116.3265306122449,>90%
3393750,1793384379391294,2025-03-07 02:36:32+00:00,《我的人生》1.0.1版本更新 - 游戏体验优化、排行榜重新开放,2025-03-05 00:00:00+00:00,2.1087037037037035,<=30 days (including pre-launch),102,288,75.49019607843137,63.888888888888886,-11.601307189542482,24.509803921568633,36.111111111111114,11.601307189542482,186,182.35294117647058,70-90%
3393750,1823825466495407,2026-02-05 02:47:57+00:00,我的人生版本更新：2.0.11,2025-03-05 00:00:00+00:00,337.11663194444446,>180 days,22,21,77.27272727272727,76.19047619047619,-1.0822510822510765,22.727272727272734,23.80952380952381,1.0822510822510765,-1,-4.545454545454546,70-90%
3399950,1792751526083682,2025-03-01 19:41:56+00:00,v1.02 Patch Notes,2025-02-28 00:00:00+00:00,1.820787037037037,<=30 days (including pre-launch),184,2961,92.93478260869566,90.98277608915907,-1.9520065195365817,7.065217391304344,9.017223910840926,1.9520065195365817,2777,1509.2391304347825,>90%
3399950,1802893906685413,2025-06-18 05:08:19+00:00,Summer Update!,2025-02-28 00:00:00+00:00,110.2141087962963,31-180 days,249,399,91.96787148594377,92.23057644110276,0.2627049551589806,8.032128514056225,7.769423558897245,-0.2627049551589806,150,60.24096385542169,>90%
3399950,1817483467044129,2025-12-01 03:12:15+00:00,standing by your side in 2026 (+new update released!),2025-02-28 00:00:00+00:00,276.13350694444443,>180 days,2113,422,96.87647893989589,93.8388625592417,-3.0376163806541854,3.1235210601041103,6.161137440758296,3.0376163806541854,-1691,-80.02839564600094,>90%
3399950,1823191198604178,2026-01-30 05:53:29+00:00,Lunar New Year Update Is Here!,2025-02-28 00:00:00+00:00,336.245474537037,>180 days,372,225,86.82795698924731,89.77777777777777,2.9498207885304595,13.172043010752688,10.222222222222229,-2.9498207885304595,-147,-39.516129032258064,70-90%
3399950,1831432155573909,2026-05-02 14:32:23+00:00,"Anniversary Update, New Mode, Mother's Day Sales and New Game!",2025-02-28 00:00:00+00:00,428.60582175925924,>180 days,189,568,92.5925925925926,89.61267605633803,-2.9799165362545637,7.407407407407405,10.387323943661968,2.9799165362545637,379,200.5291005291005,>90%
3399950,1842846814450610,2026-09-06 12:03:18+00:00,September Update: Back to school with your mother!,2025-02-28 00:00:00+00:00,555.5022916666667,>180 days,201,125,91.04477611940298,92.80000000000001,1.755223880597029,8.955223880597018,7.199999999999989,-1.755223880597029,-76,-37.81094527363184,>90%
3405540,1815580768303681,2025-11-07 19:26:39+00:00,Hotfix Survival Mode Music,2025-11-07 00:00:00+00:00,0.8101736111111111,<=30 days (including pre-launch),50,97,98.0,78.35051546391753,-19.64948453608247,2.0,21.64948453608247,19.64948453608247,47,94.0,>90%
3406850,1800991756381157,2025-05-31 16:24:50+00:00,Minor Update [2025/06/01],2025-05-30 00:00:00+00:00,1.683912037037037,<=30 days (including pre-launch),26,75,84.61538461538461,88.0,3.384615384615387,15.384615384615387,12.0,-3.384615384615387,49,188.46153846153845,70-90%
3406850,1807332909596888,2025-08-08 08:06:11+00:00,Major Update [2025/08/08],2025-05-30 00:00:00+00:00,70.33762731481481,31-180 days,27,26,88.88888888888889,96.15384615384616,7.264957264957275,11.111111111111114,3.8461538461538396,-7.264957264957275,-1,-3.7037037037037033,70-90%
3411020,1799817379629316,2025-05-20 13:09:17+00:00,v0.9.71 Patch Notes,2025-05-19 00:00:00+00:00,1.548113425925926,<=30 days (including pre-launch),35,413,88.57142857142857,92.00968523002422,3.438256658595648,11.42857142857143,7.990314769975782,-3.438256658595648,378,1080.0,70-90%
3411020,1805431065455629,2025-07-21 06:11:19+00:00,v0.9.988 Patch Notes: Add 5 more languages,2025-05-19 00:00:00+00:00,63.2578587962963,31-180 days,85,86,90.58823529411765,97.67441860465115,7.0861833105334995,9.411764705882348,2.3255813953488484,-7.0861833105334995,1,1.1764705882352942,>90%
3411020,1811772772281712,2025-09-26 16:00:35+00:00,🔥🔥🔥v1.0 Free Major Update is Now Live!🔥🔥🔥,2025-05-19 00:00:00+00:00,130.66707175925927,31-180 days,46,119,93.47826086956522,93.27731092436974,-0.20094994519547527,6.521739130434781,6.722689075630257,0.20094994519547527,73,158.69565217391303,>90%
3411020,1818118366185667,2025-12-09 15:17:32+00:00,🔥 ver10100 Patch Notes 🔥,2025-05-19 00:00:00+00:00,204.63717592592593,>180 days,42,99,90.47619047619048,89.8989898989899,-0.5772005772005855,9.523809523809518,10.101010101010104,0.5772005772005855,57,135.71428571428572,>90%
3411020,1830163047263648,2026-04-19 07:47:03+00:00,🎉 Bug Fixes & New Platform Launch​ 🎉,2025-05-19 00:00:00+00:00,335.32434027777776,>180 days,23,33,86.95652173913044,87.87878787878788,0.9222661396574381,13.043478260869563,12.121212121212125,-0.9222661396574381,10,43.47826086956522,70-90%
3419220,1809235871671472,2025-08-31 03:49:20+00:00,Day 2 Update,2025-08-29 00:00:00+00:00,2.1592592592592594,<=30 days (including pre-launch),151,361,80.13245033112582,76.17728531855957,-3.9551650125662547,19.867549668874176,23.82271468144043,3.9551650125662547,210,139.0728476821192,70-90%
3427090,1793384379491283,2025-03-10 05:43:54+00:00,v1.0.1.5,2025-03-04 00:00:00+00:00,6.238819444444444,<=30 days (including pre-launch),25,33,92.0,81.81818181818183,-10.181818181818173,8.0,18.181818181818173,10.181818181818173,8,32.0,>90%
3432500,1800357164478023,2025-05-24 17:20:13+00:00,《长安：石之舞》5月25日更新公告,2025-05-23 00:00:00+00:00,1.7223726851851853,<=30 days (including pre-launch),40,217,87.5,68.20276497695853,-19.297235023041466,12.5,31.797235023041466,19.297235023041466,177,442.5,70-90%
3439030,1809869180119681,2025-09-07 04:12:37+00:00,September 7 Patch,2025-09-04 00:00:00+00:00,3.175428240740741,<=30 days (including pre-launch),20,53,95.0,84.90566037735849,-10.094339622641513,5.0,15.094339622641513,10.094339622641513,33,165.0,>90%
3439320,1796631172235379,2025-04-10 05:56:14+00:00,Patch 1.08,2025-03-28 00:00:00+00:00,13.24738425925926,<=30 days (including pre-launch),30,34,100.0,91.17647058823529,-8.82352941176471,0.0,8.82352941176471,8.82352941176471,4,13.333333333333334,>90%
3442280,1796631172369593,2025-04-14 09:56:49+00:00,Ver.1.0.5 Balance Update,2025-04-10 00:00:00+00:00,4.414456018518519,<=30 days (including pre-launch),34,45,97.05882352941177,95.55555555555556,-1.503267973856211,2.941176470588232,4.444444444444443,1.503267973856211,11,32.35294117647059,>90%
3449040,1810503566405574,2025-09-11 05:13:06+00:00,Update Patch 1.0.2,2025-09-10 00:00:00+00:00,1.2174305555555556,<=30 days (including pre-launch),33,428,100.0,90.42056074766354,-9.579439252336456,0.0,9.579439252336456,9.579439252336456,395,1196.969696969697,>90%
3449040,1815580768427460,2025-11-11 15:17:14+00:00,Update Patch 1.0.29,2025-09-10 00:00:00+00:00,62.63696759259259,31-180 days,24,65,95.83333333333334,86.15384615384616,-9.679487179487182,4.166666666666657,13.84615384615384,9.679487179487182,41,170.83333333333331,>90%
3449040,1825093633187224,2026-02-20 08:28:20+00:00,Machick 2 – Better Than Ever Update 🪄✨ - 1.1.0,2025-09-10 00:00:00+00:00,163.35300925925927,31-180 days,20,31,95.0,74.19354838709677,-20.80645161290323,5.0,25.80645161290323,20.80645161290323,11,55.00000000000001,>90%
3458620,1817483467042637,2025-11-30 08:54:05+00:00,2025/11/30游戏更新,2025-11-28 00:00:00+00:00,2.3708912037037035,<=30 days (including pre-launch),259,630,86.48648648648648,83.96825396825398,-2.5182325182325087,13.513513513513516,16.031746031746025,2.5182325182325087,371,143.24324324324326,70-90%
3464970,1817483467035710,2025-11-27 06:12:43+00:00,Hotfix v19H4,2025-11-26 00:00:00+00:00,1.2588310185185185,<=30 days (including pre-launch),38,160,94.73684210526315,85.625,-9.11184210526315,5.26315789473685,14.375,9.11184210526315,122,321.0526315789474,>90%
3469750,1816849002017859,2025-11-23 03:45:43+00:00,Hotfix #2 - v1.0.2,2025-11-21 00:00:00+00:00,2.1567476851851852,<=30 days (including pre-launch),116,390,95.6896551724138,82.56410256410255,-13.125552608311239,4.310344827586206,17.435897435897445,13.125552608311239,274,236.20689655172416,>90%
3469750,1823825466492503,2026-02-03 23:57:06+00:00,Small Update #8 v1.0.11,2025-11-21 00:00:00+00:00,74.99798611111112,31-180 days,48,29,87.5,72.41379310344827,-15.08620689655173,12.5,27.58620689655173,15.08620689655173,-19,-39.58333333333333,70-90%
3469750,1829528821302845,2026-04-07 22:26:14+00:00,Small Update #10 v1.1.2,2025-11-21 00:00:00+00:00,137.93488425925926,31-180 days,20,24,60.0,87.5,27.5,40.0,12.5,-27.5,4,20.0,<70%
3471350,1792751525981028,2025-02-26 17:29:40+00:00,⚡ Alpha League Patch Update – 02/27 ⚡,2025-02-14 00:00:00+00:00,12.728935185185184,<=30 days (including pre-launch),310,445,92.58064516129032,95.73033707865169,3.1496919173613662,7.41935483870968,4.2696629213483135,-3.1496919173613662,135,43.54838709677419,>90%
3480990,1815580768315747,2025-11-08 04:41:52+00:00,2025.11.08 - Patch Notes,2025-11-05 00:00:00+00:00,3.1957407407407405,<=30 days (including pre-launch),115,529,94.78260869565217,94.89603024574669,0.1134215500945146,5.217391304347828,5.103969754253313,-0.1134215500945146,414,360.0,>90%
3480990,1822556746157163,2026-01-21 16:40:19+00:00,2026.01.21 - Patch Notes,2025-11-05 00:00:00+00:00,77.69466435185186,31-180 days,120,71,91.66666666666666,92.95774647887323,1.2910798122065756,8.333333333333343,7.042253521126767,-1.2910798122065756,-49,-40.833333333333336,>90%
3503440,1806064758768336,2025-07-29 10:45:24+00:00,Astro Prospector - Patch #1 Changelog,2025-07-14 00:00:00+00:00,15.448194444444445,<=30 days (including pre-launch),909,509,96.47964796479648,95.28487229862476,-1.1947756661717222,3.5203520352035156,4.715127701375238,1.1947756661717222,-400,-44.00440044004401,>90%
3503440,1817483467039157,2025-11-28 12:40:37+00:00,Endless Coffee - Patch 1,2025-07-14 00:00:00+00:00,137.52820601851852,31-180 days,266,330,93.23308270676691,88.48484848484848,-4.748234221918423,6.766917293233092,11.515151515151516,4.748234221918423,64,24.06015037593985,>90%
3519530,1805431065360857,2025-07-18 06:51:58+00:00,1.0.13 Controller and Highscores,2025-06-19 00:00:00+00:00,29.286087962962963,<=30 days (including pre-launch),20,168,100.0,100.0,0.0,0.0,0.0,0.0,148,740.0,>90%
3519530,1811138915474061,2025-09-21 00:55:21+00:00,1.2.2 Sports & Research,2025-06-19 00:00:00+00:00,94.0384375,31-180 days,66,20,90.9090909090909,75.0,-15.909090909090907,9.090909090909093,25.0,15.909090909090907,-46,-69.6969696969697,>90%
3530490,1808061939407141,2025-08-16 14:04:32+00:00,Game Update 20250816,2025-08-15 00:00:00+00:00,1.5864814814814814,<=30 days (including pre-launch),22,25,100.0,100.0,0.0,0.0,0.0,0.0,3,13.636363636363635,>90%
3551370,1808601382494549,2025-08-23 00:50:47+00:00,🚀 Performance Optimization Patch Notes,2025-08-22 00:00:00+00:00,1.0352662037037037,<=30 days (including pre-launch),20,89,100.0,85.39325842696628,-14.606741573033716,0.0,14.606741573033716,14.606741573033716,69,345.0,>90%
3553210,1800357164459550,2025-05-24 03:29:11+00:00,Bug Fixes and Difficulty Adjustments,2025-05-23 00:00:00+00:00,1.1452662037037038,<=30 days (including pre-launch),48,354,95.83333333333334,90.96045197740112,-4.872881355932222,4.166666666666657,9.03954802259888,4.872881355932222,306,637.5,>90%
3573070,1818118366175655,2025-12-05 09:40:18+00:00,Version 1.0.1 Update,2025-12-03 00:00:00+00:00,2.4029861111111113,<=30 days (including pre-launch),109,434,92.66055045871559,87.32718894009217,-5.33336151862342,7.339449541284409,12.67281105990783,5.33336151862342,325,298.1651376146789,>90%
3573070,1823825466505112,2026-02-09 11:00:48+00:00,Version 1.1.0 Hotfix,2025-12-03 00:00:00+00:00,68.4588888888889,31-180 days,45,27,84.44444444444444,74.07407407407408,-10.370370370370367,15.555555555555557,25.925925925925924,10.370370370370367,-18,-40.0,70-90%
3574160,1797820624525323,2025-04-26 12:39:10+00:00,Shimagami : Last Hope v1.06,2025-04-25 00:00:00+00:00,1.5271990740740742,<=30 days (including pre-launch),26,20,69.23076923076923,55.00000000000001,-14.23076923076922,30.769230769230774,44.99999999999999,14.23076923076922,-6,-23.076923076923077,<70%
3575930,1815580768296453,2025-11-07 14:33:41+00:00,Launch Day Statement,2025-11-06 00:00:00+00:00,1.606724537037037,<=30 days (including pre-launch),36,71,88.88888888888889,81.69014084507043,-7.198748043818455,11.111111111111114,18.30985915492957,7.198748043818455,35,97.22222222222221,70-90%
3585160,1822556746158880,2026-01-22 13:03:17+00:00,Update 1.42,2025-12-09 00:00:00+00:00,44.543946759259256,31-180 days,74,23,87.83783783783784,82.6086956521739,-5.229142185663932,12.162162162162161,17.391304347826093,5.229142185663932,-51,-68.91891891891892,70-90%
3586660,1805065414357212,2025-07-15 07:13:08+00:00,Hotfix: Locked Tiles Bug,2025-07-14 00:00:00+00:00,1.3007870370370371,<=30 days (including pre-launch),103,547,98.05825242718447,90.31078610603291,-7.747466321151563,1.9417475728155296,9.689213893967093,7.747466321151563,444,431.06796116504853,>90%
3617620,1811772772640695,2025-10-07 14:58:07+00:00,Patch 20251007.1 notes,2025-10-06 00:00:00+00:00,1.6236921296296296,<=30 days (including pre-launch),74,425,95.94594594594594,93.17647058823529,-2.769475357710647,4.054054054054063,6.82352941176471,2.769475357710647,351,474.3243243243243,>90%
3617620,1818118366182495,2025-12-08 12:58:56+00:00,Donkeys & Detective update now out!,2025-10-06 00:00:00+00:00,63.540925925925926,31-180 days,186,142,97.31182795698925,93.66197183098592,-3.6498561260033284,2.688172043010752,6.3380281690140805,3.6498561260033284,-44,-23.655913978494624,>90%
3617620,1831432155577351,2026-05-04 13:02:48+00:00,Coconuts & Bolts Update Now Out!,2025-10-06 00:00:00+00:00,210.54361111111112,>180 days,35,58,97.14285714285714,94.82758620689656,-2.3152709359605836,2.857142857142861,5.172413793103445,2.3152709359605836,23,65.71428571428571,>90%
3617620,1836506165575928,2026-07-06 12:58:14+00:00,"Raddest Rewards, Biggest Balance & Sickest Synergies update now out!",2025-10-06 00:00:00+00:00,273.5404398148148,>180 days,35,45,88.57142857142857,93.33333333333333,4.761904761904759,11.42857142857143,6.666666666666671,-4.761904761904759,10,28.57142857142857,70-90%
3619760,1815034432977946,2025-11-02 19:48:03+00:00,Hello world! + Bugfix patch (ver 0.5.1),2025-10-26 00:00:00+00:00,7.825034722222222,<=30 days (including pre-launch),51,32,92.15686274509804,100.0,7.843137254901961,7.843137254901961,0.0,-7.843137254901961,-19,-37.254901960784316,>90%
3621050,1811138915528879,2025-09-22 18:04:55+00:00,1.0.2 Hotfix,2025-09-19 00:00:00+00:00,3.753414351851852,<=30 days (including pre-launch),59,54,57.6271186440678,51.85185185185185,-5.775266792215952,42.3728813559322,48.14814814814815,5.775266792215952,-5,-8.47457627118644,<70%
3631290,1814309641486606,2025-10-24 22:16:47+00:00,Thank You & Hotfix,2025-10-24 00:00:00+00:00,0.9283217592592593,<=30 days (including pre-launch),146,3507,91.0958904109589,94.41117764471058,3.3152872337516754,8.904109589041099,5.588822355289423,-3.3152872337516754,3361,2302.054794520548,>90%
3640750,1797185861811260,2025-04-22 21:54:51+00:00,Fix to last fix,2025-04-21 00:00:00+00:00,1.9130902777777778,<=30 days (including pre-launch),23,33,95.65217391304348,100.0,4.347826086956516,4.347826086956516,0.0,-4.347826086956516,10,43.47826086956522,>90%
3641420,1811138915458868,2025-09-20 13:33:33+00:00,Patch Notes - v1.0.1,2025-09-12 00:00:00+00:00,8.564965277777778,<=30 days (including pre-launch),20,27,100.0,92.5925925925926,-7.407407407407405,0.0,7.407407407407405,7.407407407407405,7,35.0,>90%
3649580,1817483467039459,2025-11-28 14:40:22+00:00,FrostBound v1.0.2 - Patch-Note,2025-11-26 00:00:00+00:00,2.611365740740741,<=30 days (including pre-launch),153,753,89.54248366013073,86.98539176626826,-2.557091893862463,10.457516339869272,13.014608233731735,2.557091893862463,600,392.156862745098,70-90%
3649580,1823825466495546,2026-02-05 04:45:22+00:00,FrostBound v1.0.10 - Patch-Note,2025-11-26 00:00:00+00:00,71.1981712962963,31-180 days,59,123,81.35593220338984,56.09756097560976,-25.25837122778008,18.64406779661016,43.90243902439024,25.25837122778008,64,108.47457627118644,70-90%
3649580,1834602721189521,2026-06-05 05:10:18+00:00,FrostBound v1.1.1 - Patch-Note,2025-11-26 00:00:00+00:00,191.21548611111112,>180 days,48,31,79.16666666666666,83.87096774193549,4.70430107526883,20.833333333333343,16.129032258064512,-4.70430107526883,-17,-35.41666666666667,70-90%
3667230,1799817379492608,2025-05-16 07:04:07+00:00,Patch #1 - 5/15/25,2025-05-14 00:00:00+00:00,2.294525462962963,<=30 days (including pre-launch),27,246,96.29629629629629,98.78048780487805,2.484191508581759,3.7037037037037095,1.2195121951219505,-2.484191508581759,219,811.1111111111111,>90%
3667720,1811772772254789,2025-09-25 20:27:49+00:00,Fix 1.03,2025-09-18 00:00:00+00:00,7.852650462962963,<=30 days (including pre-launch),25,23,100.0,91.30434782608695,-8.695652173913047,0.0,8.695652173913047,8.695652173913047,-2,-8.0,>90%
3669940,1809869180129447,2025-09-07 11:31:35+00:00,Patch notes,2025-08-28 00:00:00+00:00,10.480266203703703,<=30 days (including pre-launch),21,20,85.71428571428571,80.0,-5.714285714285708,14.285714285714292,20.0,5.714285714285708,-1,-4.761904761904762,70-90%
3686580,1817483467033594,2025-11-26 13:59:31+00:00,Update v0.13.27 Patchnote,2025-11-24 00:00:00+00:00,2.5829976851851852,<=30 days (including pre-launch),98,173,92.85714285714286,83.23699421965318,-9.620148637489677,7.142857142857139,16.763005780346816,9.620148637489677,75,76.53061224489795,>90%
3689390,1813674388898570,2025-10-15 08:43:10+00:00,Swamp Keeper v1.05 — Improvements Update,2025-10-07 00:00:00+00:00,8.363310185185185,<=30 days (including pre-launch),32,37,96.875,97.2972972972973,0.42229729729730536,3.125,2.7027027027026946,-0.42229729729730536,5,15.625,>90%
3689520,1800357164391352,2025-05-22 01:35:41+00:00,Minor Patch 0522,2025-05-19 00:00:00+00:00,3.0664467592592595,<=30 days (including pre-launch),108,490,86.11111111111111,91.63265306122449,5.521541950113374,13.888888888888886,8.367346938775512,-5.521541950113374,382,353.7037037037037,70-90%
3693590,1816849002017969,2025-11-23 04:44:32+00:00,Patch 0.2.15 Notes,2025-11-21 00:00:00+00:00,2.1975925925925925,<=30 days (including pre-launch),29,94,82.75862068965517,86.17021276595744,3.41159207630227,17.241379310344826,13.829787234042556,-3.41159207630227,65,224.13793103448273,70-90%
3693720,1819386365112609,2025-12-29 09:41:17+00:00,Localization Fix,2025-12-25 00:00:00+00:00,4.403668981481482,<=30 days (including pre-launch),46,41,100.0,97.5609756097561,-2.439024390243901,0.0,2.439024390243901,2.439024390243901,-5,-10.869565217391305,>90%
3703380,1817483467033037,2025-11-26 09:49:17+00:00,Little Update,2025-11-20 00:00:00+00:00,6.409224537037037,<=30 days (including pre-launch),20,20,90.0,90.0,0.0,10.0,10.0,0.0,0,0.0,70-90%
3730600,1801617199550636,2025-06-10 08:46:18+00:00,v1.1.0.4 patch,2025-06-04 00:00:00+00:00,6.365486111111111,<=30 days (including pre-launch),34,23,70.58823529411765,86.95652173913044,16.368286445012785,29.411764705882348,13.043478260869563,-16.368286445012785,-11,-32.35294117647059,70-90%
3734140,1819386365112247,2025-12-29 02:02:58+00:00,Super Cabbage Kabumi 1.0.32 Patch Notes,2025-11-28 00:00:00+00:00,31.08539351851852,31-180 days,22,36,90.9090909090909,63.888888888888886,-27.02020202020202,9.090909090909093,36.111111111111114,27.02020202020202,14,63.63636363636363,>90%
3772810,1815034433043039,2025-11-04 19:43:42+00:00,Desktop Defender 1.01,2025-11-04 00:00:00+00:00,0.8220138888888889,<=30 days (including pre-launch),20,1175,95.0,95.14893617021276,0.14893617021276384,5.0,4.851063829787236,-0.14893617021276384,1155,5775.0,>90%
3772810,1821922921816689,2026-01-16 17:35:14+00:00,"Rebirth Update, AVAILABLE NOW IN BETA BRANCH!",2025-11-04 00:00:00+00:00,73.73280092592593,31-180 days,97,83,83.50515463917526,85.54216867469879,2.0370140355235264,16.49484536082474,14.457831325301214,-2.0370140355235264,-14,-14.432989690721648,70-90%
3772810,1826992588604716,2026-03-17 17:35:44+00:00,New Update OUT NOW On The Beta Branch!,2025-11-04 00:00:00+00:00,133.73314814814816,31-180 days,121,76,85.12396694214877,93.42105263157895,8.297085689430176,14.876033057851231,6.578947368421055,-8.297085689430176,-45,-37.1900826446281,70-90%
3772810,1833334318574168,2026-05-23 16:37:10+00:00,Forge Update OUT NOW In Beta Branch!,2025-11-04 00:00:00+00:00,200.69247685185186,>180 days,33,26,87.87878787878788,88.46153846153845,0.5827505827505775,12.121212121212125,11.538461538461547,-0.5827505827505775,-7,-21.21212121212121,70-90%
3777060,1805431065457418,2025-07-21 07:21:48+00:00,Hotfix #1,2025-07-20 00:00:00+00:00,1.3068055555555556,<=30 days (including pre-launch),41,106,82.92682926829268,85.84905660377359,2.922227335480912,17.07317073170732,14.15094339622641,-2.922227335480912,65,158.53658536585365,70-90%
3818230,1806064758731968,2025-07-28 08:30:09+00:00,[Patch] 2025.07.28 Update,2025-07-25 00:00:00+00:00,3.3542708333333335,<=30 days (including pre-launch),42,81,100.0,96.29629629629629,-3.7037037037037095,0.0,3.7037037037037095,3.7037037037037095,39,92.85714285714286,>90%
3820810,1816307528949536,2025-11-14 15:07:18+00:00,Update Notes 1.0.2,2025-11-05 00:00:00+00:00,9.630069444444445,<=30 days (including pre-launch),32,23,93.75,86.95652173913044,-6.793478260869563,6.25,13.043478260869563,6.793478260869563,-9,-28.125,>90%
3822990,1806064758736222,2025-07-28 11:31:46+00:00,Stellar Witch Patch 1.0.2,2025-07-25 00:00:00+00:00,3.4803935185185186,<=30 days (including pre-launch),32,55,100.0,100.0,0.0,0.0,0.0,0.0,23,71.875,>90%
3828280,1806064758746689,2025-07-28 18:56:54+00:00,Update Notes (07/29),2025-07-25 00:00:00+00:00,3.789513888888889,<=30 days (including pre-launch),25,25,100.0,96.0,-4.0,0.0,4.0,4.0,0,0.0,>90%
3832630,1806698490777764,2025-08-03 11:43:05+00:00,Wheelchair Wizards Patch 1.1 - Game Breaking Bug Fixes + Spell Reworks!,2025-07-30 00:00:00+00:00,4.488252314814815,<=30 days (including pre-launch),46,166,97.82608695652173,96.98795180722891,-0.8381351492928246,2.173913043478265,3.01204819277109,0.8381351492928246,120,260.8695652173913,>90%
3832630,1822556746160457,2026-01-22 23:19:47+00:00,Wheelchair Wizards 1.5.0,2025-07-30 00:00:00+00:00,176.97207175925925,31-180 days,118,160,97.45762711864407,97.5,0.04237288135593076,2.5423728813559308,2.5,-0.04237288135593076,42,35.59322033898305,>90%
3832630,1828894815564575,2026-04-06 02:30:04+00:00,Wheelchair Wizards 2.0,2025-07-30 00:00:00+00:00,250.10421296296298,>180 days,59,110,98.30508474576271,97.27272727272728,-1.0323574730354323,1.6949152542372872,2.7272727272727195,1.0323574730354323,51,86.4406779661017,>90%
3832630,1836506165566843,2026-07-02 02:07:58+00:00,The Workshop Update - Wheelchair Wizards 2.1,2025-07-30 00:00:00+00:00,337.08886574074074,>180 days,62,71,96.7741935483871,95.77464788732394,-0.9995456610631663,3.225806451612897,4.225352112676063,0.9995456610631663,9,14.516129032258066,>90%
3839300,1818752592130692,2025-12-14 02:50:53+00:00,Little Weekend Hotfix Patch — v1.03b,2025-12-10 00:00:00+00:00,4.118668981481481,<=30 days (including pre-launch),106,265,94.33962264150944,97.73584905660377,3.3962264150943327,5.660377358490564,2.2641509433962312,-3.3962264150943327,159,150.0,>90%
3839300,1834602721196222,2026-06-07 16:04:41+00:00,v1.1 IS LIVE,2025-12-10 00:00:00+00:00,179.6699189814815,31-180 days,64,56,93.75,91.07142857142857,-2.6785714285714306,6.25,8.92857142857143,2.6785714285714306,-8,-12.5,>90%
3839300,1840944183785067,2026-08-17 03:28:21+00:00,1.1.1,2025-12-10 00:00:00+00:00,250.1446875,>180 days,59,51,94.91525423728814,94.11764705882352,-0.7976071784646166,5.0847457627118615,5.882352941176478,0.7976071784646166,-8,-13.559322033898304,>90%
3860590,1814309641484814,2025-10-24 20:57:11+00:00,Hotfix 1.0.1,2025-10-23 00:00:00+00:00,1.8730439814814814,<=30 days (including pre-launch),38,80,100.0,98.75,-1.25,0.0,1.25,1.25,42,110.5263157894737,>90%
3861280,1806698490712943,2025-08-01 11:18:05+00:00,版本更新,2025-07-29 00:00:00+00:00,3.4708912037037036,<=30 days (including pre-launch),24,386,95.83333333333334,95.59585492227978,-0.2374784110535586,4.166666666666657,4.404145077720216,0.2374784110535586,362,1508.3333333333335,>90%
3861280,1813041031371946,2025-10-14 13:09:49+00:00,测试版更新- 新增【冥商交易】系统 新增大量道具,2025-07-29 00:00:00+00:00,77.5484837962963,31-180 days,170,88,91.17647058823529,87.5,-3.67647058823529,8.82352941176471,12.5,3.67647058823529,-82,-48.23529411764706,>90%
3861280,1819386365103173,2025-12-23 03:15:22+00:00,V1.5.2,2025-07-29 00:00:00+00:00,147.1356712962963,31-180 days,129,58,96.89922480620154,82.75862068965517,-14.14060411654637,3.100775193798455,17.241379310344826,14.14060411654637,-71,-55.03875968992248,>90%
3868720,1806698490774232,2025-08-03 09:08:10+00:00,More bugfixes,2025-07-31 00:00:00+00:00,3.3806712962962964,<=30 days (including pre-launch),22,26,86.36363636363636,80.76923076923077,-5.594405594405586,13.63636363636364,19.230769230769226,5.594405594405586,4,18.181818181818183,70-90%
3890990,1809235871632166,2025-08-29 21:57:31+00:00,01.00.03,2025-08-25 00:00:00+00:00,4.91494212962963,<=30 days (including pre-launch),20,39,100.0,89.74358974358975,-10.256410256410248,0.0,10.256410256410248,10.256410256410248,19,95.0,>90%
3898150,1818118366169225,2025-12-03 05:48:44+00:00,Patch Notes for v1.0.1,2025-11-27 00:00:00+00:00,6.242175925925926,<=30 days (including pre-launch),69,39,97.10144927536231,92.3076923076923,-4.7937569676700065,2.898550724637687,7.692307692307693,4.7937569676700065,-30,-43.47826086956522,>90%
3912370,1816849002022272,2025-11-25 02:46:29+00:00,BEERCRUSH 1.0.2 Update,2025-11-20 00:00:00+00:00,5.115613425925926,<=30 days (including pre-launch),27,31,100.0,100.0,0.0,0.0,0.0,0.0,4,14.814814814814813,>90%
3912370,1828441623107265,2026-03-28 20:40:24+00:00,BEERCRUSH 1.1.1 Update,2025-11-20 00:00:00+00:00,128.86138888888888,31-180 days,31,22,100.0,100.0,0.0,0.0,0.0,0.0,-9,-29.03225806451613,>90%
3925760,1811772772384255,2025-09-29 19:22:18+00:00,Patch Notes 9/29/2025,2025-09-25 00:00:00+00:00,4.807152777777778,<=30 days (including pre-launch),305,562,95.73770491803279,90.74733096085409,-4.990373957178704,4.26229508196721,9.252669039145914,4.990373957178704,257,84.26229508196721,>90%
3925760,1836506165565900,2026-07-01 16:17:49+00:00,Incoming Unfair Flips update + Beta Test Signups,2025-09-25 00:00:00+00:00,279.6790393518518,>180 days,95,98,80.0,85.71428571428571,5.714285714285708,20.0,14.285714285714292,-5.714285714285708,3,3.1578947368421053,70-90%
3952930,1815580768382270,2025-11-10 06:46:47+00:00,1.00.91版本 更新日志,2025-11-06 00:00:00+00:00,4.2824884259259255,<=30 days (including pre-launch),29,60,89.65517241379311,83.33333333333334,-6.3218390804597675,10.34482758620689,16.666666666666657,6.3218390804597675,31,106.89655172413792,70-90%
3956470,1815034432868221,2025-10-30 11:15:45+00:00,Patch 4,2025-10-27 00:00:00+00:00,3.4692708333333333,<=30 days (including pre-launch),34,36,94.11764705882352,86.11111111111111,-8.006535947712408,5.882352941176478,13.888888888888886,8.006535947712408,2,5.88235294117647,>90%
3997630,1814942955107059,2025-10-29 17:30:24+00:00,Hotfix #1 (Post-Launch Update),2025-10-28 00:00:00+00:00,1.7294444444444443,<=30 days (including pre-launch),45,181,97.77777777777777,91.16022099447514,-6.617556783302632,2.2222222222222285,8.83977900552486,6.617556783302632,136,302.22222222222223,>90%
3997630,1822556746164149,2026-01-24 17:06:49+00:00,Hotfix :: January 2026,2025-10-28 00:00:00+00:00,88.71306712962964,31-180 days,29,23,100.0,78.26086956521739,-21.73913043478261,0.0,21.73913043478261,21.73913043478261,-6,-20.689655172413794,>90%
4066790,1819386365109844,2025-12-27 00:05:15+00:00,Server Issues Temporary Emergency Fix - v1.0.1,2025-12-24 00:00:00+00:00,3.003645833333333,<=30 days (including pre-launch),141,219,21.27659574468085,49.77168949771689,28.49509375303604,78.72340425531915,50.22831050228311,-28.495093753036045,78,55.319148936170215,<70%
4067130,1819386365086528,2025-12-17 12:18:58+00:00,2025-12-17 Upgrade and Fix Patch,2025-12-10 00:00:00+00:00,7.513171296296297,<=30 days (including pre-launch),23,245,91.30434782608695,71.42857142857143,-19.875776397515523,8.695652173913047,28.57142857142857,19.875776397515523,222,965.2173913043479,>90%
4152840,1818752592123598,2025-12-11 13:18:28+00:00,Update Notes – December 11,2025-12-09 00:00:00+00:00,2.5544907407407407,<=30 days (including pre-launch),45,28,100.0,100.0,0.0,0.0,0.0,0.0,-17,-37.77777777777778,>90%
4158400,1818752592125273,2025-12-11 23:57:07+00:00,Clockwork Cleanup v1.0.3 hotfix,2025-12-08 00:00:00+00:00,3.9979976851851853,<=30 days (including pre-launch),42,189,100.0,99.47089947089947,-0.529100529100532,0.0,0.529100529100532,0.529100529100532,147,350.0,>90%
4189910,1821922921819534,2026-01-18 14:49:11+00:00,2026/01/18 Update,2025-12-11 00:00:00+00:00,38.61748842592593,31-180 days,29,25,93.10344827586206,100.0,6.896551724137936,6.896551724137936,0.0,-6.896551724137936,-4,-13.793103448275861,>90%
4209630,1819386365085892,2025-12-17 08:18:58+00:00,Minor bug fixes,2025-12-12 00:00:00+00:00,5.34650462962963,<=30 days (including pre-launch),20,70,90.0,78.57142857142857,-11.42857142857143,10.0,21.42857142857143,11.42857142857143,50,250.0,70-90%
