term,count_under_2h,count_later,rate_under_2h_per_10k,rate_later_per_10k,log_odds_under_2h_vs_later
tails,981,14,20.657328403089547,0.19027323236167137,4.616439679499846
minutes playtime,15,0,0.3158612905671184,0.0,3.2054983711871152
gonna refund,14,0,0.2948038711959772,0.0,3.1409577736914756
mtx content,14,0,0.2948038711959772,0.0,3.1409577736914756
valuable though,14,0,0.2948038711959772,0.0,3.1409577736914756
often mtx,14,0,0.2948038711959772,0.0,3.1409577736914756
number mislead,14,0,0.2948038711959772,0.0,3.1409577736914756
refund requested,11,0,0.2316316130825535,0.0,2.91780799332893
free was_not,11,0,0.2316316130825535,0.0,2.91780799332893
ended refunding,11,0,0.2316316130825535,0.0,2.91780799332893
add controller,11,0,0.2316316130825535,0.0,2.91780799332893
config,11,0,0.2316316130825535,0.0,2.91780799332893
right gate,10,0,0.21057419371141228,0.0,2.830794539998477
instant refund,10,0,0.21057419371141228,0.0,2.830794539998477
refunding,161,14,3.390244518753738,0.19027323236167137,2.8127401227148443
windowed mode,29,2,0.6106651617630956,0.02718189033738162,2.7355211178696273
downloading cost,19,1,0.40009096805168337,0.01359094516869081,2.7355017006489746
money front,19,1,0.40009096805168337,0.01359094516869081,2.7355017006489746
front ripped,19,1,0.40009096805168337,0.01359094516869081,2.7355017006489746
course free,18,1,0.3790335486805421,0.01359094516869081,2.684206329886111
donations requested,17,1,0.35797612930940087,0.01359094516869081,2.630137032244832
without remuneration,17,1,0.35797612930940087,0.01359094516869081,2.630137032244832
free nothing,17,1,0.35797612930940087,0.01359094516869081,2.630137032244832
free often,17,1,0.35797612930940087,0.01359094516869081,2.630137032244832
applauded course,17,1,0.35797612930940087,0.01359094516869081,2.630137032244832
appear fully,17,1,0.35797612930940087,0.01359094516869081,2.630137032244832
nothing demonstrates,17,1,0.35797612930940087,0.01359094516869081,2.630137032244832
gamers case,17,1,0.35797612930940087,0.01359094516869081,2.630137032244832
applauded,17,1,0.35797612930940087,0.01359094516869081,2.630137032244832
free necessarily,17,1,0.35797612930940087,0.01359094516869081,2.630137032244832
glad appear,17,1,0.35797612930940087,0.01359094516869081,2.630137032244832
dlc donations,17,1,0.35797612930940087,0.01359094516869081,2.630137032244832
service gaming,17,1,0.35797612930940087,0.01359094516869081,2.630137032244832
belief work,17,1,0.35797612930940087,0.01359094516869081,2.630137032244832
developers belief,17,1,0.35797612930940087,0.01359094516869081,2.630137032244832
fully free,17,1,0.35797612930940087,0.01359094516869081,2.630137032244832
case glad,17,1,0.35797612930940087,0.01359094516869081,2.630137032244832
carbon,17,1,0.35797612930940087,0.01359094516869081,2.630137032244832
remuneration,17,1,0.35797612930940087,0.01359094516869081,2.630137032244832
remuneration service,17,1,0.35797612930940087,0.01359094516869081,2.630137032244832
requested number,17,1,0.35797612930940087,0.01359094516869081,2.630137032244832
mean valuable,17,1,0.35797612930940087,0.01359094516869081,2.630137032244832
industry applauded,16,1,0.3369187099382597,0.01359094516869081,2.5729765420381927
free failed,32,3,0.6738374198765194,0.040772835506072434,2.543154107731903
not_this worth,23,2,0.4843206455362482,0.02718189033738162,2.5123651081095257
xbox controller,23,2,0.4843206455362482,0.02718189033738162,2.5123651081095257
vsync,15,1,0.3158612905671184,0.01359094516869081,2.512349843859379
left mouse,15,1,0.3158612905671184,0.01359094516869081,2.512349843859379
action rpg,15,1,0.3158612905671184,0.01359094516869081,2.512349843859379
will_not cost,22,2,0.463263226165107,0.02718189033738162,2.46980341729817
downloading not_this,22,2,0.463263226165107,0.02718189033738162,2.46980341729817
downloading will_not,22,2,0.463263226165107,0.02718189033738162,2.46980341729817
pay sometimes,22,2,0.463263226165107,0.02718189033738162,2.46980341729817
mouse cursor,22,2,0.463263226165107,0.02718189033738162,2.46980341729817
free not_enough,21,2,0.44220580679396576,0.02718189033738162,2.4253495783390893
downloading nope,21,2,0.44220580679396576,0.02718189033738162,2.4253495783390893
fart,50,6,1.0528709685570614,0.08154567101214487,2.418889727231001
carbon copy,13,1,0.273746451824836,0.01359094516869081,2.3788142985230323
mtx,19,2,0.40009096805168337,0.02718189033738162,2.330035245771205
demonstrates,19,2,0.40009096805168337,0.02718189033738162,2.330035245771205
mimic mod,12,1,0.25268903245369473,0.01359094516869081,2.3047042500198653
worth downloading,43,6,0.9054690329590728,0.08154567101214487,2.271239192952674
no_controller support,54,8,1.1371006460416262,0.10872756134952648,2.2430884639780917
steam input,17,2,0.35797612930940087,0.02718189033738162,2.2246705773670623
work giving,17,2,0.35797612930940087,0.02718189033738162,2.2246705773670623
demonstrates developers,17,2,0.35797612930940087,0.02718189033738162,2.2246705773670623
not_respond,11,1,0.2316316130825535,0.01359094516869081,2.224659466001194
could_not work,11,1,0.2316316130825535,0.01359094516869081,2.224659466001194
bad movement,11,1,0.2316316130825535,0.01359094516869081,2.224659466001194
option change,11,1,0.2316316130825535,0.01359094516869081,2.224659466001194
scares,11,1,0.2316316130825535,0.01359094516869081,2.224659466001194
not_early,11,1,0.2316316130825535,0.01359094516869081,2.224659466001194
sometimes free,22,3,0.463263226165107,0.040772835506072434,2.1821199980749704
money pay,22,3,0.463263226165107,0.040772835506072434,2.1821199980749704
refunded,374,65,7.875474844806819,0.8834114359649028,2.170839080490932
free want,16,2,0.3369187099382597,0.02718189033738162,2.167510087160423
not_worth free,10,1,0.21057419371141228,0.01359094516869081,2.137646012670741
given away,10,1,0.21057419371141228,0.01359094516869081,2.137646012670741
price impossible,10,1,0.21057419371141228,0.01359094516869081,2.137646012670741
jerky,10,1,0.21057419371141228,0.01359094516869081,2.137646012670741
tried free,10,1,0.21057419371141228,0.01359094516869081,2.137646012670741
not_early access,10,1,0.21057419371141228,0.01359094516869081,2.137646012670741
floaty,70,12,1.474019355979886,0.16309134202428974,2.1307382135275024
requested refund,47,8,0.9896987104436378,0.10872756134952648,2.106941754060516
windowed,47,8,0.9896987104436378,0.10872756134952648,2.106941754060516
pointer,15,2,0.3158612905671184,0.02718189033738162,2.1068833889816094
full controller,15,2,0.3158612905671184,0.02718189033738162,2.1068833889816094
no_settings,15,2,0.3158612905671184,0.02718189033738162,2.1068833889816094
repo,36,6,0.7580670973610842,0.08154567101214487,2.097952936417652
beat hazard,25,4,0.5264354842785307,0.05436378067476324,2.0815836512704706
minutes already,19,3,0.40009096805168337,0.040772835506072434,2.042351826548005
donations,19,3,0.40009096805168337,0.040772835506072434,2.042351826548005
no_mouse,14,2,0.2948038711959772,0.02718189033738162,2.0423427914859698
no_controller,57,11,1.20027290415505,0.14950039685559893,2.0085184060924473
found boring,23,4,0.4843206455362482,0.05436378067476324,2.001536790798884
snkrx,23,4,0.4843206455362482,0.05436378067476324,2.001536790798884
giving away,18,3,0.3790335486805421,0.040772835506072434,1.9910564557851416
necessarily mean,18,3,0.3790335486805421,0.040772835506072434,1.9910564557851416
boring combat,18,3,0.3790335486805421,0.040772835506072434,1.9910564557851416
away without,18,3,0.3790335486805421,0.040772835506072434,1.9910564557851416
mouse control,13,2,0.273746451824836,0.02718189033738162,1.9733478436452625
able kill,13,2,0.273746451824836,0.02718189033738162,1.9733478436452625
indicates,13,2,0.273746451824836,0.02718189033738162,1.9733478436452625
options menu,22,4,0.463263226165107,0.05436378067476324,1.9589750999875282
failed appeal,44,9,0.926526452330214,0.1223185065182173,1.9370351410076392
ultrawide,26,5,0.547492903649672,0.06795472584345405,1.9370031520898117
appeal million,43,9,0.9054690329590728,0.1223185065182173,1.9145602086724782
nope worth,21,4,0.44220580679396576,0.05436378067476324,1.9145212610284474
bored minutes,12,2,0.25268903245369473,0.02718189033738162,1.8992377951420956
crashed twice,12,2,0.25268903245369473,0.02718189033738162,1.8992377951420956
low res,12,2,0.25268903245369473,0.02718189033738162,1.8992377951420956
mouse click,12,2,0.25268903245369473,0.02718189033738162,1.8992377951420956
not_run,12,2,0.25268903245369473,0.02718189033738162,1.8992377951420956
move mouse,12,2,0.25268903245369473,0.02718189033738162,1.8992377951420956
deluxe,12,2,0.25268903245369473,0.02718189033738162,1.8992377951420956
was_not fun,42,9,0.8844116135879315,0.1223185065182173,1.891568613968989
res,29,6,0.6106651617630956,0.08154567101214487,1.8882178703858674
less hour,29,6,0.6106651617630956,0.08154567101214487,1.8882178703858674
ultrakill,29,6,0.6106651617630956,0.08154567101214487,1.8882178703858674
gore,16,3,0.3369187099382597,0.040772835506072434,1.8798266679372233
golden light,20,4,0.42114838742282457,0.05436378067476324,1.867999169009618
mislead,32,7,0.6738374198765194,0.09513661618083569,1.8500015400681455
steam steamdb,43,10,0.9054690329590728,0.1359094516869081,1.819248682084039
fov,39,9,0.8212393554745079,0.1223185065182173,1.8192417229788624
retro pixel,27,6,0.5685503230208131,0.08154567101214487,1.8192208460663721
hawk,27,6,0.5685503230208131,0.08154567101214487,1.8192208460663721
index,19,4,0.40009096805168337,0.05436378067476324,1.819206928460563
movement clunky,19,4,0.40009096805168337,0.05436378067476324,1.819206928460563
minimalistic,15,3,0.3158612905671184,0.040772835506072434,1.8191999697584098
not_my type,15,3,0.3158612905671184,0.040772835506072434,1.8191999697584098
change settings,11,2,0.2316316130825535,0.02718189033738162,1.8191930111234242
past tutorial,11,2,0.2316316130825535,0.02718189033738162,1.8191930111234242
graphics bad,11,2,0.2316316130825535,0.02718189033738162,1.8191930111234242
want right,11,2,0.2316316130825535,0.02718189033738162,1.8191930111234242
access needs,11,2,0.2316316130825535,0.02718189033738162,1.8191930111234242
remap,26,6,0.547492903649672,0.08154567101214487,1.7828511254856938
tony hawk,26,6,0.547492903649672,0.08154567101214487,1.7828511254856938
work steam,18,4,0.3790335486805421,0.05436378067476324,1.7679115576976994
controls bad,18,4,0.3790335486805421,0.05436378067476324,1.7679115576976994
away enemies,18,4,0.3790335486805421,0.05436378067476324,1.7679115576976994
flashlight,18,4,0.3790335486805421,0.05436378067476324,1.7679115576976994
newgrounds,18,4,0.3790335486805421,0.05436378067476324,1.7679115576976994
lethal company,143,37,3.0112109700731957,0.50286497124156,1.7653527666134803
full screen,33,8,0.6948948392476605,0.10872756134952648,1.7620721972166304
decided refund,14,3,0.2948038711959772,0.040772835506072434,1.7546593722627701
unrealistic price,14,3,0.2948038711959772,0.040772835506072434,1.7546593722627701
shopkeeper,14,3,0.2948038711959772,0.040772835506072434,1.7546593722627701
proton,14,3,0.2948038711959772,0.040772835506072434,1.7546593722627701
block dodge,14,3,0.2948038711959772,0.040772835506072434,1.7546593722627701
bloom,14,3,0.2948038711959772,0.040772835506072434,1.7546593722627701
issues coupled,14,3,0.2948038711959772,0.040772835506072434,1.7546593722627701
mislead gamers,25,6,0.5264354842785307,0.08154567101214487,1.7451087210973526
bad controls,25,6,0.5264354842785307,0.08154567101214487,1.7451087210973526
sam,25,6,0.5264354842785307,0.08154567101214487,1.7451087210973526
nothing explained,25,6,0.5264354842785307,0.08154567101214487,1.7451087210973526
no_tutorial,54,14,1.1371006460416262,0.19027323236167137,1.7322547594910844
away bearing,32,8,0.6738374198765194,0.10872756134952648,1.7322171576312755
overall visual,10,2,0.21057419371141228,0.02718189033738162,1.7321795577929713
shoddy,10,2,0.21057419371141228,0.02718189033738162,1.7321795577929713
recommend free,10,2,0.21057419371141228,0.02718189033738162,1.7321795577929713
not_smooth,10,2,0.21057419371141228,0.02718189033738162,1.7321795577929713
another vampire,10,2,0.21057419371141228,0.02718189033738162,1.7321795577929713
similar better,10,2,0.21057419371141228,0.02718189033738162,1.7321795577929713
fun wanted,10,2,0.21057419371141228,0.02718189033738162,1.7321795577929713
no_voice,17,4,0.35797612930940087,0.05436378067476324,1.7138422600564205
joystick,31,8,0.652780000505378,0.10872756134952648,1.7014434225331598
stick shooter,27,7,0.5685503230208131,0.09513661618083569,1.685688106663175
crossplay,20,5,0.42114838742282457,0.06795472584345405,1.6856762654406179
coupled unrealistic,13,3,0.273746451824836,0.040772835506072434,1.6856644244220629
defects quality,13,3,0.273746451824836,0.040772835506072434,1.6856644244220629
another minutes,13,3,0.273746451824836,0.040772835506072434,1.6856644244220629
anticipated,13,3,0.273746451824836,0.040772835506072434,1.6856644244220629
muzzle,23,6,0.4843206455362482,0.08154567101214487,1.6650618606257659
unbiased,23,6,0.4843206455362482,0.08154567101214487,1.6650618606257659
lethal,160,46,3.3691870993825965,0.6251834777597773,1.6644055765897736
requested,81,23,1.7056509690624395,0.31259173887988867,1.6616811389111188
controllers,50,14,1.0528709685570614,0.19027323236167137,1.6567389009039264
nudity,16,4,0.3369187099382597,0.05436378067476324,1.656681769849781
muzzle flash,16,4,0.3369187099382597,0.05436378067476324,1.656681769849781
controller support,134,39,2.821694195732925,0.5300468615789417,1.6494995653815163
font,53,15,1.1160432266704852,0.20386417753036218,1.6493636763659119
asked refund,26,7,0.547492903649672,0.09513661618083569,1.6493183860824967
beat minutes,19,5,0.40009096805168337,0.06795472584345405,1.6368840248915628
belief,22,6,0.463263226165107,0.08154567101214487,1.6225001698144101
giveaway,22,6,0.463263226165107,0.08154567101214487,1.6225001698144101
mullet,22,6,0.463263226165107,0.08154567101214487,1.6225001698144101
following url,22,6,0.463263226165107,0.08154567101214487,1.6225001698144101
hearthstone,22,6,0.463263226165107,0.08154567101214487,1.6225001698144101
quote please,22,6,0.463263226165107,0.08154567101214487,1.6225001698144101
refund request,12,3,0.25268903245369473,0.040772835506072434,1.611554375918896
cartoony,12,3,0.25268903245369473,0.040772835506072434,1.611554375918896
teaching,12,3,0.25268903245369473,0.040772835506072434,1.611554375918896
onboarding,12,3,0.25268903245369473,0.040772835506072434,1.611554375918896
mouse button,28,8,0.5896077423919543,0.10872756134952648,1.6029971204516915
alt tab,15,4,0.3158612905671184,0.05436378067476324,1.5960550716709676
bullet heavens,15,4,0.3158612905671184,0.05436378067476324,1.5960550716709676
could_not past,15,4,0.3158612905671184,0.05436378067476324,1.5960550716709676
pixelcrap art,15,4,0.3158612905671184,0.05436378067476324,1.5960550716709676
motion sickness,34,10,0.7159522586188017,0.1359094516869081,1.5903884215013004
sickness,37,11,0.7791245167322254,0.14950039685559893,1.585620025308538
colorblind,18,5,0.3790335486805421,0.06795472584345405,1.5855886541286992
originality,18,5,0.3790335486805421,0.06795472584345405,1.5855886541286992
rudimentary,18,5,0.3790335486805421,0.06795472584345405,1.5855886541286992
unpaid providing,21,6,0.44220580679396576,0.08154567101214487,1.5780463308553294
giveaway events,21,6,0.44220580679396576,0.08154567101214487,1.5780463308553294
range genres,21,6,0.44220580679396576,0.08154567101214487,1.5780463308553294
mainstream,21,6,0.44220580679396576,0.08154567101214487,1.5780463308553294
opinions regular,21,6,0.44220580679396576,0.08154567101214487,1.5780463308553294
url cover,21,6,0.44220580679396576,0.08154567101214487,1.5780463308553294
genres paid,21,6,0.44220580679396576,0.08154567101214487,1.5780463308553294
events quote,21,6,0.44220580679396576,0.08154567101214487,1.5780463308553294
solar,21,6,0.44220580679396576,0.08154567101214487,1.5780463308553294
regular giveaway,21,6,0.44220580679396576,0.08154567101214487,1.5780463308553294
less minutes,21,6,0.44220580679396576,0.08154567101214487,1.5780463308553294
unbiased opinions,21,6,0.44220580679396576,0.08154567101214487,1.5780463308553294
providing unbiased,21,6,0.44220580679396576,0.08154567101214487,1.5780463308553294
paid unpaid,21,6,0.44220580679396576,0.08154567101214487,1.5780463308553294
cover wide,21,6,0.44220580679396576,0.08154567101214487,1.5780463308553294
monitor,57,18,1.20027290415505,0.2446370130364346,1.548976649161716
english translation,47,15,0.9896987104436378,0.20386417753036218,1.5315681816427542
minutes gameplay,26,8,0.547492903649672,0.10872756134952648,1.5315340036456266
radar,26,8,0.547492903649672,0.10872756134952648,1.5315340036456266
flashes,23,7,0.4843206455362482,0.09513661618083569,1.5315291212225688
handheld,23,7,0.4843206455362482,0.09513661618083569,1.5315291212225688
transactions,17,5,0.35797612930940087,0.06795472584345405,1.5315193564874203
ssd,17,5,0.35797612930940087,0.06795472584345405,1.5315193564874203
not_optimized,14,4,0.2948038711959772,0.05436378067476324,1.531514474175328
repetitive music,11,3,0.2316316130825535,0.040772835506072434,1.5315095919002246
graphics gameplay,11,3,0.2316316130825535,0.040772835506072434,1.5315095919002246
might try,11,3,0.2316316130825535,0.040772835506072434,1.5315095919002246
settings menu,11,3,0.2316316130825535,0.040772835506072434,1.5315095919002246
graphic settings,11,3,0.2316316130825535,0.040772835506072434,1.5315095919002246
plugged,11,3,0.2316316130825535,0.040772835506072434,1.5315095919002246
grammatical,11,3,0.2316316130825535,0.040772835506072434,1.5315095919002246
tell anything,11,3,0.2316316130825535,0.040772835506072434,1.5315095919002246
worse gameplay,11,3,0.2316316130825535,0.040772835506072434,1.5315095919002246
paid reviews,11,3,0.2316316130825535,0.040772835506072434,1.5315095919002246
controls terrible,11,3,0.2316316130825535,0.040772835506072434,1.5315095919002246
early acces,11,3,0.2316316130825535,0.040772835506072434,1.5315095919002246
left handed,11,3,0.2316316130825535,0.040772835506072434,1.5315095919002246
downloading,99,33,2.0846845177429816,0.44850119056679677,1.511849295495173
tutorial,670,228,14.108470978664624,3.098735498461505,1.5090106139692603
control scheme,37,12,0.7791245167322254,0.16309134202428974,1.505575970847259
url page,22,7,0.463263226165107,0.09513661618083569,1.488967430411213
change resolution,19,6,0.40009096805168337,0.08154567101214487,1.482731998287445
isnt worth,16,5,0.3369187099382597,0.06795472584345405,1.474358866280781
though free,44,15,0.926526452330214,0.20386417753036218,1.4670234310300057
blurry,27,9,0.5685503230208131,0.1223185065182173,1.4625418617861765
defects push,13,4,0.273746451824836,0.05436378067476324,1.4625195263346207
despite bad,13,4,0.273746451824836,0.05436378067476324,1.4625195263346207
use controller,13,4,0.273746451824836,0.05436378067476324,1.4625195263346207
runs poorly,13,4,0.273746451824836,0.05436378067476324,1.4625195263346207
standards modern,13,4,0.273746451824836,0.05436378067476324,1.4625195263346207
sounds fun,13,4,0.273746451824836,0.05436378067476324,1.4625195263346207
push acceptable,13,4,0.273746451824836,0.05436378067476324,1.4625195263346207
excited try,13,4,0.273746451824836,0.05436378067476324,1.4625195263346207
hard master,13,4,0.273746451824836,0.05436378067476324,1.4625195263346207
acceptable standards,13,4,0.273746451824836,0.05436378067476324,1.4625195263346207
bird,24,8,0.5053780649073895,0.10872756134952648,1.454568809702824
steam page,24,8,0.5053780649073895,0.10872756134952648,1.454568809702824
million gamers,46,16,0.9686412910724964,0.21745512269905296,1.44988672733745
buckshot,32,11,0.6738374198765194,0.14950039685559893,1.4445310448271478
art assets,10,3,0.21057419371141228,0.040772835506072434,1.4444961385697717
gameplay rather,10,3,0.21057419371141228,0.040772835506072434,1.4444961385697717
revisit future,10,3,0.21057419371141228,0.040772835506072434,1.4444961385697717
dodge button,10,3,0.21057419371141228,0.040772835506072434,1.4444961385697717
happiness,29,10,0.6106651617630956,0.1359094516869081,1.4362273595172326
pathfinder,26,9,0.547492903649672,0.1223185065182173,1.4261721412054982
xbox,61,22,1.284502581639615,0.29900079371119787,1.4246157058847828
gaming industry,23,8,0.4843206455362482,0.10872756134952648,1.4137447387856987
lowest settings,15,5,0.3158612905671184,0.06795472584345405,1.4137321681019674
till dawn,15,5,0.3158612905671184,0.06795472584345405,1.4137321681019674
free mobile,15,5,0.3158612905671184,0.06795472584345405,1.4137321681019674
heads row,15,5,0.3158612905671184,0.06795472584345405,1.4137321681019674
gamers steam,52,19,1.094985807299344,0.2582279582051254,1.4075205283267636
mouse keyboard,52,19,1.094985807299344,0.2582279582051254,1.4075205283267636
scary,44,16,0.926526452330214,0.21745512269905296,1.406397462418571
use mouse,28,10,0.5896077423919543,0.1359094516869081,1.4023237314231238
bind,20,7,0.42114838742282457,0.09513661618083569,1.397991499433303
free add,46,17,0.9686412910724964,0.2310460678677438,1.3927269667006907
twin stick,51,19,1.0739283879282027,0.2582279582051254,1.3884702568384721
poorly optimized,25,9,0.5264354842785307,0.1223185065182173,1.388429736817157
hard understand,25,9,0.5264354842785307,0.1223185065182173,1.388429736817157
valley succeeded,12,4,0.25268903245369473,0.05436378067476324,1.3884094778314537
combat little,12,4,0.25268903245369473,0.05436378067476324,1.3884094778314537
became mainstream,12,4,0.25268903245369473,0.05436378067476324,1.3884094778314537
literally anything,12,4,0.25268903245369473,0.05436378067476324,1.3884094778314537
terraria stardew,12,4,0.25268903245369473,0.05436378067476324,1.3884094778314537
fortnite,12,4,0.25268903245369473,0.05436378067476324,1.3884094778314537
gamers terraria,12,4,0.25268903245369473,0.05436378067476324,1.3884094778314537
learn hard,12,4,0.25268903245369473,0.05436378067476324,1.3884094778314537
no_weight,12,4,0.25268903245369473,0.05436378067476324,1.3884094778314537
piece crap,12,4,0.25268903245369473,0.05436378067476324,1.3884094778314537
ps5,12,4,0.25268903245369473,0.05436378067476324,1.3884094778314537
graphics not_because,12,4,0.25268903245369473,0.05436378067476324,1.3884094778314537
enough least,12,4,0.25268903245369473,0.05436378067476324,1.3884094778314537
decent gameplay,12,4,0.25268903245369473,0.05436378067476324,1.3884094778314537
trailer,100,38,2.105741937114123,0.5164559164102508,1.384593847403064
keyboard mouse,48,18,1.010756129814779,0.2446370130364346,1.380335248028743
advertisement,48,18,1.010756129814779,0.2446370130364346,1.380335248028743
ngl,17,6,0.35797612930940087,0.08154567101214487,1.3773673298833025
cents,17,6,0.35797612930940087,0.08154567101214487,1.3773673298833025
backrooms,17,6,0.35797612930940087,0.08154567101214487,1.3773673298833025
bindings,17,6,0.35797612930940087,0.08154567101214487,1.3773673298833025
library downloading,45,17,0.9475838717013553,0.2310460678677438,1.3712186849880013
mind free,45,17,0.9475838717013553,0.2310460678677438,1.3712186849880013
count bother,45,17,0.9475838717013553,0.2310460678677438,1.3712186849880013
mouse,478,187,10.065446459405507,2.5415067465451813,1.3688782235840016
please consider,27,10,0.5685503230208131,0.1359094516869081,1.3672303351977373
might fun,37,14,0.7791245167322254,0.19027323236167137,1.3624724336256584
fullscreen,42,16,0.8844116135879315,0.21745512269905296,1.3609309353799208
steamdeck,59,23,1.2423877428973324,0.31259173887988867,1.3492607687268041
showed peaked,44,17,0.926526452330214,0.2310460678677438,1.3492377017818118
cost money,44,17,0.926526452330214,0.2310460678677438,1.3492377017818118
steamdb showed,44,17,0.926526452330214,0.2310460678677438,1.3492377017818118
bodies,24,9,0.5053780649073895,0.1223185065182173,1.3492069472626955
better graphics,19,7,0.40009096805168337,0.09513661618083569,1.3491992588842479
marketplace,14,5,0.2948038711959772,0.06795472584345405,1.3491915706063278
mic,14,5,0.2948038711959772,0.06795472584345405,1.3491915706063278
pre alpha,14,5,0.2948038711959772,0.06795472584345405,1.3491915706063278
hit kill,14,5,0.2948038711959772,0.06795472584345405,1.3491915706063278
survival crafting,14,5,0.2948038711959772,0.06795472584345405,1.3491915706063278
unity asset,14,5,0.2948038711959772,0.06795472584345405,1.3491915706063278
mimic,76,30,1.6003638722067335,0.40772835506072436,1.3428141284885644
add collector,51,20,1.0739283879282027,0.2718189033738162,1.3396787458667863
bother adding,46,18,0.9686412910724964,0.2446370130364346,1.3386583986317877
controller,561,228,11.813212267210229,3.098735498461505,1.331516721081499
couldnt,43,17,0.9054690329590728,0.2310460678677438,1.3267627694466508
gamepad,50,20,1.0528709685570614,0.2718189033738162,1.3202585834963987
distinguish,33,13,0.6948948392476605,0.17668228719298057,1.3202327110079448
prologue,79,32,1.663536130320157,0.4349102453981059,1.3185185205703398
adding library,45,18,0.9475838717013553,0.2446370130364346,1.3171501169190982
unresponsive,52,21,1.094985807299344,0.28540984854250706,1.3122076549161168
consider following,23,9,0.4843206455362482,0.1223185065182173,1.3083828763455703
acces,11,4,0.2316316130825535,0.05436378067476324,1.3083646938127824
begs,11,4,0.2316316130825535,0.05436378067476324,1.3083646938127824
gameplay gameplay,11,4,0.2316316130825535,0.05436378067476324,1.3083646938127824
another steam,11,4,0.2316316130825535,0.05436378067476324,1.3083646938127824
good better,11,4,0.2316316130825535,0.05436378067476324,1.3083646938127824
mashed,11,4,0.2316316130825535,0.05436378067476324,1.3083646938127824
mouse sensitivity,11,4,0.2316316130825535,0.05436378067476324,1.3083646938127824
lacklustre visuals,11,4,0.2316316130825535,0.05436378067476324,1.3083646938127824
backing,11,4,0.2316316130825535,0.05436378067476324,1.3083646938127824
headaches,11,4,0.2316316130825535,0.05436378067476324,1.3083646938127824
unplayable due,11,4,0.2316316130825535,0.05436378067476324,1.3083646938127824
muddy,11,4,0.2316316130825535,0.05436378067476324,1.3083646938127824
bad guys,11,4,0.2316316130825535,0.05436378067476324,1.3083646938127824
devices,18,7,0.3790335486805421,0.09513661618083569,1.2979038881213842
derivative,18,7,0.3790335486805421,0.09513661618083569,1.2979038881213842
tiny rogues,18,7,0.3790335486805421,0.09513661618083569,1.2979038881213842
startup,18,7,0.3790335486805421,0.09513661618083569,1.2979038881213842
unity,82,34,1.7267083884335808,0.4620921357354876,1.2964955299445897
within minutes,39,16,0.8212393554745079,0.21745512269905296,1.2886040443897944
bearing mind,46,19,0.9686412910724964,0.2582279582051254,1.2873637574437975
skating,27,11,0.5685503230208131,0.14950039685559893,1.2802176114221773
reskin,27,11,0.5685503230208131,0.14950039685559893,1.2802176114221773
behind dlc,20,8,0.42114838742282457,0.10872756134952648,1.2802071169964329
action points,13,5,0.273746451824836,0.06795472584345405,1.2801966227656205
succeeded despite,13,5,0.273746451824836,0.06795472584345405,1.2801966227656205
seemed fun,13,5,0.273746451824836,0.06795472584345405,1.2801966227656205
menu screen,13,5,0.273746451824836,0.06795472584345405,1.2801966227656205
graphics hard,13,5,0.273746451824836,0.06795472584345405,1.2801966227656205
issue fixed,13,5,0.273746451824836,0.06795472584345405,1.2801966227656205
claustrophobic,13,5,0.273746451824836,0.06795472584345405,1.2801966227656205
nauseating,13,5,0.273746451824836,0.06795472584345405,1.2801966227656205
might come,13,5,0.273746451824836,0.06795472584345405,1.2801966227656205
thought cool,13,5,0.273746451824836,0.06795472584345405,1.2801966227656205
no_ultrawide,13,5,0.273746451824836,0.06795472584345405,1.2801966227656205
quality issues,13,5,0.273746451824836,0.06795472584345405,1.2801966227656205
real graphics,13,5,0.273746451824836,0.06795472584345405,1.2801966227656205
volume,50,21,1.0528709685570614,0.28540984854250706,1.2737372210574378
mimics,68,29,1.4319045172376035,0.39413740989203355,1.2658897680275611
click click,22,9,0.463263226165107,0.1223185065182173,1.2658211855342145
doesnt work,22,9,0.463263226165107,0.1223185065182173,1.2658211855342145
covering,22,9,0.463263226165107,0.1223185065182173,1.2658211855342145
unrealistic,22,9,0.463263226165107,0.1223185065182173,1.2658211855342145
unpaid,22,9,0.463263226165107,0.1223185065182173,1.2658211855342145
esc,22,9,0.463263226165107,0.1223185065182173,1.2658211855342145
street,15,6,0.3158612905671184,0.08154567101214487,1.2595801414978496
requesting refund,15,6,0.3158612905671184,0.08154567101214487,1.2595801414978496
minimap,15,6,0.3158612905671184,0.08154567101214487,1.2595801414978496
seizure,15,6,0.3158612905671184,0.08154567101214487,1.2595801414978496
too_basic,15,6,0.3158612905671184,0.08154567101214487,1.2595801414978496
minutes till,15,6,0.3158612905671184,0.08154567101214487,1.2595801414978496
under hour,15,6,0.3158612905671184,0.08154567101214487,1.2595801414978496
cursor,101,44,2.126799356485264,0.5980015874223957,1.2513392958867868
rebind,42,18,0.8844116135879315,0.2446370130364346,1.2497026066742585
within hour,26,11,0.547492903649672,0.14950039685559893,1.243847890841499
lighting,26,11,0.547492903649672,0.14950039685559893,1.243847890841499
isometric,26,11,0.547492903649672,0.14950039685559893,1.243847890841499
arrow keys,17,7,0.35797612930940087,0.09513661618083569,1.2438345904801054
clunky controls,17,7,0.35797612930940087,0.09513661618083569,1.2438345904801054
beat try,17,7,0.35797612930940087,0.09513661618083569,1.2438345904801054
boring slow,17,7,0.35797612930940087,0.09513661618083569,1.2438345904801054
sloppy,39,17,0.8212393554745079,0.2310460678677438,1.231444283753035
dawn,30,13,0.6317225811342368,0.17668228719298057,1.2278531615828445
resolution,158,71,3.327072260640314,0.9649571069770476,1.225349070732113
humble bundle,21,9,0.44220580679396576,0.1223185065182173,1.2213673465751338
experimental,10,4,0.21057419371141228,0.05436378067476324,1.2213512404823295
controls work,10,4,0.21057419371141228,0.05436378067476324,1.2213512404823295
worse original,10,4,0.21057419371141228,0.05436378067476324,1.2213512404823295
not_much fun,10,4,0.21057419371141228,0.05436378067476324,1.2213512404823295
slow gameplay,10,4,0.21057419371141228,0.05436378067476324,1.2213512404823295
anything fun,10,4,0.21057419371141228,0.05436378067476324,1.2213512404823295
clunky slow,10,4,0.21057419371141228,0.05436378067476324,1.2213512404823295
not_refunding,10,4,0.21057419371141228,0.05436378067476324,1.2213512404823295
cheaply,10,4,0.21057419371141228,0.05436378067476324,1.2213512404823295
sure great,10,4,0.21057419371141228,0.05436378067476324,1.2213512404823295
fun never,10,4,0.21057419371141228,0.05436378067476324,1.2213512404823295
janky,148,67,3.1164980669289015,0.9105933263022844,1.2175342063119778
inscryption,34,15,0.7159522586188017,0.20386417753036218,1.2156882381121061
bearing,47,21,0.9896987104436378,0.28540984854250706,1.2131063697270204
survivors clone,23,10,0.4843206455362482,0.1359094516869081,1.213071349757131
seems cool,23,10,0.4843206455362482,0.1359094516869081,1.213071349757131
flash,129,59,2.716407098877218,0.8018657649527579,1.2062568078621556
store page,90,41,1.8951677434027105,0.5572287519163233,1.206200057357508
wide range,25,11,0.5264354842785307,0.14950039685559893,1.2061054864531577
hit boxes,25,11,0.5264354842785307,0.14950039685559893,1.2061054864531577
moba,25,11,0.5264354842785307,0.14950039685559893,1.2061054864531577
major deterrent,12,5,0.25268903245369473,0.06795472584345405,1.2060865742624536
not_impressed,12,5,0.25268903245369473,0.06795472584345405,1.2060865742624536
shading,12,5,0.25268903245369473,0.06795472584345405,1.2060865742624536
axis,12,5,0.25268903245369473,0.06795472584345405,1.2060865742624536
decision major,12,5,0.25268903245369473,0.06795472584345405,1.2060865742624536
music repetitive,12,5,0.25268903245369473,0.06795472584345405,1.2060865742624536
tiktok,12,5,0.25268903245369473,0.06795472584345405,1.2060865742624536
keyboard controller,12,5,0.25268903245369473,0.06795472584345405,1.2060865742624536
controls,800,371,16.845935496912983,5.0422406575842915,1.2010082389390746
directional,27,12,0.5685503230208131,0.16309134202428974,1.2001735569608982
another try,27,12,0.5685503230208131,0.16309134202428974,1.2001735569608982
program,42,19,0.8844116135879315,0.2582279582051254,1.1984079654862683
froze,29,13,0.6106651617630956,0.17668228719298057,1.1950612623371146
character creation,14,6,0.2948038711959772,0.08154567101214487,1.19503954400221
paint dry,14,6,0.2948038711959772,0.08154567101214487,1.19503954400221
art instead,14,6,0.2948038711959772,0.08154567101214487,1.19503954400221
refund,787,370,16.572189045088148,5.028649712415601,1.1873114844477541
streamer,16,7,0.3369187099382597,0.09513661618083569,1.186674100273466
morsels,16,7,0.3369187099382597,0.09513661618083569,1.186674100273466
boring nothing,16,7,0.3369187099382597,0.09513661618083569,1.186674100273466
heavens,16,7,0.3369187099382597,0.09513661618083569,1.186674100273466
instead real,16,7,0.3369187099382597,0.09513661618083569,1.186674100273466
gpu,86,40,1.8109380659181455,0.5436378067476324,1.185339261214672
ripoff,52,24,1.094985807299344,0.3261826840485795,1.184370242983146
peaked concurrent,37,17,0.7791245167322254,0.2310460678677438,1.1801468364467098
players dismal,37,17,0.7791245167322254,0.2310460678677438,1.1801468364467098
combat clunky,18,8,0.3790335486805421,0.10872756134952648,1.1801195056845142
wasd,58,27,1.2213303235261912,0.36695551955465194,1.178295506786462
unreadable,20,9,0.42114838742282457,0.1223185065182173,1.1748452545563044
mapping,20,9,0.42114838742282457,0.1223185065182173,1.1748452545563044
memes,20,9,0.42114838742282457,0.1223185065182173,1.1748452545563044
hour half,20,9,0.42114838742282457,0.1223185065182173,1.1748452545563044
too_simple,45,21,0.9475838717013553,0.28540984854250706,1.1705426023204613
girls,22,10,0.463263226165107,0.1359094516869081,1.1705096589457753
buckshot roulette,22,10,0.463263226165107,0.1359094516869081,1.1705096589457753
fun minutes,22,10,0.463263226165107,0.1359094516869081,1.1705096589457753
poor execution,22,10,0.463263226165107,0.1359094516869081,1.1705096589457753
dismal,47,22,0.9896987104436378,0.29900079371119787,1.1686532603503057
no_options,24,11,0.5053780649073895,0.14950039685559893,1.1668826968986963
using controller,24,11,0.5053780649073895,0.14950039685559893,1.1668826968986963
visibility,51,24,1.0739283879282027,0.3261826840485795,1.1653199714948546
request refund,26,12,0.547492903649672,0.16309134202428974,1.16380383638022
ram,55,26,1.1581580654127674,0.35336457438596114,1.1624725149842483
selling point,30,14,0.6317225811342368,0.19027323236167137,1.1588589433045229
typing,69,33,1.4529619366087447,0.44850119056679677,1.1551120518241014
reception bad,36,17,0.7580670973610842,0.2310460678677438,1.1534765129116291
bad could_not,38,18,0.8001819361033667,0.2446370130364346,1.1520558312382985
request,44,21,0.926526452330214,0.28540984854250706,1.1485616191142718
dismal public,44,21,0.926526452330214,0.28540984854250706,1.1485616191142718
scrolling,46,22,0.9686412910724964,0.29900079371119787,1.147597774656436
defects,37,18,0.7791245167322254,0.2446370130364346,1.1260782683778068
could_not away,37,18,0.7791245167322254,0.2446370130364346,1.1260782683778068
launching,29,14,0.6106651617630956,0.19027323236167137,1.126067044058793
tony,29,14,0.6106651617630956,0.19027323236167137,1.126067044058793
neon,27,13,0.5685503230208131,0.17668228719298057,1.1260642380176193
dogs,25,12,0.5264354842785307,0.16309134202428974,1.1260614319918787
grip,23,11,0.4843206455362482,0.14950039685559893,1.126058625981571
pay win,23,11,0.4843206455362482,0.14950039685559893,1.126058625981571
recruit,23,11,0.4843206455362482,0.14950039685559893,1.126058625981571
mac,21,10,0.44220580679396576,0.1359094516869081,1.1260558199866946
snail,21,10,0.44220580679396576,0.1359094516869081,1.1260558199866946
visual clarity,19,9,0.40009096805168337,0.1223185065182173,1.1260530140072493
pictures,19,9,0.40009096805168337,0.1223185065182173,1.1260530140072493
competing,19,9,0.40009096805168337,0.1223185065182173,1.1260530140072493
deadzone,19,9,0.40009096805168337,0.1223185065182173,1.1260530140072493
slapped together,17,8,0.35797612930940087,0.10872756134952648,1.1260502080432353
technical defects,17,8,0.35797612930940087,0.10872756134952648,1.1260502080432353
minecraft,17,8,0.35797612930940087,0.10872756134952648,1.1260502080432353
wannabe,17,8,0.35797612930940087,0.10872756134952648,1.1260502080432353
choppy,17,8,0.35797612930940087,0.10872756134952648,1.1260502080432353
requesting,17,8,0.35797612930940087,0.10872756134952648,1.1260502080432353
boomer,17,8,0.35797612930940087,0.10872756134952648,1.1260502080432353
black hole,15,7,0.3158612905671184,0.09513661618083569,1.1260474020946525
slow movement,15,7,0.3158612905671184,0.09513661618083569,1.1260474020946525
ducks,15,7,0.3158612905671184,0.09513661618083569,1.1260474020946525
spooky,15,7,0.3158612905671184,0.09513661618083569,1.1260474020946525
aging,13,6,0.273746451824836,0.08154567101214487,1.1260445961615027
next wave,13,6,0.273746451824836,0.08154567101214487,1.1260445961615027
given defects,13,6,0.273746451824836,0.08154567101214487,1.1260445961615027
task manager,13,6,0.273746451824836,0.08154567101214487,1.1260445961615027
curator url,13,6,0.273746451824836,0.08154567101214487,1.1260445961615027
sounds cool,13,6,0.273746451824836,0.08154567101214487,1.1260445961615027
kidding,13,6,0.273746451824836,0.08154567101214487,1.1260445961615027
adults,13,6,0.273746451824836,0.08154567101214487,1.1260445961615027
gameplay clunky,13,6,0.273746451824836,0.08154567101214487,1.1260445961615027
dated,13,6,0.273746451824836,0.08154567101214487,1.1260445961615027
no_ultrawide support,11,5,0.2316316130825535,0.06795472584345405,1.1260417902437823
enticing,11,5,0.2316316130825535,0.06795472584345405,1.1260417902437823
fan genre,11,5,0.2316316130825535,0.06795472584345405,1.1260417902437823
visuals could_not,11,5,0.2316316130825535,0.06795472584345405,1.1260417902437823
not_what expected,11,5,0.2316316130825535,0.06795472584345405,1.1260417902437823
set apart,11,5,0.2316316130825535,0.06795472584345405,1.1260417902437823
job explaining,11,5,0.2316316130825535,0.06795472584345405,1.1260417902437823
not_fit,11,5,0.2316316130825535,0.06795472584345405,1.1260417902437823
monitors,11,5,0.2316316130825535,0.06795472584345405,1.1260417902437823
not_convinced,11,5,0.2316316130825535,0.06795472584345405,1.1260417902437823
hour playtime,11,5,0.2316316130825535,0.06795472584345405,1.1260417902437823
tearing,11,5,0.2316316130825535,0.06795472584345405,1.1260417902437823
currently unplayable,11,5,0.2316316130825535,0.06795472584345405,1.1260417902437823
weightless,11,5,0.2316316130825535,0.06795472584345405,1.1260417902437823
right trigger,11,5,0.2316316130825535,0.06795472584345405,1.1260417902437823
not_bad not_good,11,5,0.2316316130825535,0.06795472584345405,1.1260417902437823
creating visuals,11,5,0.2316316130825535,0.06795472584345405,1.1260417902437823
stuck loading,11,5,0.2316316130825535,0.06795472584345405,1.1260417902437823
sleeping,11,5,0.2316316130825535,0.06795472584345405,1.1260417902437823
simple boring,11,5,0.2316316130825535,0.06795472584345405,1.1260417902437823
scheme,60,30,1.2634451622684737,0.40772835506072436,1.10984934538825
audio,168,85,3.537646454351726,1.1552303393387189,1.1086643194651478
stiff,50,25,1.0528709685570614,0.3397736292172703,1.1066777491598625
peaked,46,23,0.9686412910724964,0.31259173887988867,1.1050368134299458
flipping,32,16,0.6738374198765194,0.21745512269905296,1.096217616602079
smash,32,16,0.6738374198765194,0.21745512269905296,1.096217616602079
ugly,96,49,2.021512259629558,0.6659563132658497,1.0956998275905345
kids,61,31,1.284502581639615,0.4213193002294151,1.0943618976796472
supports,30,15,0.6317225811342368,0.20386417753036218,1.0943190753737682
proof concept,28,14,0.5896077423919543,0.19027323236167137,1.0921634159646842
stolen,28,14,0.5896077423919543,0.19027323236167137,1.0921634159646842
linux,28,14,0.5896077423919543,0.19027323236167137,1.0921634159646842
keyboard,239,124,5.0327232297027535,1.6852772009176604,1.0855330348323147
intuitive,93,48,1.9583400015161343,0.652365368097159,1.0844814554204536
half hour,68,35,1.4319045172376035,0.4756830809041784,1.0835601302840416
blur,22,11,0.463263226165107,0.14950039685559893,1.0834969351702153
soulstone survivors,22,11,0.463263226165107,0.14950039685559893,1.0834969351702153
controls clunky,22,11,0.463263226165107,0.14950039685559893,1.0834969351702153
impossible recommend,20,10,0.42114838742282457,0.1359094516869081,1.0795337279678652
sensitivity,20,10,0.42114838742282457,0.1359094516869081,1.0795337279678652
cult,18,9,0.3790335486805421,0.1223185065182173,1.0747576432443857
could_not figure,18,9,0.3790335486805421,0.1223185065182173,1.0747576432443857
sliding,18,9,0.3790335486805421,0.1223185065182173,1.0747576432443857
cryptark,18,9,0.3790335486805421,0.1223185065182173,1.0747576432443857
death must,18,9,0.3790335486805421,0.1223185065182173,1.0747576432443857
bad graphics,18,9,0.3790335486805421,0.1223185065182173,1.0747576432443857
back day,18,9,0.3790335486805421,0.1223185065182173,1.0747576432443857
settings,328,173,6.906833553734323,2.3512335141835106,1.070329194707706
sworn,33,17,0.6948948392476605,0.2310460678677438,1.0689128955506746
magnet,16,8,0.3369187099382597,0.10872756134952648,1.068889717836596
not_my,110,58,2.316316130825535,0.7882748197840671,1.065021564502148
baffled,14,7,0.2948038711959772,0.09513661618083569,1.0615068045990128
recommend due,14,7,0.2948038711959772,0.09513661618083569,1.0615068045990128
graphics card,14,7,0.2948038711959772,0.09513661618083569,1.0615068045990128
full version,27,14,0.5685503230208131,0.19027323236167137,1.0570700197392977
seems good,27,14,0.5685503230208131,0.19027323236167137,1.0570700197392977
axe,27,14,0.5685503230208131,0.19027323236167137,1.0570700197392977
worse version,25,13,0.5264354842785307,0.17668228719298057,1.0519521130485998
graphically,25,13,0.5264354842785307,0.17668228719298057,1.0519521130485998
not_mean,12,6,0.25268903245369473,0.08154567101214487,1.0519345476583357
smg,12,6,0.25268903245369473,0.08154567101214487,1.0519345476583357
easy understand,12,6,0.25268903245369473,0.08154567101214487,1.0519345476583357
was_not able,12,6,0.25268903245369473,0.08154567101214487,1.0519345476583357
intel,12,6,0.25268903245369473,0.08154567101214487,1.0519345476583357
compromise,12,6,0.25268903245369473,0.08154567101214487,1.0519345476583357
read text,12,6,0.25268903245369473,0.08154567101214487,1.0519345476583357
belongs,12,6,0.25268903245369473,0.08154567101214487,1.0519345476583357
deterrent gamers,12,6,0.25268903245369473,0.08154567101214487,1.0519345476583357
nicer,12,6,0.25268903245369473,0.08154567101214487,1.0519345476583357
interesting mechanic,12,6,0.25268903245369473,0.08154567101214487,1.0519345476583357
needs little,12,6,0.25268903245369473,0.08154567101214487,1.0519345476583357
local,62,33,1.305560001010756,0.44850119056679677,1.0497370001205155
cup tea,60,32,1.2634451622684737,0.4349102453981059,1.0473262947606887
awkward,119,64,2.505832905165806,0.8698204907962118,1.0461438898202928
desktop,47,25,0.9896987104436378,0.3397736292172703,1.046046897829445
indie devs,23,12,0.4843206455362482,0.16309134202428974,1.046014571520292
impression,89,48,1.8741103240315693,0.652365368097159,1.0409880367289865
woke,32,17,0.6738374198765194,0.2310460678677438,1.0390578559653196
ror2,21,11,0.44220580679396576,0.14950039685559893,1.0390430962111346
fastest,21,11,0.44220580679396576,0.14950039685559893,1.0390430962111346
style substance,10,5,0.21057419371141228,0.06795472584345405,1.0390283369133293
loading times,10,5,0.21057419371141228,0.06795472584345405,1.0390283369133293
no_steam,10,5,0.21057419371141228,0.06795472584345405,1.0390283369133293
crime,10,5,0.21057419371141228,0.06795472584345405,1.0390283369133293
fully fleshed,10,5,0.21057419371141228,0.06795472584345405,1.0390283369133293
developer done,10,5,0.21057419371141228,0.06795472584345405,1.0390283369133293
concept art,10,5,0.21057419371141228,0.06795472584345405,1.0390283369133293
core combat,10,5,0.21057419371141228,0.06795472584345405,1.0390283369133293
tentacle,10,5,0.21057419371141228,0.06795472584345405,1.0390283369133293
too_old,10,5,0.21057419371141228,0.06795472584345405,1.0390283369133293
combat slow,10,5,0.21057419371141228,0.06795472584345405,1.0390283369133293
reskinned,10,5,0.21057419371141228,0.06795472584345405,1.0390283369133293
no_sound,10,5,0.21057419371141228,0.06795472584345405,1.0390283369133293
controller keyboard,10,5,0.21057419371141228,0.06795472584345405,1.0390283369133293
ripoff vampire,10,5,0.21057419371141228,0.06795472584345405,1.0390283369133293
dumpster,10,5,0.21057419371141228,0.06795472584345405,1.0390283369133293
second chance,10,5,0.21057419371141228,0.06795472584345405,1.0390283369133293
tries hard,10,5,0.21057419371141228,0.06795472584345405,1.0390283369133293
bad better,10,5,0.21057419371141228,0.06795472584345405,1.0390283369133293
enemies basically,10,5,0.21057419371141228,0.06795472584345405,1.0390283369133293
tea,72,39,1.5161341947221685,0.5300468615789417,1.0345554702308402
demos,30,16,0.6317225811342368,0.21745512269905296,1.0336931067623336
license,19,10,0.40009096805168337,0.1359094516869081,1.03074148741881
keybinds,19,10,0.40009096805168337,0.1359094516869081,1.03074148741881
combat boring,19,10,0.40009096805168337,0.1359094516869081,1.03074148741881
stood,19,10,0.40009096805168337,0.1359094516869081,1.03074148741881
soldiers,19,10,0.40009096805168337,0.1359094516869081,1.03074148741881
nvidia,19,10,0.40009096805168337,0.1359094516869081,1.03074148741881
company,193,106,4.064081938630257,1.440640187881226,1.0281658665040494
toggle,37,20,0.7791245167322254,0.2718189033738162,1.0259921162181307
retro,102,56,2.1478567758564053,0.7610929294466855,1.0246926072101843
cup,73,40,1.5371916140933097,0.5436378067476324,1.0234692394658644
hovering,26,14,0.547492903649672,0.19027323236167137,1.0207002991586194
amd,26,14,0.547492903649672,0.19027323236167137,1.0207002991586194
grain,17,9,0.35797612930940087,0.1223185065182173,1.0206883456031068
flipped,17,9,0.35797612930940087,0.1223185065182173,1.0206883456031068
miner,17,9,0.35797612930940087,0.1223185065182173,1.0206883456031068
start level,17,9,0.35797612930940087,0.1223185065182173,1.0206883456031068
sensitive,17,9,0.35797612930940087,0.1223185065182173,1.0206883456031068
keyboard controls,17,9,0.35797612930940087,0.1223185065182173,1.0206883456031068
clone,166,92,3.4955316156094436,1.2503669555195547,1.0184936375356335
clunky,368,205,7.749130328579971,2.7861437595816163,1.0162872227698365
boring gameplay,40,22,0.8422967748456491,0.29900079371119787,1.0110097807650078
cpu,56,31,1.1792154847839087,0.4213193002294151,1.0102683977302025
english,202,113,4.253598712970528,1.5357768040620616,1.0101533381172247
not_my cup,31,17,0.652780000505378,0.2310460678677438,1.008284120867204
boots,15,8,0.3158612905671184,0.10872756134952648,1.0082630196577824
controlled,15,8,0.3158612905671184,0.10872756134952648,1.0082630196577824
gang,15,8,0.3158612905671184,0.10872756134952648,1.0082630196577824
vice,15,8,0.3158612905671184,0.10872756134952648,1.0082630196577824
popup,15,8,0.3158612905671184,0.10872756134952648,1.0082630196577824
beast,15,8,0.3158612905671184,0.10872756134952648,1.0082630196577824
adrenaline,15,8,0.3158612905671184,0.10872756134952648,1.0082630196577824
borders,15,8,0.3158612905671184,0.10872756134952648,1.0082630196577824
mom,15,8,0.3158612905671184,0.10872756134952648,1.0082630196577824
black screen,61,34,1.284502581639615,0.4620921357354876,1.0047456985124565
filter,22,12,0.463263226165107,0.16309134202428974,1.0034528807089362
bundle,82,46,1.7267083884335808,0.6251834777597773,1.0016798276506726
rated,29,16,0.6106651617630956,0.21745512269905296,1.0009012075166037
sprint,29,16,0.6106651617630956,0.21745512269905296,1.0009012075166037
verified,36,20,0.7580670973610842,0.2718189033738162,0.99932179268305
clones,43,24,0.9054690329590728,0.3261826840485795,0.99824927484614
twin,55,31,1.1581580654127674,0.4213193002294151,0.9925667440959565
translate,34,19,0.7159522586188017,0.2582279582051254,0.992539299607019
soulstone,27,15,0.5685503230208131,0.20386417753036218,0.992530151808543
visual novel,27,15,0.5685503230208131,0.20386417753036218,0.992530151808543
terraria,20,11,0.42114838742282457,0.14950039685559893,0.9925210041923052
seem work,20,11,0.42114838742282457,0.14950039685559893,0.9925210041923052
toy,13,7,0.273746451824836,0.09513661618083569,0.9925118567583056
not_worth bucks,13,7,0.273746451824836,0.09513661618083569,0.9925118567583056
stylized,13,7,0.273746451824836,0.09513661618083569,0.9925118567583056
despite fact,13,7,0.273746451824836,0.09513661618083569,0.9925118567583056
better better,13,7,0.273746451824836,0.09513661618083569,0.9925118567583056
cardinal,13,7,0.273746451824836,0.09513661618083569,0.9925118567583056
minutes trying,13,7,0.273746451824836,0.09513661618083569,0.9925118567583056
combat bad,13,7,0.273746451824836,0.09513661618083569,0.9925118567583056
thingy,13,7,0.273746451824836,0.09513661618083569,0.9925118567583056
complete level,13,7,0.273746451824836,0.09513661618083569,0.9925118567583056
grain salt,13,7,0.273746451824836,0.09513661618083569,0.9925118567583056
unoriginal,13,7,0.273746451824836,0.09513661618083569,0.9925118567583056
mechanics interesting,13,7,0.273746451824836,0.09513661618083569,0.9925118567583056
sluggish,79,45,1.663536130320157,0.6115925325910865,0.9863671766703863
ripped,51,29,1.0739283879282027,0.39413740989203355,0.9829916806261458
enemies screen,18,10,0.3790335486805421,0.1359094516869081,0.9794461166559465
was_not worth,18,10,0.3790335486805421,0.1359094516869081,0.9794461166559465
good reviews,18,10,0.3790335486805421,0.1359094516869081,0.9794461166559465
chinese,118,68,2.484775485794665,0.9241842714709751,0.9780489410951994
back later,30,17,0.6317225811342368,0.2310460678677438,0.9765333461255743
steam deck,190,110,4.000909680516833,1.4950039685559893,0.9758681494213937
cell,42,24,0.8844116135879315,0.3261826840485795,0.9752576801426507
laggy,66,38,1.389789678495321,0.5164559164102508,0.9740953437360709
low price,23,13,0.4843206455362482,0.17668228719298057,0.9719052525770131
framerate,23,13,0.4843206455362482,0.17668228719298057,0.9719052525770131
quite bad,11,6,0.2316316130825535,0.08154567101214487,0.9718897636396644
ambient,11,6,0.2316316130825535,0.08154567101214487,0.9718897636396644
run past,11,6,0.2316316130825535,0.08154567101214487,0.9718897636396644
resolutions,11,6,0.2316316130825535,0.08154567101214487,0.9718897636396644
dice rolling,11,6,0.2316316130825535,0.08154567101214487,0.9718897636396644
personal opinion,11,6,0.2316316130825535,0.08154567101214487,0.9718897636396644
muscle,11,6,0.2316316130825535,0.08154567101214487,0.9718897636396644
cost failed,11,6,0.2316316130825535,0.08154567101214487,0.9718897636396644
option turn,11,6,0.2316316130825535,0.08154567101214487,0.9718897636396644
difficult understand,11,6,0.2316316130825535,0.08154567101214487,0.9718897636396644
run gun,11,6,0.2316316130825535,0.08154567101214487,0.9718897636396644
bruh,11,6,0.2316316130825535,0.08154567101214487,0.9718897636396644
no_music,11,6,0.2316316130825535,0.08154567101214487,0.9718897636396644
music sounds,11,6,0.2316316130825535,0.08154567101214487,0.9718897636396644
money better,11,6,0.2316316130825535,0.08154567101214487,0.9718897636396644
advertisements,40,23,0.8422967748456491,0.31259173887988867,0.9684488195385175
specs,28,16,0.5896077423919543,0.21745512269905296,0.966997579422495
pressed,28,16,0.5896077423919543,0.21745512269905296,0.966997579422495
page url,33,19,0.6948948392476605,0.2582279582051254,0.9635496862937813
hard tell,33,19,0.6948948392476605,0.2582279582051254,0.9635496862937813
crashed times,16,9,0.3369187099382597,0.1223185065182173,0.9635278553964675
enemies kill,16,9,0.3369187099382597,0.1223185065182173,0.9635278553964675
graphics settings,16,9,0.3369187099382597,0.1223185065182173,0.9635278553964675
seem anything,16,9,0.3369187099382597,0.1223185065182173,0.9635278553964675
cues,16,9,0.3369187099382597,0.1223185065182173,0.9635278553964675
wishlist,38,22,0.8001819361033667,0.29900079371119787,0.9609952072629468
showed,82,48,1.7267083884335808,0.652365368097159,0.9600044375458303
non stop,21,12,0.44220580679396576,0.16309134202428974,0.9589990417498555
kickstarter,21,12,0.44220580679396576,0.16309134202428974,0.9589990417498555
slider,36,21,0.7580670973610842,0.28540984854250706,0.9528004302440891
not_this,46,27,0.9686412910724964,0.36695551955465194,0.9508807463537661
bullet heaven,51,30,1.0739283879282027,0.40772835506072436,0.9502005109827625
collector count,51,30,1.0739283879282027,0.40772835506072436,0.9502005109827625
windows,76,45,1.6003638722067335,0.6115925325910865,0.9481397339610496
models,81,48,1.7056509690624395,0.652365368097159,0.9478810003665235
stutters,39,23,0.8212393554745079,0.31259173887988867,0.9437541304822901
incorrectly,29,17,0.6106651617630956,0.2310460678677438,0.9437414468798444
godawful,24,14,0.5053780649073895,0.19027323236167137,0.9437351052158167
cyberpunk,24,14,0.5053780649073895,0.19027323236167137,0.9437351052158167
nothing wrong,24,14,0.5053780649073895,0.19027323236167137,0.9437351052158167
unreal engine,19,11,0.40009096805168337,0.14950039685559893,0.9437287636432501
vice versa,14,8,0.2948038711959772,0.10872756134952648,0.9437224221621427
interesting premise,14,8,0.2948038711959772,0.10872756134952648,0.9437224221621427
features godawful,14,8,0.2948038711959772,0.10872756134952648,0.9437224221621427
review score,14,8,0.2948038711959772,0.10872756134952648,0.9437224221621427
numerical,14,8,0.2948038711959772,0.10872756134952648,0.9437224221621427
pose,14,8,0.2948038711959772,0.10872756134952648,0.9437224221621427
versa,14,8,0.2948038711959772,0.10872756134952648,0.9437224221621427
nerves,14,8,0.2948038711959772,0.10872756134952648,0.9437224221621427
good far,14,8,0.2948038711959772,0.10872756134952648,0.9437224221621427
autobattlers,14,8,0.2948038711959772,0.10872756134952648,0.9437224221621427
clicking,147,88,3.0954406475577607,1.1960031748447915,0.9416411475861715
users,47,28,0.9896987104436378,0.38054646472334275,0.9368435654196006
substance,55,33,1.1581580654127674,0.44850119056679677,0.9319394286296667
mass,27,16,0.5685503230208131,0.21745512269905296,0.9319041831971084
auto aim,27,16,0.5685503230208131,0.21745512269905296,0.9319041831971084
bad bad,27,16,0.5685503230208131,0.21745512269905296,0.9319041831971084
abyssus,22,13,0.463263226165107,0.17668228719298057,0.9293435617656574
displays,17,10,0.35797612930940087,0.1359094516869081,0.9253768190146676
uncomfortable,17,10,0.35797612930940087,0.1359094516869081,0.9253768190146676
transitions,17,10,0.35797612930940087,0.1359094516869081,0.9253768190146676
completely unplayable,17,10,0.35797612930940087,0.1359094516869081,0.9253768190146676
gauntlet,17,10,0.35797612930940087,0.1359094516869081,0.9253768190146676
young,17,10,0.35797612930940087,0.1359094516869081,0.9253768190146676
mobile,383,234,8.06499161914709,3.1802811694736497,0.9244158869077994
frame rate,30,18,0.6317225811342368,0.2446370130364346,0.9224647780566713
buck,25,15,0.5264354842785307,0.20386417753036218,0.9184180268395234
particularly interesting,12,7,0.25268903245369473,0.09513661618083569,0.9184018082551386
skate,12,7,0.25268903245369473,0.09513661618083569,0.9184018082551386
figures,12,7,0.25268903245369473,0.09513661618083569,0.9184018082551386
telegraph,12,7,0.25268903245369473,0.09513661618083569,0.9184018082551386
not_cool,12,7,0.25268903245369473,0.09513661618083569,0.9184018082551386
too_soon,12,7,0.25268903245369473,0.09513661618083569,0.9184018082551386
chief,12,7,0.25268903245369473,0.09513661618083569,0.9184018082551386
too_limited,12,7,0.25268903245369473,0.09513661618083569,0.9184018082551386
not_saying bad,12,7,0.25268903245369473,0.09513661618083569,0.9184018082551386
chased,12,7,0.25268903245369473,0.09513661618083569,0.9184018082551386
younger,12,7,0.25268903245369473,0.09513661618083569,0.9184018082551386
character models,12,7,0.25268903245369473,0.09513661618083569,0.9184018082551386
pocket,12,7,0.25268903245369473,0.09513661618083569,0.9184018082551386
bounds,12,7,0.25268903245369473,0.09513661618083569,0.9184018082551386
try later,12,7,0.25268903245369473,0.09513661618083569,0.9184018082551386
no_enemy,12,7,0.25268903245369473,0.09513661618083569,0.9184018082551386
intro,59,36,1.2423877428973324,0.4892740260728692,0.9163791777654176
mother,20,12,0.42114838742282457,0.16309134202428974,0.9124769497310261
corridor,20,12,0.42114838742282457,0.16309134202428974,0.9124769497310261
asset flip,57,35,1.20027290415505,0.4756830809041784,0.90987379401788
impressions,36,22,0.7580670973610842,0.29900079371119787,0.9083473208673745
worst ever,36,22,0.7580670973610842,0.29900079371119787,0.9083473208673745
jarring,39,24,0.8212393554745079,0.3261826840485795,0.9029307891525242
pickup,31,19,0.652780000505378,0.2582279582051254,0.9029209116103107
colours,23,14,0.4843206455362482,0.19027323236167137,0.9029110342986915
not_even worth,23,14,0.4843206455362482,0.19027323236167137,0.9029110342986915
partial,15,9,0.3158612905671184,0.1223185065182173,0.902901157217654
reviewer,15,9,0.3158612905671184,0.1223185065182173,0.902901157217654
frame drops,15,9,0.3158612905671184,0.1223185065182173,0.902901157217654
customisation,15,9,0.3158612905671184,0.1223185065182173,0.902901157217654
roblox,15,9,0.3158612905671184,0.1223185065182173,0.902901157217654
props,15,9,0.3158612905671184,0.1223185065182173,0.902901157217654
side scrolling,15,9,0.3158612905671184,0.1223185065182173,0.902901157217654
translated,66,41,1.389789678495321,0.5572287519163233,0.8999833310667515
opinions,42,26,0.8844116135879315,0.35336457438596114,0.8982939453820631
menus,139,87,2.9269812925886307,1.1824122296761006,0.8973555833131979
minutes,1071,674,22.552496146492256,9.160297043697607,0.8967652103404937
kite,26,16,0.547492903649672,0.21745512269905296,0.8955344626164301
despite no_up,18,11,0.3790335486805421,0.14950039685559893,0.8924333928803865
paid product,18,11,0.3790335486805421,0.14950039685559893,0.8924333928803865
fps,283,179,5.959249682032968,2.4327791851956553,0.8892425553075034
headache,40,25,0.8422967748456491,0.3397736292172703,0.8884034182441471
asset,136,86,2.863809034475207,1.1688212845074097,0.887117898613969
hud,32,20,0.6738374198765194,0.2718189033738162,0.8849031357367405
sounded,21,13,0.44220580679396576,0.17668228719298057,0.8848897228065766
crypto,21,13,0.44220580679396576,0.17668228719298057,0.8848897228065766
another reviewer,10,6,0.21057419371141228,0.08154567101214487,0.8848763103092114
tutorial level,10,6,0.21057419371141228,0.08154567101214487,0.8848763103092114
sure good,10,6,0.21057419371141228,0.08154567101214487,0.8848763103092114
overlay,10,6,0.21057419371141228,0.08154567101214487,0.8848763103092114
starting area,10,6,0.21057419371141228,0.08154567101214487,0.8848763103092114
not_me,10,6,0.21057419371141228,0.08154567101214487,0.8848763103092114
unnatural,10,6,0.21057419371141228,0.08154567101214487,0.8848763103092114
back menu,10,6,0.21057419371141228,0.08154567101214487,0.8848763103092114
barely playable,10,6,0.21057419371141228,0.08154567101214487,0.8848763103092114
soft locked,10,6,0.21057419371141228,0.08154567101214487,0.8848763103092114
genre fun,10,6,0.21057419371141228,0.08154567101214487,0.8848763103092114
back full,10,6,0.21057419371141228,0.08154567101214487,0.8848763103092114
overall boring,10,6,0.21057419371141228,0.08154567101214487,0.8848763103092114
action roguelikes,10,6,0.21057419371141228,0.08154567101214487,0.8848763103092114
poorly translated,10,6,0.21057419371141228,0.08154567101214487,0.8848763103092114
participation,10,6,0.21057419371141228,0.08154567101214487,0.8848763103092114
survivors instead,10,6,0.21057419371141228,0.08154567101214487,0.8848763103092114
select character,10,6,0.21057419371141228,0.08154567101214487,0.8848763103092114
trying use,10,6,0.21057419371141228,0.08154567101214487,0.8848763103092114
without understanding,10,6,0.21057419371141228,0.08154567101214487,0.8848763103092114
showcase,10,6,0.21057419371141228,0.08154567101214487,0.8848763103092114
bumping,10,6,0.21057419371141228,0.08154567101214487,0.8848763103092114
better free,10,6,0.21057419371141228,0.08154567101214487,0.8848763103092114
naming,10,6,0.21057419371141228,0.08154567101214487,0.8848763103092114
early release,10,6,0.21057419371141228,0.08154567101214487,0.8848763103092114
nothing unique,10,6,0.21057419371141228,0.08154567101214487,0.8848763103092114
could_not tell,10,6,0.21057419371141228,0.08154567101214487,0.8848763103092114
killing enemy,10,6,0.21057419371141228,0.08154567101214487,0.8848763103092114
struck,10,6,0.21057419371141228,0.08154567101214487,0.8848763103092114
site,10,6,0.21057419371141228,0.08154567101214487,0.8848763103092114
features lacklustre,10,6,0.21057419371141228,0.08154567101214487,0.8848763103092114
help either,10,6,0.21057419371141228,0.08154567101214487,0.8848763103092114
recommend either,10,6,0.21057419371141228,0.08154567101214487,0.8848763103092114
voice acting,132,84,2.779579356990642,1.1416393941700282,0.8807373495204462
school,60,38,1.2634451622684737,0.5164559164102508,0.8802641291153055
stutter,24,15,0.5053780649073895,0.20386417753036218,0.879195237285062
tagged,13,8,0.273746451824836,0.10872756134952648,0.8747274743214355
preset,13,8,0.273746451824836,0.10872756134952648,0.8747274743214355
enough warrant,13,8,0.273746451824836,0.10872756134952648,0.8747274743214355
sale price,13,8,0.273746451824836,0.10872756134952648,0.8747274743214355
crawling,13,8,0.273746451824836,0.10872756134952648,0.8747274743214355
saturated,13,8,0.273746451824836,0.10872756134952648,0.8747274743214355
glow,13,8,0.273746451824836,0.10872756134952648,0.8747274743214355
no_place,13,8,0.273746451824836,0.10872756134952648,0.8747274743214355
design bad,13,8,0.273746451824836,0.10872756134952648,0.8747274743214355
grandma,13,8,0.273746451824836,0.10872756134952648,0.8747274743214355
best luck,13,8,0.273746451824836,0.10872756134952648,0.8747274743214355
friendslop,13,8,0.273746451824836,0.10872756134952648,0.8747274743214355
valve,44,28,0.926526452330214,0.38054646472334275,0.872298814806852
port,44,28,0.926526452330214,0.38054646472334275,0.872298814806852
button mashing,44,28,0.926526452330214,0.38054646472334275,0.872298814806852
hyped,30,19,0.6317225811342368,0.2582279582051254,0.871170136868681
recognize,30,19,0.6317225811342368,0.2582279582051254,0.871170136868681
pitch,16,10,0.3369187099382597,0.1359094516869081,0.8682163288080282
poor quality,16,10,0.3369187099382597,0.1359094516869081,0.8682163288080282
discounted,16,10,0.3369187099382597,0.1359094516869081,0.8682163288080282
drink,16,10,0.3369187099382597,0.1359094516869081,0.8682163288080282
aimed,16,10,0.3369187099382597,0.1359094516869081,0.8682163288080282
enemies move,16,10,0.3369187099382597,0.1359094516869081,0.8682163288080282
matter matters,16,10,0.3369187099382597,0.1359094516869081,0.8682163288080282
brawler,16,10,0.3369187099382597,0.1359094516869081,0.8682163288080282
template,16,10,0.3369187099382597,0.1359094516869081,0.8682163288080282
minimum requirements,16,10,0.3369187099382597,0.1359094516869081,0.8682163288080282
title screen,16,10,0.3369187099382597,0.1359094516869081,0.8682163288080282
love art,36,23,0.7580670973610842,0.31259173887988867,0.8657863596408841
identify,19,12,0.40009096805168337,0.16309134202428974,0.863684709181971
space bar,19,12,0.40009096805168337,0.16309134202428974,0.863684709181971
leave review,19,12,0.40009096805168337,0.16309134202428974,0.863684709181971
couple minutes,19,12,0.40009096805168337,0.16309134202428974,0.863684709181971
page,229,149,4.822149035991341,2.025050830134931,0.8605974152085771
needs polish,22,14,0.463263226165107,0.19027323236167137,0.8603493434873357
tab,48,31,1.010756129814779,0.4213193002294151,0.8590208158482557
copied,25,16,0.5264354842785307,0.21745512269905296,0.8577920582280889
menu,460,301,9.686412910724965,4.090874495775934,0.8563996229820257
hazard,28,18,0.5896077423919543,0.2446370130364346,0.8557692507168326
camera,249,163,5.243297423414165,2.2153240624966024,0.8547705782491395
rtx,34,22,0.7159522586188017,0.29900079371119787,0.8527733168196576
confusing,207,136,4.3588858098262335,1.8483685429419503,0.8506823663978125
heaven,67,44,1.4108470978664625,0.5980015874223957,0.8458035814152982
teach,26,17,0.547492903649672,0.2310460678677438,0.8383747019796708
crawler,26,17,0.547492903649672,0.2310460678677438,0.8383747019796708
immersive,26,17,0.547492903649672,0.2310460678677438,0.8383747019796708
entered,20,13,0.42114838742282457,0.17668228719298057,0.8383676307877472
asteroids,20,13,0.42114838742282457,0.17668228719298057,0.8383676307877472
lose health,17,11,0.35797612930940087,0.14950039685559893,0.8383640952391076
access release,17,11,0.35797612930940087,0.14950039685559893,0.8383640952391076
screen shake,17,11,0.35797612930940087,0.14950039685559893,0.8383640952391076
german,17,11,0.35797612930940087,0.14950039685559893,0.8383640952391076
suggested,14,9,0.2948038711959772,0.1223185065182173,0.8383605597220143
url curator,14,9,0.2948038711959772,0.1223185065182173,0.8383605597220143
flip coin,14,9,0.2948038711959772,0.1223185065182173,0.8383605597220143
spelling,14,9,0.2948038711959772,0.1223185065182173,0.8383605597220143
adult,14,9,0.2948038711959772,0.1223185065182173,0.8383605597220143
melee attack,14,9,0.2948038711959772,0.1223185065182173,0.8383605597220143
aliens,14,9,0.2948038711959772,0.1223185065182173,0.8383605597220143
leak,14,9,0.2948038711959772,0.1223185065182173,0.8383605597220143
bad gameplay,14,9,0.2948038711959772,0.1223185065182173,0.8383605597220143
crowded,14,9,0.2948038711959772,0.1223185065182173,0.8383605597220143
suspicious,14,9,0.2948038711959772,0.1223185065182173,0.8383605597220143
steam version,11,7,0.2316316130825535,0.09513661618083569,0.8383570242364673
blobs,11,7,0.2316316130825535,0.09513661618083569,0.8383570242364673
bore,11,7,0.2316316130825535,0.09513661618083569,0.8383570242364673
obscured,11,7,0.2316316130825535,0.09513661618083569,0.8383570242364673
chases,11,7,0.2316316130825535,0.09513661618083569,0.8383570242364673
honesty,11,7,0.2316316130825535,0.09513661618083569,0.8383570242364673
deserve better,11,7,0.2316316130825535,0.09513661618083569,0.8383570242364673
internet connection,11,7,0.2316316130825535,0.09513661618083569,0.8383570242364673
outline,11,7,0.2316316130825535,0.09513661618083569,0.8383570242364673
item descriptions,11,7,0.2316316130825535,0.09513661618083569,0.8383570242364673
briefly,11,7,0.2316316130825535,0.09513661618083569,0.8383570242364673
cool though,11,7,0.2316316130825535,0.09513661618083569,0.8383570242364673
no_player,11,7,0.2316316130825535,0.09513661618083569,0.8383570242364673
reinstalled,11,7,0.2316316130825535,0.09513661618083569,0.8383570242364673
free steam,11,7,0.2316316130825535,0.09513661618083569,0.8383570242364673
alpha,78,52,1.6424787109490158,0.7067291487719223,0.8321263727824668
risk rain,109,73,2.2952587114543936,0.9921389973144292,0.8294217996306017
bet,33,22,0.6948948392476605,0.29900079371119787,0.8237837035064199
click,448,303,9.43372387827127,4.118056386113316,0.823396150011356
huge fan,30,20,0.6317225811342368,0.2718189033738162,0.8223786258969952
action roguelike,27,18,0.5685503230208131,0.2446370130364346,0.8206758544914461
returned,27,18,0.5685503230208131,0.2446370130364346,0.8206758544914461
steamdb,52,35,1.094985807299344,0.4756830809041784,0.8197123143709177
google,46,31,0.9686412910724964,0.4213193002294151,0.8173439664513005
arcade,68,46,1.4319045172376035,0.6251834777597773,0.8169166517862827
icons,87,59,1.8319954852892868,0.8018657649527579,0.8159719479122529
understand early,21,14,0.44220580679396576,0.19027323236167137,0.815895504528255
oni,37,25,0.7791245167322254,0.3397736292172703,0.8124112818815945
unreal,37,25,0.7791245167322254,0.3397736292172703,0.8124112818815945
woman,18,12,0.3790335486805421,0.16309134202428974,0.8123893384191074
rebinding,18,12,0.3790335486805421,0.16309134202428974,0.8123893384191074
knockoff,18,12,0.3790335486805421,0.16309134202428974,0.8123893384191074
walk around,34,23,0.7159522586188017,0.31259173887988867,0.8102123555931673
appeal,130,89,2.7374645182483595,1.209594120013482,0.8084162423200194
low quality,47,32,0.9896987104436378,0.4349102453981059,0.8076264466543961
check back,31,21,0.652780000505378,0.28540984854250706,0.807608038199664
better later,15,10,0.3158612905671184,0.1359094516869081,0.8075896306292147
needs better,15,10,0.3158612905671184,0.1359094516869081,0.8075896306292147
cool art,15,10,0.3158612905671184,0.1359094516869081,0.8075896306292147
tops,15,10,0.3158612905671184,0.1359094516869081,0.8075896306292147
running away,15,10,0.3158612905671184,0.1359094516869081,0.8075896306292147
concurrent players,44,30,0.926526452330214,0.40772835506072436,0.8056047466692089
no_option,57,39,1.20027290415505,0.5300468615789417,0.8045078910240644
hitbox,41,28,0.8633541942167904,0.38054646472334275,0.8032997138835292
cool concept,77,53,1.6214212915778745,0.720320093940613,0.8006917905010571
motion,77,53,1.6214212915778745,0.720320093940613,0.8006917905010571
eat,64,44,1.3476748397530387,0.5980015874223957,0.8006769164009313
style cool,12,8,0.25268903245369473,0.10872756134952648,0.8006174258182686
user experience,12,8,0.25268903245369473,0.10872756134952648,0.8006174258182686
whole map,12,8,0.25268903245369473,0.10872756134952648,0.8006174258182686
strangely,12,8,0.25268903245369473,0.10872756134952648,0.8006174258182686
rubbish,12,8,0.25268903245369473,0.10872756134952648,0.8006174258182686
rather boring,12,8,0.25268903245369473,0.10872756134952648,0.8006174258182686
basic minimum,12,8,0.25268903245369473,0.10872756134952648,0.8006174258182686
not_entirely,12,8,0.25268903245369473,0.10872756134952648,0.8006174258182686
edgy,12,8,0.25268903245369473,0.10872756134952648,0.8006174258182686
premium,12,8,0.25268903245369473,0.10872756134952648,0.8006174258182686
fortress,12,8,0.25268903245369473,0.10872756134952648,0.8006174258182686
downloaded,12,8,0.25268903245369473,0.10872756134952648,0.8006174258182686
rejected,12,8,0.25268903245369473,0.10872756134952648,0.8006174258182686
entire screen,12,8,0.25268903245369473,0.10872756134952648,0.8006174258182686
texture,12,8,0.25268903245369473,0.10872756134952648,0.8006174258182686
nothing write,12,8,0.25268903245369473,0.10872756134952648,0.8006174258182686
torn,12,8,0.25268903245369473,0.10872756134952648,0.8006174258182686
labor,12,8,0.25268903245369473,0.10872756134952648,0.8006174258182686
payed,12,8,0.25268903245369473,0.10872756134952648,0.8006174258182686
passionate,12,8,0.25268903245369473,0.10872756134952648,0.8006174258182686
somehow worse,12,8,0.25268903245369473,0.10872756134952648,0.8006174258182686
long long,12,8,0.25268903245369473,0.10872756134952648,0.8006174258182686
reboot,12,8,0.25268903245369473,0.10872756134952648,0.8006174258182686
ai_not,48,33,1.010756129814779,0.44850119056679677,0.798393500381966
movements,35,24,0.737009677989943,0.3261826840485795,0.7975619676743939
borderlands,35,24,0.737009677989943,0.3261826840485795,0.7975619676743939
concurrent,45,31,0.9475838717013553,0.4213193002294151,0.795835684738611
girl,45,31,0.9475838717013553,0.4213193002294151,0.795835684738611
overload,22,15,0.463263226165107,0.20386417753036218,0.795809475556581
horror,72,50,1.5161341947221685,0.6795472584345406,0.7915944762968259
virtual,19,13,0.40009096805168337,0.17668228719298057,0.7895753902386922
hopeful,19,13,0.40009096805168337,0.17668228719298057,0.7895753902386922
advertise,19,13,0.40009096805168337,0.17668228719298057,0.7895753902386922
planets,19,13,0.40009096805168337,0.17668228719298057,0.7895753902386922
content locked,19,13,0.40009096805168337,0.17668228719298057,0.7895753902386922
sprites,66,46,1.389789678495321,0.6251834777597773,0.7874986134111204
dudes,26,18,0.547492903649672,0.2446370130364346,0.7843061339107678
flashing,26,18,0.547492903649672,0.2446370130364346,0.7843061339107678
gunfire reborn,60,42,1.2634451622684737,0.5708196970850141,0.7826202721936326
myriad,16,11,0.3369187099382597,0.14950039685559893,0.7812036050324682
slow clunky,16,11,0.3369187099382597,0.14950039685559893,0.7812036050324682
spent minutes,16,11,0.3369187099382597,0.14950039685559893,0.7812036050324682
dodge roll,16,11,0.3369187099382597,0.14950039685559893,0.7812036050324682
buttons,173,122,3.642933551207433,1.658095310580279,0.7799443924703429
hard read,23,16,0.4843206455362482,0.21745512269905296,0.7777451977565022
five minutes,23,16,0.4843206455362482,0.21745512269905296,0.7777451977565022
translation,154,109,3.242842583155749,1.4814130233872984,0.7759962474361135
trailers,30,21,0.6317225811342368,0.28540984854250706,0.7758572634580343
vampire survivors,324,231,6.822603876249758,3.139508333967578,0.7703281092773526
simplistic,69,49,1.4529619366087447,0.6659563132658497,0.7694280215520646
legends,41,29,0.8633541942167904,0.39413740989203355,0.7693968153892694
left click,34,24,0.7159522586188017,0.3261826840485795,0.7693890142634014
lying,27,19,0.5685503230208131,0.2582279582051254,0.7693812133034559
couldn,20,14,0.42114838742282457,0.19027323236167137,0.7693734125094256
signs,13,9,0.273746451824836,0.1223185065182173,0.769365611881307
sex,13,9,0.273746451824836,0.1223185065182173,0.769365611881307
crisp,13,9,0.273746451824836,0.1223185065182173,0.769365611881307
soldier,13,9,0.273746451824836,0.1223185065182173,0.769365611881307
someone matter,13,9,0.273746451824836,0.1223185065182173,0.769365611881307
slideshow,13,9,0.273746451824836,0.1223185065182173,0.769365611881307
developer skill,13,9,0.273746451824836,0.1223185065182173,0.769365611881307
afford hire,13,9,0.273746451824836,0.1223185065182173,0.769365611881307
no_substance,13,9,0.273746451824836,0.1223185065182173,0.769365611881307
relaxed,13,9,0.273746451824836,0.1223185065182173,0.769365611881307
auto battle,13,9,0.273746451824836,0.1223185065182173,0.769365611881307
hard developer,13,9,0.273746451824836,0.1223185065182173,0.769365611881307
shoot enemies,13,9,0.273746451824836,0.1223185065182173,0.769365611881307
could_not afford,13,9,0.273746451824836,0.1223185065182173,0.769365611881307
skill job,13,9,0.273746451824836,0.1223185065182173,0.769365611881307
upgrades seem,13,9,0.273746451824836,0.1223185065182173,0.769365611881307
sentences,13,9,0.273746451824836,0.1223185065182173,0.769365611881307
tooltip,13,9,0.273746451824836,0.1223185065182173,0.769365611881307
collector,66,47,1.389789678495321,0.6387744229284681,0.7664438573620593
text,360,258,7.580670973610842,3.5064638535222294,0.7653286203186314
shooter,199,143,4.190426454857104,1.9435051591227859,0.7616032329885032
programming,24,17,0.5053780649073895,0.2310460678677438,0.7614095080368681
flips,42,30,0.8844116135879315,0.40772835506072436,0.7601382196305586
basics,35,25,0.737009677989943,0.3397736292172703,0.7583399077097894
decades,17,12,0.35797612930940087,0.16309134202428974,0.7583200407778286
better genre,17,12,0.35797612930940087,0.16309134202428974,0.7583200407778286
day night,17,12,0.35797612930940087,0.16309134202428974,0.7583200407778286
no_impact,17,12,0.35797612930940087,0.16309134202428974,0.7583200407778286
idea behind,17,12,0.35797612930940087,0.16309134202428974,0.7583200407778286
project,154,111,3.242842583155749,1.5085949137246801,0.757975048000576
extremely boring,28,20,0.5896077423919543,0.2718189033738162,0.7556830985571565
body,68,49,1.4319045172376035,0.6659563132658497,0.7550372075090639
generic,210,152,4.422058067939657,2.065823665641003,0.7545301037427112
hack slash,39,28,0.8212393554745079,0.38054646472334275,0.7545053967780753
reloading,39,28,0.8212393554745079,0.38054646472334275,0.7545053967780753
art direction,39,28,0.8212393554745079,0.38054646472334275,0.7545053967780753
shift,50,36,1.0528709685570614,0.4892740260728692,0.7538415594928463
reborn,61,44,1.284502581639615,0.5980015874223957,0.7534178018552975
demo,551,400,11.602638073498817,5.4363780674763245,0.7530709648549001
graphics,697,507,14.677021301685437,6.890609200526241,0.7513813413575443
song,32,23,0.6738374198765194,0.31259173887988867,0.7513677026945746
no_meta progression,32,23,0.6738374198765194,0.31259173887988867,0.7513677026945746
right start,32,23,0.6738374198765194,0.31259173887988867,0.7513677026945746
remote,21,15,0.44220580679396576,0.20386417753036218,0.7513556365975003
put effort,21,15,0.44220580679396576,0.20386417753036218,0.7513556365975003
creepy,21,15,0.44220580679396576,0.20386417753036218,0.7513556365975003
simplicity,21,15,0.44220580679396576,0.20386417753036218,0.7513556365975003
hit box,10,7,0.21057419371141228,0.09513661618083569,0.7513435709060143
gameplay basically,10,7,0.21057419371141228,0.09513661618083569,0.7513435709060143
unappealing,10,7,0.21057419371141228,0.09513661618083569,0.7513435709060143
south,10,7,0.21057419371141228,0.09513661618083569,0.7513435709060143
sliders,10,7,0.21057419371141228,0.09513661618083569,0.7513435709060143
concerning,10,7,0.21057419371141228,0.09513661618083569,0.7513435709060143
polluting,10,7,0.21057419371141228,0.09513661618083569,0.7513435709060143
dumps,10,7,0.21057419371141228,0.09513661618083569,0.7513435709060143
seem fun,10,7,0.21057419371141228,0.09513661618083569,0.7513435709060143
came across,10,7,0.21057419371141228,0.09513661618083569,0.7513435709060143
low resolution,10,7,0.21057419371141228,0.09513661618083569,0.7513435709060143
doom,58,42,1.2213303235261912,0.5708196970850141,0.7492796988261663
crappy,51,37,1.0739283879282027,0.50286497124156,0.7465921279479826
distracting,25,18,0.5264354842785307,0.2446370130364346,0.7465637295224266
slow boring,25,18,0.5264354842785307,0.2446370130364346,0.7465637295224266
not_for,302,221,6.3593406500846505,3.003598882280669,0.7442634858131223
support,482,353,10.149676136890072,4.7976036445478565,0.7441239983625172
frog,14,10,0.2948038711959772,0.1359094516869081,0.7430490331335751
optimisation,14,10,0.2948038711959772,0.1359094516869081,0.7430490331335751
no_information,14,10,0.2948038711959772,0.1359094516869081,0.7430490331335751
bed,14,10,0.2948038711959772,0.1359094516869081,0.7430490331335751
dictionary,14,10,0.2948038711959772,0.1359094516869081,0.7430490331335751
good though,14,10,0.2948038711959772,0.1359094516869081,0.7430490331335751
melee weapon,14,10,0.2948038711959772,0.1359094516869081,0.7430490331335751
was_not good,14,10,0.2948038711959772,0.1359094516869081,0.7430490331335751
not_very interesting,14,10,0.2948038711959772,0.1359094516869081,0.7430490331335751
positive rating,14,10,0.2948038711959772,0.1359094516869081,0.7430490331335751
odd,101,74,2.126799356485264,1.00572994248312,0.7404732659036206
not_a fan,71,52,1.495076775351027,0.7067291487719223,0.7393301030140691
no_explanation,37,27,0.7791245167322254,0.36695551955465194,0.7383006160997851
no_interesting,18,13,0.3790335486805421,0.17668228719298057,0.7382800194758286
website,18,13,0.3790335486805421,0.17668228719298057,0.7382800194758286
mario,18,13,0.3790335486805421,0.17668228719298057,0.7382800194758286
loading screens,18,13,0.3790335486805421,0.17668228719298057,0.7382800194758286
preference,18,13,0.3790335486805421,0.17668228719298057,0.7382800194758286
hades clone,18,13,0.3790335486805421,0.17668228719298057,0.7382800194758286
black,163,120,3.43235935749602,1.6309134202428974,0.7371312546278848
fake,83,61,1.7477658078047218,0.8290476552901395,0.736651109054705
pixels,22,16,0.463263226165107,0.21745512269905296,0.7351835069451464
shovelware,22,16,0.463263226165107,0.21745512269905296,0.7351835069451464
might better,22,16,0.463263226165107,0.21745512269905296,0.7351835069451464
no_proper,22,16,0.463263226165107,0.21745512269905296,0.7351835069451464
art design,22,16,0.463263226165107,0.21745512269905296,0.7351835069451464
survivors,479,354,10.08650387877665,4.811194589716547,0.735064989754691
browser,49,36,1.0318135491859202,0.4892740260728692,0.7340368556876946
tech demo,26,19,0.547492903649672,0.2582279582051254,0.7330114927227775
enemies spawn,57,42,1.20027290415505,0.5708196970850141,0.7321831889233987
gunfire,73,54,1.5371916140933097,0.7339110391093039,0.7296892650077815
sound design,86,64,1.8109380659181455,0.8698204907962118,0.7244917333543661
unplayable,344,257,7.243752263672582,3.4928729083535384,0.7238316580028901
expecting,135,101,2.8427516151040657,1.3726854620377718,0.7207048829649381
seems fun,43,32,0.9054690329590728,0.4349102453981059,0.7206067637064866
stuttering,39,29,0.8212393554745079,0.39413740989203355,0.7206024982838155
loaded,35,26,0.737009677989943,0.35336457438596114,0.7205982329138063
might good,31,23,0.652780000505378,0.31259173887988867,0.720593967596459
textures,31,23,0.652780000505378,0.31259173887988867,0.720593967596459
laptop,27,20,0.5685503230208131,0.2718189033738162,0.72058970233177
hardware,27,20,0.5685503230208131,0.2718189033738162,0.72058970233177
sync,23,17,0.4843206455362482,0.2310460678677438,0.7205854371197429
pausing,23,17,0.4843206455362482,0.2310460678677438,0.7205854371197429
plant,23,17,0.4843206455362482,0.2310460678677438,0.7205854371197429
china,15,11,0.3158612905671184,0.14950039685559893,0.7205769068536547
target audience,15,11,0.3158612905671184,0.14950039685559893,0.7205769068536547
worth sale,15,11,0.3158612905671184,0.14950039685559893,0.7205769068536547
particle,15,11,0.3158612905671184,0.14950039685559893,0.7205769068536547
write home,15,11,0.3158612905671184,0.14950039685559893,0.7205769068536547
representation,11,8,0.2316316130825535,0.10872756134952648,0.7205726417995972
shoulder,11,8,0.2316316130825535,0.10872756134952648,0.7205726417995972
overs,11,8,0.2316316130825535,0.10872756134952648,0.7205726417995972
hells,11,8,0.2316316130825535,0.10872756134952648,0.7205726417995972
shoved,11,8,0.2316316130825535,0.10872756134952648,0.7205726417995972
gamers expect,11,8,0.2316316130825535,0.10872756134952648,0.7205726417995972
boring hour,11,8,0.2316316130825535,0.10872756134952648,0.7205726417995972
night cycle,11,8,0.2316316130825535,0.10872756134952648,0.7205726417995972
blanks,11,8,0.2316316130825535,0.10872756134952648,0.7205726417995972
boss rush,11,8,0.2316316130825535,0.10872756134952648,0.7205726417995972
covers,11,8,0.2316316130825535,0.10872756134952648,0.7205726417995972
gamers despite,11,8,0.2316316130825535,0.10872756134952648,0.7205726417995972
sure fun,11,8,0.2316316130825535,0.10872756134952648,0.7205726417995972
super slow,11,8,0.2316316130825535,0.10872756134952648,0.7205726417995972
instead better,11,8,0.2316316130825535,0.10872756134952648,0.7205726417995972
hood,11,8,0.2316316130825535,0.10872756134952648,0.7205726417995972
vein,11,8,0.2316316130825535,0.10872756134952648,0.7205726417995972
reaper,11,8,0.2316316130825535,0.10872756134952648,0.7205726417995972
free,924,698,19.457055498934494,9.486479727746186,0.7140013536716587
main menu,89,67,1.8741103240315693,0.9105933263022844,0.7132750391109983
didn,85,64,1.7898806465470045,0.8698204907962118,0.7129288342890785
store,204,154,4.295713551712811,2.093005555978385,0.7126795966594353
zombie,40,30,0.8422967748456491,0.40772835506072436,0.7125060176966596
frame,98,74,2.0636270983718403,1.00572994248312,0.7106140725801691
have_not seen,32,24,0.6738374198765194,0.3261826840485795,0.7105443613648088
trying figure,32,24,0.6738374198765194,0.3261826840485795,0.7105443613648088
acting,149,113,3.137555486300043,1.5357768040620616,0.7074725693936728
service,49,37,1.0318135491859202,0.50286497124156,0.7073672617724434
invite,24,18,0.5053780649073895,0.2446370130364346,0.7073409399679651
style gameplay,24,18,0.5053780649073895,0.2446370130364346,0.7073409399679651
popping,20,15,0.42114838742282457,0.20386417753036218,0.7048335445786709
minimalist,20,15,0.42114838742282457,0.20386417753036218,0.7048335445786709
dungeon crawler,20,15,0.42114838742282457,0.20386417753036218,0.7048335445786709
sided,20,15,0.42114838742282457,0.20386417753036218,0.7048335445786709
device,20,15,0.42114838742282457,0.20386417753036218,0.7048335445786709
overall gameplay,20,15,0.42114838742282457,0.20386417753036218,0.7048335445786709
flip,130,99,2.7374645182483595,1.3455035717003903,0.7030422572881818
glad,67,51,1.4108470978664625,0.6931382036032313,0.7012129246328804
hiding,33,25,0.6948948392476605,0.3397736292172703,0.7011773409855593
whopping,16,12,0.3369187099382597,0.16309134202428974,0.7011595505711892
clown,16,12,0.3369187099382597,0.16309134202428974,0.7011595505711892
not_as fun,16,12,0.3369187099382597,0.16309134202428974,0.7011595505711892
visual effects,16,12,0.3369187099382597,0.16309134202428974,0.7011595505711892
vaguely,16,12,0.3369187099382597,0.16309134202428974,0.7011595505711892
yikes,16,12,0.3369187099382597,0.16309134202428974,0.7011595505711892
riding,16,12,0.3369187099382597,0.16309134202428974,0.7011595505711892
nes,29,22,0.6106651617630956,0.29900079371119787,0.6986122548355898
probability,42,32,0.8844116135879315,0.4349102453981059,0.6976151690029972
heads,68,52,1.4319045172376035,0.7067291487719223,0.6967642588096297
stick,224,172,4.716861939135635,2.3376425690148195,0.6959208393906309
center,38,29,0.8001819361033667,0.39413740989203355,0.695282613837982
accounts,25,19,0.5264354842785307,0.2582279582051254,0.6952690883344363
cars,25,19,0.5264354842785307,0.2582279582051254,0.6952690883344363
deterrent,12,9,0.25268903245369473,0.1223185065182173,0.6952555633781401
enemy hit,12,9,0.25268903245369473,0.1223185065182173,0.6952555633781401
borrowed,12,9,0.25268903245369473,0.1223185065182173,0.6952555633781401
use keyboard,12,9,0.25268903245369473,0.1223185065182173,0.6952555633781401
advertises,12,9,0.25268903245369473,0.1223185065182173,0.6952555633781401
too_harsh,12,9,0.25268903245369473,0.1223185065182173,0.6952555633781401
great combat,12,9,0.25268903245369473,0.1223185065182173,0.6952555633781401
abstract,12,9,0.25268903245369473,0.1223185065182173,0.6952555633781401
disappeared,12,9,0.25268903245369473,0.1223185065182173,0.6952555633781401
hour refund,12,9,0.25268903245369473,0.1223185065182173,0.6952555633781401
innovate,12,9,0.25268903245369473,0.1223185065182173,0.6952555633781401
worth bucks,12,9,0.25268903245369473,0.1223185065182173,0.6952555633781401
graphic style,12,9,0.25268903245369473,0.1223185065182173,0.6952555633781401
lazy design,12,9,0.25268903245369473,0.1223185065182173,0.6952555633781401
shameless,12,9,0.25268903245369473,0.1223185065182173,0.6952555633781401
immersion,47,36,0.9896987104436378,0.4892740260728692,0.6932107081624288
translations,34,26,0.7159522586188017,0.35336457438596114,0.6924252795028139
highlight,34,26,0.7159522586188017,0.35336457438596114,0.6924252795028139
humble,34,26,0.7159522586188017,0.35336457438596114,0.6924252795028139
reviewed,21,16,0.44220580679396576,0.21745512269905296,0.6907296679860657
glowing,21,16,0.44220580679396576,0.21745512269905296,0.6907296679860657
grenades,21,16,0.44220580679396576,0.21745512269905296,0.6907296679860657
lifeless,21,16,0.44220580679396576,0.21745512269905296,0.6907296679860657
blank,52,40,1.094985807299344,0.5436378067476324,0.6896524519481968
platform,52,40,1.094985807299344,0.5436378067476324,0.6896524519481968
no_thanks,39,30,0.8212393554745079,0.40772835506072436,0.6878113286404322
rough,125,97,2.6321774213926536,1.3183216813630088,0.6843218580185688
unpolished,89,69,1.8741103240315693,0.937775216639666,0.6842848084572815
rotation,26,20,0.547492903649672,0.2718189033738162,0.6842199817510917
procedurally,26,20,0.547492903649672,0.2718189033738162,0.6842199817510917
artist,26,20,0.547492903649672,0.2718189033738162,0.6842199817510917
old school,17,13,0.35797612930940087,0.17668228719298057,0.6842107218345497
milk,17,13,0.35797612930940087,0.17668228719298057,0.6842107218345497
cramped,17,13,0.35797612930940087,0.17668228719298057,0.6842107218345497
behaviour,17,13,0.35797612930940087,0.17668228719298057,0.6842107218345497
input,122,95,2.56900516327923,1.291139791025627,0.6808400570399975
mashing,72,56,1.5161341947221685,0.7610929294466855,0.6803607600084725
no_skill,31,24,0.652780000505378,0.3261826840485795,0.6797706262666932
tags,31,24,0.652780000505378,0.3261826840485795,0.6797706262666932
no_fun,54,42,1.1371006460416262,0.5708196970850141,0.6790671340049155
uninspiring,22,17,0.463263226165107,0.2310460678677438,0.6780237463083871
pops,22,17,0.463263226165107,0.2310460678677438,0.6780237463083871
positive reviews,129,101,2.716407098877218,1.3726854620377718,0.6755719864958785
sorry,181,142,3.811392906176562,1.9299142139540952,0.6742251817892813
russian,27,21,0.5685503230208131,0.28540984854250706,0.6740683398928091
quite boring,27,21,0.5685503230208131,0.28540984854250706,0.6740683398928091
workers,27,21,0.5685503230208131,0.28540984854250706,0.6740683398928091
shell,27,21,0.5685503230208131,0.28540984854250706,0.6740683398928091
peoples,13,10,0.273746451824836,0.1359094516869081,0.6740540852928678
sec,13,10,0.273746451824836,0.1359094516869081,0.6740540852928678
extensive,13,10,0.273746451824836,0.1359094516869081,0.6740540852928678
muted,13,10,0.273746451824836,0.1359094516869081,0.6740540852928678
too_complicated,13,10,0.273746451824836,0.1359094516869081,0.6740540852928678
absolutely terrible,13,10,0.273746451824836,0.1359094516869081,0.6740540852928678
won run,13,10,0.273746451824836,0.1359094516869081,0.6740540852928678
redeeming,13,10,0.273746451824836,0.1359094516869081,0.6740540852928678
backed,13,10,0.273746451824836,0.1359094516869081,0.6740540852928678
concept needs,13,10,0.273746451824836,0.1359094516869081,0.6740540852928678
robots,46,36,0.9686412910724964,0.4892740260728692,0.6721552224685592
sfx,32,25,0.6738374198765194,0.3397736292172703,0.6713223014002043
wow,89,70,1.8741103240315693,0.9513661618083568,0.6700988265723726
shooters,56,44,1.1792154847839087,0.5980015874223957,0.6693243019058528
drift,18,14,0.3790335486805421,0.19027323236167137,0.6692858011975069
wand,18,14,0.3790335486805421,0.19027323236167137,0.6692858011975069
find anything,18,14,0.3790335486805421,0.19027323236167137,0.6692858011975069
meters,18,14,0.3790335486805421,0.19027323236167137,0.6692858011975069
reviewing,18,14,0.3790335486805421,0.19027323236167137,0.6692858011975069
bland,234,185,4.927436132847047,2.5143248562078004,0.6669541327680228
digital,23,18,0.4843206455362482,0.2446370130364346,0.6665168690508398
mute,23,18,0.4843206455362482,0.2446370130364346,0.6665168690508398
prototype,23,18,0.4843206455362482,0.2446370130364346,0.6665168690508398
marked,23,18,0.4843206455362482,0.2446370130364346,0.6665168690508398
interface,101,80,2.126799356485264,1.0872756134952648,0.6635041433281348
bright,33,26,0.6948948392476605,0.35336457438596114,0.6634356661895762
slapped,33,26,0.6948948392476605,0.35336457438596114,0.6634356661895762
slide,33,26,0.6948948392476605,0.35336457438596114,0.6634356661895762
closing,33,26,0.6948948392476605,0.35336457438596114,0.6634356661895762
movement,570,453,12.002729041550499,6.156698161416937,0.6627444334100714
not_very fun,43,34,0.9054690329590728,0.4620921357354876,0.6617635700300699
nah,53,42,1.1160432266704852,0.5708196970850141,0.6607159188104976
aiming,147,117,3.0954406475577607,1.5901405847368248,0.6595538312207943
sound,406,324,8.549312264683339,4.403466234655823,0.6582733909419751
arrow,59,47,1.2423877428973324,0.6387744229284681,0.6560812642379901
graphical,39,31,0.8212393554745079,0.4213193002294151,0.6560612835036448
not_very good,29,23,0.6106651617630956,0.31259173887988867,0.6560512936090994
no_save,29,23,0.6106651617630956,0.31259173887988867,0.6560512936090994
graphics nice,19,15,0.40009096805168337,0.20386417753036218,0.6560413040296158
male,19,15,0.40009096805168337,0.20386417753036218,0.6560413040296158
punching,19,15,0.40009096805168337,0.20386417753036218,0.6560413040296158
softlocked,19,15,0.40009096805168337,0.20386417753036218,0.6560413040296158
fully released,19,15,0.40009096805168337,0.20386417753036218,0.6560413040296158
hold button,14,11,0.2948038711959772,0.14950039685559893,0.656036309358015
minute mark,14,11,0.2948038711959772,0.14950039685559893,0.656036309358015
not_the worst,14,11,0.2948038711959772,0.14950039685559893,0.656036309358015
back months,14,11,0.2948038711959772,0.14950039685559893,0.656036309358015
playstation,14,11,0.2948038711959772,0.14950039685559893,0.656036309358015
gifted,14,11,0.2948038711959772,0.14950039685559893,0.656036309358015
art style,326,261,6.86471871499204,3.547236689028302,0.6548197047485695
not_what,55,44,1.1581580654127674,0.5980015874223957,0.6516226482716068
hack,50,40,1.0528709685570614,0.5436378067476324,0.6511820180895178
setting,193,155,4.064081938630257,2.1065965011470755,0.6510726905388138
aim,199,160,4.190426454857104,2.1745512269905296,0.6499892678706631
url url,40,32,0.8422967748456491,0.4349102453981059,0.6499829670690982
native,35,28,0.737009677989943,0.38054646472334275,0.649136575299945
not_ready,35,28,0.737009677989943,0.38054646472334275,0.649136575299945
second run,30,24,0.6317225811342368,0.3261826840485795,0.6480198515250635
euros,25,20,0.5264354842785307,0.2718189033738162,0.6464775773627505
procedurally generated,25,20,0.5264354842785307,0.2718189033738162,0.6464775773627505
brotato,46,37,0.9686412910724964,0.50286497124156,0.6454856285533079
language,88,71,1.853052904660428,0.9649571069770476,0.644935860427589
standards,41,33,0.8633541942167904,0.44850119056679677,0.6442282851428089
no_clue,41,33,0.8633541942167904,0.44850119056679677,0.6442282851428089
asset flips,20,16,0.42114838742282457,0.21745512269905296,0.6442075759672363
purchases,20,16,0.42114838742282457,0.21745512269905296,0.6442075759672363
front cost,20,16,0.42114838742282457,0.21745512269905296,0.6442075759672363
want money,20,16,0.42114838742282457,0.21745512269905296,0.6442075759672363
url,325,263,6.843661295620899,3.574418579365683,0.6441475436485424
autobattler,36,29,0.7580670973610842,0.39413740989203355,0.6426347274424096
action,354,287,7.454326457383995,3.900601263414263,0.6423844954320899
waste money,79,64,1.663536130320157,0.8698204907962118,0.6405957128147381
cheaper,63,51,1.3266174203818974,0.6931382036032313,0.6405799965132069
breaking bug,15,12,0.3158612905671184,0.16309134202428974,0.6405328523923757
grammar,15,12,0.3158612905671184,0.16309134202428974,0.6405328523923757
text based,15,12,0.3158612905671184,0.16309134202428974,0.6405328523923757
countdown,15,12,0.3158612905671184,0.16309134202428974,0.6405328523923757
differentiate,15,12,0.3158612905671184,0.16309134202428974,0.6405328523923757
not_a huge,15,12,0.3158612905671184,0.16309134202428974,0.6405328523923757
brother,15,12,0.3158612905671184,0.16309134202428974,0.6405328523923757
blindly,15,12,0.3158612905671184,0.16309134202428974,0.6405328523923757
past level,15,12,0.3158612905671184,0.16309134202428974,0.6405328523923757
not_support,15,12,0.3158612905671184,0.16309134202428974,0.6405328523923757
stare,15,12,0.3158612905671184,0.16309134202428974,0.6405328523923757
checkpoint,15,12,0.3158612905671184,0.16309134202428974,0.6405328523923757
platformer,42,34,0.8844116135879315,0.4620921357354876,0.6387719753265806
messy,42,34,0.8844116135879315,0.4620921357354876,0.6387719753265806
cash grab,53,43,1.1160432266704852,0.5844106422537049,0.6377250537418249
voice,243,198,5.116952907187318,2.6910071434007805,0.63697987633787
vampire,400,327,8.422967748456491,4.4442390701618955,0.6342166964728824
hype,87,71,1.8319954852892868,0.9649571069770476,0.6336342285008172
swing,43,35,0.9054690329590728,0.4756830809041784,0.6335913462339118
advertising,32,26,0.6738374198765194,0.35336457438596114,0.6335806266042212
pixelated,21,17,0.44220580679396576,0.2310460678677438,0.6335699073493064
art great,21,17,0.44220580679396576,0.2310460678677438,0.6335699073493064
die start,21,17,0.44220580679396576,0.2310460678677438,0.6335699073493064
art nice,21,17,0.44220580679396576,0.2310460678677438,0.6335699073493064
buyer beware,10,8,0.21057419371141228,0.10872756134952648,0.6335591884691443
second mission,10,8,0.21057419371141228,0.10872756134952648,0.6335591884691443
comic,10,8,0.21057419371141228,0.10872756134952648,0.6335591884691443
try keep,10,8,0.21057419371141228,0.10872756134952648,0.6335591884691443
poor job,10,8,0.21057419371141228,0.10872756134952648,0.6335591884691443
no_apparent,10,8,0.21057419371141228,0.10872756134952648,0.6335591884691443
not_recommend current,10,8,0.21057419371141228,0.10872756134952648,0.6335591884691443
ensuring,10,8,0.21057419371141228,0.10872756134952648,0.6335591884691443
finicky,10,8,0.21057419371141228,0.10872756134952648,0.6335591884691443
not_meant,10,8,0.21057419371141228,0.10872756134952648,0.6335591884691443
no_map,10,8,0.21057419371141228,0.10872756134952648,0.6335591884691443
happening screen,10,8,0.21057419371141228,0.10872756134952648,0.6335591884691443
justified,10,8,0.21057419371141228,0.10872756134952648,0.6335591884691443
oof,10,8,0.21057419371141228,0.10872756134952648,0.6335591884691443
mechanics bad,10,8,0.21057419371141228,0.10872756134952648,0.6335591884691443
dreadful,10,8,0.21057419371141228,0.10872756134952648,0.6335591884691443
text boxes,10,8,0.21057419371141228,0.10872756134952648,0.6335591884691443
boring bland,10,8,0.21057419371141228,0.10872756134952648,0.6335591884691443
per day,10,8,0.21057419371141228,0.10872756134952648,0.6335591884691443
not_for everyone,10,8,0.21057419371141228,0.10872756134952648,0.6335591884691443
archer,38,31,0.8001819361033667,0.4213193002294151,0.6307413990578112
roulette,38,31,0.8001819361033667,0.4213193002294151,0.6307413990578112
no_strategy,27,22,0.5685503230208131,0.29900079371119787,0.6296152305160945
view,106,87,2.2320864533409703,1.1824122296761006,0.6284734599807447
movement speed,50,41,1.0528709685570614,0.5572287519163233,0.627083119670111
noise,33,27,0.6948948392476605,0.36695551955465194,0.6270666752037499
asks,33,27,0.6948948392476605,0.36695551955465194,0.6270666752037499
no_excuse,16,13,0.3369187099382597,0.17668228719298057,0.6270502316279103
grey,16,13,0.3369187099382597,0.17668228719298057,0.6270502316279103
phones,16,13,0.3369187099382597,0.17668228719298057,0.6270502316279103
melee combat,16,13,0.3369187099382597,0.17668228719298057,0.6270502316279103
orc,16,13,0.3369187099382597,0.17668228719298057,0.6270502316279103
contemporary,16,13,0.3369187099382597,0.17668228719298057,0.6270502316279103
rain,113,93,2.3794883889389586,1.2639579006882455,0.6258915619147025
pixel art,96,79,2.021512259629558,1.0736846683265742,0.625655791855511
power ups,68,56,1.4319045172376035,0.7610929294466855,0.6239995170678583
not_quite,45,37,0.9475838717013553,0.50286497124156,0.6239773468406185
blatant,22,18,0.463263226165107,0.2446370130364346,0.6239551782394841
wasn,22,18,0.463263226165107,0.2446370130364346,0.6239551782394841
men,22,18,0.463263226165107,0.2446370130364346,0.6239551782394841
window,149,123,3.137555486300043,1.6716862557489698,0.6233759823736893
seemed,167,138,3.5165890349805853,1.875550433279332,0.6225294806852135
snappy,28,23,0.5896077423919543,0.31259173887988867,0.6221476655149907
access title,28,23,0.5896077423919543,0.31259173887988867,0.6221476655149907
shotgun,52,43,1.094985807299344,0.5844106422537049,0.6190308442077637
cheap,296,246,6.232996133857803,3.3433725114979396,0.6175057190752895
pixel,185,154,3.8956225836611273,2.093005555978385,0.6153768256809009
low effort,35,29,0.737009677989943,0.39413740989203355,0.6152336768056852
no_actual,29,24,0.6106651617630956,0.3261826840485795,0.6152279522793336
link,29,24,0.6106651617630956,0.3261826840485795,0.6152279522793336
navigating,23,19,0.4843206455362482,0.2582279582051254,0.6152222278628496
repetitive quickly,23,19,0.4843206455362482,0.2582279582051254,0.6152222278628496
eula,23,19,0.4843206455362482,0.2582279582051254,0.6152222278628496
blatantly,23,19,0.4843206455362482,0.2582279582051254,0.6152222278628496
snow,17,14,0.35797612930940087,0.19027323236167137,0.615216503556228
enemies spawning,17,14,0.35797612930940087,0.19027323236167137,0.615216503556228
localization,17,14,0.35797612930940087,0.19027323236167137,0.615216503556228
not_really fun,17,14,0.35797612930940087,0.19027323236167137,0.615216503556228
raised,17,14,0.35797612930940087,0.19027323236167137,0.615216503556228
literally unplayable,17,14,0.35797612930940087,0.19027323236167137,0.615216503556228
idea fun,17,14,0.35797612930940087,0.19027323236167137,0.615216503556228
online multiplayer,11,9,0.2316316130825535,0.1223185065182173,0.6152107793594688
currently recommend,11,9,0.2316316130825535,0.1223185065182173,0.6152107793594688
able move,11,9,0.2316316130825535,0.1223185065182173,0.6152107793594688
action roguelite,11,9,0.2316316130825535,0.1223185065182173,0.6152107793594688
settle,11,9,0.2316316130825535,0.1223185065182173,0.6152107793594688
emulate,11,9,0.2316316130825535,0.1223185065182173,0.6152107793594688
connecting,11,9,0.2316316130825535,0.1223185065182173,0.6152107793594688
want better,11,9,0.2316316130825535,0.1223185065182173,0.6152107793594688
thrown together,11,9,0.2316316130825535,0.1223185065182173,0.6152107793594688
entire experience,11,9,0.2316316130825535,0.1223185065182173,0.6152107793594688
shmup,11,9,0.2316316130825535,0.1223185065182173,0.6152107793594688
slop,128,107,2.6953496795060774,1.454231133049917,0.6106813679790886
listed,42,35,0.8844116135879315,0.4756830809041784,0.6105997515304225
sound effects,67,56,1.4108470978664625,0.7610929294466855,0.6093986410601158
slap,30,25,0.6317225811342368,0.3397736292172703,0.608797791560459
legit,30,25,0.6317225811342368,0.3397736292172703,0.608797791560459
jam,24,20,0.5053780649073895,0.2718189033738162,0.607254787808289
arts,24,20,0.5053780649073895,0.2718189033738162,0.607254787808289
scam,68,57,1.4319045172376035,0.7746838746153762,0.6066064274866196
reload,106,89,2.2320864533409703,1.209594120013482,0.6059979102756543
survivor,170,143,3.579761293094009,1.9435051591227859,0.6048891872971067
revisit,56,47,1.1792154847839087,0.6387744229284681,0.6047817402200337
undercooked,18,15,0.3790335486805421,0.20386417753036218,0.6047459332667522
poop,18,15,0.3790335486805421,0.20386417753036218,0.6047459332667522
player choice,18,15,0.3790335486805421,0.20386417753036218,0.6047459332667522
aesthetically,18,15,0.3790335486805421,0.20386417753036218,0.6047459332667522
background,120,101,2.5268903245369474,1.3726854620377718,0.6038093901452992
gunplay,50,42,1.0528709685570614,0.5708196970850141,0.6035512754177574
far tell,31,26,0.652780000505378,0.35336457438596114,0.6028068915061056
move around,31,26,0.652780000505378,0.35336457438596114,0.6028068915061056
human,57,48,1.20027290415505,0.652365368097159,0.6015549254152788
copy,155,131,3.2639000025268903,1.7804138170984964,0.6000780242736621
training,38,32,0.8001819361033667,0.4349102453981059,0.5999683935670372
not_understand,25,21,0.5264354842785307,0.28540984854250706,0.5999562149237896
displayed,25,21,0.5264354842785307,0.28540984854250706,0.5999562149237896
fun idea,25,21,0.5264354842785307,0.28540984854250706,0.5999562149237896
seen everything,25,21,0.5264354842785307,0.28540984854250706,0.5999562149237896
love roguelikes,12,10,0.25268903245369473,0.1359094516869081,0.5999440367897009
no_upgrades,12,10,0.25268903245369473,0.1359094516869081,0.5999440367897009
would_not let,12,10,0.25268903245369473,0.1359094516869081,0.5999440367897009
works fine,12,10,0.25268903245369473,0.1359094516869081,0.5999440367897009
third person,12,10,0.25268903245369473,0.1359094516869081,0.5999440367897009
streaming,12,10,0.25268903245369473,0.1359094516869081,0.5999440367897009
throw away,12,10,0.25268903245369473,0.1359094516869081,0.5999440367897009
ever experienced,12,10,0.25268903245369473,0.1359094516869081,0.5999440367897009
enemies around,12,10,0.25268903245369473,0.1359094516869081,0.5999440367897009
multiple enemies,12,10,0.25268903245369473,0.1359094516869081,0.5999440367897009
acknowledge,12,10,0.25268903245369473,0.1359094516869081,0.5999440367897009
deaf,12,10,0.25268903245369473,0.1359094516869081,0.5999440367897009
ratings,12,10,0.25268903245369473,0.1359094516869081,0.5999440367897009
never heard,12,10,0.25268903245369473,0.1359094516869081,0.5999440367897009
want able,12,10,0.25268903245369473,0.1359094516869081,0.5999440367897009
counter intuitive,12,10,0.25268903245369473,0.1359094516869081,0.5999440367897009
anything except,12,10,0.25268903245369473,0.1359094516869081,0.5999440367897009
immediately,266,225,5.601273552723566,3.057962662955432,0.5998415418763097
steam,955,809,20.10983549943987,10.995074641470866,0.5994968717610076
loading,137,116,2.884866453846348,1.5765496395681342,0.5980865101810213
providing,45,38,0.9475838717013553,0.5164559164102508,0.5980005136024538
not_enjoyable,32,27,0.6738374198765194,0.36695551955465194,0.597211635618395
marketing,39,33,0.8212393554745079,0.44850119056679677,0.595433968037355
dog,39,33,0.8212393554745079,0.44850119056679677,0.595433968037355
foremost,19,16,0.40009096805168337,0.21745512269905296,0.5954153354181813
remind,19,16,0.40009096805168337,0.21745512269905296,0.5954153354181813
student,19,16,0.40009096805168337,0.21745512269905296,0.5954153354181813
potential current,19,16,0.40009096805168337,0.21745512269905296,0.5954153354181813
competition,19,16,0.40009096805168337,0.21745512269905296,0.5954153354181813
no_idea,206,175,4.337828390455093,2.378415404520892,0.5953053986552055
console,46,39,0.9686412910724964,0.5300468615789417,0.594189640494136
popular,60,51,1.2634451622684737,0.6931382036032313,0.5925645476446952
needs work,129,110,2.716407098877218,1.4950039685559893,0.5910024758434282
accessibility,54,46,1.1371006460416262,0.6251834777597773,0.5901142606016379
proof,34,29,0.7159522586188017,0.39413740989203355,0.5870607233946927
pleasing,27,23,0.5685503230208131,0.31259173887988867,0.5870542692896041
japanese,20,17,0.42114838742282457,0.2310460678677438,0.587047815330477
tap,20,17,0.42114838742282457,0.2310460678677438,0.587047815330477
nonsensical,20,17,0.42114838742282457,0.2310460678677438,0.587047815330477
lifted,13,11,0.273746451824836,0.14950039685559893,0.5870413615173078
tabs,13,11,0.273746451824836,0.14950039685559893,0.5870413615173078
hard drive,13,11,0.273746451824836,0.14950039685559893,0.5870413615173078
height,13,11,0.273746451824836,0.14950039685559893,0.5870413615173078
bad execution,13,11,0.273746451824836,0.14950039685559893,0.5870413615173078
aims,13,11,0.273746451824836,0.14950039685559893,0.5870413615173078
no_from,13,11,0.273746451824836,0.14950039685559893,0.5870413615173078
easy learn,13,11,0.273746451824836,0.14950039685559893,0.5870413615173078
seemingly random,13,11,0.273746451824836,0.14950039685559893,0.5870413615173078
recommend moment,13,11,0.273746451824836,0.14950039685559893,0.5870413615173078
nostalgic,13,11,0.273746451824836,0.14950039685559893,0.5870413615173078
density,13,11,0.273746451824836,0.14950039685559893,0.5870413615173078
merging,13,11,0.273746451824836,0.14950039685559893,0.5870413615173078
keeping eye,13,11,0.273746451824836,0.14950039685559893,0.5870413615173078
enemies bullet,13,11,0.273746451824836,0.14950039685559893,0.5870413615173078
dirt,13,11,0.273746451824836,0.14950039685559893,0.5870413615173078
rough around,13,11,0.273746451824836,0.14950039685559893,0.5870413615173078
sauce,13,11,0.273746451824836,0.14950039685559893,0.5870413615173078
ofc,13,11,0.273746451824836,0.14950039685559893,0.5870413615173078
no_meta,35,30,0.737009677989943,0.40772835506072436,0.5824425071623018
graphic,64,55,1.3476748397530387,0.7475019842779946,0.5819729000127065
movie,28,24,0.5896077423919543,0.3261826840485795,0.5813243241852248
understood,28,24,0.5896077423919543,0.3261826840485795,0.5813243241852248
keeps crashing,28,24,0.5896077423919543,0.3261826840485795,0.5813243241852248
bare bones,50,43,1.0528709685570614,0.5844106422537049,0.5805604103490847
noticed,72,62,1.5161341947221685,0.8426386004588302,0.5802692202080575
paint,43,37,0.9054690329590728,0.50286497124156,0.579521431299268
display,43,37,0.9054690329590728,0.50286497124156,0.579521431299268
construction,21,18,0.44220580679396576,0.2446370130364346,0.5795013392804034
fix issue,21,18,0.44220580679396576,0.2446370130364346,0.5795013392804034
asking,102,88,2.1478567758564053,1.1960031748447915,0.5790644045929412
unintuitive,51,44,1.0739283879282027,0.5980015874223957,0.5775063700216254
neither,89,77,1.8741103240315693,1.0465027779891924,0.5760604486226235
mins,89,77,1.8741103240315693,1.0465027779891924,0.5760604486226235
lights,29,25,0.6106651617630956,0.3397736292172703,0.5760058923147291
sprite,29,25,0.6106651617630956,0.3397736292172703,0.5760058923147291
indicators,29,25,0.6106651617630956,0.3397736292172703,0.5760058923147291
placeholder,14,12,0.2948038711959772,0.16309134202428974,0.575992254896736
portraits,14,12,0.2948038711959772,0.16309134202428974,0.575992254896736
decent amount,14,12,0.2948038711959772,0.16309134202428974,0.575992254896736
publishing,14,12,0.2948038711959772,0.16309134202428974,0.575992254896736
brand new,14,12,0.2948038711959772,0.16309134202428974,0.575992254896736
noita,14,12,0.2948038711959772,0.16309134202428974,0.575992254896736
clips,14,12,0.2948038711959772,0.16309134202428974,0.575992254896736
everything seems,14,12,0.2948038711959772,0.16309134202428974,0.575992254896736
done right,14,12,0.2948038711959772,0.16309134202428974,0.575992254896736
wanted try,14,12,0.2948038711959772,0.16309134202428974,0.575992254896736
saw,219,190,4.6115748422799285,2.582279582051254,0.5744315160206517
kiting,22,19,0.463263226165107,0.2582279582051254,0.5726605370514939
too_close,22,19,0.463263226165107,0.2582279582051254,0.5726605370514939
expression,22,19,0.463263226165107,0.2582279582051254,0.5726605370514939
spin,107,93,2.2531438727121116,1.2639579006882455,0.5718118800251748
sounds,223,194,4.6958045197644935,2.6366433627260175,0.5717268115402341
images,30,26,0.6317225811342368,0.35336457438596114,0.5710561167644759
could_not,443,386,9.328436781415563,5.246104835114654,0.5706786084504163
curator,38,33,0.8001819361033667,0.44850119056679677,0.5701140835915215
too_early,38,33,0.8001819361033667,0.44850119056679677,0.5701140835915215
screen,848,740,17.856691626727763,10.057299424831202,0.5697022110901768
pressing,71,62,1.495076775351027,0.8426386004588302,0.5664738214718827
loading screen,47,41,0.9896987104436378,0.5572287519163233,0.5664522683396935
crowd,23,20,0.4843206455362482,0.2718189033738162,0.5664307168911638
logical,23,20,0.4843206455362482,0.2718189033738162,0.5664307168911638
nasty,23,20,0.4843206455362482,0.2718189033738162,0.5664307168911638
meeting,15,13,0.3158612905671184,0.17668228719298057,0.5664235334490968
potato,15,13,0.3158612905671184,0.17668228719298057,0.5664235334490968
right bat,15,13,0.3158612905671184,0.17668228719298057,0.5664235334490968
scoring,15,13,0.3158612905671184,0.17668228719298057,0.5664235334490968
delivery,15,13,0.3158612905671184,0.17668228719298057,0.5664235334490968
remake,15,13,0.3158612905671184,0.17668228719298057,0.5664235334490968
talked,15,13,0.3158612905671184,0.17668228719298057,0.5664235334490968
concept cool,15,13,0.3158612905671184,0.17668228719298057,0.5664235334490968
coin,80,70,1.6845935496912983,0.9513661618083568,0.5647196209754437
crashed,138,121,2.9059238732174895,1.644504365411588,0.5634549901982382
press,179,157,3.76927806743428,2.1337783914844572,0.5634005831204965
button,517,454,10.886685814880016,6.170289106585628,0.563018729528503
right away,32,28,0.6738374198765194,0.38054646472334275,0.5621189689903598
swapping,24,21,0.5053780649073895,0.28540984854250706,0.5607334253693281
children,24,21,0.5053780649073895,0.28540984854250706,0.5607334253693281
white,67,59,1.4108470978664625,0.8018657649527579,0.5581013060590116
personality,33,29,0.6948948392476605,0.39413740989203355,0.558071110081455
thinks,33,29,0.6948948392476605,0.39413740989203355,0.558071110081455
stole,16,14,0.3369187099382597,0.19027323236167137,0.5580560133495887
copy pasted,16,14,0.3369187099382597,0.19027323236167137,0.5580560133495887
missed opportunity,16,14,0.3369187099382597,0.19027323236167137,0.5580560133495887
delayed,16,14,0.3369187099382597,0.19027323236167137,0.5580560133495887
racing,16,14,0.3369187099382597,0.19027323236167137,0.5580560133495887
might change,16,14,0.3369187099382597,0.19027323236167137,0.5580560133495887
job creating,16,14,0.3369187099382597,0.19027323236167137,0.5580560133495887
right alley,16,14,0.3369187099382597,0.19027323236167137,0.5580560133495887
eye,110,97,2.316316130825535,1.3183216813630088,0.5575390003460772
zombies,59,52,1.2423877428973324,0.7067291487719223,0.5569836273103981
fan,284,251,5.980307101404108,3.4113272373413936,0.5561903430109876
vehicle,25,22,0.5264354842785307,0.29900079371119787,0.5555031055470749
clicked,25,22,0.5264354842785307,0.29900079371119787,0.5555031055470749
anime,60,53,1.2634451622684737,0.720320093940613,0.5548215259394347
ran,113,100,2.3794883889389586,1.3590945168690811,0.5540563987498892
functions,44,39,0.926526452330214,0.5300468615789417,0.5507003755752571
pistol,35,31,0.737009677989943,0.4213193002294151,0.5506924620255145
fighter,26,23,0.547492903649672,0.31259173887988867,0.5506845487089258
snake,26,23,0.547492903649672,0.31259173887988867,0.5506845487089258
health pool,17,15,0.35797612930940087,0.20386417753036218,0.5506766356254733
second level,17,15,0.35797612930940087,0.20386417753036218,0.5506766356254733
hades hades,17,15,0.35797612930940087,0.20386417753036218,0.5506766356254733
potential good,17,15,0.35797612930940087,0.20386417753036218,0.5506766356254733
steam store,17,15,0.35797612930940087,0.20386417753036218,0.5506766356254733
combo system,17,15,0.35797612930940087,0.20386417753036218,0.5506766356254733
drg,17,15,0.35797612930940087,0.20386417753036218,0.5506766356254733
painfully slow,17,15,0.35797612930940087,0.20386417753036218,0.5506766356254733
indie,191,170,4.021967099887974,2.3104606786774378,0.5488779940776247
taking damage,45,40,0.9475838717013553,0.5436378067476324,0.5479873993525413
cooldowns,36,32,0.7580670973610842,0.4349102453981059,0.5473205071714649
manages,27,24,0.5685503230208131,0.3261826840485795,0.5462309279598383
environment,103,92,2.1689141952275466,1.2503669555195547,0.5447598811005143
reviews,578,517,12.171188396519629,7.0265186522131495,0.5447100378759258
bare,94,84,1.9793974208872755,1.1416393941700282,0.5441861951522515
ost,18,16,0.3790335486805421,0.21745512269905296,0.5441199646553176
rendering,18,16,0.3790335486805421,0.21745512269905296,0.5441199646553176
spending money,18,16,0.3790335486805421,0.21745512269905296,0.5441199646553176
degrees,18,16,0.3790335486805421,0.21745512269905296,0.5441199646553176
clumsy,18,16,0.3790335486805421,0.21745512269905296,0.5441199646553176
durability,18,16,0.3790335486805421,0.21745512269905296,0.5441199646553176
unbelievably,18,16,0.3790335486805421,0.21745512269905296,0.5441199646553176
rushing,18,16,0.3790335486805421,0.21745512269905296,0.5441199646553176
gaming experience,18,16,0.3790335486805421,0.21745512269905296,0.5441199646553176
boxes,104,93,2.189971614598688,1.2639579006882455,0.5436347728070778
artstyle,85,76,1.7898806465470045,1.0329118328205016,0.5434945196047014
price point,57,51,1.20027290415505,0.6931382036032313,0.5421274643744614
wood,28,25,0.5896077423919543,0.3397736292172703,0.5421022642206204
right click,28,25,0.5896077423919543,0.3397736292172703,0.5421022642206204
uninspired,106,95,2.2320864533409703,1.291139791025627,0.5414513075354481
animation,223,200,4.6958045197644935,2.7181890337381622,0.5414133792991436
slash,49,44,1.0318135491859202,0.5980015874223957,0.5382815038460862
cross,39,35,0.8212393554745079,0.4756830809041784,0.538272860540296
no_game,19,17,0.40009096805168337,0.2310460678677438,0.5382555747814219
salt,19,17,0.40009096805168337,0.2310460678677438,0.5382555747814219
pizza,19,17,0.40009096805168337,0.2310460678677438,0.5382555747814219
music,628,566,13.224059365076691,7.692474965479,0.537192660714279
optimized,60,54,1.2634451622684737,0.7339110391093039,0.5364710404073101
dark,163,147,3.43235935749602,1.997868939797549,0.5356731572156885
no_damage,40,36,0.8422967748456491,0.4892740260728692,0.5355672285771309
barebones,51,46,1.0739283879282027,0.6251834777597773,0.5340185643848674
judge,20,18,0.42114838742282457,0.2446370130364346,0.532979247261574
colour,20,18,0.42114838742282457,0.2446370130364346,0.532979247261574
ive ever,20,18,0.42114838742282457,0.2446370130364346,0.532979247261574
pasted,20,18,0.42114838742282457,0.2446370130364346,0.532979247261574
gravity,20,18,0.42114838742282457,0.2446370130364346,0.532979247261574
feedback,170,154,3.579761293094009,2.093005555978385,0.5312625525547316
hot,65,59,1.3687322591241797,0.8018657649527579,0.5282441897490866
bots,43,39,0.9054690329590728,0.5300468615789417,0.5282254432400961
accurate,32,29,0.6738374198765194,0.39413740989203355,0.5282160704961001
suspect,32,29,0.6738374198765194,0.39413740989203355,0.5282160704961001
braindead,21,19,0.44220580679396576,0.2582279582051254,0.5282066980924132
double jump,21,19,0.44220580679396576,0.2582279582051254,0.5282066980924132
statement,21,19,0.44220580679396576,0.2582279582051254,0.5282066980924132
wish best,10,9,0.21057419371141228,0.1223185065182173,0.5281973260290158
low damage,10,9,0.21057419371141228,0.1223185065182173,0.5281973260290158
random items,10,9,0.21057419371141228,0.1223185065182173,0.5281973260290158
incredibly easy,10,9,0.21057419371141228,0.1223185065182173,0.5281973260290158
due poor,10,9,0.21057419371141228,0.1223185065182173,0.5281973260290158
thought put,10,9,0.21057419371141228,0.1223185065182173,0.5281973260290158
ears,10,9,0.21057419371141228,0.1223185065182173,0.5281973260290158
side screen,10,9,0.21057419371141228,0.1223185065182173,0.5281973260290158
medieval,10,9,0.21057419371141228,0.1223185065182173,0.5281973260290158
move speed,10,9,0.21057419371141228,0.1223185065182173,0.5281973260290158
visually appealing,10,9,0.21057419371141228,0.1223185065182173,0.5281973260290158
gameplay bad,10,9,0.21057419371141228,0.1223185065182173,0.5281973260290158
google translate,10,9,0.21057419371141228,0.1223185065182173,0.5281973260290158
player count,10,9,0.21057419371141228,0.1223185065182173,0.5281973260290158
detracts,10,9,0.21057419371141228,0.1223185065182173,0.5281973260290158
readable,10,9,0.21057419371141228,0.1223185065182173,0.5281973260290158
enemies boring,10,9,0.21057419371141228,0.1223185065182173,0.5281973260290158
stun lock,10,9,0.21057419371141228,0.1223185065182173,0.5281973260290158
customizable,10,9,0.21057419371141228,0.1223185065182173,0.5281973260290158
amazing art,10,9,0.21057419371141228,0.1223185065182173,0.5281973260290158
binds,10,9,0.21057419371141228,0.1223185065182173,0.5281973260290158
no_items,10,9,0.21057419371141228,0.1223185065182173,0.5281973260290158
launched,45,41,0.9475838717013553,0.5572287519163233,0.5238885009331344
closed,45,41,0.9475838717013553,0.5572287519163233,0.5238885009331344
successfully,22,20,0.463263226165107,0.2718189033738162,0.523869026079808
entertainment,34,31,0.7159522586188017,0.4213193002294151,0.522519508614522
new player,34,31,0.7159522586188017,0.4213193002294151,0.522519508614522
uninstalled,58,53,1.2213303235261912,0.720320093940613,0.5214809525719684
explain,129,118,2.716407098877218,1.6037315299055157,0.521398408254738
deep rock,35,32,0.737009677989943,0.4349102453981059,0.5199194565347405
alley,23,21,0.4843206455362482,0.28540984854250706,0.5199093544522029
dang,11,10,0.2316316130825535,0.1359094516869081,0.5198992527710296
riot,11,10,0.2316316130825535,0.1359094516869081,0.5198992527710296
no_way tell,11,10,0.2316316130825535,0.1359094516869081,0.5198992527710296
seems great,11,10,0.2316316130825535,0.1359094516869081,0.5198992527710296
enemies deal,11,10,0.2316316130825535,0.1359094516869081,0.5198992527710296
steals,11,10,0.2316316130825535,0.1359094516869081,0.5198992527710296
far too_easy,11,10,0.2316316130825535,0.1359094516869081,0.5198992527710296
good early,11,10,0.2316316130825535,0.1359094516869081,0.5198992527710296
bite,11,10,0.2316316130825535,0.1359094516869081,0.5198992527710296
roguelike roguelite,11,10,0.2316316130825535,0.1359094516869081,0.5198992527710296
fun simple,11,10,0.2316316130825535,0.1359094516869081,0.5198992527710296
attack animations,11,10,0.2316316130825535,0.1359094516869081,0.5198992527710296
confidence,11,10,0.2316316130825535,0.1359094516869081,0.5198992527710296
bad run,11,10,0.2316316130825535,0.1359094516869081,0.5198992527710296
trying hard,11,10,0.2316316130825535,0.1359094516869081,0.5198992527710296
auto attack,11,10,0.2316316130825535,0.1359094516869081,0.5198992527710296
megabonk,11,10,0.2316316130825535,0.1359094516869081,0.5198992527710296
incompetence,11,10,0.2316316130825535,0.1359094516869081,0.5198992527710296
appeals,11,10,0.2316316130825535,0.1359094516869081,0.5198992527710296
years ago,60,55,1.2634451622684737,0.7475019842779946,0.5184511880388882
model,60,55,1.2634451622684737,0.7475019842779946,0.5184511880388882
industry,36,33,0.7580670973610842,0.44850119056679677,0.5174661971959491
asking price,36,33,0.7580670973610842,0.44850119056679677,0.5174661971959491
tiny,160,147,3.3691870993825965,1.997868939797549,0.5172048633999022
spawned,49,45,1.0318135491859202,0.6115925325910865,0.5163012502797084
warrant,24,22,0.5053780649073895,0.29900079371119787,0.5162803159926135
obtuse,24,22,0.5053780649073895,0.29900079371119787,0.5162803159926135
dumped,24,22,0.5053780649073895,0.29900079371119787,0.5162803159926135
lacklustre,24,22,0.5053780649073895,0.29900079371119787,0.5162803159926135
please add,24,22,0.5053780649073895,0.29900079371119787,0.5162803159926135
field,62,57,1.305560001010756,0.7746838746153762,0.5156221898260345
capture,37,34,0.7791245167322254,0.4620921357354876,0.5151476370301289
momentum,37,34,0.7791245167322254,0.4620921357354876,0.5151476370301289
was_not,434,400,9.138920007075294,5.4363780674763245,0.5146257744201153
pad,50,46,1.0528709685570614,0.6251834777597773,0.5145984020144798
gen,25,23,0.5264354842785307,0.31259173887988867,0.5129421443205846
no_need,25,23,0.5264354842785307,0.31259173887988867,0.5129421443205846
lost interest,25,23,0.5264354842785307,0.31259173887988867,0.5129421443205846
beware,25,23,0.5264354842785307,0.31259173887988867,0.5129421443205846
definition,25,23,0.5264354842785307,0.31259173887988867,0.5129421443205846
noises,12,11,0.25268903245369473,0.14950039685559893,0.5129313130141409
stop working,12,11,0.25268903245369473,0.14950039685559893,0.5129313130141409
relative,12,11,0.25268903245369473,0.14950039685559893,0.5129313130141409
suggests,12,11,0.25268903245369473,0.14950039685559893,0.5129313130141409
ear,12,11,0.25268903245369473,0.14950039685559893,0.5129313130141409
ninja,12,11,0.25268903245369473,0.14950039685559893,0.5129313130141409
however gameplay,12,11,0.25268903245369473,0.14950039685559893,0.5129313130141409
not_trying,12,11,0.25268903245369473,0.14950039685559893,0.5129313130141409
upgrades run,12,11,0.25268903245369473,0.14950039685559893,0.5129313130141409
imprecise,12,11,0.25268903245369473,0.14950039685559893,0.5129313130141409
stationary,12,11,0.25268903245369473,0.14950039685559893,0.5129313130141409
plane,12,11,0.25268903245369473,0.14950039685559893,0.5129313130141409
award,12,11,0.25268903245369473,0.14950039685559893,0.5129313130141409
already bored,12,11,0.25268903245369473,0.14950039685559893,0.5129313130141409
soulslike,12,11,0.25268903245369473,0.14950039685559893,0.5129313130141409
auto battlers,12,11,0.25268903245369473,0.14950039685559893,0.5129313130141409
melee attacks,12,11,0.25268903245369473,0.14950039685559893,0.5129313130141409
front,156,144,3.2849574218980315,1.9570961042914767,0.5125205682921354
not_good,143,132,3.0112109700731957,1.794004762267187,0.5124618407021657
screens,65,60,1.3687322591241797,0.8154567101214487,0.5117135409230649
clarity,39,36,0.8212393554745079,0.4892740260728692,0.5108725395209035
golden,39,36,0.8212393554745079,0.4892740260728692,0.5108725395209035
category,39,36,0.8212393554745079,0.4892740260728692,0.5108725395209035
explained,120,111,2.5268903245369474,1.5085949137246801,0.5102698625427529
paste,26,24,0.547492903649672,0.3261826840485795,0.50986120737916
tarkov,26,24,0.547492903649672,0.3261826840485795,0.50986120737916
floating,26,24,0.547492903649672,0.3261826840485795,0.50986120737916
actual gameplay,40,37,0.8422967748456491,0.50286497124156,0.5088976346618796
dragging,27,25,0.5685503230208131,0.3397736292172703,0.5070088679952338
pair,27,25,0.5685503230208131,0.3397736292172703,0.5070088679952338
prime,13,12,0.273746451824836,0.16309134202428974,0.5069973070560287
fool,13,12,0.273746451824836,0.16309134202428974,0.5069973070560287
color palette,13,12,0.273746451824836,0.16309134202428974,0.5069973070560287
sent back,13,12,0.273746451824836,0.16309134202428974,0.5069973070560287
impressed,13,12,0.273746451824836,0.16309134202428974,0.5069973070560287
doesnt seem,13,12,0.273746451824836,0.16309134202428974,0.5069973070560287
no_enemies,13,12,0.273746451824836,0.16309134202428974,0.5069973070560287
fancy,13,12,0.273746451824836,0.16309134202428974,0.5069973070560287
technical issues,13,12,0.273746451824836,0.16309134202428974,0.5069973070560287
too_clunky,13,12,0.273746451824836,0.16309134202428974,0.5069973070560287
ask refund,13,12,0.273746451824836,0.16309134202428974,0.5069973070560287
murder,13,12,0.273746451824836,0.16309134202428974,0.5069973070560287
hire someone,13,12,0.273746451824836,0.16309134202428974,0.5069973070560287
caught,43,40,0.9054690329590728,0.5436378067476324,0.5035314838111908
confused,58,54,1.2213303235261912,0.7339110391093039,0.5031304670398438
real money,14,13,0.2948038711959772,0.17668228719298057,0.5018829359534571
cinematic,14,13,0.2948038711959772,0.17668228719298057,0.5018829359534571
wacky,14,13,0.2948038711959772,0.17668228719298057,0.5018829359534571
good combat,14,13,0.2948038711959772,0.17668228719298057,0.5018829359534571
pay money,14,13,0.2948038711959772,0.17668228719298057,0.5018829359534571
unfortunately recommend,14,13,0.2948038711959772,0.17668228719298057,0.5018829359534571
around edges,14,13,0.2948038711959772,0.17668228719298057,0.5018829359534571
around enemies,14,13,0.2948038711959772,0.17668228719298057,0.5018829359534571
poly,14,13,0.2948038711959772,0.17668228719298057,0.5018829359534571
fooled,14,13,0.2948038711959772,0.17668228719298057,0.5018829359534571
leaderboards,14,13,0.2948038711959772,0.17668228719298057,0.5018829359534571
responding,14,13,0.2948038711959772,0.17668228719298057,0.5018829359534571
chatgpt,14,13,0.2948038711959772,0.17668228719298057,0.5018829359534571
restarted,14,13,0.2948038711959772,0.17668228719298057,0.5018829359534571
eyes,91,85,1.9162251627738518,1.1552303393387189,0.5003942638341918
art,935,875,19.688687112017046,11.892077022604461,0.49989199684373364
register,30,28,0.6317225811342368,0.38054646472334275,0.4995944591506145
didnt,139,130,2.9269812925886307,1.7668228719298056,0.49943715515078857
martial arts,15,14,0.3158612905671184,0.19027323236167137,0.49742931517077515
tastes,15,14,0.3158612905671184,0.19027323236167137,0.49742931517077515
driver,15,14,0.3158612905671184,0.19027323236167137,0.49742931517077515
pls,15,14,0.3158612905671184,0.19027323236167137,0.49742931517077515
work properly,15,14,0.3158612905671184,0.19027323236167137,0.49742931517077515
assets,147,138,3.0954406475577607,1.875550433279332,0.4957362355939683
visual,280,263,5.896077423919544,3.574418579365683,0.49551133959505655
cringe,32,30,0.6738374198765194,0.40772835506072436,0.49542490085271673
itch,82,77,1.7267083884335808,1.0465027779891924,0.4950768494394673
holding,116,109,2.4426606470523824,1.4814130233872984,0.494666143961787
picture,33,31,0.6948948392476605,0.4213193002294151,0.4935298953012843
binding isaac,33,31,0.6948948392476605,0.4213193002294151,0.4935298953012843
ryzen,16,15,0.3369187099382597,0.20386417753036218,0.49351614541883393
bone,16,15,0.3369187099382597,0.20386417753036218,0.49351614541883393
seems interesting,16,15,0.3369187099382597,0.20386417753036218,0.49351614541883393
not_willing,16,15,0.3369187099382597,0.20386417753036218,0.49351614541883393
march,16,15,0.3369187099382597,0.20386417753036218,0.49351614541883393
hour gameplay,16,15,0.3369187099382597,0.20386417753036218,0.49351614541883393
basic gameplay,16,15,0.3369187099382597,0.20386417753036218,0.49351614541883393
suited,16,15,0.3369187099382597,0.20386417753036218,0.49351614541883393
aesthetic,121,114,2.5479477439080886,1.5493677492307525,0.4920651405133789
stable,34,32,0.7159522586188017,0.4349102453981059,0.491746503123748
published,34,32,0.7159522586188017,0.4349102453981059,0.491746503123748
not_as,87,82,1.8319954852892868,1.1144575038326465,0.49144492375809534
environments,52,49,1.094985807299344,0.6659563132658497,0.49118939159594
dollars,106,100,2.2320864533409703,1.3590945168690811,0.4906722474432694
not_very,161,152,3.390244518753738,2.065823665641003,0.4901665278167098
hybrid,17,16,0.35797612930940087,0.21745512269905296,0.49005066701403877
matching,17,16,0.35797612930940087,0.21745512269905296,0.49005066701403877
martial,17,16,0.35797612930940087,0.21745512269905296,0.49005066701403877
overhyped,17,16,0.35797612930940087,0.21745512269905296,0.49005066701403877
not_the best,17,16,0.35797612930940087,0.21745512269905296,0.49005066701403877
thru,17,16,0.35797612930940087,0.21745512269905296,0.49005066701403877
incredibly boring,17,16,0.35797612930940087,0.21745512269905296,0.49005066701403877
worthy,17,16,0.35797612930940087,0.21745512269905296,0.49005066701403877
visuals,270,255,5.685503230208131,3.465691018016157,0.49003715288470584
soft,54,51,1.1371006460416262,0.6931382036032313,0.4890114094559781
audience,54,51,1.1371006460416262,0.6931382036032313,0.4890114094559781
visible,37,35,0.7791245167322254,0.4756830809041784,0.48697541323397076
baby,37,35,0.7791245167322254,0.4756830809041784,0.48697541323397076
glorified,18,17,0.3790335486805421,0.2310460678677438,0.48696020401855833
adjustments,18,17,0.3790335486805421,0.2310460678677438,0.48696020401855833
microtransactions,18,17,0.3790335486805421,0.2310460678677438,0.48696020401855833
enhance,18,17,0.3790335486805421,0.2310460678677438,0.48696020401855833
hunger,18,17,0.3790335486805421,0.2310460678677438,0.48696020401855833
date,38,36,0.8001819361033667,0.4892740260728692,0.48555265507506995
tactical,58,55,1.2213303235261912,0.7475019842779946,0.4851106146714219
necessarily,39,37,0.8212393554745079,0.50286497124156,0.48420294560565225
unoptimized,19,18,0.40009096805168337,0.2446370130364346,0.4841870067125189
exclusive,19,18,0.40009096805168337,0.2446370130364346,0.4841870067125189
not_here,19,18,0.40009096805168337,0.2446370130364346,0.4841870067125189
bad good,19,18,0.40009096805168337,0.2446370130364346,0.4841870067125189
defined,19,18,0.40009096805168337,0.2446370130364346,0.4841870067125189
gladly,19,18,0.40009096805168337,0.2446370130364346,0.4841870067125189
strikes,19,18,0.40009096805168337,0.2446370130364346,0.4841870067125189
pixel graphics,19,18,0.40009096805168337,0.2446370130364346,0.4841870067125189
style,808,769,17.014394851882113,10.451436834723234,0.48292976147060784
dodges,20,19,0.42114838742282457,0.2582279582051254,0.48168460607358377
positions,20,19,0.42114838742282457,0.2582279582051254,0.48168460607358377
lack_of_polish,20,19,0.42114838742282457,0.2582279582051254,0.48168460607358377
want use,20,19,0.42114838742282457,0.2582279582051254,0.48168460607358377
paid,210,200,4.422058067939657,2.7181890337381622,0.4815984569391585
love idea,21,20,0.44220580679396576,0.2718189033738162,0.4794151871207273
deal breaker,21,20,0.44220580679396576,0.2718189033738162,0.4794151871207273
download,66,63,1.389789678495321,0.8562295456275212,0.47874023504388674
shoot,315,301,6.633087101909488,4.090874495775934,0.4784424882947773
copy paste,22,21,0.463263226165107,0.28540984854250706,0.47734766364084713
press button,22,21,0.463263226165107,0.28540984854250706,0.47734766364084713
news,22,21,0.463263226165107,0.28540984854250706,0.47734766364084713
bucks,115,110,2.421603227681241,1.4950039685559893,0.4770291409913572
lol,116,111,2.4426606470523824,1.5085949137246801,0.4766449445262495
understandable,23,22,0.4843206455362482,0.29900079371119787,0.4754562450754882
reminded,23,22,0.4843206455362482,0.29900079371119787,0.4754562450754882
not_clear,23,22,0.4843206455362482,0.29900079371119787,0.4754562450754882
unsure,23,22,0.4843206455362482,0.29900079371119787,0.4754562450754882
polish,170,163,3.579761293094009,2.2153240624966024,0.47480911815991167
could_not find,24,23,0.5053780649073895,0.31259173887988867,0.47371935476612315
no_challenge,24,23,0.5053780649073895,0.31259173887988867,0.47371935476612315
horrible,225,216,4.737919358506777,2.9356441564372155,0.4736924814502457
survival,150,144,3.158612905671184,1.9570961042914767,0.47354213802665335
trend,25,24,0.5264354842785307,0.3261826840485795,0.47211880299081876
visual style,25,24,0.5264354842785307,0.3261826840485795,0.47211880299081876
stardew valley,26,25,0.547492903649672,0.3397736292172703,0.4706391474145555
default,137,132,2.884866453846348,1.794004762267187,0.4698897648877338
pathetic,27,26,0.5685503230208131,0.35336457438596114,0.4692671931992507
nothing interesting,27,26,0.5685503230208131,0.35336457438596114,0.4692671931992507
claims,27,26,0.5685503230208131,0.35336457438596114,0.4692671931992507
love concept,27,26,0.5685503230208131,0.35336457438596114,0.4692671931992507
profile,27,26,0.5685503230208131,0.35336457438596114,0.4692671931992507
turn based,56,54,1.1792154847839087,0.7339110391093039,0.46864013788604986
animated,28,27,0.5896077423919543,0.36695551955465194,0.467991598438811
obstacles,28,27,0.5896077423919543,0.36695551955465194,0.467991598438811
lame,89,86,1.8741103240315693,1.1688212845074097,0.4668490344251204
metal,29,28,0.6106651617630956,0.38054646472334275,0.4668025599048846
kid,29,28,0.6106651617630956,0.38054646472334275,0.4668025599048846
lags,29,28,0.6106651617630956,0.38054646472334275,0.4668025599048846
not_particularly,29,28,0.6106651617630956,0.38054646472334275,0.4668025599048846
growing,30,29,0.6317225811342368,0.39413740989203355,0.46569156065635475
nor,157,152,3.3060148412691728,2.065823665641003,0.4651569176863628
claim,31,30,0.652780000505378,0.40772835506072436,0.4646511657546011
handed,32,31,0.6738374198765194,0.4213193002294151,0.46367485571592937
moving,267,259,5.622330972094709,3.52005479869092,0.46338950468602835
boot,33,32,0.6948948392476605,0.4349102453981059,0.46275688981051033
comparing,33,32,0.6948948392476605,0.4349102453981059,0.46275688981051033
priced,35,34,0.737009677989943,0.4620921357354876,0.4610762628583238
edges,35,34,0.737009677989943,0.4620921357354876,0.4610762628583238
sword,72,70,1.5161341947221685,0.9513661618083568,0.4607132944654406
selecting,36,35,0.7580670973610842,0.4756830809041784,0.46030508969889006
not_gonna,36,35,0.7580670973610842,0.4756830809041784,0.46030508969889006
not_enjoy,37,36,0.7791245167322254,0.4892740260728692,0.45957509221457826
impressive,38,37,0.8001819361033667,0.50286497124156,0.4588830611598187
almost immediately,40,39,0.8422967748456491,0.5300468615789417,0.45760164660270775
shut,40,39,0.8422967748456491,0.5300468615789417,0.45760164660270775
description,83,81,1.7477658078047218,1.1008665586639557,0.45703930892204525
charging,42,41,0.8844116135879315,0.5572287519163233,0.4564409906882947
binding,42,41,0.8844116135879315,0.5572287519163233,0.4564409906882947
waited,43,42,0.9054690329590728,0.5708196970850141,0.45590074113943047
shown,43,42,0.9054690329590728,0.5708196970850141,0.45590074113943047
car,43,42,0.9054690329590728,0.5708196970850141,0.45590074113943047
visually,132,129,2.779579356990642,1.7532319267611147,0.45579354235158576
diablo,44,43,0.926526452330214,0.5844106422537049,0.45538480840591866
aesthetics,45,44,0.9475838717013553,0.5980015874223957,0.4548915889142613
too_small,45,44,0.9475838717013553,0.5980015874223957,0.4548915889142613
isaac,51,50,1.0739283879282027,0.6795472584345406,0.4523351459547964
screenshots,53,52,1.1160432266704852,0.7067291487719223,0.451610652430567
jank,56,55,1.1792154847839087,0.7475019842779946,0.450620285517628
video,178,175,3.7482206480631386,2.378415404520892,0.4499142517697958
grid,60,59,1.2634451622684737,0.8018657649527579,0.44945292907082646
soulless,67,66,1.4108470978664625,0.8970023811335935,0.4477438207283626
technical,74,73,1.5582490334644508,0.9921389973144292,0.446356863221375
not_work,105,104,2.2110290339698286,1.4134582975438446,0.44243520921903823
shooting,213,211,4.485230326053081,2.867689430593761,0.44242638495829745
polished,160,159,3.3691870993825965,2.160960281821839,0.4392271573967914
gun,257,256,5.411756778383296,3.4792819631848473,0.4369509226628381
color,112,112,2.3584309695678174,1.522185858893371,0.4329602269059283
too_slow,98,98,2.0636270983718403,1.3319126265316994,0.4329500098325916
tells,85,85,1.7898806465470045,1.1552303393387189,0.43294052298869445
roboquest,61,61,1.284502581639615,0.8290476552901395,0.4329230099245809
inputs,59,59,1.2423877428973324,0.8018657649527579,0.4329215505675226
novel,59,59,1.2423877428973324,0.8018657649527579,0.4329215505675226
desired,48,48,1.010756129814779,0.652365368097159,0.4329135242823057
comment,47,47,0.9896987104436378,0.6387744229284681,0.4329127946350013
micro,45,45,0.9475838717013553,0.6115925325910865,0.4329113353478835
usd,41,41,0.8633541942167904,0.5572287519163233,0.43290841680362213
shake,40,40,0.8422967748456491,0.5436378067476324,0.43290768717380246
clean,39,39,0.8212393554745079,0.5300468615789417,0.43290695754648034
ultra,36,36,0.7580670973610842,0.4892740260728692,0.43290476867949756
almost impossible,35,35,0.737009677989943,0.4756830809041784,0.4329040390621657
attacked,35,35,0.737009677989943,0.4756830809041784,0.4329040390621657
atleast,33,33,0.6948948392476605,0.44850119056679677,0.4329025798349946
loud,32,32,0.6738374198765194,0.4349102453981059,0.43290185022515537
dunno,32,32,0.6738374198765194,0.4349102453981059,0.43290185022515537
gameplay wise,31,31,0.652780000505378,0.4213193002294151,0.4329011206178137
gameplay boring,30,30,0.6317225811342368,0.40772835506072436,0.4329003910129714
downgrade,29,29,0.6106651617630956,0.39413740989203355,0.43289966141062486
coupled,29,29,0.6106651617630956,0.39413740989203355,0.43289966141062486
literally nothing,29,29,0.6106651617630956,0.39413740989203355,0.43289966141062486
stardew,27,27,0.5685503230208131,0.36695551955465194,0.43289820221342445
swarmed,27,27,0.5685503230208131,0.36695551955465194,0.43289820221342445
not_one,27,27,0.5685503230208131,0.36695551955465194,0.43289820221342445
hope better,26,26,0.547492903649672,0.35336457438596114,0.43289747261857237
duck,26,26,0.547492903649672,0.35336457438596114,0.43289747261857237
bloody,26,26,0.547492903649672,0.35336457438596114,0.43289747261857237
introduction,25,25,0.5264354842785307,0.3397736292172703,0.4328967430262143
hard pass,25,25,0.5264354842785307,0.3397736292172703,0.4328967430262143
weirdly,25,25,0.5264354842785307,0.3397736292172703,0.4328967430262143
smoothly,24,24,0.5053780649073895,0.3261826840485795,0.4328960134363573
polishing,24,24,0.5053780649073895,0.3261826840485795,0.4328960134363573
generative,24,24,0.5053780649073895,0.3261826840485795,0.4328960134363573
living,23,23,0.4843206455362482,0.31259173887988867,0.4328952838489979
casting,23,23,0.4843206455362482,0.31259173887988867,0.4328952838489979
akin,22,22,0.463263226165107,0.29900079371119787,0.4328945542641325
developing,22,22,0.463263226165107,0.29900079371119787,0.4328945542641325
dual,21,21,0.44220580679396576,0.28540984854250706,0.4328938246817664
sits,21,21,0.44220580679396576,0.28540984854250706,0.4328938246817664
angles,21,21,0.44220580679396576,0.28540984854250706,0.4328938246817664
character designs,21,21,0.44220580679396576,0.28540984854250706,0.4328938246817664
states,21,21,0.44220580679396576,0.28540984854250706,0.4328938246817664
sorta,21,21,0.44220580679396576,0.28540984854250706,0.4328938246817664
interesting enough,20,20,0.42114838742282457,0.2718189033738162,0.4328930951018979
no_up front,20,20,0.42114838742282457,0.2718189033738162,0.4328930951018979
no_up,20,20,0.42114838742282457,0.2718189033738162,0.4328930951018979
glitchy,20,20,0.42114838742282457,0.2718189033738162,0.4328930951018979
interesting gameplay,20,20,0.42114838742282457,0.2718189033738162,0.4328930951018979
not_in good,20,20,0.42114838742282457,0.2718189033738162,0.4328930951018979
aint,20,20,0.42114838742282457,0.2718189033738162,0.4328930951018979
quite literally,19,19,0.40009096805168337,0.2582279582051254,0.4328923655245287
portals,19,19,0.40009096805168337,0.2582279582051254,0.4328923655245287
looter,19,19,0.40009096805168337,0.2582279582051254,0.4328923655245287
cookie,19,19,0.40009096805168337,0.2582279582051254,0.4328923655245287
buggy mess,19,19,0.40009096805168337,0.2582279582051254,0.4328923655245287
controlling,19,19,0.40009096805168337,0.2582279582051254,0.4328923655245287
needs oven,19,19,0.40009096805168337,0.2582279582051254,0.4328923655245287
rig,18,18,0.3790335486805421,0.2446370130364346,0.4328916359496553
forgive,18,18,0.3790335486805421,0.2446370130364346,0.4328916359496553
loop boring,18,18,0.3790335486805421,0.2446370130364346,0.4328916359496553
music sound,18,18,0.3790335486805421,0.2446370130364346,0.4328916359496553
will_not let,18,18,0.3790335486805421,0.2446370130364346,0.4328916359496553
sky,18,18,0.3790335486805421,0.2446370130364346,0.4328916359496553
guard,17,17,0.35797612930940087,0.2310460678677438,0.43289090637727945
rts,17,17,0.35797612930940087,0.2310460678677438,0.43289090637727945
laughable,17,17,0.35797612930940087,0.2310460678677438,0.43289090637727945
not_interested,17,17,0.35797612930940087,0.2310460678677438,0.43289090637727945
want refund,17,17,0.35797612930940087,0.2310460678677438,0.43289090637727945
barrel,17,17,0.35797612930940087,0.2310460678677438,0.43289090637727945
clip,17,17,0.35797612930940087,0.2310460678677438,0.43289090637727945
crafting system,16,16,0.3369187099382597,0.21745512269905296,0.4328901768073994
hearing,16,16,0.3369187099382597,0.21745512269905296,0.4328901768073994
conceptually,16,16,0.3369187099382597,0.21745512269905296,0.4328901768073994
potential needs,16,16,0.3369187099382597,0.21745512269905296,0.4328901768073994
not_super,16,16,0.3369187099382597,0.21745512269905296,0.4328901768073994
not_really worth,16,16,0.3369187099382597,0.21745512269905296,0.4328901768073994
hallways,16,16,0.3369187099382597,0.21745512269905296,0.4328901768073994
landing,16,16,0.3369187099382597,0.21745512269905296,0.4328901768073994
tetris,15,15,0.3158612905671184,0.20386417753036218,0.43288944724002043
impacts,15,15,0.3158612905671184,0.20386417753036218,0.43288944724002043
hmm,15,15,0.3158612905671184,0.20386417753036218,0.43288944724002043
screams,15,15,0.3158612905671184,0.20386417753036218,0.43288944724002043
due fact,15,15,0.3158612905671184,0.20386417753036218,0.43288944724002043
hilarious,15,15,0.3158612905671184,0.20386417753036218,0.43288944724002043
ppl,15,15,0.3158612905671184,0.20386417753036218,0.43288944724002043
platformers,15,15,0.3158612905671184,0.20386417753036218,0.43288944724002043
nothing happens,15,15,0.3158612905671184,0.20386417753036218,0.43288944724002043
attack button,15,15,0.3158612905671184,0.20386417753036218,0.43288944724002043
consume,15,15,0.3158612905671184,0.20386417753036218,0.43288944724002043
leans,14,14,0.2948038711959772,0.19027323236167137,0.4328887176751355
super boring,14,14,0.2948038711959772,0.19027323236167137,0.4328887176751355
beating boss,14,14,0.2948038711959772,0.19027323236167137,0.4328887176751355
imitation,14,14,0.2948038711959772,0.19027323236167137,0.4328887176751355
league legends,14,14,0.2948038711959772,0.19027323236167137,0.4328887176751355
attract,14,14,0.2948038711959772,0.19027323236167137,0.4328887176751355
disliked,14,14,0.2948038711959772,0.19027323236167137,0.4328887176751355
badge,14,14,0.2948038711959772,0.19027323236167137,0.4328887176751355
worst possible,13,13,0.273746451824836,0.17668228719298057,0.43288798811274987
edition,13,13,0.273746451824836,0.17668228719298057,0.43288798811274987
stating,13,13,0.273746451824836,0.17668228719298057,0.43288798811274987
might seem,13,13,0.273746451824836,0.17668228719298057,0.43288798811274987
ten minutes,13,13,0.273746451824836,0.17668228719298057,0.43288798811274987
plants,13,13,0.273746451824836,0.17668228719298057,0.43288798811274987
bought sale,13,13,0.273746451824836,0.17668228719298057,0.43288798811274987
confusion,13,13,0.273746451824836,0.17668228719298057,0.43288798811274987
devoid,13,13,0.273746451824836,0.17668228719298057,0.43288798811274987
bash,13,13,0.273746451824836,0.17668228719298057,0.43288798811274987
flies,13,13,0.273746451824836,0.17668228719298057,0.43288798811274987
installing,13,13,0.273746451824836,0.17668228719298057,0.43288798811274987
float,13,13,0.273746451824836,0.17668228719298057,0.43288798811274987
mesh,13,13,0.273746451824836,0.17668228719298057,0.43288798811274987
early stages,13,13,0.273746451824836,0.17668228719298057,0.43288798811274987
buyer,12,12,0.25268903245369473,0.16309134202428974,0.4328872585528618
splash,12,12,0.25268903245369473,0.16309134202428974,0.4328872585528618
nearest,12,12,0.25268903245369473,0.16309134202428974,0.4328872585528618
disagree,12,12,0.25268903245369473,0.16309134202428974,0.4328872585528618
passes,12,12,0.25268903245369473,0.16309134202428974,0.4328872585528618
chunks,12,12,0.25268903245369473,0.16309134202428974,0.4328872585528618
activating,12,12,0.25268903245369473,0.16309134202428974,0.4328872585528618
soft lock,12,12,0.25268903245369473,0.16309134202428974,0.4328872585528618
hope dev,12,12,0.25268903245369473,0.16309134202428974,0.4328872585528618
starters,12,12,0.25268903245369473,0.16309134202428974,0.4328872585528618
super cool,12,12,0.25268903245369473,0.16309134202428974,0.4328872585528618
unrelated,12,12,0.25268903245369473,0.16309134202428974,0.4328872585528618
aura,12,12,0.25268903245369473,0.16309134202428974,0.4328872585528618
top shooter,12,12,0.25268903245369473,0.16309134202428974,0.4328872585528618
purposes,12,12,0.25268903245369473,0.16309134202428974,0.4328872585528618
bombarded,12,12,0.25268903245369473,0.16309134202428974,0.4328872585528618
lanes,12,12,0.25268903245369473,0.16309134202428974,0.4328872585528618
better future,11,11,0.2316316130825535,0.14950039685559893,0.43288652899546953
cards cards,11,11,0.2316316130825535,0.14950039685559893,0.43288652899546953
moving forward,11,11,0.2316316130825535,0.14950039685559893,0.43288652899546953
hub area,11,11,0.2316316130825535,0.14950039685559893,0.43288652899546953
multiple characters,11,11,0.2316316130825535,0.14950039685559893,0.43288652899546953
beginner,11,11,0.2316316130825535,0.14950039685559893,0.43288652899546953
love god,11,11,0.2316316130825535,0.14950039685559893,0.43288652899546953
style great,11,11,0.2316316130825535,0.14950039685559893,0.43288652899546953
system needs,11,11,0.2316316130825535,0.14950039685559893,0.43288652899546953
understandably,11,11,0.2316316130825535,0.14950039685559893,0.43288652899546953
oomph,11,11,0.2316316130825535,0.14950039685559893,0.43288652899546953
chicken,11,11,0.2316316130825535,0.14950039685559893,0.43288652899546953
reconsider,11,11,0.2316316130825535,0.14950039685559893,0.43288652899546953
cheesy,11,11,0.2316316130825535,0.14950039685559893,0.43288652899546953
enemy type,11,11,0.2316316130825535,0.14950039685559893,0.43288652899546953
discourage,11,11,0.2316316130825535,0.14950039685559893,0.43288652899546953
calculate,11,11,0.2316316130825535,0.14950039685559893,0.43288652899546953
insert,11,11,0.2316316130825535,0.14950039685559893,0.43288652899546953
boring hell,11,11,0.2316316130825535,0.14950039685559893,0.43288652899546953
refinement,11,11,0.2316316130825535,0.14950039685559893,0.43288652899546953
shame fun,10,10,0.21057419371141228,0.1359094516869081,0.4328857994405766
hello,10,10,0.21057419371141228,0.1359094516869081,0.4328857994405766
years old,10,10,0.21057419371141228,0.1359094516869081,0.4328857994405766
forms,10,10,0.21057419371141228,0.1359094516869081,0.4328857994405766
inaccessible,10,10,0.21057419371141228,0.1359094516869081,0.4328857994405766
enemies sometimes,10,10,0.21057419371141228,0.1359094516869081,0.4328857994405766
aimlessly,10,10,0.21057419371141228,0.1359094516869081,0.4328857994405766
enemies little,10,10,0.21057419371141228,0.1359094516869081,0.4328857994405766
intentions,10,10,0.21057419371141228,0.1359094516869081,0.4328857994405766
doom eternal,10,10,0.21057419371141228,0.1359094516869081,0.4328857994405766
bankrupt,10,10,0.21057419371141228,0.1359094516869081,0.4328857994405766
enemies start,10,10,0.21057419371141228,0.1359094516869081,0.4328857994405766
statements,10,10,0.21057419371141228,0.1359094516869081,0.4328857994405766
almost useless,10,10,0.21057419371141228,0.1359094516869081,0.4328857994405766
looter shooter,10,10,0.21057419371141228,0.1359094516869081,0.4328857994405766
pcs,10,10,0.21057419371141228,0.1359094516869081,0.4328857994405766
basically unplayable,10,10,0.21057419371141228,0.1359094516869081,0.4328857994405766
buy want,10,10,0.21057419371141228,0.1359094516869081,0.4328857994405766
wandering around,10,10,0.21057419371141228,0.1359094516869081,0.4328857994405766
fun everything,10,10,0.21057419371141228,0.1359094516869081,0.4328857994405766
red flag,10,10,0.21057419371141228,0.1359094516869081,0.4328857994405766
without crashing,10,10,0.21057419371141228,0.1359094516869081,0.4328857994405766
no_visual,10,10,0.21057419371141228,0.1359094516869081,0.4328857994405766
tho,95,96,2.0004548402584166,1.304730736194318,0.42258368654777634
generated,159,161,3.3481296800114553,2.1881421721592207,0.4205693165499067
must die,75,76,1.579306452835592,1.0329118328205016,0.4198597972325828
disappointment,70,71,1.474019355979886,0.9649571069770476,0.418941988285491
title,205,208,4.316770971083952,2.826916595087689,0.41856598529858324
expectations,63,64,1.3266174203818974,0.8698204907962118,0.4174189358735987
auto battler,55,56,1.1581580654127674,0.7610929294466855,0.4152177079164243
words,161,164,3.390244518753738,2.228915007665293,0.4146428106662956
not_play,50,51,1.0528709685570614,0.6931382036032313,0.41349555086882006
disappear,48,49,1.010756129814779,0.6659563132658497,0.4127094701099292
cook,46,47,0.9686412910724964,0.6387744229284681,0.4118573089411317
mash,46,47,0.9686412910724964,0.6387744229284681,0.4118573089411317
public reception,46,47,0.9686412910724964,0.6387744229284681,0.4118573089411317
let alone,45,46,0.9475838717013553,0.6251834777597773,0.41140378327750327
encountered,88,90,1.853052904660428,1.223185065182173,0.4107168815815161
functional,43,44,0.9054690329590728,0.5980015874223957,0.41043567337291087
hour,594,608,12.508107106457889,8.263294662564013,0.4100365528963499
wind,42,43,0.8844116135879315,0.5844106422537049,0.4099182813672684
enemy attacks,42,43,0.8844116135879315,0.5844106422537049,0.4099182813672684
reminds,42,43,0.8844116135879315,0.5844106422537049,0.4099182813672684
shoots,41,42,0.8633541942167904,0.5708196970850141,0.4093765725512686
complicated,82,84,1.7267083884335808,1.1416393941700282,0.40912499124837787
recommend current,81,83,1.7056509690624395,1.1280484490013374,0.4088373586344254
gamers,283,290,5.959249682032968,3.941374098920335,0.40872660067508093
alt,79,81,1.663536130320157,1.1008665586639557,0.40824083817338774
hated,39,40,0.8212393554745079,0.5436378067476324,0.40821299811757505
bullet hell,116,119,2.4426606470523824,1.6173224750742066,0.40764129723528697
wouldnt,38,39,0.8001819361033667,0.5300468615789417,0.4075870731006468
online,227,233,4.7800341972490585,3.1666902243049586,0.4070606018943401
wasnt,37,38,0.7791245167322254,0.5164559164102508,0.4069286650611623
minute,179,184,3.76927806743428,2.5007339110391094,0.4056034200116061
switching,34,35,0.7159522586188017,0.4756830809041784,0.4047310856511732
good concept,34,35,0.7159522586188017,0.4756830809041784,0.4047310856511732
annoyance,33,34,0.6948948392476605,0.4620921357354876,0.40391369613409367
camp,32,33,0.6738374198765194,0.44850119056679677,0.4030475402496396
auto,290,299,6.1066516176309555,4.063692605438553,0.40261883920912656
boring,1592,1644,33.523411638856835,22.343513857327693,0.40185154890826524
dialogue,210,217,4.422058067939657,2.949235101605906,0.40038540074136186
instructions,29,30,0.6106651617630956,0.40772835506072436,0.4001084917672415
opens,29,30,0.6106651617630956,0.40772835506072436,0.4001084917672415
female,29,30,0.6106651617630956,0.40772835506072436,0.4001084917672415
galactic,29,30,0.6106651617630956,0.40772835506072436,0.4001084917672415
modern,88,91,1.853052904660428,1.2367760103508638,0.39978646411827334
surrounded,28,29,0.5896077423919543,0.39413740989203355,0.3989960333165161
version,365,378,7.685958070466548,5.137377273765127,0.39822456003160855
rock galactic,27,28,0.5685503230208131,0.38054646472334275,0.39780553558538934
stays,27,28,0.5685503230208131,0.38054646472334275,0.39780553558538934
not_an,81,84,1.7056509690624395,1.1416393941700282,0.397001554069071
poor,379,393,7.980761941662525,5.341241451295488,0.3969566537451197
fluid,53,55,1.1160432266704852,0.7475019842779946,0.39654683465575324
whats,53,55,1.1160432266704852,0.7475019842779946,0.39654683465575324
software,26,27,0.547492903649672,0.36695551955465194,0.3965284816327461
fleshed,52,54,1.094985807299344,0.7339110391093039,0.3958724774901139
vampire survivor,52,54,1.094985807299344,0.7339110391093039,0.3958724774901139
rotate,25,26,0.5264354842785307,0.35336457438596114,0.39515506823023117
no_indication,24,25,0.5053780649073895,0.3397736292172703,0.3936739534717528
explains,24,25,0.5053780649073895,0.3397736292172703,0.3936739534717528
prompt,24,25,0.5053780649073895,0.3397736292172703,0.3936739534717528
spinning,24,25,0.5053780649073895,0.3397736292172703,0.3936739534717528
quote,119,124,2.505832905165806,1.6852772009176604,0.39213660616951884
home,71,74,1.495076775351027,1.00572994248312,0.39210427164431394
hide,47,49,0.9896987104436378,0.6659563132658497,0.39208810640684355
super easy,23,24,0.4843206455362482,0.3261826840485795,0.39207194251923205
fight enemies,23,24,0.4843206455362482,0.3261826840485795,0.39207194251923205
cluttered,23,24,0.4843206455362482,0.3261826840485795,0.39207194251923205
acceptable,46,48,0.9686412910724964,0.652365368097159,0.3912366748853504
unsatisfying,69,72,1.4529619366087447,0.9785480521457384,0.3909606076694008
gaming,184,192,3.8745651642899857,2.609461472388636,0.390667638900962
valid,22,23,0.463263226165107,0.31259173887988867,0.39033359303764215
moved,44,46,0.926526452330214,0.6251834777597773,0.3894228000713138
existent,66,69,1.389789678495321,0.937775216639666,0.38911999503457295
brand,21,22,0.44220580679396576,0.29900079371119787,0.38844071530505175
enemies attack,21,22,0.44220580679396576,0.29900079371119787,0.38844071530505175
unknown,21,22,0.44220580679396576,0.29900079371119787,0.38844071530505175
banned,21,22,0.44220580679396576,0.29900079371119787,0.38844071530505175
oven,42,44,0.8844116135879315,0.5980015874223957,0.38744407866942154
colorful,20,21,0.42114838742282457,0.28540984854250706,0.386371732662937
sooner,20,21,0.42114838742282457,0.28540984854250706,0.386371732662937
eternal,20,21,0.42114838742282457,0.28540984854250706,0.386371732662937
errors,40,42,0.8422967748456491,0.5708196970850141,0.3852769445020421
live,100,105,2.105741937114123,1.427049242712535,0.3846261573495937
explanation,59,62,1.2423877428973324,0.8426386004588302,0.3841273457682117
sincerely,19,20,0.40009096805168337,0.2718189033738162,0.3841008545528428
fun right,19,20,0.40009096805168337,0.2718189033738162,0.3841008545528428
save quit,19,20,0.40009096805168337,0.2718189033738162,0.3841008545528428
barriers,19,20,0.40009096805168337,0.2718189033738162,0.3841008545528428
taste,78,82,1.6424787109490158,1.1144575038326465,0.38353727188543374
turn around,18,19,0.3790335486805421,0.2582279582051254,0.3815969947616651
move next,18,19,0.3790335486805421,0.2582279582051254,0.3815969947616651
palette,18,19,0.3790335486805421,0.2582279582051254,0.3815969947616651
comparisons,18,19,0.3790335486805421,0.2582279582051254,0.3815969947616651
finished product,18,19,0.3790335486805421,0.2582279582051254,0.3815969947616651
table,74,78,1.5582490334644508,1.0600937231578833,0.38096736943933074
cover,74,78,1.5582490334644508,1.0600937231578833,0.38096736943933074
rushed,55,58,1.1581580654127674,0.7882748197840671,0.3807288381047016
excited,148,156,3.1164980669289015,2.1201874463157666,0.3806762258851908
vibe,89,94,1.8741103240315693,1.2775488458569362,0.37886948603800974
checking,53,56,1.1160432266704852,0.7610929294466855,0.3788459106887956
holy,35,37,0.737009677989943,0.50286497124156,0.37883412412752193
battery,17,18,0.35797612930940087,0.2446370130364346,0.3788223383083764
grasp,17,18,0.35797612930940087,0.2446370130364346,0.3788223383083764
cake,17,18,0.35797612930940087,0.2446370130364346,0.3788223383083764
butt,17,18,0.35797612930940087,0.2446370130364346,0.3788223383083764
presumably,17,18,0.35797612930940087,0.2446370130364346,0.3788223383083764
fitting,17,18,0.35797612930940087,0.2446370130364346,0.3788223383083764
user interface,17,18,0.35797612930940087,0.2446370130364346,0.3788223383083764
written,87,92,1.8319954852892868,1.2503669555195547,0.3776725691544218
misleading,51,54,1.0739283879282027,0.7339110391093039,0.3768222060018225
hold,205,217,4.316770971083952,2.949235101605906,0.3763930501025001
move,645,683,13.582035494386092,9.282615550215825,0.3761399332710935
exit,84,89,1.768823227175863,1.209594120013482,0.3757746447900381
keep eye,33,35,0.6948948392476605,0.4756830809041784,0.37574147233793553
thumb,33,35,0.6948948392476605,0.4756830809041784,0.37574147233793553
boss level,16,17,0.3369187099382597,0.2310460678677438,0.37573041617064007
beats,16,17,0.3369187099382597,0.2310460678677438,0.37573041617064007
want support,16,17,0.3369187099382597,0.2310460678677438,0.37573041617064007
teammates,16,17,0.3369187099382597,0.2310460678677438,0.37573041617064007
gimmicky,16,17,0.3369187099382597,0.2310460678677438,0.37573041617064007
f2p,16,17,0.3369187099382597,0.2310460678677438,0.37573041617064007
not_a great,16,17,0.3369187099382597,0.2310460678677438,0.37573041617064007
detection,16,17,0.3369187099382597,0.2310460678677438,0.37573041617064007
ufo,16,17,0.3369187099382597,0.2310460678677438,0.37573041617064007
low health,16,17,0.3369187099382597,0.2310460678677438,0.37573041617064007
work around,16,17,0.3369187099382597,0.2310460678677438,0.37573041617064007
understand,537,569,11.307834202302839,7.7332478009850725,0.3754496919953807
colors,66,70,1.389789678495321,0.9513661618083568,0.3749340131496641
concept,677,718,14.25587291426261,9.758298631120002,0.3746036287475629
fuel,32,34,0.6738374198765194,0.4620921357354876,0.3740586565487387
library,113,120,2.3794883889389586,1.6309134202428974,0.3733594306658148
work put,15,16,0.3158612905671184,0.21745512269905296,0.3722634786285859
jumped,15,16,0.3158612905671184,0.21745512269905296,0.3722634786285859
city builder,15,16,0.3158612905671184,0.21745512269905296,0.3722634786285859
already seen,15,16,0.3158612905671184,0.21745512269905296,0.3722634786285859
disaster,15,16,0.3158612905671184,0.21745512269905296,0.3722634786285859
strictly,15,16,0.3158612905671184,0.21745512269905296,0.3722634786285859
fun unfortunately,15,16,0.3158612905671184,0.21745512269905296,0.3722634786285859
lacks content,15,16,0.3158612905671184,0.21745512269905296,0.3722634786285859
fighters,15,16,0.3158612905671184,0.21745512269905296,0.3722634786285859
mechanics work,15,16,0.3158612905671184,0.21745512269905296,0.3722634786285859
another shot,15,16,0.3158612905671184,0.21745512269905296,0.3722634786285859
gross,15,16,0.3158612905671184,0.21745512269905296,0.3722634786285859
activated,15,16,0.3158612905671184,0.21745512269905296,0.3722634786285859
personal,78,83,1.6424787109490158,1.1280484490013374,0.37155973392217945
phone,93,99,1.9583400015161343,1.3455035717003903,0.3710628756322425
paced,93,99,1.9583400015161343,1.3455035717003903,0.3710628756322425
disable,46,49,0.9686412910724964,0.6659563132658497,0.37103262071297394
terrain,46,49,0.9686412910724964,0.6659563132658497,0.37103262071297394
enter gungeon,30,32,0.6317225811342368,0.4349102453981059,0.37037734038541004
closer,59,63,1.2423877428973324,0.8562295456275212,0.3683776419198175
guessing,29,31,0.6106651617630956,0.4213193002294151,0.36835844663045414
exploding,14,15,0.2948038711959772,0.20386417753036218,0.36834884974438076
fps drops,14,15,0.2948038711959772,0.20386417753036218,0.36834884974438076
bump,14,15,0.2948038711959772,0.20386417753036218,0.36834884974438076
swinging,14,15,0.2948038711959772,0.20386417753036218,0.36834884974438076
texts,14,15,0.2948038711959772,0.20386417753036218,0.36834884974438076
brightness,14,15,0.2948038711959772,0.20386417753036218,0.36834884974438076
dwarf,14,15,0.2948038711959772,0.20386417753036218,0.36834884974438076
refused,14,15,0.2948038711959772,0.20386417753036218,0.36834884974438076
not_when,14,15,0.2948038711959772,0.20386417753036218,0.36834884974438076
pathing,14,15,0.2948038711959772,0.20386417753036218,0.36834884974438076
archers,14,15,0.2948038711959772,0.20386417753036218,0.36834884974438076
style nice,14,15,0.2948038711959772,0.20386417753036218,0.36834884974438076
nice graphics,14,15,0.2948038711959772,0.20386417753036218,0.36834884974438076
too_fast,58,62,1.2213303235261912,0.8426386004588302,0.3673181509040493
bullet,278,297,5.853962585177261,4.036510715101171,0.3671741063777647
dollar,43,46,0.9054690329590728,0.6251834777597773,0.36694786773615284
dashing,43,46,0.9054690329590728,0.6251834777597773,0.36694786773615284
not_worth price,43,46,0.9054690329590728,0.6251834777597773,0.36694786773615284
not_even close,28,30,0.5896077423919543,0.40772835506072436,0.36620486367313276
guy,156,167,3.2849574218980315,2.2696878431713654,0.36525934918276803
checked,27,29,0.5685503230208131,0.39413740989203355,0.3639026370911296
parrying,27,29,0.5685503230208131,0.39413740989203355,0.3639026370911296
pickups,27,29,0.5685503230208131,0.39413740989203355,0.3639026370911296
exited,13,14,0.273746451824836,0.19027323236167137,0.3638937698344282
guessed,13,14,0.273746451824836,0.19027323236167137,0.3638937698344282
horrific,13,14,0.273746451824836,0.19027323236167137,0.3638937698344282
without taking,13,14,0.273746451824836,0.19027323236167137,0.3638937698344282
good either,13,14,0.273746451824836,0.19027323236167137,0.3638937698344282
strategically,13,14,0.273746451824836,0.19027323236167137,0.3638937698344282
shapes,13,14,0.273746451824836,0.19027323236167137,0.3638937698344282
tale,13,14,0.273746451824836,0.19027323236167137,0.3638937698344282
legs,13,14,0.273746451824836,0.19027323236167137,0.3638937698344282
enemy projectiles,13,14,0.273746451824836,0.19027323236167137,0.3638937698344282
enemies shoot,13,14,0.273746451824836,0.19027323236167137,0.3638937698344282
drains,13,14,0.273746451824836,0.19027323236167137,0.3638937698344282
without knowing,13,14,0.273746451824836,0.19027323236167137,0.3638937698344282
support devs,13,14,0.273746451824836,0.19027323236167137,0.3638937698344282
keeper,13,14,0.273746451824836,0.19027323236167137,0.3638937698344282
sun,13,14,0.273746451824836,0.19027323236167137,0.3638937698344282
budget,53,57,1.1160432266704852,0.7746838746153762,0.36145282110755694
designer,26,28,0.547492903649672,0.38054646472334275,0.361435815004711
not_that fun,26,28,0.547492903649672,0.38054646472334275,0.361435815004711
touch,93,100,1.9583400015161343,1.3590945168690811,0.3611111978316952
simulator,106,114,2.2320864533409703,1.5493677492307525,0.36084177846746535
onto,105,113,2.2110290339698286,1.5357768040620616,0.36018498830869383
cycle,78,84,1.6424787109490158,1.1416393941700282,0.35972392935682507
goofy,25,27,0.5264354842785307,0.36695551955465194,0.3587860772444049
lmao,25,27,0.5264354842785307,0.36695551955465194,0.3587860772444049
sin,25,27,0.5264354842785307,0.36695551955465194,0.3587860772444049
generous,25,27,0.5264354842785307,0.36695551955465194,0.3587860772444049
barotrauma,12,13,0.25268903245369473,0.17668228719298057,0.35877793960958293
terms gameplay,12,13,0.25268903245369473,0.17668228719298057,0.35877793960958293
challenged,12,13,0.25268903245369473,0.17668228719298057,0.35877793960958293
intrigued,12,13,0.25268903245369473,0.17668228719298057,0.35877793960958293
parries,12,13,0.25268903245369473,0.17668228719298057,0.35877793960958293
blob,12,13,0.25268903245369473,0.17668228719298057,0.35877793960958293
without able,12,13,0.25268903245369473,0.17668228719298057,0.35877793960958293
someday,12,13,0.25268903245369473,0.17668228719298057,0.35877793960958293
too_buggy,12,13,0.25268903245369473,0.17668228719298057,0.35877793960958293
almost non,12,13,0.25268903245369473,0.17668228719298057,0.35877793960958293
hope fix,12,13,0.25268903245369473,0.17668228719298057,0.35877793960958293
juice,12,13,0.25268903245369473,0.17668228719298057,0.35877793960958293
pity,12,13,0.25268903245369473,0.17668228719298057,0.35877793960958293
playtesting,12,13,0.25268903245369473,0.17668228719298057,0.35877793960958293
unexpected,12,13,0.25268903245369473,0.17668228719298057,0.35877793960958293
responsive,50,54,1.0528709685570614,0.7339110391093039,0.3574020436314349
find fun,37,40,0.7791245167322254,0.5436378067476324,0.3569155508112498
future updates,37,40,0.7791245167322254,0.5436378067476324,0.3569155508112498
not_something,37,40,0.7791245167322254,0.5436378067476324,0.3569155508112498
bought,362,391,7.622785812353124,5.314059560958107,0.3562446755553115
tried,572,618,12.044843880292783,8.39920411425092,0.3560146464320644
passing,24,26,0.5053780649073895,0.35336457438596114,0.3559322786757697
artistic,24,26,0.5053780649073895,0.35336457438596114,0.3559322786757697
manager,24,26,0.5053780649073895,0.35336457438596114,0.3559322786757697
good job,24,26,0.5053780649073895,0.35336457438596114,0.3559322786757697
nostalgia,24,26,0.5053780649073895,0.35336457438596114,0.3559322786757697
precision,24,26,0.5053780649073895,0.35336457438596114,0.3559322786757697
mediocre,136,147,2.863809034475207,1.997868939797549,0.35573157783280607
bars,48,52,1.010756129814779,0.7067291487719223,0.354436521410495
reception,48,52,1.010756129814779,0.7067291487719223,0.354436521410495
bullets,108,117,2.2742012920832524,1.5901405847368248,0.3536084427169346
apparently,143,155,3.0112109700731957,2.1065965011470755,0.3529239800485051
unclear,83,90,1.7477658078047218,1.223185065182173,0.3528869273716264
optimization,71,77,1.495076775351027,1.0465027779891924,0.35287951777951676
timers,23,25,0.4843206455362482,0.3397736292172703,0.35284988255462757
not_find,23,25,0.4843206455362482,0.3397736292172703,0.35284988255462757
immediate,23,25,0.4843206455362482,0.3397736292172703,0.35284988255462757
functionality,23,25,0.4843206455362482,0.3397736292172703,0.35284988255462757
current price,23,25,0.4843206455362482,0.3397736292172703,0.35284988255462757
right stick,11,12,0.2316316130825535,0.16309134202428974,0.3528424745341905
consequence,11,12,0.2316316130825535,0.16309134202428974,0.3528424745341905
miles,11,12,0.2316316130825535,0.16309134202428974,0.3528424745341905
playability,11,12,0.2316316130825535,0.16309134202428974,0.3528424745341905
basic features,11,12,0.2316316130825535,0.16309134202428974,0.3528424745341905
demo fun,11,12,0.2316316130825535,0.16309134202428974,0.3528424745341905
not_enjoying,11,12,0.2316316130825535,0.16309134202428974,0.3528424745341905
weaponry,11,12,0.2316316130825535,0.16309134202428974,0.3528424745341905
use cards,11,12,0.2316316130825535,0.16309134202428974,0.3528424745341905
critique,11,12,0.2316316130825535,0.16309134202428974,0.3528424745341905
launches,11,12,0.2316316130825535,0.16309134202428974,0.3528424745341905
voice lines,11,12,0.2316316130825535,0.16309134202428974,0.3528424745341905
attack damage,11,12,0.2316316130825535,0.16309134202428974,0.3528424745341905
snap,11,12,0.2316316130825535,0.16309134202428974,0.3528424745341905
everything except,11,12,0.2316316130825535,0.16309134202428974,0.3528424745341905
hungry,11,12,0.2316316130825535,0.16309134202428974,0.3528424745341905
presence,11,12,0.2316316130825535,0.16309134202428974,0.3528424745341905
isnt fun,11,12,0.2316316130825535,0.16309134202428974,0.3528424745341905
invulnerable,11,12,0.2316316130825535,0.16309134202428974,0.3528424745341905
absolutely not,11,12,0.2316316130825535,0.16309134202428974,0.3528424745341905
keys,140,152,2.948038711959772,2.065823665641003,0.3512864671266165
inventory,174,189,3.6639909705785736,2.5686886368825634,0.35074717515291454
guys,139,151,2.9269812925886307,2.0522327204723125,0.3507256700485222
worth money,34,37,0.7159522586188017,0.50286497124156,0.35066117071652947
idk,103,112,2.1689141952275466,1.522185858893371,0.3499446165031248
dealer,45,49,0.9475838717013553,0.6659563132658497,0.34952433900028446
colored,22,24,0.463263226165107,0.3261826840485795,0.3495102517078763
not_exactly,22,24,0.463263226165107,0.3261826840485795,0.3495102517078763
dry,33,36,0.6948948392476605,0.4892740260728692,0.34834115131854304
ups,134,146,2.821694195732925,1.9842779946288585,0.34780231070573464
star,44,48,0.926526452330214,0.652365368097159,0.34774740996647147
sim,44,48,0.926526452330214,0.652365368097159,0.34774740996647147
dialog,44,48,0.926526452330214,0.652365368097159,0.34774740996647147
icon,55,60,1.1581580654127674,0.8154567101214487,0.34738972408929847
videos,55,60,1.1581580654127674,0.8154567101214487,0.34738972408929847
sit,98,107,2.0636270983718403,1.454231133049917,0.34592651026756016
hook,54,59,1.1371006460416262,0.8018657649527579,0.3458997908821093
tutorials,43,47,0.9054690329590728,0.6387744229284681,0.3458931116870918
not_working,32,35,0.6738374198765194,0.4756830809041784,0.3458864327525806
curator page,21,23,0.44220580679396576,0.31259173887988867,0.3458797540785614
products,21,23,0.44220580679396576,0.31259173887988867,0.3458797540785614
tricks,21,23,0.44220580679396576,0.31259173887988867,0.3458797540785614
good art,21,23,0.44220580679396576,0.31259173887988867,0.3458797540785614
far best,10,11,0.21057419371141228,0.14950039685559893,0.34587307566501657
fun found,10,11,0.21057419371141228,0.14950039685559893,0.34587307566501657
overall recommend,10,11,0.21057419371141228,0.14950039685559893,0.34587307566501657
not_go,10,11,0.21057419371141228,0.14950039685559893,0.34587307566501657
review later,10,11,0.21057419371141228,0.14950039685559893,0.34587307566501657
stepping,10,11,0.21057419371141228,0.14950039685559893,0.34587307566501657
modest,10,11,0.21057419371141228,0.14950039685559893,0.34587307566501657
belong,10,11,0.21057419371141228,0.14950039685559893,0.34587307566501657
entirely rng,10,11,0.21057419371141228,0.14950039685559893,0.34587307566501657
right front,10,11,0.21057419371141228,0.14950039685559893,0.34587307566501657
great good,10,11,0.21057419371141228,0.14950039685559893,0.34587307566501657
idea cool,10,11,0.21057419371141228,0.14950039685559893,0.34587307566501657
developers want,10,11,0.21057419371141228,0.14950039685559893,0.34587307566501657
lately,10,11,0.21057419371141228,0.14950039685559893,0.34587307566501657
difficulty options,10,11,0.21057419371141228,0.14950039685559893,0.34587307566501657
run minutes,10,11,0.21057419371141228,0.14950039685559893,0.34587307566501657
level enemies,10,11,0.21057419371141228,0.14950039685559893,0.34587307566501657
find interesting,10,11,0.21057419371141228,0.14950039685559893,0.34587307566501657
tooltips,42,46,0.8844116135879315,0.6251834777597773,0.3439562730326635
arrows,31,34,0.652780000505378,0.4620921357354876,0.34328492145062306
humor,52,57,1.094985807299344,0.7746838746153762,0.34275861157349574
low,461,505,9.707470330096106,6.86342731018886,0.34218400779556646
buggy,209,229,4.401000648568517,3.112326443630196,0.3420323085918078
execution,167,183,3.5165890349805853,2.4871429658704183,0.3420070385942511
message,41,45,0.8633541942167904,0.6115925325910865,0.3419312512183712
coded,20,22,0.42114838742282457,0.29900079371119787,0.34191862328622236
improves,20,22,0.42114838742282457,0.29900079371119787,0.34191862328622236
pixelcrap,20,22,0.42114838742282457,0.29900079371119787,0.34191862328622236
cash,124,136,2.611120002021512,1.8483685429419503,0.34128563222872543
drive,51,56,1.0739283879282027,0.7610929294466855,0.34110142966644297
seem,608,667,12.802910977653868,9.065160427516771,0.3407730861640994
told,92,101,1.9372825821449928,1.3726854620377718,0.34056018862834136
not_there,40,44,0.8422967748456491,0.5980015874223957,0.3398118767355225
substitute,40,44,0.8422967748456491,0.5980015874223957,0.3398118767355225
surprised,50,55,1.0528709685570614,0.7475019842779946,0.33938219126301306
worked,120,132,2.5268903245369474,1.794004762267187,0.3383913188829055
generation,79,87,1.663536130320157,1.1824122296761006,0.3376151894438806
level ups,29,32,0.6106651617630956,0.4349102453981059,0.33758544113968014
rogues,19,21,0.40009096805168337,0.28540984854250706,0.33757949211388194
advise,19,21,0.40009096805168337,0.28540984854250706,0.33757949211388194
opposed,19,21,0.40009096805168337,0.28540984854250706,0.33757949211388194
asap,19,21,0.40009096805168337,0.28540984854250706,0.33757949211388194
creation,48,53,1.010756129814779,0.720320093940613,0.3357430415362277
explaining,38,42,0.8001819361033667,0.5708196970850141,0.33526237099998113
jumping,67,74,1.4108470978664625,1.00572994248312,0.334937551432132
package,18,20,0.3790335486805421,0.2718189033738162,0.3328054837899792
irl,18,20,0.3790335486805421,0.2718189033738162,0.3328054837899792
skeleton,18,20,0.3790335486805421,0.2718189033738162,0.3328054837899792
cares,18,20,0.3790335486805421,0.2718189033738162,0.3328054837899792
not_make,46,51,0.9686412910724964,0.6931382036032313,0.331809213844533
knock,46,51,0.9686412910724964,0.6931382036032313,0.331809213844533
someone,401,444,8.444025167827633,6.0343796548987205,0.3314911084506562
flashy,27,30,0.5685503230208131,0.40772835506072436,0.3311114674477462
confirm,27,30,0.5685503230208131,0.40772835506072436,0.3311114674477462
ready,92,102,1.9372825821449928,1.3862764072064626,0.33080266673196945
ill,54,60,1.1371006460416262,0.8154567101214487,0.3293691420560876
painfully,54,60,1.1371006460416262,0.8154567101214487,0.3293691420560876
mindless,54,60,1.1371006460416262,0.8154567101214487,0.3293691420560876
understanding,54,60,1.1371006460416262,0.8154567101214487,0.3293691420560876
dash,209,232,4.401000648568517,3.1530992791362684,0.3290691223940314
slower,72,80,1.5161341947221685,1.0872756134952648,0.32893054780500286
bones,99,110,2.0846845177429816,1.4950039685559893,0.3285759077620991
consider,153,170,3.2217851637846078,2.3104606786774378,0.32825629704550074
presentation,89,99,1.8741103240315693,1.3455035717003903,0.32756945694077544
straightforward,26,29,0.547492903649672,0.39413740989203355,0.32753291651045124
sticks,26,29,0.547492903649672,0.39413740989203355,0.32753291651045124
respond,26,29,0.547492903649672,0.39413740989203355,0.32753291651045124
inducing,17,19,0.35797612930940087,0.2582279582051254,0.3275276971203862
next area,17,19,0.35797612930940087,0.2582279582051254,0.3275276971203862
accumulate,17,19,0.35797612930940087,0.2582279582051254,0.3275276971203862
unexplained,17,19,0.35797612930940087,0.2582279582051254,0.3275276971203862
animations,321,357,6.759431618136333,4.85196742522262,0.32708286485315075
knows,79,88,1.663536130320157,1.1960031748447915,0.32631428726433853
called,130,145,2.7374645182483595,1.9706870494601676,0.3245438601106372
web,25,28,0.5264354842785307,0.38054646472334275,0.3236934106163698
casino,25,28,0.5264354842785307,0.38054646472334275,0.3236934106163698
run away,25,28,0.5264354842785307,0.38054646472334275,0.3236934106163698
sucked,25,28,0.5264354842785307,0.38054646472334275,0.3236934106163698
physics,85,95,1.7898806465470045,1.291139791025627,0.3229261584729244
non existent,59,66,1.2423877428973324,0.8970023811335935,0.32256406523687353
not_great,67,75,1.4108470978664625,1.019320887651811,0.3216909777800865
atm,33,37,0.6948948392476605,0.50286497124156,0.3216715574032918
drew,16,18,0.3369187099382597,0.2446370130364346,0.32166184810173704
poorly executed,16,18,0.3369187099382597,0.2446370130364346,0.32166184810173704
fireball,16,18,0.3369187099382597,0.2446370130364346,0.32166184810173704
horrid,16,18,0.3369187099382597,0.2446370130364346,0.32166184810173704
rolling dice,16,18,0.3369187099382597,0.2446370130364346,0.32166184810173704
alas,16,18,0.3369187099382597,0.2446370130364346,0.32166184810173704
everywhere,75,84,1.579306452835592,1.1416393941700282,0.32100318729993305
hitboxes,75,84,1.579306452835592,1.1416393941700282,0.32100318729993305
lazy,117,131,2.4637180664235236,1.7804138170984964,0.3208277199730425
city,83,93,1.7477658078047218,1.2639579006882455,0.32044761081987616
questions,24,27,0.5053780649073895,0.36695551955465194,0.31956328768994346
harmful,24,27,0.5053780649073895,0.36695551955465194,0.31956328768994346
not_explained,24,27,0.5053780649073895,0.36695551955465194,0.31956328768994346
seconds,287,322,6.043479359517533,4.376284344318441,0.31834898239017306
bored,196,220,4.127254196743681,2.9900079371119785,0.31803023538985364
tell,432,485,9.09680516833301,6.591608406815044,0.31765157496540386
soundtrack,87,98,1.8319954852892868,1.3319126265316994,0.3151441305377958
brief,23,26,0.4843206455362482,0.35336457438596114,0.31510820775864445
pulls,15,17,0.3158612905671184,0.2310460678677438,0.31510371799182657
style music,15,17,0.3158612905671184,0.2310460678677438,0.31510371799182657
recall,15,17,0.3158612905671184,0.2310460678677438,0.31510371799182657
devs seem,15,17,0.3158612905671184,0.2310460678677438,0.31510371799182657
hit enemies,15,17,0.3158612905671184,0.2310460678677438,0.31510371799182657
reducing,15,17,0.3158612905671184,0.2310460678677438,0.31510371799182657
overwhelming,70,79,1.474019355979886,1.0736846683265742,0.31357069740421295
funny,117,132,2.4637180664235236,1.794004762267187,0.3132791673322206
ass,146,165,3.0743832281866195,2.242505952833984,0.3114042463287685
hades,405,458,8.528254845312198,6.224652887260392,0.31040569748089375
directions,45,51,0.9475838717013553,0.6931382036032313,0.3103009321318435
eating,22,25,0.463263226165107,0.3397736292172703,0.3102881917432718
indication,22,25,0.463263226165107,0.3397736292172703,0.3102881917432718
enable,22,25,0.463263226165107,0.3397736292172703,0.3102881917432718
memorable,22,25,0.463263226165107,0.3397736292172703,0.3102881917432718
gameplay experience,22,25,0.463263226165107,0.3397736292172703,0.3102881917432718
assumed,22,25,0.463263226165107,0.3397736292172703,0.3102881917432718
attached,22,25,0.463263226165107,0.3397736292172703,0.3102881917432718
circle,75,85,1.579306452835592,1.1552303393387189,0.30930580061657587
flow,105,119,2.2110290339698286,1.6173224750742066,0.3088836120572491
opponent,52,59,1.094985807299344,0.8018657649527579,0.30885436615363027
current state,308,349,6.485685166311498,4.743239863873093,0.3084561979040661
dull,127,144,2.6742922601349357,1.9570961042914767,0.3082447965968864
choose,435,493,9.159977426446433,6.700335968164571,0.30822465028743906
freaking,29,33,0.6106651617630956,0.44850119056679677,0.3077311311641644
playable characters,29,33,0.6106651617630956,0.44850119056679677,0.3077311311641644
come close,14,16,0.2948038711959772,0.21745512269905296,0.3077228811329462
sends,14,16,0.2948038711959772,0.21745512269905296,0.3077228811329462
free weekend,14,16,0.2948038711959772,0.21745512269905296,0.3077228811329462
full bugs,14,16,0.2948038711959772,0.21745512269905296,0.3077228811329462
quiet,14,16,0.2948038711959772,0.21745512269905296,0.3077228811329462
back year,14,16,0.2948038711959772,0.21745512269905296,0.3077228811329462
not_there yet,14,16,0.2948038711959772,0.21745512269905296,0.3077228811329462
upgrades weapons,14,16,0.2948038711959772,0.21745512269905296,0.3077228811329462
speeds,14,16,0.2948038711959772,0.21745512269905296,0.3077228811329462
not_use,14,16,0.2948038711959772,0.21745512269905296,0.3077228811329462
cuts,14,16,0.2948038711959772,0.21745512269905296,0.3077228811329462
lord,14,16,0.2948038711959772,0.21745512269905296,0.3077228811329462
inaccurate,14,16,0.2948038711959772,0.21745512269905296,0.3077228811329462
meh,216,245,4.548402584166505,3.329781566329249,0.30756288973977597
pass,198,225,4.169369035485963,3.057962662955432,0.30575645205931057
showing,58,66,1.2213303235261912,0.8970023811335935,0.3057548703727111
dislike,65,74,1.3687322591241797,1.00572994248312,0.30508043512220695
command,21,24,0.44220580679396576,0.3261826840485795,0.3050564127487956
attempted,21,24,0.44220580679396576,0.3261826840485795,0.3050564127487956
leaves desired,21,24,0.44220580679396576,0.3261826840485795,0.3050564127487956
planet,21,24,0.44220580679396576,0.3261826840485795,0.3050564127487956
select,138,157,2.9059238732174895,2.1337783914844572,0.30483250921883176
premise,115,131,2.421603227681241,1.7804138170984964,0.3037291330222356
identical,57,65,1.20027290415505,0.8834114359649028,0.30369758472018127
daily,28,32,0.5896077423919543,0.4349102453981059,0.3036818130455714
nowhere near,28,32,0.5896077423919543,0.4349102453981059,0.3036818130455714
count,122,139,2.56900516327923,1.8891413784480229,0.30348655881679676
placing,35,40,0.737009677989943,0.5436378067476324,0.30284417663944474
empty,164,187,3.4534167768671615,2.5415067465451813,0.30247070843272184
launch,171,195,3.60081871246515,2.650234307894708,0.3023507771630882
circles,42,48,0.8844116135879315,0.652365368097159,0.3022808829278212
angle,42,48,0.8844116135879315,0.652365368097159,0.3022808829278212
bother,155,177,3.2639000025268903,2.4055972948582736,0.3010344324397707
lag,84,96,1.768823227175863,1.304730736194318,0.3008639080741631
no_sense,91,104,1.9162251627738518,1.4134582975438446,0.3007556181023183
purchase,147,168,3.0954406475577607,2.2832787883400565,0.3002710424680881
rpg,125,143,2.6321774213926536,1.9435051591227859,0.2994140758227637
evolve,41,47,0.8633541942167904,0.6387744229284681,0.2993689430989299
overhaul,34,39,0.7159522586188017,0.5300468615789417,0.29936518265735756
not_seem,20,23,0.42114838742282457,0.31259173887988867,0.299357662059732
swords,20,23,0.42114838742282457,0.31259173887988867,0.299357662059732
covered,20,23,0.42114838742282457,0.31259173887988867,0.299357662059732
appearance,20,23,0.42114838742282457,0.31259173887988867,0.299357662059732
music good,20,23,0.42114838742282457,0.31259173887988867,0.299357662059732
stealing,20,23,0.42114838742282457,0.31259173887988867,0.299357662059732
encountering,13,15,0.273746451824836,0.20386417753036218,0.2993539019036735
nothing works,13,15,0.273746451824836,0.20386417753036218,0.2993539019036735
three different,13,15,0.273746451824836,0.20386417753036218,0.2993539019036735
not_that great,13,15,0.273746451824836,0.20386417753036218,0.2993539019036735
fun though,13,15,0.273746451824836,0.20386417753036218,0.2993539019036735
extremely slow,13,15,0.273746451824836,0.20386417753036218,0.2993539019036735
no_issues,13,15,0.273746451824836,0.20386417753036218,0.2993539019036735
spacebar,13,15,0.273746451824836,0.20386417753036218,0.2993539019036735
fog,13,15,0.273746451824836,0.20386417753036218,0.2993539019036735
yay,13,15,0.273746451824836,0.20386417753036218,0.2993539019036735
good needs,13,15,0.273746451824836,0.20386417753036218,0.2993539019036735
disclaimer,13,15,0.273746451824836,0.20386417753036218,0.2993539019036735
attitude,13,15,0.273746451824836,0.20386417753036218,0.2993539019036735
performance,145,166,3.0533258088154778,2.2560968980026748,0.2985688332080265
please,297,340,6.254053553228944,4.6209213573548755,0.29824835763486135
battler,75,86,1.579306452835592,1.1688212845074097,0.29774363129351933
failed,137,157,2.884866453846348,2.1337783914844572,0.2976101843568557
distance,54,62,1.1371006460416262,0.8426386004588302,0.29710558608279847
not_fun,356,408,7.496441296126277,5.5451056288258505,0.29708893238963796
cool,799,916,16.824878077541843,12.449305774520784,0.2968086971641579
not_much,184,211,3.8745651642899857,2.867689430593761,0.2967459576170919
procedural,40,46,0.8422967748456491,0.6251834777597773,0.29632407109876446
lobby,74,85,1.5582490334644508,1.1552303393387189,0.2960584972497795
money back,33,38,0.6948948392476605,0.5164559164102508,0.2956947241651271
happening,121,139,2.5479477439080886,1.8891413784480229,0.29532117135816094
not_saying,26,30,0.547492903649672,0.40772835506072436,0.2947417468670679
involves,26,30,0.547492903649672,0.40772835506072436,0.2947417468670679
blend,39,45,0.8212393554745079,0.6115925325910865,0.2931369341129173
wandering,19,22,0.40009096805168337,0.29900079371119787,0.2931263827371673
free mean,19,22,0.40009096805168337,0.29900079371119787,0.2931263827371673
burned,19,22,0.40009096805168337,0.29900079371119787,0.2931263827371673
fit,92,106,1.9372825821449928,1.440640187881226,0.2926974326775227
combat,1212,1396,25.52159227782317,18.972959455492372,0.2922858394124912
watching,118,136,2.484775485794665,1.8483685429419503,0.2920829271340395
admittedly,32,37,0.6738374198765194,0.50286497124156,0.2918165178179368
lackluster,78,90,1.6424787109490158,1.223185065182173,0.2915075977820827
no_real,188,217,3.958794841774551,2.949235101605906,0.2902285849413131
left right,51,59,1.0739283879282027,0.8018657649527579,0.28980409466533885
compete,25,29,0.5264354842785307,0.39413740989203355,0.28979051212211004
extremely repetitive,25,29,0.5264354842785307,0.39413740989203355,0.28979051212211004
sleep,25,29,0.5264354842785307,0.39413740989203355,0.28979051212211004
dream,25,29,0.5264354842785307,0.39413740989203355,0.28979051212211004
not_playable,12,14,0.25268903245369473,0.19027323236167137,0.2897837213312613
completely broken,12,14,0.25268903245369473,0.19027323236167137,0.2897837213312613
extremely annoying,12,14,0.25268903245369473,0.19027323236167137,0.2897837213312613
galaxy,12,14,0.25268903245369473,0.19027323236167137,0.2897837213312613
rigs,12,14,0.25268903245369473,0.19027323236167137,0.2897837213312613
end result,12,14,0.25268903245369473,0.19027323236167137,0.2897837213312613
sounds good,12,14,0.25268903245369473,0.19027323236167137,0.2897837213312613
powerup,12,14,0.25268903245369473,0.19027323236167137,0.2897837213312613
holocure,12,14,0.25268903245369473,0.19027323236167137,0.2897837213312613
twenty,12,14,0.25268903245369473,0.19027323236167137,0.2897837213312613
rotating,12,14,0.25268903245369473,0.19027323236167137,0.2897837213312613
wished,12,14,0.25268903245369473,0.19027323236167137,0.2897837213312613
control character,12,14,0.25268903245369473,0.19027323236167137,0.2897837213312613
not_even,314,363,6.6120296825383456,4.933513096234765,0.2884604487209419
scene,44,51,0.926526452330214,0.6931382036032313,0.28831994892565405
seems,989,1144,20.825787758058674,15.548041272982287,0.2879372092906367
meets,31,36,0.652780000505378,0.4892740260728692,0.28771237663507243
sweet,31,36,0.652780000505378,0.4892740260728692,0.28771237663507243
bow,31,36,0.652780000505378,0.4892740260728692,0.28771237663507243
age,50,58,1.0528709685570614,0.7882748197840671,0.2871923974843327
dude,50,58,1.0528709685570614,0.7882748197840671,0.2871923974843327
advertised,37,43,0.7791245167322254,0.5844106422537049,0.2862939430708167
euro,18,21,0.3790335486805421,0.28540984854250706,0.28628412135101833
too_similar,18,21,0.3790335486805421,0.28540984854250706,0.28628412135101833
timing,62,72,1.305560001010756,0.9785480521457384,0.2855855559658149
turning,74,86,1.5582490334644508,1.1688212845074097,0.28449632792672297
lives,49,57,1.0318135491859202,0.7746838746153762,0.2844834739096651
rip,49,57,1.0318135491859202,0.7746838746153762,0.2844834739096651
real life,24,28,0.5053780649073895,0.38054646472334275,0.28447062106190835
zoom,24,28,0.5053780649073895,0.38054646472334275,0.28447062106190835
size,104,121,2.189971614598688,1.644504365411588,0.2828707954361942
shows,141,164,2.969096131330913,2.228915007665293,0.28283199410072335
grab,141,164,2.969096131330913,2.228915007665293,0.28283199410072335
creature,42,49,0.8844116135879315,0.6659563132658497,0.2820768287554447
track,97,113,2.042569679000699,1.5357768040620616,0.2816967590187254
wanted,523,609,11.013030331106862,8.276885607732703,0.2811772062132185
not_a good,66,77,1.389789678495321,1.0465027779891924,0.280895635199915
level design,84,98,1.768823227175863,1.3319126265316994,0.28045234255726825
wonky,35,41,0.737009677989943,0.5572287519163233,0.2787452782200379
player experience,23,27,0.4843206455362482,0.36695551955465194,0.2787392167728182
no_difference,23,27,0.4843206455362482,0.36695551955465194,0.2787392167728182
best part,23,27,0.4843206455362482,0.36695551955465194,0.2787392167728182
assault,23,27,0.4843206455362482,0.36695551955465194,0.2787392167728182
capped,17,20,0.35797612930940087,0.2718189033738162,0.2787361861487003
whatever reason,17,20,0.35797612930940087,0.2718189033738162,0.2787361861487003
haha,17,20,0.35797612930940087,0.2718189033738162,0.2787361861487003
open world,17,20,0.35797612930940087,0.2718189033738162,0.2787361861487003
not_let,17,20,0.35797612930940087,0.2718189033738162,0.2787361861487003
posts,17,20,0.35797612930940087,0.2718189033738162,0.2787361861487003
healed,11,13,0.2316316130825535,0.17668228719298057,0.2787331555909116
capabilities,11,13,0.2316316130825535,0.17668228719298057,0.2787331555909116
not_recommend anyone,11,13,0.2316316130825535,0.17668228719298057,0.2787331555909116
adorable,11,13,0.2316316130825535,0.17668228719298057,0.2787331555909116
no_difficulty,11,13,0.2316316130825535,0.17668228719298057,0.2787331555909116
may change,11,13,0.2316316130825535,0.17668228719298057,0.2787331555909116
span,11,13,0.2316316130825535,0.17668228719298057,0.2787331555909116
not_how,11,13,0.2316316130825535,0.17668228719298057,0.2787331555909116
arm,11,13,0.2316316130825535,0.17668228719298057,0.2787331555909116
may seem,11,13,0.2316316130825535,0.17668228719298057,0.2787331555909116
good use,11,13,0.2316316130825535,0.17668228719298057,0.2787331555909116
back beginning,11,13,0.2316316130825535,0.17668228719298057,0.2787331555909116
fall asleep,11,13,0.2316316130825535,0.17668228719298057,0.2787331555909116
adjusting,11,13,0.2316316130825535,0.17668228719298057,0.2787331555909116
adds nothing,11,13,0.2316316130825535,0.17668228719298057,0.2787331555909116
closes,11,13,0.2316316130825535,0.17668228719298057,0.2787331555909116
difficult recommend,11,13,0.2316316130825535,0.17668228719298057,0.2787331555909116
concept execution,11,13,0.2316316130825535,0.17668228719298057,0.2787331555909116
smashing,11,13,0.2316316130825535,0.17668228719298057,0.2787331555909116
mentally,11,13,0.2316316130825535,0.17668228719298057,0.2787331555909116
not_that good,11,13,0.2316316130825535,0.17668228719298057,0.2787331555909116
not_really,232,271,4.885321294104765,3.6831461407152095,0.2782316674780514
adjust,52,61,1.094985807299344,0.8290476552901395,0.2760618495792002
sold,46,54,0.9686412910724964,0.7339110391093039,0.27571570660714784
procgen,87,102,1.8319954852892868,1.3862764072064626,0.27552960464960385
genuine,34,40,0.7159522586188017,0.5436378067476324,0.2746712232284523
boring fast,34,40,0.7159522586188017,0.5436378067476324,0.2746712232284523
list,300,352,6.317225811342368,4.784012699379166,0.273669620241181
target,131,154,2.758521937619501,2.093005555978385,0.2723199178003508
good idea,79,93,1.663536130320157,1.2639579006882455,0.27164914007121865
yet another,39,46,0.8212393554745079,0.6251834777597773,0.27162938204253706
crap,136,160,2.863809034475207,2.1745512269905296,0.2715219750228144
not_worth,375,441,7.89653226417796,5.993606819392648,0.2713425788110069
mortal,16,19,0.3369187099382597,0.2582279582051254,0.2703672069137468
anything interesting,16,19,0.3369187099382597,0.2582279582051254,0.2703672069137468
anybody,16,19,0.3369187099382597,0.2582279582051254,0.2703672069137468
preface,16,19,0.3369187099382597,0.2582279582051254,0.2703672069137468
rogue elements,16,19,0.3369187099382597,0.2582279582051254,0.2703672069137468
wander,16,19,0.3369187099382597,0.2582279582051254,0.2703672069137468
gameplay repetitive,16,19,0.3369187099382597,0.2582279582051254,0.2703672069137468
battlefield,16,19,0.3369187099382597,0.2582279582051254,0.2703672069137468
hope best,16,19,0.3369187099382597,0.2582279582051254,0.2703672069137468
fighting enemies,16,19,0.3369187099382597,0.2582279582051254,0.2703672069137468
outdated,16,19,0.3369187099382597,0.2582279582051254,0.2703672069137468
thought fun,16,19,0.3369187099382597,0.2582279582051254,0.2703672069137468
consoles,16,19,0.3369187099382597,0.2582279582051254,0.2703672069137468
automated,16,19,0.3369187099382597,0.2582279582051254,0.2703672069137468
executed,61,72,1.284502581639615,0.9785480521457384,0.26958313805865686
unable,134,158,2.821694195732925,2.1473693366531483,0.2693145307526166
atrocious,44,52,0.926526452330214,0.7067291487719223,0.26927040709466077
war,55,65,1.1581580654127674,0.8834114359649028,0.2686021118349089
accept,27,32,0.5685503230208131,0.4349102453981059,0.26858841682018486
weird,345,407,7.264809683043724,5.53151468365716,0.268218398928469
unfortunate,49,58,1.0318135491859202,0.7882748197840671,0.267387693679181
standing,60,71,1.2634451622684737,0.9649571069770476,0.26711520965939073
normally,82,97,1.7267083884335808,1.3183216813630088,0.26679125896445477
cute,175,207,3.685048389949715,2.813325649918998,0.26590901750486484
info,54,64,1.1371006460416262,0.8698204907962118,0.26585034881636993
freezes,54,64,1.1371006460416262,0.8698204907962118,0.26585034881636993
purchasing,54,64,1.1371006460416262,0.8698204907962118,0.26585034881636993
blind,43,51,0.9054690329590728,0.6931382036032313,0.2658450165904931
gameplay good,32,38,0.6738374198765194,0.5164559164102508,0.26583968457977214
minutes run,21,25,0.44220580679396576,0.3397736292172703,0.2658343527841911
state recommend,21,25,0.44220580679396576,0.3397736292172703,0.2658343527841911
kill enemy,21,25,0.44220580679396576,0.3397736292172703,0.2658343527841911
alien,21,25,0.44220580679396576,0.3397736292172703,0.2658343527841911
smoother,21,25,0.44220580679396576,0.3397736292172703,0.2658343527841911
far away,21,25,0.44220580679396576,0.3397736292172703,0.2658343527841911
application,10,12,0.21057419371141228,0.16309134202428974,0.2658290212037375
not_expect,10,12,0.21057419371141228,0.16309134202428974,0.2658290212037375
mindset,10,12,0.21057419371141228,0.16309134202428974,0.2658290212037375
plagiarism,10,12,0.21057419371141228,0.16309134202428974,0.2658290212037375
counted,10,12,0.21057419371141228,0.16309134202428974,0.2658290212037375
traveling,10,12,0.21057419371141228,0.16309134202428974,0.2658290212037375
underlying,10,12,0.21057419371141228,0.16309134202428974,0.2658290212037375
stomach,10,12,0.21057419371141228,0.16309134202428974,0.2658290212037375
spit,10,12,0.21057419371141228,0.16309134202428974,0.2658290212037375
sound effect,10,12,0.21057419371141228,0.16309134202428974,0.2658290212037375
lacks,250,296,5.264354842785307,4.02291976993248,0.2647197905357608
interested,113,134,2.3794883889389586,1.8211866526045688,0.2638563398622953
prefer,75,89,1.579306452835592,1.209594120013482,0.263838038841012
clutter,37,44,0.7791245167322254,0.5980015874223957,0.26381974037296985
offline,37,44,0.7791245167322254,0.5980015874223957,0.26381974037296985
threw,26,31,0.547492903649672,0.4213193002294151,0.2629917017302805
selling,79,94,1.663536130320157,1.2775488458569362,0.26106568380418693
grappling,15,18,0.3158612905671184,0.2446370130364346,0.26103514992292354
cheats,15,18,0.3158612905671184,0.2446370130364346,0.26103514992292354
immensely,15,18,0.3158612905671184,0.2446370130364346,0.26103514992292354
mundane,15,18,0.3158612905671184,0.2446370130364346,0.26103514992292354
not_as good,15,18,0.3158612905671184,0.2446370130364346,0.26103514992292354
not_enough variety,15,18,0.3158612905671184,0.2446370130364346,0.26103514992292354
not_every free,15,18,0.3158612905671184,0.2446370130364346,0.26103514992292354
thought good,15,18,0.3158612905671184,0.2446370130364346,0.26103514992292354
geometry,15,18,0.3158612905671184,0.2446370130364346,0.26103514992292354
adjusted,15,18,0.3158612905671184,0.2446370130364346,0.26103514992292354
adjacent,15,18,0.3158612905671184,0.2446370130364346,0.26103514992292354
classic,68,81,1.4319045172376035,1.1008665586639557,0.26029786535966437
absolutely nothing,36,43,0.7580670973610842,0.5844106422537049,0.259623619535736
scroll,36,43,0.7580670973610842,0.5844106422537049,0.259623619535736
lock,120,143,2.5268903245369474,1.9435051591227859,0.2589123303490819
cuz,41,49,0.8633541942167904,0.6659563132658497,0.25854425487077215
lowering,20,24,0.42114838742282457,0.3261826840485795,0.2585343207299662
firstly,20,24,0.42114838742282457,0.3261826840485795,0.2585343207299662
corridors,20,24,0.42114838742282457,0.3261826840485795,0.2585343207299662
read,277,330,5.83290516580612,4.485011905667968,0.2585120098032485
completely different,25,30,0.5264354842785307,0.40772835506072436,0.2569993424787267
use procgen,25,30,0.5264354842785307,0.40772835506072436,0.2569993424787267
physically,25,30,0.5264354842785307,0.40772835506072436,0.2569993424787267
hang,25,30,0.5264354842785307,0.40772835506072436,0.2569993424787267
unfinished,165,197,3.474474196238303,2.67741619823209,0.25667656087685664
navigation,30,36,0.6317225811342368,0.4892740260728692,0.25596160189344275
not_so,66,79,1.389789678495321,1.0736846683265742,0.25557513339887805
not,425,508,8.94940323273502,6.904200145694933,0.25506825720632165
control,393,470,8.275565812858503,6.3877442292846816,0.2545544557082886
creating,101,121,2.126799356485264,1.644504365411588,0.25387702835035775
honest,121,145,2.5479477439080886,1.9706870494601676,0.25334889011218564
typical,60,72,1.2634451622684737,0.9785480521457384,0.2533205406304724
thought,468,561,9.854872265694095,7.624520239635545,0.25219577953136607
tower defense,105,126,2.2110290339698286,1.7124590912550424,0.25217883945694197
following,99,119,2.0846845177429816,1.6173224750742066,0.25060224352104044
too_high,49,59,1.0318135491859202,0.8018657649527579,0.25057922848979963
powerups,44,53,0.926526452330214,0.720320093940613,0.2505769272203935
firing,39,47,0.8212393554745079,0.6387744229284681,0.250574625993476
respawn,34,41,0.7159522586188017,0.5572287519163233,0.25057232480904545
install,34,41,0.7159522586188017,0.5572287519163233,0.25057232480904545
cool idea,34,41,0.7159522586188017,0.5572287519163233,0.25057232480904545
passable,24,29,0.5053780649073895,0.39413740989203355,0.2505677225676486
procedural generation,24,29,0.5053780649073895,0.39413740989203355,0.2505677225676486
dead gods,19,23,0.40009096805168337,0.31259173887988867,0.25056542151067696
swarms,19,23,0.40009096805168337,0.31259173887988867,0.25056542151067696
far enough,19,23,0.40009096805168337,0.31259173887988867,0.25056542151067696
not_able,19,23,0.40009096805168337,0.31259173887988867,0.25056542151067696
carried,19,23,0.40009096805168337,0.31259173887988867,0.25056542151067696
merge,19,23,0.40009096805168337,0.31259173887988867,0.25056542151067696
use items,19,23,0.40009096805168337,0.31259173887988867,0.25056542151067696
extend,14,17,0.2948038711959772,0.2310460678677438,0.2505631204961869
lady,14,17,0.2948038711959772,0.2310460678677438,0.2505631204961869
reminiscent,14,17,0.2948038711959772,0.2310460678677438,0.2505631204961869
dumbed,14,17,0.2948038711959772,0.2310460678677438,0.2505631204961869
lands,14,17,0.2948038711959772,0.2310460678677438,0.2505631204961869
counting,14,17,0.2948038711959772,0.2310460678677438,0.2505631204961869
humour,14,17,0.2948038711959772,0.2310460678677438,0.2505631204961869
crashes,253,304,5.32752710089873,4.131647331282006,0.25001693426891514
mess,206,248,4.337828390455093,3.370554401835321,0.24823815523418258
overwhelmingly positive,43,52,0.9054690329590728,0.7067291487719223,0.2467954747594998
bothered,43,52,0.9054690329590728,0.7067291487719223,0.2467954747594998
score,121,146,2.5479477439080886,1.9842779946288585,0.24652157801094532
directly,77,93,1.6214212915778745,1.2639579006882455,0.24632717882319
machines,28,34,0.5896077423919543,0.4620921357354876,0.24483861936915474
glance,28,34,0.5896077423919543,0.4620921357354876,0.24483861936915474
recharge,28,34,0.5896077423919543,0.4620921357354876,0.24483861936915474
intent,23,28,0.4843206455362482,0.38054646472334275,0.2436465501447831
great art,23,28,0.4843206455362482,0.38054646472334275,0.2436465501447831
patapon,42,51,0.8844116135879315,0.6931382036032313,0.24285342188700376
blazblue,61,74,1.284502581639615,1.00572994248312,0.24255177187213128
load,118,143,2.484775485794665,1.9435051591227859,0.24224112424648503
fast paced,56,68,1.1792154847839087,0.9241842714709751,0.24184796223578608
calling,37,45,0.7791245167322254,0.6115925325910865,0.24183948680659206
kill enemies,37,45,0.7791245167322254,0.6115925325910865,0.24183948680659206
end level,18,22,0.3790335486805421,0.29900079371119787,0.24183101197430368
caps,18,22,0.3790335486805421,0.29900079371119787,0.24183101197430368
too_strong,18,22,0.3790335486805421,0.29900079371119787,0.24183101197430368
fed,18,22,0.3790335486805421,0.29900079371119787,0.24183101197430368
basic,492,596,10.360250330601485,8.100203320539723,0.24168962884041711
souls,122,148,2.56900516327923,2.01145988496624,0.24117055223573303
price,715,867,15.056054850365978,11.783349461254934,0.24068428157107746
split,32,39,0.6738374198765194,0.5300468615789417,0.24052052975876492
not_worth money,32,39,0.6738374198765194,0.5300468615789417,0.24052052975876492
source,41,50,0.8633541942167904,0.6795472584345406,0.23874028071791997
clicks,27,33,0.5685503230208131,0.44850119056679677,0.23873410684466911
era,27,33,0.5685503230208131,0.44850119056679677,0.23873410684466911
aggressively,13,16,0.273746451824836,0.21745512269905296,0.23872793329223896
laugh,13,16,0.273746451824836,0.21745512269905296,0.23872793329223896
visual medium,13,16,0.273746451824836,0.21745512269905296,0.23872793329223896
highlights,13,16,0.273746451824836,0.21745512269905296,0.23872793329223896
not_engaging,13,16,0.273746451824836,0.21745512269905296,0.23872793329223896
enjoys,13,16,0.273746451824836,0.21745512269905296,0.23872793329223896
not_too bad,13,16,0.273746451824836,0.21745512269905296,0.23872793329223896
blew,13,16,0.273746451824836,0.21745512269905296,0.23872793329223896
good design,13,16,0.273746451824836,0.21745512269905296,0.23872793329223896
enjoyable experience,13,16,0.273746451824836,0.21745512269905296,0.23872793329223896
whatnot,13,16,0.273746451824836,0.21745512269905296,0.23872793329223896
quality,315,383,6.633087101909488,5.205331999608581,0.23811646730819813
terrible,454,552,9.560068394498117,7.502201733117328,0.2380173124128211
seriously,138,168,2.9059238732174895,2.2832787883400565,0.23751400964415836
slow,652,794,13.72943742998408,10.791210463940505,0.23639827544380587
accessible,22,27,0.463263226165107,0.36695551955465194,0.23617752596146246
chess,54,66,1.1371006460416262,0.8970023811335935,0.23554230555146027
formula,63,77,1.3266174203818974,1.0465027779891924,0.23507986944766124
response,63,77,1.3266174203818974,1.0465027779891924,0.23507986944766124
cat,40,49,0.8422967748456491,0.6659563132658497,0.23444462682154565
met,40,49,0.8422967748456491,0.6659563132658497,0.23444462682154565
name,126,154,2.653234840763795,2.093005555978385,0.2336946974242302
awful,288,352,6.064536778888674,4.784012699379166,0.2329611128395479
someone else,44,54,0.926526452330214,0.7339110391093039,0.2322264416882689
tried use,26,32,0.547492903649672,0.4349102453981059,0.23221869623950653
customer,17,21,0.35797612930940087,0.28540984854250706,0.23221482370973945
not_think,17,21,0.35797612930940087,0.28540984854250706,0.23221482370973945
subject,17,21,0.35797612930940087,0.28540984854250706,0.23221482370973945
wich,17,21,0.35797612930940087,0.28540984854250706,0.23221482370973945
interesting fun,17,21,0.35797612930940087,0.28540984854250706,0.23221482370973945
fashion,17,21,0.35797612930940087,0.28540984854250706,0.23221482370973945
might,857,1049,18.046208401068032,14.25690148195666,0.2313043732982738
developer,579,710,12.192245815890772,9.649571069770476,0.2294804141427722
trouble,30,37,0.6317225811342368,0.50286497124156,0.2292920079781915
strange,83,102,1.7477658078047218,1.3862764072064626,0.22900128236648598
suggest,83,102,1.7477658078047218,1.3862764072064626,0.22900128236648598
sure,533,654,11.223604524818274,8.888478140323791,0.22886521203032206
appealing,52,64,1.094985807299344,0.8698204907962118,0.22880492408789088
public,74,91,1.5582490334644508,1.2367760103508638,0.22860913489515156
enter,131,161,2.758521937619501,2.1881421721592207,0.22813927011890733
protagonist,21,26,0.44220580679396576,0.35336457438596114,0.22809267798820798
high quality,21,26,0.44220580679396576,0.35336457438596114,0.22809267798820798
not_waste,21,26,0.44220580679396576,0.35336457438596114,0.22809267798820798
combat mechanics,21,26,0.44220580679396576,0.35336457438596114,0.22809267798820798
similar,381,468,8.022876780404808,6.360562338947299,0.2278572402401604
yeah,192,236,4.043024519259116,3.2074630598110314,0.22758939252160815
familiar,34,42,0.7159522586188017,0.5708196970850141,0.2270404805566919
turrets,34,42,0.7159522586188017,0.5708196970850141,0.2270404805566919
obviously,117,144,2.4637180664235236,1.9570961042914767,0.22687838892661105
dark souls,47,58,0.9896987104436378,0.7882748197840671,0.22656154615391522
playable,169,208,3.5587038737228673,2.826916595087689,0.22641347788624877
worth price,38,47,0.8001819361033667,0.6387744229284681,0.22525474154764247
not_be used,25,31,0.5264354842785307,0.4213193002294151,0.22524929734193933
unchained,25,31,0.5264354842785307,0.4213193002294151,0.22524929734193933
sharp,12,15,0.25268903245369473,0.20386417753036218,0.22524385340050657
within seconds,12,15,0.25268903245369473,0.20386417753036218,0.22524385340050657
extremely low,12,15,0.25268903245369473,0.20386417753036218,0.22524385340050657
express,12,15,0.25268903245369473,0.20386417753036218,0.22524385340050657
annoy,12,15,0.25268903245369473,0.20386417753036218,0.22524385340050657
qualities,12,15,0.25268903245369473,0.20386417753036218,0.22524385340050657
might want,12,15,0.25268903245369473,0.20386417753036218,0.22524385340050657
want succeed,12,15,0.25268903245369473,0.20386417753036218,0.22524385340050657
disguised,12,15,0.25268903245369473,0.20386417753036218,0.22524385340050657
enemies attacks,12,15,0.25268903245369473,0.20386417753036218,0.22524385340050657
beneath,12,15,0.25268903245369473,0.20386417753036218,0.22524385340050657
no_clear,12,15,0.25268903245369473,0.20386417753036218,0.22524385340050657
stripped,12,15,0.25268903245369473,0.20386417753036218,0.22524385340050657
not_intuitive,12,15,0.25268903245369473,0.20386417753036218,0.22524385340050657
testing,55,68,1.1581580654127674,0.9241842714709751,0.22414630860154006
wise,98,121,2.0636270983718403,1.644504365411588,0.2240178350269062
attempt,141,174,2.969096131330913,2.364824459352201,0.22397802334296024
doesnt,162,200,3.411301938124879,2.7181890337381622,0.2233908235795523
rinse repeat,29,36,0.6106651617630956,0.4892740260728692,0.22316970264771285
format,29,36,0.6106651617630956,0.4892740260728692,0.22316970264771285
user,80,99,1.6845935496912983,1.3455035717003903,0.2221902513438465
ever seen,50,62,1.0528709685570614,0.8426386004588302,0.22158972749564043
succeeded,16,20,0.3369187099382597,0.2718189033738162,0.22157569594206095
professional,16,20,0.3369187099382597,0.2718189033738162,0.22157569594206095
hammer,16,20,0.3369187099382597,0.2718189033738162,0.22157569594206095
grating,16,20,0.3369187099382597,0.2718189033738162,0.22157569594206095
streamers,16,20,0.3369187099382597,0.2718189033738162,0.22157569594206095
stellar,16,20,0.3369187099382597,0.2718189033738162,0.22157569594206095
functionally,16,20,0.3369187099382597,0.2718189033738162,0.22157569594206095
ive,88,109,1.853052904660428,1.4814130233872984,0.2210704303057387
orcs must,54,67,1.1371006460416262,0.9105933263022844,0.2207258728788073
state,488,604,10.27602065311692,8.20893088188925,0.2202125031456994
cells,138,171,2.9059238732174895,2.324051623846129,0.219914206530607
master,62,77,1.305560001010756,1.0465027779891924,0.21932943591449217
discount,62,77,1.305560001010756,1.0465027779891924,0.21932943591449217
graphics good,20,25,0.42114838742282457,0.3397736292172703,0.2193122607653617
breach,20,25,0.42114838742282457,0.3397736292172703,0.2193122607653617
neat idea,20,25,0.42114838742282457,0.3397736292172703,0.2193122607653617
partner,20,25,0.42114838742282457,0.3397736292172703,0.2193122607653617
follow,108,134,2.2742012920832524,1.8211866526045688,0.21899538983678468
not_like,87,108,1.8319954852892868,1.4678220782186078,0.2189026289059477
man,158,196,3.327072260640314,2.663825253063399,0.21864308487635675
tile,74,92,1.5582490334644508,1.2503669555195547,0.21779687185807184
might worth,24,30,0.5053780649073895,0.40772835506072436,0.21777655292426523
instead decided,24,30,0.5053780649073895,0.40772835506072436,0.21777655292426523
endings,24,30,0.5053780649073895,0.40772835506072436,0.21777655292426523
developer create,24,30,0.5053780649073895,0.40772835506072436,0.21777655292426523
talk,103,128,2.1689141952275466,1.7396409815924236,0.21749847910062492
design choices,53,66,1.1160432266704852,0.8970023811335935,0.21719109035704243
killed,198,246,4.169369035485963,3.3433725114979396,0.21687482362615196
hooked,28,35,0.5896077423919543,0.4756830809041784,0.2166663955729966
word,123,153,2.590062582650371,2.0794146108096943,0.21625680762440425
work,1181,1468,24.86881227731779,19.951507507638112,0.21598063147032143
not_know,32,40,0.6738374198765194,0.5436378067476324,0.21582657032985963
sort,279,347,5.875020004548402,4.716057973535711,0.21557764439467064
studio,56,70,1.1792154847839087,0.9513661618083568,0.21327189600763852
arena,117,146,2.4637180664235236,1.9842779946288585,0.2131768505085816
somehow,190,237,4.000909680516833,3.2210540049797225,0.21295659769245834
hub,80,100,1.6845935496912983,1.3590945168690811,0.21223857354329922
experienced,80,100,1.6845935496912983,1.3590945168690811,0.21223857354329922
attacking,92,115,1.9372825821449928,1.5629586943994433,0.21192395332703384
dead cells,124,155,2.611120002021512,2.1065965011470755,0.211384957221334
no_other,39,49,0.8212393554745079,0.6659563132658497,0.20974993776531825
liking,35,44,0.737009677989943,0.5980015874223957,0.20974836620116477
rifle,31,39,0.652780000505378,0.5300468615789417,0.20974679466064927
tracking,27,34,0.5685503230208131,0.4620921357354876,0.2097452231437682
stopping,27,34,0.5685503230208131,0.4620921357354876,0.2097452231437682
valley,27,34,0.5685503230208131,0.4620921357354876,0.2097452231437682
abandonware,23,29,0.4843206455362482,0.39413740989203355,0.20974365165052333
pointed,23,29,0.4843206455362482,0.39413740989203355,0.20974365165052333
cooking,23,29,0.4843206455362482,0.39413740989203355,0.20974365165052333
curse dead,19,24,0.40009096805168337,0.3261826840485795,0.20974208018091112
no_time,19,24,0.40009096805168337,0.3261826840485795,0.20974208018091112
unpleasant,19,24,0.40009096805168337,0.3261826840485795,0.20974208018091112
functioning,15,19,0.3158612905671184,0.2582279582051254,0.20974050873493333
read reviews,15,19,0.3158612905671184,0.2582279582051254,0.20974050873493333
paired,15,19,0.3158612905671184,0.2582279582051254,0.20974050873493333
dare,15,19,0.3158612905671184,0.2582279582051254,0.20974050873493333
better experience,15,19,0.3158612905671184,0.2582279582051254,0.20974050873493333
instead fun,15,19,0.3158612905671184,0.2582279582051254,0.20974050873493333
need keep,15,19,0.3158612905671184,0.2582279582051254,0.20974050873493333
slot machines,15,19,0.3158612905671184,0.2582279582051254,0.20974050873493333
smallest,11,14,0.2316316130825535,0.19027323236167137,0.20973893731258997
gaming rigs,11,14,0.2316316130825535,0.19027323236167137,0.20973893731258997
gameplay mechanic,11,14,0.2316316130825535,0.19027323236167137,0.20973893731258997
rendered,11,14,0.2316316130825535,0.19027323236167137,0.20973893731258997
desert,11,14,0.2316316130825535,0.19027323236167137,0.20973893731258997
want continue,11,14,0.2316316130825535,0.19027323236167137,0.20973893731258997
dodge attacks,11,14,0.2316316130825535,0.19027323236167137,0.20973893731258997
overview,11,14,0.2316316130825535,0.19027323236167137,0.20973893731258997
assist,11,14,0.2316316130825535,0.19027323236167137,0.20973893731258997
vanilla,11,14,0.2316316130825535,0.19027323236167137,0.20973893731258997
price sale,11,14,0.2316316130825535,0.19027323236167137,0.20973893731258997
nowadays,11,14,0.2316316130825535,0.19027323236167137,0.20973893731258997
universal,11,14,0.2316316130825535,0.19027323236167137,0.20973893731258997
content worth,11,14,0.2316316130825535,0.19027323236167137,0.20973893731258997
personally,206,258,4.337828390455093,3.5064638535222294,0.20884951774008087
food,142,178,2.990153550702054,2.419188240026964,0.2083924526453682
expected,213,267,4.485230326053081,3.6287823600404465,0.20795023589044703
crashing,106,133,2.2320864533409703,1.807595707435878,0.20790851405226007
parry,78,98,1.6424787109490158,1.3319126265316994,0.20723647866513417
isnt,125,157,2.6321774213926536,2.1337783914844572,0.2066134838257092
kind,729,915,15.350858721561954,12.435714829352092,0.20618838804248263
pace,97,122,2.042569679000699,1.658095310580279,0.20569872922046883
risk,171,215,3.60081871246515,2.9220532112685245,0.20516008593320123
followed,38,48,0.8001819361033667,0.652365368097159,0.20463410749186117
interesting concept,38,48,0.8001819361033667,0.652365368097159,0.20463410749186117
ranged,104,131,2.189971614598688,1.7804138170984964,0.20407644762848776
moves,185,233,3.8956225836611273,3.1666902243049586,0.20337440492491154
interacting,30,38,0.6317225811342368,0.5164559164102508,0.2033151747400268
develop,30,38,0.6317225811342368,0.5164559164102508,0.2033151747400268
must,324,408,6.822603876249758,5.5451056288258505,0.20311184454505415
precise,26,33,0.547492903649672,0.44850119056679677,0.20236438626399078
friend,218,275,4.590517422908787,3.7375099213899734,0.201631673534985
wide,68,86,1.4319045172376035,1.1688212845074097,0.2011022593775742
hear,45,57,0.9475838717013553,0.7746838746153762,0.2010935589778402
great concept,45,57,0.9475838717013553,0.7746838746153762,0.2010935589778402
walking,125,158,2.6321774213926536,2.1473693366531483,0.20030296757983024
missed,83,105,1.7477658078047218,1.427049242712535,0.20028713562014389
not_sure,182,230,3.8324503255477036,3.1259173887988867,0.20001509918897487
gimmick,79,100,1.663536130320157,1.3590945168690811,0.19981397690640534
pause,79,100,1.663536130320157,1.3590945168690811,0.19981397690640534
thrown,75,95,1.579306452835592,1.291139791025627,0.1992914361008058
gas,18,23,0.3790335486805421,0.31259173887988867,0.19927005074781334
nail,18,23,0.3790335486805421,0.31259173887988867,0.19927005074781334
oddly,18,23,0.3790335486805421,0.31259173887988867,0.19927005074781334
corners,18,23,0.3790335486805421,0.31259173887988867,0.19927005074781334
year ago,18,23,0.3790335486805421,0.31259173887988867,0.19927005074781334
interact,120,152,2.5268903245369474,2.065823665641003,0.19827558522241695
returning,33,42,0.6948948392476605,0.5708196970850141,0.19805086724345422
horrendous,33,42,0.6948948392476605,0.5708196970850141,0.19805086724345422
landlord,33,42,0.6948948392476605,0.5708196970850141,0.19805086724345422
hire,33,42,0.6948948392476605,0.5708196970850141,0.19805086724345422
check,252,319,5.30646968152759,4.335511508812369,0.19804064942517208
kinds,48,61,1.010756129814779,0.8290476552901395,0.19758192809318942
inspiration,48,61,1.010756129814779,0.8290476552901395,0.19758192809318942
escape,93,118,1.9583400015161343,1.6037315299055157,0.19708397619834983
simple,404,512,8.507197425941056,6.958563926369695,0.19663911888890695
choosing,74,94,1.5582490334644508,1.2775488458569362,0.19651677953961233
legend,59,75,1.2423877428973324,1.019320887651811,0.1965112222885974
puts,44,56,0.926526452330214,0.7610929294466855,0.19650566535288938
rinse,29,37,0.6106651617630956,0.50286497124156,0.1965001087324616
positioning,29,37,0.6106651617630956,0.50286497124156,0.1965001087324616
render,14,18,0.2948038711959772,0.2446370130364346,0.19649455242728386
preview,14,18,0.2948038711959772,0.2446370130364346,0.19649455242728386
potential fun,14,18,0.2948038711959772,0.2446370130364346,0.19649455242728386
summoning,14,18,0.2948038711959772,0.2446370130364346,0.19649455242728386
labeled,14,18,0.2948038711959772,0.2446370130364346,0.19649455242728386
long enough,55,70,1.1581580654127674,0.9513661618083568,0.1955702423733925
plays,230,292,4.843206455362482,3.968555989257717,0.19520793429852112
sadly,248,315,5.222240004043024,4.281147728137606,0.19467991924214445
tech,51,65,1.0739283879282027,0.8834114359649028,0.19448583358492755
platforms,25,32,0.5264354842785307,0.4349102453981059,0.19447629185116533
prompts,25,32,0.5264354842785307,0.4349102453981059,0.19447629185116533
not_interesting,25,32,0.5264354842785307,0.4349102453981059,0.19447629185116533
badly,114,145,2.4005458083101,1.9706870494601676,0.19424543612661793
hardcore,47,60,0.9896987104436378,0.8154567101214487,0.1932224321385121
found,510,649,10.739283879282025,8.820523414480336,0.1924607692052147
min,76,97,1.6003638722067335,1.3183216813630088,0.19174361320445144
irritating,43,55,0.9054690329590728,0.7475019842779946,0.19173165698468608
bro,32,41,0.6738374198765194,0.5572287519163233,0.1917276719104528
fired,21,27,0.44220580679396576,0.36695551955465194,0.19172368700238174
wayy,21,27,0.44220580679396576,0.36695551955465194,0.19172368700238174
keywords,21,27,0.44220580679396576,0.36695551955465194,0.19172368700238174
able finish,10,13,0.21057419371141228,0.17668228719298057,0.19171970226045865
idea bad,10,13,0.21057419371141228,0.17668228719298057,0.19171970226045865
anything better,10,13,0.21057419371141228,0.17668228719298057,0.19171970226045865
no_character,10,13,0.21057419371141228,0.17668228719298057,0.19171970226045865
starting point,10,13,0.21057419371141228,0.17668228719298057,0.19171970226045865
precisely,10,13,0.21057419371141228,0.17668228719298057,0.19171970226045865
neat concept,10,13,0.21057419371141228,0.17668228719298057,0.19171970226045865
enough justify,10,13,0.21057419371141228,0.17668228719298057,0.19171970226045865
videogame,10,13,0.21057419371141228,0.17668228719298057,0.19171970226045865
severely lacking,10,13,0.21057419371141228,0.17668228719298057,0.19171970226045865
error,83,106,1.7477658078047218,1.440640187881226,0.1908960483120392
server,50,64,1.0528709685570614,0.8698204907962118,0.1903344902292119
twist,39,50,0.8212393554745079,0.6795472584345406,0.18994596361246607
according,28,36,0.5896077423919543,0.4892740260728692,0.1892660745536041
contact,28,36,0.5896077423919543,0.4892740260728692,0.1892660745536041
factors,28,36,0.5896077423919543,0.4892740260728692,0.1892660745536041
atmosphere,93,119,1.9583400015161343,1.6173224750742066,0.18871437954598136
wtf,64,82,1.3476748397530387,1.1144575038326465,0.18844761689048717
gameplay,2155,2755,45.37873874480934,37.44305393974319,0.1881200178512783
theme,107,137,2.2531438727121116,1.8619594881106412,0.18779371021590308
manually,53,68,1.1160432266704852,0.9241842714709751,0.18777451137391132
repetitive boring,35,45,0.737009677989943,0.6115925325910865,0.187768112634787
need work,17,22,0.35797612930940087,0.29900079371119787,0.1877617143330248
boon,17,22,0.35797612930940087,0.29900079371119787,0.1877617143330248
poorly explained,17,22,0.35797612930940087,0.29900079371119787,0.1877617143330248
twitch,17,22,0.35797612930940087,0.29900079371119787,0.1877617143330248
traverse,17,22,0.35797612930940087,0.29900079371119787,0.1877617143330248
lasted,17,22,0.35797612930940087,0.29900079371119787,0.1877617143330248
nonexistent,17,22,0.35797612930940087,0.29900079371119787,0.1877617143330248
equip,60,77,1.2634451622684737,1.0465027779891924,0.18706442057914963
letters,42,54,0.8844116135879315,0.7339110391093039,0.1867599146496186
heard,56,72,1.1792154847839087,0.9785480521457384,0.18548963810921215
opening,88,113,1.853052904660428,1.5357768040620616,0.1853469598306834
super,428,549,9.012575490848446,7.461428897611255,0.18456654582429266
idea,651,835,13.70838001061294,11.348439215856827,0.1845218524765908
melee,233,299,4.906378713475906,4.063692605438553,0.18449827425590914
appreciate,77,99,1.6214212915778745,1.3455035717003903,0.18444369345892397
lowest,38,49,0.8001819361033667,0.6659563132658497,0.1844300533194847
tested,38,49,0.8001819361033667,0.6659563132658497,0.1844300533194847
trash,201,258,4.232541293599387,3.5064638535222294,0.18438803600983356
chest,73,94,1.5371916140933097,1.2775488458569362,0.1830916825950073
dungeon,189,243,3.979852261145692,3.302599675991867,0.18279952985778092
under,189,243,3.979852261145692,3.302599675991867,0.18279952985778092
managing,48,62,1.010756129814779,0.8426386004588302,0.18158023986830862
gem,41,53,0.8633541942167904,0.720320093940613,0.18157782629707064
watched,27,35,0.5685503230208131,0.4756830809041784,0.18157299934761006
wheel,27,35,0.5685503230208131,0.4756830809041784,0.18157299934761006
reviewers,27,35,0.5685503230208131,0.4756830809041784,0.18157299934761006
crafted,27,35,0.5685503230208131,0.4756830809041784,0.18157299934761006
traditional,27,35,0.5685503230208131,0.4756830809041784,0.18157299934761006
indicate,20,26,0.42114838742282457,0.35336457438596114,0.18157058596937858
poor design,20,26,0.42114838742282457,0.35336457438596114,0.18157058596937858
artificial difficulty,20,26,0.42114838742282457,0.35336457438596114,0.18157058596937858
memorize,20,26,0.42114838742282457,0.35336457438596114,0.18157058596937858
judging,13,17,0.273746451824836,0.2310460678677438,0.18156817265547964
back start,13,17,0.273746451824836,0.2310460678677438,0.18156817265547964
swings,13,17,0.273746451824836,0.2310460678677438,0.18156817265547964
immortal,13,17,0.273746451824836,0.2310460678677438,0.18156817265547964
kicking,13,17,0.273746451824836,0.2310460678677438,0.18156817265547964
buy anything,13,17,0.273746451824836,0.2310460678677438,0.18156817265547964
brain dead,13,17,0.273746451824836,0.2310460678677438,0.18156817265547964
relax,13,17,0.273746451824836,0.2310460678677438,0.18156817265547964
paused,13,17,0.273746451824836,0.2310460678677438,0.18156817265547964
ranges,13,17,0.273746451824836,0.2310460678677438,0.18156817265547964
eggs,13,17,0.273746451824836,0.2310460678677438,0.18156817265547964
bomber,13,17,0.273746451824836,0.2310460678677438,0.18156817265547964
boom,13,17,0.273746451824836,0.2310460678677438,0.18156817265547964
product,170,219,3.579761293094009,2.9764169919432875,0.1809725612810107
hands,79,102,1.663536130320157,1.3862764072064626,0.18020281161782847
buy,777,1001,16.361614851376736,13.604536113859503,0.1801173077764453
direction,249,321,5.243297423414165,4.362693399149751,0.17987260198609967
purchased,58,75,1.2213303235261912,1.019320887651811,0.17970202742443497
interaction,51,66,1.0739283879282027,0.8970023811335935,0.1794466093346898
brings,51,66,1.0739283879282027,0.8970023811335935,0.1794466093346898
watch,141,182,2.969096131330913,2.4735520207017276,0.17926706770653666
technically,44,57,0.926526452330214,0.7746838746153762,0.17911257577165074
unacceptable,44,57,0.926526452330214,0.7746838746153762,0.17911257577165074
fantasy,75,97,1.579306452835592,1.3183216813630088,0.17866945501600995
deserve,37,48,0.7791245167322254,0.652365368097159,0.17865654463136948
builder,68,88,1.4319045172376035,1.1960031748447915,0.17837131445061516
early access,733,946,15.43508839904652,12.857034129581507,0.1783366696508928
world,364,470,7.664900651095407,6.3877442292846816,0.1780406400647454
good enough,61,79,1.284502581639615,1.0736846683265742,0.17800651620629715
raw,30,39,0.6317225811342368,0.5300468615789417,0.1779960199190196
chasing,30,39,0.6317225811342368,0.5300468615789417,0.1779960199190196
vibes,30,39,0.6317225811342368,0.5300468615789417,0.1779960199190196
detailed,30,39,0.6317225811342368,0.5300468615789417,0.1779960199190196
forgettable,30,39,0.6317225811342368,0.5300468615789417,0.1779960199190196
features,267,345,5.622330972094709,4.6888760831983305,0.17751649156498228
genre,452,584,9.517953555755835,7.937111978515434,0.1773108872020055
top,397,513,8.359795490343068,6.972154871538386,0.17724074292046943
nothing new,47,61,0.9896987104436378,0.8290476552901395,0.17696056439010377
too_low,23,30,0.4843206455362482,0.40772835506072436,0.17695248200713998
create meaningful,23,30,0.4843206455362482,0.40772835506072436,0.17695248200713998
manipulation,23,30,0.4843206455362482,0.40772835506072436,0.17695248200713998
decided procgen,23,30,0.4843206455362482,0.40772835506072436,0.17695248200713998
yellow,23,30,0.4843206455362482,0.40772835506072436,0.17695248200713998
procgen content,23,30,0.4843206455362482,0.40772835506072436,0.17695248200713998
esque,23,30,0.4843206455362482,0.40772835506072436,0.17695248200713998
repetitive almost,23,30,0.4843206455362482,0.40772835506072436,0.17695248200713998
actual,372,481,7.833360006064537,6.5372446261402795,0.17663748522885214
supposed,252,326,5.30646968152759,4.430648124993205,0.1763920428571124
disappointed,163,211,3.43235935749602,2.867689430593761,0.1762129424434704
punch,40,52,0.8422967748456491,0.7067291487719223,0.17617167812211143
uninteresting,74,96,1.5582490334644508,1.304730736194318,0.17567999875834062
forward,220,285,4.63263226165107,3.8734193730768816,0.17512238186438278
not_good enough,16,21,0.3369187099382597,0.28540984854250706,0.17505433350310007
staring,16,21,0.3369187099382597,0.28540984854250706,0.17505433350310007
pokemon,16,21,0.3369187099382597,0.28540984854250706,0.17505433350310007
visual clutter,16,21,0.3369187099382597,0.28540984854250706,0.17505433350310007
reads,16,21,0.3369187099382597,0.28540984854250706,0.17505433350310007
automation,16,21,0.3369187099382597,0.28540984854250706,0.17505433350310007
carries,16,21,0.3369187099382597,0.28540984854250706,0.17505433350310007
dust,16,21,0.3369187099382597,0.28540984854250706,0.17505433350310007
lines,77,100,1.6214212915778745,1.3590945168690811,0.1744920156583767
minimal,77,100,1.6214212915778745,1.3590945168690811,0.1744920156583767
function,77,100,1.6214212915778745,1.3590945168690811,0.1744920156583767
train,107,139,2.2531438727121116,1.8891413784480229,0.17340227872933944
ghost,26,34,0.547492903649672,0.4620921357354876,0.17337550256308987
lazily,26,34,0.547492903649672,0.4620921357354876,0.17337550256308987
fought,26,34,0.547492903649672,0.4620921357354876,0.17337550256308987
bat,26,34,0.547492903649672,0.4620921357354876,0.17337550256308987
image,26,34,0.547492903649672,0.4620921357354876,0.17337550256308987
literal,36,47,0.7580670973610842,0.6387744229284681,0.17260685515207008
delay,36,47,0.7580670973610842,0.6387744229284681,0.17260685515207008
kick,49,64,1.0318135491859202,0.8698204907962118,0.17052978642406025
square,39,51,0.8212393554745079,0.6931382036032313,0.1705265308968773
horribly,39,51,0.8212393554745079,0.6931382036032313,0.1705265308968773
inferior,19,25,0.40009096805168337,0.3397736292172703,0.17052002021630663
realistic,19,25,0.40009096805168337,0.3397736292172703,0.17052002021630663
not_yet,19,25,0.40009096805168337,0.3397736292172703,0.17052002021630663
alright,112,146,2.3584309695678174,1.9842779946288585,0.16986966080883903
rating,95,124,2.0004548402584166,1.6852772009176604,0.16894321268882528
needs,792,1033,16.677476141943853,14.039446359257608,0.1677652714062381
mean,298,389,6.275110972600086,5.286877670620725,0.16727023627055004
clicker,45,59,0.9475838717013553,0.8018657649527579,0.16718931355797473
pretend,22,29,0.463263226165107,0.39413740989203355,0.1671819608391676
child,22,29,0.463263226165107,0.39413740989203355,0.1671819608391676
bound,22,29,0.463263226165107,0.39413740989203355,0.1671819608391676
engine,81,106,1.7056509690624395,1.440640187881226,0.16679434343474142
instant,58,76,1.2213303235261912,1.0329118328205016,0.16662859895324367
automatically,58,76,1.2213303235261912,1.0329118328205016,0.16662859895324367
mechanical,35,46,0.737009677989943,0.6251834777597773,0.16626056056440675
concepts,48,63,1.010756129814779,0.8562295456275212,0.16583053601991438
call,139,182,2.9269812925886307,2.4735520207017276,0.16507827891603455
range,204,267,4.295713551712811,3.6287823600404465,0.16496550525389342
nope,103,135,2.1689141952275466,1.8347775977732597,0.16464656868817507
implementation,51,67,1.0739283879282027,0.9105933263022844,0.16463017666203683
gungeon,38,50,0.8001819361033667,0.6795472584345406,0.16462607916663252
released early,12,16,0.25268903245369473,0.21745512269905296,0.16461788478907202
friction,12,16,0.25268903245369473,0.21745512269905296,0.16461788478907202
concept good,12,16,0.25268903245369473,0.21745512269905296,0.16461788478907202
grace,12,16,0.25268903245369473,0.21745512269905296,0.16461788478907202
weapon types,12,16,0.25268903245369473,0.21745512269905296,0.16461788478907202
visual design,12,16,0.25268903245369473,0.21745512269905296,0.16461788478907202
high end,12,16,0.25268903245369473,0.21745512269905296,0.16461788478907202
annoyingly,12,16,0.25268903245369473,0.21745512269905296,0.16461788478907202
lava,12,16,0.25268903245369473,0.21745512269905296,0.16461788478907202
spammed,12,16,0.25268903245369473,0.21745512269905296,0.16461788478907202
ticking,12,16,0.25268903245369473,0.21745512269905296,0.16461788478907202
unfortunately,501,656,10.549767104941754,8.915660030661172,0.163951501144866
promising,80,105,1.6845935496912983,1.427049242712535,0.16391326150838026
considered,54,71,1.1371006460416262,0.9649571069770476,0.1635620714706736
based gameplay,28,37,0.5896077423919543,0.50286497124156,0.16259648063835286
luck landlord,28,37,0.5896077423919543,0.50286497124156,0.16259648063835286
swap,44,58,0.926526452330214,0.7882748197840671,0.16201679554116666
stuck,361,474,7.601728392981983,6.442108009959445,0.16131916421725112
assuming,47,62,0.9896987104436378,0.8426386004588302,0.16095887616522297
developers must,31,41,0.652780000505378,0.5572287519163233,0.16095393681233716
char,15,20,0.3158612905671184,0.2718189033738162,0.16094899776324745
refuses,15,20,0.3158612905671184,0.2718189033738162,0.16094899776324745
disappears,15,20,0.3158612905671184,0.2718189033738162,0.16094899776324745
serviceable,15,20,0.3158612905671184,0.2718189033738162,0.16094899776324745
silence,15,20,0.3158612905671184,0.2718189033738162,0.16094899776324745
room room,15,20,0.3158612905671184,0.2718189033738162,0.16094899776324745
ping,15,20,0.3158612905671184,0.2718189033738162,0.16094899776324745
slow progression,15,20,0.3158612905671184,0.2718189033738162,0.16094899776324745
download free,15,20,0.3158612905671184,0.2718189033738162,0.16094899776324745
whole experience,15,20,0.3158612905671184,0.2718189033738162,0.16094899776324745
acquired,15,20,0.3158612905671184,0.2718189033738162,0.16094899776324745
ugh,15,20,0.3158612905671184,0.2718189033738162,0.16094899776324745
fear,15,20,0.3158612905671184,0.2718189033738162,0.16094899776324745
entertaining,50,66,1.0528709685570614,0.8970023811335935,0.16002644696430224
suppose,50,66,1.0528709685570614,0.8970023811335935,0.16002644696430224
overly,69,91,1.4529619366087447,1.2367760103508638,0.15960588038900347
rock,69,91,1.4529619366087447,1.2367760103508638,0.15960588038900347
individually,18,24,0.3790335486805421,0.3261826840485795,0.1584467094180475
no_for,18,24,0.3790335486805421,0.3261826840485795,0.1584467094180475
moving around,18,24,0.3790335486805421,0.3261826840485795,0.1584467094180475
effort put,18,24,0.3790335486805421,0.3261826840485795,0.1584467094180475
meme,18,24,0.3790335486805421,0.3261826840485795,0.1584467094180475
radius,18,24,0.3790335486805421,0.3261826840485795,0.1584467094180475
guess,368,485,7.749130328579971,6.591608406815044,0.15757749763421192
aside,122,161,2.56900516327923,2.1881421721592207,0.15750301133557798
usual,40,53,0.8422967748456491,0.720320093940613,0.15747819824784415
lie,40,53,0.8422967748456491,0.720320093940613,0.15747819824784415
scenes,40,53,0.8422967748456491,0.720320093940613,0.15747819824784415
not_a,625,824,13.160887106963266,11.19893881900123,0.15703366411387698
demon,21,28,0.44220580679396576,0.38054646472334275,0.15663102037434662
queen,21,28,0.44220580679396576,0.38054646472334275,0.15663102037434662
considering,137,181,2.884866453846348,2.4599610755330366,0.15616620054343677
hitting,124,164,2.611120002021512,2.228915007665293,0.15528336706409185
mob,49,65,1.0318135491859202,0.8834114359649028,0.15526096740938833
meta upgrades,24,32,0.5053780649073895,0.4349102453981059,0.15525350229670387
natural,24,32,0.5053780649073895,0.4349102453981059,0.15525350229670387
amateur,24,32,0.5053780649073895,0.4349102453981059,0.15525350229670387
overrated,27,36,0.5685503230208131,0.4892740260728692,0.15417267832821757
franchise,27,36,0.5685503230208131,0.4892740260728692,0.15417267832821757
tweaks,27,36,0.5685503230208131,0.4892740260728692,0.15417267832821757
gonna,148,196,3.1164980669289015,2.663825253063399,0.1536644190480878
bugged,89,118,1.8741103240315693,1.6037315299055157,0.15359055750688277
better,1657,2194,34.892143897981015,29.818533700107643,0.15279568720929948
hoped,33,44,0.6948948392476605,0.5980015874223957,0.15258579947693462
properly,175,232,3.685048389949715,3.1530992791362684,0.15237496451231092
not_that,156,207,3.2849574218980315,2.813325649918998,0.15163136463883298
fest,39,52,0.8212393554745079,0.7067291487719223,0.15147698906588403
boring repetitive,39,52,0.8212393554745079,0.7067291487719223,0.15147698906588403
nothing,1298,1721,27.332530343741315,23.390016635316886,0.1513650294493516
okay,288,382,6.064536778888674,5.19174105443989,0.15135375760606617
secondary,42,56,0.8844116135879315,0.7610929294466855,0.1510391383142391
option,400,531,8.422967748456491,7.216791884574821,0.15031191624267226
obvious,139,185,2.9269812925886307,2.5143248562078004,0.1488137167448702
pay,212,282,4.464172906681941,3.8326465375708088,0.1487841832593233
left,443,589,9.328436781415563,8.005066704358887,0.14870719128702614
speed,339,451,7.138465166816877,6.129516271079556,0.148238477427439
original,257,342,5.411756778383296,4.648103247692258,0.14818069178160354
titles,87,116,1.8319954852892868,1.5765496395681342,0.14806580057686958
not_buy,87,116,1.8319954852892868,1.5765496395681342,0.14806580057686958
money,767,1021,16.151040657665323,13.876355017233319,0.14736925927460387
works,341,455,7.180580005559159,6.183880051754319,0.14529173236623372
proper,86,115,1.8109380659181455,1.5629586943994433,0.14522011875252083
overwhelmingly,50,67,1.0528709685570614,0.9105933263022844,0.14521001429164926
teleport,47,63,0.9896987104436378,0.8562295456275212,0.14520917231682873
mad,44,59,0.926526452330214,0.8018657649527579,0.14520833035178526
gameplay mechanics,38,51,0.8001819361033667,0.6931382036032313,0.14520664645104375
shape,32,43,0.6738374198765194,0.5844106422537049,0.1452049625894265
breaker,29,39,0.6106651617630956,0.5300468615789417,0.1452041206732897
procgen algorithms,26,35,0.547492903649672,0.4756830809041784,0.14520327876693173
far better,26,35,0.547492903649672,0.4756830809041784,0.14520327876693173
substantial,23,31,0.4843206455362482,0.4213193002294151,0.1452024368703526
closest,23,31,0.4843206455362482,0.4213193002294151,0.1452024368703526
preferred,23,31,0.4843206455362482,0.4213193002294151,0.1452024368703526
vertical,20,27,0.42114838742282457,0.36695551955465194,0.14520159498355234
quote url,20,27,0.42114838742282457,0.36695551955465194,0.14520159498355234
disabled,20,27,0.42114838742282457,0.36695551955465194,0.14520159498355234
giving negative,17,23,0.35797612930940087,0.31259173887988867,0.14520075310653446
appropriate,17,23,0.35797612930940087,0.31259173887988867,0.14520075310653446
sentence,17,23,0.35797612930940087,0.31259173887988867,0.14520075310653446
overlap,17,23,0.35797612930940087,0.31259173887988867,0.14520075310653446
consequences,14,19,0.2948038711959772,0.2582279582051254,0.14519991123929366
touched,14,19,0.2948038711959772,0.2582279582051254,0.14519991123929366
good music,14,19,0.2948038711959772,0.2582279582051254,0.14519991123929366
spark,11,15,0.2316316130825535,0.20386417753036218,0.14519906938183524
maker,11,15,0.2316316130825535,0.20386417753036218,0.14519906938183524
gacha,11,15,0.2316316130825535,0.20386417753036218,0.14519906938183524
bad taste,11,15,0.2316316130825535,0.20386417753036218,0.14519906938183524
grant,11,15,0.2316316130825535,0.20386417753036218,0.14519906938183524
nigh,11,15,0.2316316130825535,0.20386417753036218,0.14519906938183524
slow paced,11,15,0.2316316130825535,0.20386417753036218,0.14519906938183524
revenge,11,15,0.2316316130825535,0.20386417753036218,0.14519906938183524
basically nothing,11,15,0.2316316130825535,0.20386417753036218,0.14519906938183524
nice idea,11,15,0.2316316130825535,0.20386417753036218,0.14519906938183524
guidance,11,15,0.2316316130825535,0.20386417753036218,0.14519906938183524
inventive,11,15,0.2316316130825535,0.20386417753036218,0.14519906938183524
pauses,11,15,0.2316316130825535,0.20386417753036218,0.14519906938183524
ended,142,190,2.990153550702054,2.582279582051254,0.14348866523106274
dodge,325,435,6.843661295620899,5.912061148380502,0.14222265061187755
omd,67,90,1.4108470978664625,1.223185065182173,0.14154460780150302
years,262,351,5.517043875239002,4.770421754210475,0.14147267111904505
jump,229,307,4.822149035991341,4.172420166788079,0.14092007180305277
not_at,46,62,0.9686412910724964,0.8426386004588302,0.13990339047135336
inside,81,109,1.7056509690624395,1.4814130233872984,0.13913877121855123
react,40,54,0.8422967748456491,0.7339110391093039,0.13912771271571955
balatro,151,203,3.1796703250423253,2.7589618692442346,0.13867916976161787
willing,72,97,1.5161341947221685,1.3183216813630088,0.138389326040679
struggling,34,46,0.7159522586188017,0.6251834777597773,0.13808760715341428
heck,34,46,0.7159522586188017,0.6251834777597773,0.13808760715341428
youtube,66,89,1.389789678495321,1.209594120013482,0.13777862854990452
factor,66,89,1.389789678495321,1.209594120013482,0.13777862854990452
bizarre,31,42,0.652780000505378,0.5708196970850141,0.1374220925599836
alone,153,206,3.2217851637846078,2.7997347047503074,0.1371525643961764
literally,515,693,10.844570976137732,9.418525001902733,0.13664942806102243
old fast,28,38,0.5896077423919543,0.5164559164102508,0.13661964740018817
lasts,28,38,0.5896077423919543,0.5164559164102508,0.13661964740018817
big fan,28,38,0.5896077423919543,0.5164559164102508,0.13661964740018817
type,398,536,8.380852909714209,7.284746610418275,0.13594640594843987
space,369,497,7.7701877479511126,6.754699748839333,0.1358783120966942
silly,51,69,1.0739283879282027,0.937775216639666,0.13563994600831997
everything offer,25,34,0.5264354842785307,0.4620921357354876,0.13563309817474867
automatic,25,34,0.5264354842785307,0.4620921357354876,0.13563309817474867
mechanism,25,34,0.5264354842785307,0.4620921357354876,0.13563309817474867
objects,71,96,1.495076775351027,1.304730736194318,0.13485177441363128
died,137,185,2.884866453846348,2.5143248562078004,0.13442082551148005
infinite samey,22,30,0.463263226165107,0.40772835506072436,0.13439079119578423
learn procgen,22,30,0.463263226165107,0.40772835506072436,0.13439079119578423
not_possible,22,30,0.463263226165107,0.40772835506072436,0.13439079119578423
algorithms create,22,30,0.463263226165107,0.40772835506072436,0.13439079119578423
content creation,22,30,0.463263226165107,0.40772835506072436,0.13439079119578423
humans,22,30,0.463263226165107,0.40772835506072436,0.13439079119578423
terrible substitute,22,30,0.463263226165107,0.40772835506072436,0.13439079119578423
mode content,22,30,0.463263226165107,0.40772835506072436,0.13439079119578423
meaningful bespoke,22,30,0.463263226165107,0.40772835506072436,0.13439079119578423
interesting ideas,22,30,0.463263226165107,0.40772835506072436,0.13439079119578423
bespoke levels,22,30,0.463263226165107,0.40772835506072436,0.13439079119578423
substitute creating,22,30,0.463263226165107,0.40772835506072436,0.13439079119578423
not_to job,22,30,0.463263226165107,0.40772835506072436,0.13439079119578423
procgen terrible,22,30,0.463263226165107,0.40772835506072436,0.13439079119578423
narrative based,22,30,0.463263226165107,0.40772835506072436,0.13439079119578423
levels narrative,22,30,0.463263226165107,0.40772835506072436,0.13439079119578423
poorly,272,367,5.727618068950414,4.987876876909528,0.13433788733419139
lacking,240,324,5.053780649073895,4.403466234655823,0.13391224262174095
development,208,281,4.379943229197376,3.819055592402118,0.13335913469244254
computer,102,138,2.1478567758564053,1.875550433279332,0.133159492600738
among,39,53,0.8212393554745079,0.720320093940613,0.13278350919161674
transition,19,26,0.40009096805168337,0.35336457438596114,0.13277834542032352
supported,19,26,0.40009096805168337,0.35336457438596114,0.13277834542032352
halls torment,19,26,0.40009096805168337,0.35336457438596114,0.13277834542032352
upgrade system,56,76,1.1792154847839087,1.0329118328205016,0.13213826979944976
fun concept,33,45,0.6948948392476605,0.6115925325910865,0.13060554591055684
not_knowing,16,22,0.3369187099382597,0.29900079371119787,0.13060122412638542
almost entirely,16,22,0.3369187099382597,0.29900079371119787,0.13060122412638542
giving thumbs,16,22,0.3369187099382597,0.29900079371119787,0.13060122412638542
awards,16,22,0.3369187099382597,0.29900079371119787,0.13060122412638542
mutations,16,22,0.3369187099382597,0.29900079371119787,0.13060122412638542
beat run,16,22,0.3369187099382597,0.29900079371119787,0.13060122412638542
expectation,16,22,0.3369187099382597,0.29900079371119787,0.13060122412638542
activity,16,22,0.3369187099382597,0.29900079371119787,0.13060122412638542
reading,115,156,2.421603227681241,2.1201874463157666,0.13025157457999548
market,64,87,1.3476748397530387,1.1824122296761006,0.1299446756080478
access,826,1119,17.393428400562655,15.20826764376502,0.1298075583654592
customization,47,64,0.9896987104436378,0.8698204907962118,0.12970363889879444
bad,1914,2594,40.303900676364314,35.25491176758396,0.12949192731341075
freezing,30,41,0.6317225811342368,0.5572287519163233,0.12920316207070748
switch,103,140,2.1689141952275466,1.9027323236167135,0.12853482896443325
asked,72,98,1.5161341947221685,1.3319126265316994,0.1282356076329112
not_in,100,136,2.105741937114123,1.8483685429419503,0.12804256908364486
right,1255,1704,26.427061310782243,23.158970567449142,0.12755708507312224
complain,27,37,0.5685503230208131,0.50286497124156,0.12750308441296632
wondering,27,37,0.5685503230208131,0.50286497124156,0.12750308441296632
feet,27,37,0.5685503230208131,0.50286497124156,0.12750308441296632
experiences,27,37,0.5685503230208131,0.50286497124156,0.12750308441296632
repetetive,13,18,0.273746451824836,0.2446370130364346,0.1274996045865766
inconsequential,13,18,0.273746451824836,0.2446370130364346,0.1274996045865766
poe,13,18,0.273746451824836,0.2446370130364346,0.1274996045865766
half dozen,13,18,0.273746451824836,0.2446370130364346,0.1274996045865766
devs put,13,18,0.273746451824836,0.2446370130364346,0.1274996045865766
catch fish,13,18,0.273746451824836,0.2446370130364346,0.1274996045865766
rpgs,13,18,0.273746451824836,0.2446370130364346,0.1274996045865766
drags,13,18,0.273746451824836,0.2446370130364346,0.1274996045865766
tactics,66,90,1.389789678495321,1.223185065182173,0.1267274454340832
internet,38,52,0.8001819361033667,0.7067291487719223,0.12615710462005048
anyway,152,207,3.200727744413467,2.813325649918998,0.1258151728443071
dump,24,33,0.5053780649073895,0.44850119056679677,0.12539919232118812
killing enemies,24,33,0.5053780649073895,0.44850119056679677,0.12539919232118812
placed,60,82,1.2634451622684737,1.1144575038326465,0.12492590491666888
minions,96,131,2.021512259629558,1.7804138170984964,0.12481046216037583
terribly,35,48,0.737009677989943,0.652365368097159,0.12458517045956441
dev,464,632,9.77064258820953,8.589477346612593,0.12455783386928942
death,273,372,5.748675488321556,5.055831602752982,0.12449405734633778
worst,372,507,7.833360006064537,6.890609200526241,0.12406511245026763
million,68,93,1.4319045172376035,1.2639579006882455,0.12370616725749528
servers,54,74,1.1371006460416262,1.00572994248312,0.12273603625522966
sick,43,59,0.9054690329590728,0.8018657649527579,0.1227333980166243
custom,32,44,0.6738374198765194,0.5980015874223957,0.12273075989157967
indeed,21,29,0.44220580679396576,0.39413740989203355,0.12272812188008686
slime,21,29,0.44220580679396576,0.39413740989203355,0.12272812188008686
spare,21,29,0.44220580679396576,0.39413740989203355,0.12272812188008686
appeared,21,29,0.44220580679396576,0.39413740989203355,0.12272812188008686
weapon upgrades,21,29,0.44220580679396576,0.39413740989203355,0.12272812188008686
run boss,10,14,0.21057419371141228,0.19027323236167137,0.122725483982137
urge,10,14,0.21057419371141228,0.19027323236167137,0.122725483982137
houses,10,14,0.21057419371141228,0.19027323236167137,0.122725483982137
last minutes,10,14,0.21057419371141228,0.19027323236167137,0.122725483982137
camera angle,10,14,0.21057419371141228,0.19027323236167137,0.122725483982137
performing,10,14,0.21057419371141228,0.19027323236167137,0.122725483982137
sorted,10,14,0.21057419371141228,0.19027323236167137,0.122725483982137
programmed,10,14,0.21057419371141228,0.19027323236167137,0.122725483982137
scratch itch,10,14,0.21057419371141228,0.19027323236167137,0.122725483982137
fun factor,10,14,0.21057419371141228,0.19027323236167137,0.122725483982137
millions,10,14,0.21057419371141228,0.19027323236167137,0.122725483982137
early development,10,14,0.21057419371141228,0.19027323236167137,0.122725483982137
pause menu,10,14,0.21057419371141228,0.19027323236167137,0.122725483982137
attack enemies,10,14,0.21057419371141228,0.19027323236167137,0.122725483982137
point want,10,14,0.21057419371141228,0.19027323236167137,0.122725483982137
change positive,10,14,0.21057419371141228,0.19027323236167137,0.122725483982137
concern,10,14,0.21057419371141228,0.19027323236167137,0.122725483982137
recommend price,10,14,0.21057419371141228,0.19027323236167137,0.122725483982137
actions,106,145,2.2320864533409703,1.9706870494601676,0.12212552806627208
away,536,732,11.2867767829317,9.948571863481673,0.12185809118387159
tbh,51,70,1.0739283879282027,0.9513661618083568,0.12145396412341114
listen,40,55,0.8422967748456491,0.7475019842779946,0.1211078603472977
releasing,40,55,0.8422967748456491,0.7475019842779946,0.1211078603472977
save money,40,55,0.8422967748456491,0.7475019842779946,0.1211078603472977
monsters,234,320,4.927436132847047,4.349102453981059,0.12107780797306233
chase,29,40,0.6106651617630956,0.5436378067476324,0.1205101612443844
seen,367,502,7.728072909208831,6.822654474682787,0.12045725741844304
instead,962,1316,20.257237435037858,17.885683841997107,0.12004569018402034
anyone,252,345,5.30646968152759,4.6888760831983305,0.11988783855866902
object,37,51,0.7791245167322254,0.6931382036032313,0.11922908359055207
enemy types,37,51,0.7791245167322254,0.6931382036032313,0.11922908359055207
witch,18,25,0.3790335486805421,0.3397736292172703,0.11922464945344302
wave,140,192,2.948038711959772,2.609461472388636,0.11898031645708507
key,224,307,4.716861939135635,4.172420166788079,0.11893077872198621
potential,622,852,13.097714848849844,11.579485283724571,0.11880966160397755
notice,80,110,1.6845935496912983,1.4950039685559893,0.11781541949864405
hope devs,26,36,0.547492903649672,0.4892740260728692,0.11780295774753924
blocked,26,36,0.547492903649672,0.4892740260728692,0.11780295774753924
rules,61,84,1.284502581639615,1.1416393941700282,0.11737515981624469
attack speed,34,47,0.7159522586188017,0.6387744229284681,0.11703285110435324
describe,42,58,0.8844116135879315,0.7882748197840671,0.11655026850251637
timer,136,187,2.863809034475207,2.5415067465451813,0.11644800597281169
worth,680,934,14.319045172376036,12.693942787557217,0.11604848744616625
should_not,127,175,2.6742922601349357,2.378415404520892,0.11445278523572888
backwards,31,43,0.652780000505378,0.5844106422537049,0.11443122749131085
arent,31,43,0.652780000505378,0.5844106422537049,0.11443122749131085
forest,23,32,0.4843206455362482,0.4349102453981059,0.11442943137957862
super fun,23,32,0.4843206455362482,0.4349102453981059,0.11442943137957862
bespoke,23,32,0.4843206455362482,0.4349102453981059,0.11442943137957862
iteration,15,21,0.3158612905671184,0.28540984854250706,0.11442763532428657
wife,15,21,0.3158612905671184,0.28540984854250706,0.11442763532428657
recovery,15,21,0.3158612905671184,0.28540984854250706,0.11442763532428657
sat,15,21,0.3158612905671184,0.28540984854250706,0.11442763532428657
reddit,15,21,0.3158612905671184,0.28540984854250706,0.11442763532428657
no_ability,15,21,0.3158612905671184,0.28540984854250706,0.11442763532428657
start saying,15,21,0.3158612905671184,0.28540984854250706,0.11442763532428657
flag,15,21,0.3158612905671184,0.28540984854250706,0.11442763532428657
repetitive fast,15,21,0.3158612905671184,0.28540984854250706,0.11442763532428657
hopes,84,116,1.768823227175863,1.5765496395681342,0.11337401259634206
neat,142,196,2.990153550702054,2.663825253063399,0.11255028183749438
degree,44,61,0.926526452330214,0.8290476552901395,0.11241581377735521
provided,36,50,0.7580670973610842,0.6795472584345406,0.11197819277106014
semi,36,50,0.7580670973610842,0.6795472584345406,0.11197819277106014
mobile app,36,50,0.7580670973610842,0.6795472584345406,0.11197819277106014
glitch,36,50,0.7580670973610842,0.6795472584345406,0.11197819277106014
must learn,28,39,0.5896077423919543,0.5300468615789417,0.11130049257918095
wanna,91,126,1.9162251627738518,1.7124590912550424,0.11049924834022207
sucks,230,318,4.843206455362482,4.321920563643678,0.11015441020256045
coop,125,173,2.6321774213926536,2.3512335141835106,0.11013166457855483
deck builder,41,57,0.8633541942167904,0.7746838746153762,0.1101134748483279
not_recommending,20,28,0.42114838742282457,0.38054646472334275,0.11010892835551722
dashes,20,28,0.42114838742282457,0.38054646472334275,0.11010892835551722
fingers,20,28,0.42114838742282457,0.38054646472334275,0.11010892835551722
corner,54,75,1.1371006460416262,1.019320887651811,0.10948946260318415
tight,54,75,1.1371006460416262,1.019320887651811,0.10948946260318415
though,771,1066,16.235270335149885,14.487947549824405,0.10942222427739523
ask,88,122,1.853052904660428,1.658095310580279,0.10934893003242685
warning,67,93,1.4108470978664625,1.2639579006882455,0.10910529124975277
hoping,216,299,4.548402584166505,4.063692605438553,0.10903919895358616
distinct,46,64,0.9686412910724964,0.8698204907962118,0.10864815320492482
stamina,64,89,1.3476748397530387,1.209594120013482,0.10746912590295743
afraid,25,35,0.5264354842785307,0.4756830809041784,0.10746087437859053
samey repetitive,25,35,0.5264354842785307,0.4756830809041784,0.10746087437859053
downvote,12,17,0.25268903245369473,0.2310460678677438,0.1074581241523127
bypass,12,17,0.25268903245369473,0.2310460678677438,0.1074581241523127
knife,12,17,0.25268903245369473,0.2310460678677438,0.1074581241523127
whole point,12,17,0.25268903245369473,0.2310460678677438,0.1074581241523127
subtle,12,17,0.25268903245369473,0.2310460678677438,0.1074581241523127
informed,12,17,0.25268903245369473,0.2310460678677438,0.1074581241523127
disabling,12,17,0.25268903245369473,0.2310460678677438,0.1074581241523127
unethical,12,17,0.25268903245369473,0.2310460678677438,0.1074581241523127
run back,12,17,0.25268903245369473,0.2310460678677438,0.1074581241523127
keep interested,12,17,0.25268903245369473,0.2310460678677438,0.1074581241523127
space ship,12,17,0.25268903245369473,0.2310460678677438,0.1074581241523127
core concept,12,17,0.25268903245369473,0.2310460678677438,0.1074581241523127
tweaked,12,17,0.25268903245369473,0.2310460678677438,0.1074581241523127
ranged attack,12,17,0.25268903245369473,0.2310460678677438,0.1074581241523127
dreams,12,17,0.25268903245369473,0.2310460678677438,0.1074581241523127
spawning,69,96,1.4529619366087447,1.304730736194318,0.10667674425219253
compelling,56,78,1.1792154847839087,1.0600937231578833,0.10649314537299404
paying,61,85,1.284502581639615,1.1552303393387189,0.10567777313288751
no_point,48,67,1.010756129814779,0.9105933263022844,0.10520052666431745
times row,35,49,0.737009677989943,0.6659563132658497,0.10438111628718794
might enjoy,17,24,0.35797612930940087,0.3261826840485795,0.10437741177676862
commit,17,24,0.35797612930940087,0.3261826840485795,0.10437741177676862
refund window,17,24,0.35797612930940087,0.3261826840485795,0.10437741177676862
nearby,17,24,0.35797612930940087,0.3261826840485795,0.10437741177676862
show,202,281,4.253598712970528,3.819055592402118,0.10421839869128746
walk,153,213,3.2217851637846078,2.8948713209311427,0.10388591261084557
second,522,726,10.991972911735722,9.86702619246953,0.10363967353545078
manual,40,56,0.8422967748456491,0.7610929294466855,0.10340693638034004
stone,40,56,0.8422967748456491,0.7610929294466855,0.10340693638034004
friendly,40,56,0.8422967748456491,0.7610929294466855,0.10340693638034004
dying,150,209,3.158612905671184,2.8405075402563797,0.103080789068688
suggestions,22,31,0.463263226165107,0.4213193002294151,0.10264074605899687
tired repetitive,22,31,0.463263226165107,0.4213193002294151,0.10264074605899687
insult,22,31,0.463263226165107,0.4213193002294151,0.10264074605899687
utter,22,31,0.463263226165107,0.4213193002294151,0.10264074605899687
whole,446,621,9.391609039528987,8.439976949756993,0.10258677058592625
buying,249,347,5.243297423414165,4.716057973535711,0.10218663605908063
dodging,106,148,2.2320864533409703,2.01145988496624,0.10178180273118365
single player,134,187,2.821694195732925,2.5415067465451813,0.10173770482770728
discussion,27,38,0.5685503230208131,0.5164559164102508,0.10152625117480163
not_the,205,286,4.316770971083952,3.8870103182455717,0.10131293873078562
head,121,169,2.5479477439080886,2.296869733508747,0.1011247455292672
known,60,84,1.2634451622684737,1.1416393941700282,0.10111256238806021
mention,136,190,2.863809034475207,2.582279582051254,0.10061249942952522
gambling,100,140,2.105741937114123,1.9027323236167135,0.0992582164646727
moment,294,411,6.190881295115521,5.585878464331923,0.09888745386292808
nowhere,82,115,1.7267083884335808,1.5629586943994433,0.09814430126355944
uses,102,143,2.1478567758564053,1.9435051591227859,0.09781339104658571
crazy,117,164,2.4637180664235236,2.228915007665293,0.09763971652131787
fighting,260,364,5.474929036496719,4.947104041403455,0.097551197033801
despite,300,420,6.317225811342368,5.70819697085014,0.09741321571102812
effort,182,255,3.8324503255477036,3.465691018016157,0.09722168505946094
dead,394,552,8.296623232229644,7.502201733117328,0.09648097086088292
create,199,279,4.190426454857104,3.7918737020647364,0.09644371703545129
job,154,216,3.242842583155749,2.9356441564372155,0.09643512408720234
impact,109,153,2.2952587114543936,2.0794146108096943,0.09642653267123436
highly,99,139,2.0846845177429816,1.8891413784480229,0.09642462367573224
not_going,79,111,1.663536130320157,1.5085949137246801,0.09642080591165403
proceed,34,48,0.7159522586188017,0.652365368097159,0.09641221704857195
arpg,29,41,0.6106651617630956,0.5572287519163233,0.09641126282497758
groups,29,41,0.6106651617630956,0.5572287519163233,0.09641126282497758
pro,29,41,0.6106651617630956,0.5572287519163233,0.09641126282497758
real content,24,34,0.5053780649073895,0.4620921357354876,0.09641030862028721
creating real,24,34,0.5053780649073895,0.4620921357354876,0.09641030862028721
customize,24,34,0.5053780649073895,0.4620921357354876,0.09641030862028721
farther,19,27,0.40009096805168337,0.36695551955465194,0.09640935443449727
consumables,19,27,0.40009096805168337,0.36695551955465194,0.09640935443449727
arms,19,27,0.40009096805168337,0.36695551955465194,0.09640935443449727
walking around,19,27,0.40009096805168337,0.36695551955465194,0.09640935443449727
mech,19,27,0.40009096805168337,0.36695551955465194,0.09640935443449727
appreciated,14,20,0.2948038711959772,0.2718189033738162,0.09640840026760777
categories,14,20,0.2948038711959772,0.2718189033738162,0.09640840026760777
next room,14,20,0.2948038711959772,0.2718189033738162,0.09640840026760777
communicate,14,20,0.2948038711959772,0.2718189033738162,0.09640840026760777
surrounding,14,20,0.2948038711959772,0.2718189033738162,0.09640840026760777
mining,14,20,0.2948038711959772,0.2718189033738162,0.09640840026760777
walls,111,156,2.3373735501966766,2.1201874463157666,0.09515194763746848
no_way,265,372,5.580216133352425,5.055831602752982,0.09484564009305085
currently,260,365,5.474929036496719,4.960694986572146,0.094813869786595
quit,143,201,3.0112109700731957,2.7317799789068533,0.0944503237653489
old,279,392,5.875020004548402,5.327650506126798,0.09390987761642222
combat system,51,72,1.0739283879282027,0.9785480521457384,0.09367170622498477
matches,41,58,0.8633541942167904,0.7882748197840671,0.09301769461784382
everytime,41,58,0.8633541942167904,0.7882748197840671,0.09301769461784382
close,285,401,6.001364520775249,5.449969012645016,0.09246994621120308
knew,68,96,1.4319045172376035,1.304730736194318,0.09228593020919185
seemingly,95,134,2.0004548402584166,1.8211866526045688,0.09196870154367254
older,31,44,0.652780000505378,0.5980015874223957,0.09195702479346402
night,90,127,1.8951677434027105,1.7260500364237332,0.09172357666486342
design,924,1301,19.457055498934494,17.681819664466747,0.09118207802444633
design choice,26,37,0.547492903649672,0.50286497124156,0.09113336383228798
entering,26,37,0.547492903649672,0.50286497124156,0.09113336383228798
not_every,26,37,0.547492903649672,0.50286497124156,0.09113336383228798
universe,26,37,0.547492903649672,0.50286497124156,0.09113336383228798
released,183,258,3.853507744918845,3.5064638535222294,0.09101870799282352
machine,156,220,3.2849574218980315,2.9900079371119785,0.09098922981730695
future,285,402,6.001364520775249,5.463559957813707,0.08998412538803002
trees,65,92,1.3687322591241797,1.2503669555195547,0.08994481099125551
plain,43,61,0.9054690329590728,0.8290476552901395,0.08994088144219425
decision tired,21,30,0.44220580679396576,0.40772835506072436,0.0899369522367035
work result,21,30,0.44220580679396576,0.40772835506072436,0.0899369522367035
soulless levels,21,30,0.44220580679396576,0.40772835506072436,0.0899369522367035
used mode,21,30,0.44220580679396576,0.40772835506072436,0.0899369522367035
immediately developers,21,30,0.44220580679396576,0.40772835506072436,0.0899369522367035
content lazily,21,30,0.44220580679396576,0.40772835506072436,0.0899369522367035
content not_be,21,30,0.44220580679396576,0.40772835506072436,0.0899369522367035
lazily tried,21,30,0.44220580679396576,0.40772835506072436,0.0899369522367035
telegraphed,21,30,0.44220580679396576,0.40772835506072436,0.0899369522367035
result poor,21,30,0.44220580679396576,0.40772835506072436,0.0899369522367035
real developer,21,30,0.44220580679396576,0.40772835506072436,0.0899369522367035
job real,21,30,0.44220580679396576,0.40772835506072436,0.0899369522367035
appear,126,178,2.653234840763795,2.419188240026964,0.08970167886978153
no_story,38,54,0.8001819361033667,0.7339110391093039,0.0891131392136586
saying,150,212,3.158612905671184,2.881280375762452,0.0888921126303508
effects,378,534,7.959704522291384,7.257564720080893,0.08821367783828116
strategize,16,23,0.3369187099382597,0.31259173887988867,0.08804026289989508
shortcomings,16,23,0.3369187099382597,0.31259173887988867,0.08804026289989508
no_i,16,23,0.3369187099382597,0.31259173887988867,0.08804026289989508
tip,16,23,0.3369187099382597,0.31259173887988867,0.08804026289989508
triple,16,23,0.3369187099382597,0.31259173887988867,0.08804026289989508
via,69,98,1.4529619366087447,1.3319126265316994,0.08626517873529771
box,93,132,1.9583400015161343,1.794004762267187,0.08583948317709655
developed,64,91,1.3476748397530387,1.2367760103508638,0.08548752532389337
spell,141,200,2.969096131330913,2.7181890337381622,0.08542406444758477
not_recommend,201,285,4.232541293599387,3.8734193730768816,0.08518791088285926
will_not,386,547,8.128163877260514,7.434247007273874,0.08509272855965389
genres,59,84,1.2423877428973324,1.1416393941700282,0.08458118388475633
pack,47,67,0.9896987104436378,0.9105933263022844,0.0845791629612318
progression instead,23,33,0.4843206455362482,0.44850119056679677,0.08457512140406287
developer chose,23,33,0.4843206455362482,0.44850119056679677,0.08457512140406287
yea,23,33,0.4843206455362482,0.44850119056679677,0.08457512140406287
family,23,33,0.4843206455362482,0.44850119056679677,0.08457512140406287
ironed,11,16,0.2316316130825535,0.21745512269905296,0.0845731007704007
goblin,11,16,0.2316316130825535,0.21745512269905296,0.0845731007704007
damage enemy,11,16,0.2316316130825535,0.21745512269905296,0.0845731007704007
basic mechanics,11,16,0.2316316130825535,0.21745512269905296,0.0845731007704007
music nice,11,16,0.2316316130825535,0.21745512269905296,0.0845731007704007
asian,11,16,0.2316316130825535,0.21745512269905296,0.0845731007704007
keep engaged,11,16,0.2316316130825535,0.21745512269905296,0.0845731007704007
generating,11,16,0.2316316130825535,0.21745512269905296,0.0845731007704007
longest,11,16,0.2316316130825535,0.21745512269905296,0.0845731007704007
not_help,11,16,0.2316316130825535,0.21745512269905296,0.0845731007704007
twists,11,16,0.2316316130825535,0.21745512269905296,0.0845731007704007
sizes,11,16,0.2316316130825535,0.21745512269905296,0.0845731007704007
drone,11,16,0.2316316130825535,0.21745512269905296,0.0845731007704007
linked,11,16,0.2316316130825535,0.21745512269905296,0.0845731007704007
beside,11,16,0.2316316130825535,0.21745512269905296,0.0845731007704007
shove,11,16,0.2316316130825535,0.21745512269905296,0.0845731007704007
resume,11,16,0.2316316130825535,0.21745512269905296,0.0845731007704007
faster,169,240,3.5587038737228673,3.261826840485795,0.08390768681500305
positive,393,558,8.275565812858503,7.583747404129473,0.08314447898589439
anything,1029,1461,21.668084532904324,19.856370891457274,0.08280117392261843
complexity,49,70,1.0318135491859202,0.9513661618083568,0.08222909794787192
ten,49,70,1.0318135491859202,0.9513661618083568,0.08222909794787192
comments,49,70,1.0318135491859202,0.9513661618083568,0.08222909794787192
mix,87,124,1.8319954852892868,1.6852772009176604,0.08191522219573955
stand,163,232,3.43235935749602,3.1530992791362684,0.08173247300589459
resets,37,53,0.7791245167322254,0.720320093940613,0.0814860618852915
secondly,18,26,0.3790335486805421,0.35336457438596114,0.0814829746574599
combat good,18,26,0.3790335486805421,0.35336457438596114,0.0814829746574599
tokens,18,26,0.3790335486805421,0.35336457438596114,0.0814829746574599
good stuff,18,26,0.3790335486805421,0.35336457438596114,0.0814829746574599
restrictive,18,26,0.3790335486805421,0.35336457438596114,0.0814829746574599
never seen,25,36,0.5264354842785307,0.4892740260728692,0.08006055335919804
repetitive soulless,25,36,0.5264354842785307,0.4892740260728692,0.08006055335919804
not_bad,91,130,1.9162251627738518,1.7668228719298056,0.079483623601309
serious,98,140,2.0636270983718403,1.9027323236167135,0.07925339631313655
interest,119,170,2.505832905165806,2.3104606786774378,0.07872482342525622
figure,227,324,4.7800341972490585,4.403466234655823,0.07843393315089209
offer,208,297,4.379943229197376,4.036510715101171,0.0781511624648159
engaging,158,226,3.327072260640314,3.0715536081241233,0.07685638164191744
information,174,249,3.6639909705785736,3.384145347004012,0.07622949959795111
till,76,109,1.6003638722067335,1.4814130233872984,0.07621456263785475
static,41,59,0.8633541942167904,0.8018657649527579,0.07620922942846242
weight,41,59,0.8633541942167904,0.8018657649527579,0.07620922942846242
hordes,27,39,0.5685503230208131,0.5300468615789417,0.07620709635379441
gameplay progression,27,39,0.5685503230208131,0.5300468615789417,0.07620709635379441
performance issues,20,29,0.42114838742282457,0.39413740989203355,0.07620602986125746
alternative,20,29,0.42114838742282457,0.39413740989203355,0.07620602986125746
hover,20,29,0.42114838742282457,0.39413740989203355,0.07620602986125746
motions,13,19,0.273746451824836,0.2582279582051254,0.0762049633985864
reverse,13,19,0.273746451824836,0.2582279582051254,0.0762049633985864
amount enemies,13,19,0.273746451824836,0.2582279582051254,0.0762049633985864
sometime,13,19,0.273746451824836,0.2582279582051254,0.0762049633985864
simplified,13,19,0.273746451824836,0.2582279582051254,0.0762049633985864
addiction,13,19,0.273746451824836,0.2582279582051254,0.0762049633985864
steer,13,19,0.273746451824836,0.2582279582051254,0.0762049633985864
revolves around,13,19,0.273746451824836,0.2582279582051254,0.0762049633985864
gates,13,19,0.273746451824836,0.2582279582051254,0.0762049633985864
complete waste,13,19,0.273746451824836,0.2582279582051254,0.0762049633985864
idea great,13,19,0.273746451824836,0.2582279582051254,0.0762049633985864
weakest,13,19,0.273746451824836,0.2582279582051254,0.0762049633985864
based around,13,19,0.273746451824836,0.2582279582051254,0.0762049633985864
scores,13,19,0.273746451824836,0.2582279582051254,0.0762049633985864
enemies drop,13,19,0.273746451824836,0.2582279582051254,0.0762049633985864
instantly,127,182,2.6742922601349357,2.4735520207017276,0.07544119779740655
pop,71,102,1.495076775351027,1.3862764072064626,0.07482568300854453
reality,50,72,1.0528709685570614,0.9785480521457384,0.0742515438545972
invisible,43,62,0.9054690329590728,0.8426386004588302,0.07393919321731346
nice,584,837,12.297532912746478,11.37562110619421,0.07355766342612391
context,36,52,0.7580670973610842,0.7067291487719223,0.07350921822447809
come back,149,214,3.137555486300043,2.908462266099834,0.07289693624653282
targets,29,42,0.6106651617630956,0.5708196970850141,0.07287941857262403
open,262,376,5.517043875239002,5.110195383427745,0.07282497360621765
wastes,22,32,0.463263226165107,0.4349102453981059,0.07186774056822287
fires,22,32,0.463263226165107,0.4349102453981059,0.07186774056822287
interesting idea,22,32,0.463263226165107,0.4349102453981059,0.07186774056822287
create infinite,22,32,0.463263226165107,0.4349102453981059,0.07186774056822287
general,199,286,4.190426454857104,3.8870103182455717,0.07174167348877436
change,711,1021,14.971825172881413,13.876355017233319,0.07154098630688832
imo,123,177,2.590062582650371,2.4055972948582736,0.07139353015655914
too_short,61,88,1.284502581639615,1.1960031748447915,0.07138465888287193
lastly,38,55,0.8001819361033667,0.7475019842779946,0.07109328684523675
rather,556,799,11.707925170354523,10.859165189783958,0.0709104573583268
middle,109,157,2.2952587114543936,2.1337783914844572,0.07077871386558066
charge,70,101,1.474019355979886,1.3726854620377718,0.07059488633064959
wait,381,548,8.022876780404808,7.447837952442565,0.07025375206355111
orcs,79,114,1.663536130320157,1.5493677492307525,0.06998350793060126
described,31,45,0.652780000505378,0.6115925325910865,0.06997677122708623
threat,31,45,0.652780000505378,0.6115925325910865,0.06997677122708623
noticeable,31,45,0.652780000505378,0.6115925325910865,0.06997677122708623
revolves,15,22,0.3158612905671184,0.29900079371119787,0.06997452594757192
not_satisfying,15,22,0.3158612905671184,0.29900079371119787,0.06997452594757192
somebody,15,22,0.3158612905671184,0.29900079371119787,0.06997452594757192
nicely,15,22,0.3158612905671184,0.29900079371119787,0.06997452594757192
couch,15,22,0.3158612905671184,0.29900079371119787,0.06997452594757192
intend,15,22,0.3158612905671184,0.29900079371119787,0.06997452594757192
content added,15,22,0.3158612905671184,0.29900079371119787,0.06997452594757192
love,791,1138,16.656418722572713,15.466495601970145,0.06964383593771739
task,40,58,0.8422967748456491,0.7882748197840671,0.06891806656861732
full release,90,130,1.8951677434027105,1.7668228719298056,0.06855247638334205
twice,140,202,2.948038711959772,2.7453709240755435,0.06845105507724547
would_not,290,418,6.1066516176309555,5.6810150805127595,0.06837005126764328
introduce,24,35,0.5053780649073895,0.4756830809041784,0.06823808482412907
hole,24,35,0.5053780649073895,0.4756830809041784,0.06823808482412907
moon,24,35,0.5053780649073895,0.4756830809041784,0.06823808482412907
torment,24,35,0.5053780649073895,0.4756830809041784,0.06823808482412907
sales,24,35,0.5053780649073895,0.4756830809041784,0.06823808482412907
addressed,60,87,1.2634451622684737,1.1824122296761006,0.0664229636342295
bottom,69,100,1.4529619366087447,1.3590945168690811,0.06626181813568266
quick,206,298,4.337828390455093,4.050101660269862,0.06518011519675593
pacing,80,116,1.6845935496912983,1.5765496395681342,0.06516360418198808
air,71,103,1.495076775351027,1.3998673523751537,0.06516242514398485
adventure,62,90,1.305560001010756,1.223185065182173,0.06516124614866037
vision,44,64,0.926526452330214,0.8698204907962118,0.06515888828604588
not_it,26,38,0.547492903649672,0.5164559164102508,0.0651565305941233
cozy,26,38,0.547492903649672,0.5164559164102508,0.0651565305941233
asleep,26,38,0.547492903649672,0.5164559164102508,0.0651565305941233
slightest,26,38,0.547492903649672,0.5164559164102508,0.0651565305941233
scummy,17,25,0.35797612930940087,0.3397736292172703,0.06515535181216414
card battler,17,25,0.35797612930940087,0.3397736292172703,0.06515535181216414
right next,17,25,0.35797612930940087,0.3397736292172703,0.06515535181216414
thinking,145,210,3.0533258088154778,2.85409848542507,0.06464523939840205
match,118,171,2.484775485794665,2.324051623846129,0.06452222956120579
practice,73,106,1.5371916140933097,1.440640187881226,0.06412357635420207
blocks,55,80,1.1581580654127674,1.0872756134952648,0.06378749571295472
artwork,55,80,1.1581580654127674,1.0872756134952648,0.06378749571295472
minimum,75,109,1.579306452835592,1.4814130233872984,0.06314040444941327
deaths,37,54,0.7791245167322254,0.7339110391093039,0.06313557635316691
brain,86,125,1.8109380659181455,1.6988681460863513,0.06251493306167788
algorithms,28,41,0.5896077423919543,0.5572287519163233,0.06250763473086884
send,28,41,0.5896077423919543,0.5572287519163233,0.06250763473086884
omd3,28,41,0.5896077423919543,0.5572287519163233,0.06250763473086884
negative reviews,48,70,1.010756129814779,0.9513661618083568,0.06202431412569176
guns,186,270,3.9166800030322686,3.6695551955465193,0.06189087238127389
case,206,299,4.337828390455093,4.063692605438553,0.06183986662272645
options,506,734,10.65505420179746,9.975753753819056,0.0615811504239403
series,99,144,2.0846845177429816,1.9570961042914767,0.06132656874654607
combined,79,115,1.663536130320157,1.5629586943994433,0.061324098212892864
shadow,19,28,0.40009096805168337,0.38054646472334275,0.061316687806462156
enemy design,19,28,0.40009096805168337,0.38054646472334275,0.061316687806462156
pressure,19,28,0.40009096805168337,0.38054646472334275,0.061316687806462156
smooth,81,118,1.7056509690624395,1.6037315299055157,0.06048352114441968
battle,262,381,5.517043875239002,5.178150109271199,0.05964281517890235
interesting,989,1438,20.825787758058674,19.543779152577386,0.05899677929560365
shot,259,377,5.453871617125578,5.123786328596435,0.05869598456474279
chill,54,79,1.1371006460416262,1.0736846683265742,0.05819078058939553
unlikely,21,31,0.44220580679396576,0.4213193002294151,0.05818690709991614
back main,21,31,0.44220580679396576,0.4213193002294151,0.05818690709991614
poor decision,21,31,0.44220580679396576,0.4213193002294151,0.05818690709991614
hot garbage,10,15,0.21057419371141228,0.20386417753036218,0.05818561605138228
neutral rating,10,15,0.21057419371141228,0.20386417753036218,0.05818561605138228
responded,10,15,0.21057419371141228,0.20386417753036218,0.05818561605138228
script,10,15,0.21057419371141228,0.20386417753036218,0.05818561605138228
wait till,10,15,0.21057419371141228,0.20386417753036218,0.05818561605138228
drivers,10,15,0.21057419371141228,0.20386417753036218,0.05818561605138228
good reason,10,15,0.21057419371141228,0.20386417753036218,0.05818561605138228
bothering,10,15,0.21057419371141228,0.20386417753036218,0.05818561605138228
switches,10,15,0.21057419371141228,0.20386417753036218,0.05818561605138228
framework,10,15,0.21057419371141228,0.20386417753036218,0.05818561605138228
couple months,10,15,0.21057419371141228,0.20386417753036218,0.05818561605138228
sigh,10,15,0.21057419371141228,0.20386417753036218,0.05818561605138228
run want,10,15,0.21057419371141228,0.20386417753036218,0.05818561605138228
no_reason,159,232,3.3481296800114553,3.1530992791362684,0.057031552456082935
epic,45,66,0.9475838717013553,0.8970023811335935,0.05683182822732569
use,1064,1552,22.405094210894266,21.09314690180814,0.05578401164703273
turret,23,34,0.4843206455362482,0.4620921357354876,0.055586237703161956
chose not_to,23,34,0.4843206455362482,0.4620921357354876,0.055586237703161956
builders,23,34,0.4843206455362482,0.4620921357354876,0.055586237703161956
combat fun,23,34,0.4843206455362482,0.4620921357354876,0.055586237703161956
not_enough,228,333,4.8010916166202,4.52578474117404,0.05548444811372821
using,415,606,8.73882903902361,8.236112772226631,0.05508053337544716
full,648,947,13.645207752499516,12.870625074750198,0.05402686167610771
trust,38,56,0.8001819361033667,0.7610929294466855,0.05339236287827909
limited number,12,18,0.25268903245369473,0.2446370130364346,0.05338955608340967
letdown,12,18,0.25268903245369473,0.2446370130364346,0.05338955608340967
races,12,18,0.25268903245369473,0.2446370130364346,0.05338955608340967
runner,12,18,0.25268903245369473,0.2446370130364346,0.05338955608340967
hop,12,18,0.25268903245369473,0.2446370130364346,0.05338955608340967
grim,12,18,0.25268903245369473,0.2446370130364346,0.05338955608340967
beautiful art,12,18,0.25268903245369473,0.2446370130364346,0.05338955608340967
perfectly fine,12,18,0.25268903245369473,0.2446370130364346,0.05338955608340967
copying,12,18,0.25268903245369473,0.2446370130364346,0.05338955608340967
card deck,12,18,0.25268903245369473,0.2446370130364346,0.05338955608340967
meantime,12,18,0.25268903245369473,0.2446370130364346,0.05338955608340967
watered,12,18,0.25268903245369473,0.2446370130364346,0.05338955608340967
booted,12,18,0.25268903245369473,0.2446370130364346,0.05338955608340967
sadly recommend,12,18,0.25268903245369473,0.2446370130364346,0.05338955608340967
successor,12,18,0.25268903245369473,0.2446370130364346,0.05338955608340967
matters worse,12,18,0.25268903245369473,0.2446370130364346,0.05338955608340967
sad,131,192,2.758521937619501,2.609461472388636,0.053003656746529515
fact,373,546,7.854417425435678,7.4206560621051825,0.05272465210194177
within,215,315,4.5273451647953635,4.281147728137606,0.05243687975846267
plenty,111,163,2.3373735501966766,2.2153240624966024,0.05152189576786803
rocks,27,40,0.5685503230208131,0.5436378067476324,0.051513136924889125
expects,27,40,0.5685503230208131,0.5436378067476324,0.051513136924889125
attempting,27,40,0.5685503230208131,0.5436378067476324,0.051513136924889125
too_easy,126,185,2.653234840763795,2.5143248562078004,0.05133138132417514
writing,169,248,3.5587038737228673,3.370554401835321,0.0512409461642136
perhaps,128,188,2.6953496795060774,2.5550976917138724,0.05095647025149219
alive,42,62,0.8844116135879315,0.8426386004588302,0.05094759851382413
throws,57,84,1.20027290415505,1.1416393941700282,0.05067547911782633
recommended,72,106,1.5161341947221685,1.440640187881226,0.05051584769027251
activate,44,65,0.926526452330214,0.8834114359649028,0.04989006927137396
predictable,29,43,0.6106651617630956,0.5844106422537049,0.04988855350395127
stagger,14,21,0.2948038711959772,0.28540984854250706,0.049887037828646896
hard find,14,21,0.2948038711959772,0.28540984854250706,0.049887037828646896
starve,14,21,0.2948038711959772,0.28540984854250706,0.049887037828646896
holes,14,21,0.2948038711959772,0.28540984854250706,0.049887037828646896
topic,14,21,0.2948038711959772,0.28540984854250706,0.049887037828646896
gaps,14,21,0.2948038711959772,0.28540984854250706,0.049887037828646896
calls,14,21,0.2948038711959772,0.28540984854250706,0.049887037828646896
fatal,14,21,0.2948038711959772,0.28540984854250706,0.049887037828646896
songs,14,21,0.2948038711959772,0.28540984854250706,0.049887037828646896
not_allowed,14,21,0.2948038711959772,0.28540984854250706,0.049887037828646896
went,226,332,4.758976777877917,4.5121937960053495,0.04970815785815219
anyways,46,68,0.9686412910724964,0.9241842714709751,0.048923530956884065
void,78,115,1.6424787109490158,1.5629586943994433,0.04874323937200664
chaotic,31,46,0.652780000505378,0.6251834777597773,0.04846921915670599
speak,31,46,0.652780000505378,0.6251834777597773,0.04846921915670599
try,869,1277,18.298897433521727,17.35563698041817,0.04840470938868169
depth,244,359,5.13801032655846,4.879149315560001,0.04805582138262565
tag,97,143,2.042569679000699,1.9435051591227859,0.048041497864572236
multiplayer,376,553,7.917589683549102,7.515792678286019,0.04799495719390379
running,303,446,6.380398069455793,6.061561545236102,0.047376087855149684
wrong,339,499,7.138465166816877,6.7818816391767145,0.04724787264634056
result,152,224,3.200727744413467,3.044371717786742,0.04722994865745811
burning,16,24,0.3369187099382597,0.3261826840485795,0.047216921570129244
mean good,16,24,0.3369187099382597,0.3261826840485795,0.047216921570129244
bare minimum,16,24,0.3369187099382597,0.3261826840485795,0.047216921570129244
battlers,16,24,0.3369187099382597,0.3261826840485795,0.047216921570129244
basic attack,16,24,0.3369187099382597,0.3261826840485795,0.047216921570129244
done better,16,24,0.3369187099382597,0.3261826840485795,0.047216921570129244
shortly,16,24,0.3369187099382597,0.3261826840485795,0.047216921570129244
somewhat,139,205,2.9269812925886307,2.7861437595816163,0.0466572792552018
barely,323,476,6.801546456878617,6.469289900296826,0.04613513077534748
purple,35,52,0.737009677989943,0.7067291487719223,0.04610816758775371
too_repetitive,35,52,0.737009677989943,0.7067291487719223,0.04610816758775371
too_hard,92,136,1.9372825821449928,1.8483685429419503,0.04550493171967851
sense,316,466,6.654144521280628,6.333380448609917,0.045479554580060366
creative,75,111,1.579306452835592,1.5085949137246801,0.045119205013875785
identity,37,55,0.7791245167322254,0.7475019842779946,0.04511572398474506
quitting,18,27,0.3790335486805421,0.36695551955465194,0.04511398367163366
falls flat,18,27,0.3790335486805421,0.36695551955465194,0.04511398367163366
tweaking,18,27,0.3790335486805421,0.36695551955465194,0.04511398367163366
scratch,58,86,1.2213303235261912,1.1688212845074097,0.044512433014180175
rush,58,86,1.2213303235261912,1.1688212845074097,0.044512433014180175
imagine,138,204,2.9059238732174895,2.7725528144129252,0.04435424967286572
code,79,117,1.663536130320157,1.5901405847368248,0.044226970898961326
inspired,60,89,1.2634451622684737,1.209594120013482,0.043947413929139145
missing,226,334,4.758976777877917,4.539375686342731,0.04371742127124101
not_see,20,30,0.42114838742282457,0.40772835506072436,0.04341486021787411
poker,20,30,0.42114838742282457,0.40772835506072436,0.04341486021787411
equivalent,20,30,0.42114838742282457,0.40772835506072436,0.04341486021787411
indicator,20,30,0.42114838742282457,0.40772835506072436,0.04341486021787411
least,696,1028,14.655963882314294,13.971491633414153,0.04338189019958705
purpose,87,129,1.8319954852892868,1.7532319267611147,0.04268777406062618
gather,43,64,0.9054690329590728,0.8698204907962118,0.04268395595088492
ever,583,862,12.276475493375337,11.715394735411481,0.04241442187067079
squad,22,33,0.463263226165107,0.44850119056679677,0.042013430592707124
grew,22,33,0.463263226165107,0.44850119056679677,0.042013430592707124
not_playing,22,33,0.463263226165107,0.44850119056679677,0.042013430592707124
creation developer,22,33,0.463263226165107,0.44850119056679677,0.042013430592707124
inconsistent,70,104,1.474019355979886,1.4134582975438446,0.0416033085989298
end turn,24,36,0.5053780649073895,0.4892740260728692,0.04083776380473658
limitations,24,36,0.5053780649073895,0.4892740260728692,0.04083776380473658
boredom,24,36,0.5053780649073895,0.4892740260728692,0.04083776380473658
opinion,201,298,4.232541293599387,4.050101660269862,0.040718633466508614
improve,151,224,3.1796703250423253,3.044371717786742,0.04067047116241973
good ideas,26,39,0.547492903649672,0.5300468615789417,0.03983737577311608
abilities,389,577,8.191336135373938,7.8419753623345985,0.03948199322140944
shots,84,125,1.768823227175863,1.6988681460863513,0.03925391757329777
question,57,85,1.20027290415505,1.1552303393387189,0.03897809243446915
bits,30,45,0.6317225811342368,0.6115925325910865,0.03822599648545655
forums,32,48,0.6738374198765194,0.652365368097159,0.037567564149979304
meter,32,48,0.6738374198765194,0.652365368097159,0.037567564149979304
strategic,67,100,1.4108470978664625,1.3590945168690811,0.03727012808493946
release,384,571,8.086049038518231,7.760429691322454,0.037011162715391954
sign,34,51,0.7159522586188017,0.6931382036032313,0.03698475600775453
great idea,34,51,0.7159522586188017,0.6931382036032313,0.03698475600775453
gorgeous,36,54,0.7580670973610842,0.7339110391093039,0.03646525281808621
timed,36,54,0.7580670973610842,0.7339110391093039,0.03646525281808621
randomly generated,36,54,0.7580670973610842,0.7339110391093039,0.03646525281808621
plus,116,173,2.4426606470523824,2.3512335141835106,0.03600500108836968
real,483,719,10.170733556261213,9.771889576288693,0.035746758161026015
constantly,323,481,6.801546456878617,6.5372446261402795,0.03570076943639933
obnoxious,44,66,0.926526452330214,0.8970023811335935,0.03485084502113622
apart,95,142,2.0004548402584166,1.9299142139540952,0.03438807358433493
letting,48,72,1.010756129814779,0.9785480521457384,0.034242056227265394
shops,52,78,1.094985807299344,1.0600937231578833,0.03372548497705807
gotta,56,84,1.1792154847839087,1.1416393941700282,0.033281659866799984
breaks,56,84,1.1792154847839087,1.1416393941700282,0.033281659866799984
details,56,84,1.1792154847839087,1.1416393941700282,0.033281659866799984
around,1049,1566,22.089232920327145,21.283420134169813,0.03257485013831918
hand,236,353,4.96955097158933,4.7976036445478565,0.03165633612110419
spawn,244,365,5.13801032655846,4.960694986572146,0.0315184348886568
spam,92,138,1.9372825821449928,1.875550433279332,0.031009230386276343
enemies,2149,3214,45.252394228582496,43.681297772172265,0.030653027999759885
tries,116,174,2.4426606470523824,2.364824459352201,0.030272979297736313
fixed,298,447,6.275110972600086,6.075152490404793,0.02854558650186423
not_a bad,83,125,1.7477658078047218,1.6988681460863513,0.02741738327070742
picked,63,95,1.3266174203818974,1.291139791025627,0.027416260057444575
frames,49,74,1.0318135491859202,1.00572994248312,0.02741547386291998
medium,43,65,0.9054690329590728,0.8834114359649028,0.027415136936213003
forgot,41,62,0.8633541942167904,0.8426386004588302,0.027415024629151574
fault,35,53,0.737009677989943,0.720320093940613,0.02741468771348643
remotely,33,50,0.6948948392476605,0.6795472584345406,0.027414575410105613
supposedly,27,41,0.5685503230208131,0.5572287519163233,0.027414238505482302
thankfully,23,35,0.4843206455362482,0.4756830809041784,0.02741401390700382
leave negative,23,35,0.4843206455362482,0.4756830809041784,0.02741401390700382
spins,23,35,0.4843206455362482,0.4756830809041784,0.02741401390700382
developer tried,21,32,0.44220580679396576,0.4349102453981059,0.027413901609142144
less work,21,32,0.44220580679396576,0.4349102453981059,0.027413901609142144
installed,19,29,0.40009096805168337,0.39413740989203355,0.027413789312202397
mini boss,19,29,0.40009096805168337,0.39413740989203355,0.027413789312202397
good gameplay,19,29,0.40009096805168337,0.39413740989203355,0.027413789312202397
grenade,19,29,0.40009096805168337,0.39413740989203355,0.027413789312202397
themes,19,29,0.40009096805168337,0.39413740989203355,0.027413789312202397
may not_be,17,26,0.35797612930940087,0.35336457438596114,0.027413677016181026
mmo,17,26,0.35797612930940087,0.35336457438596114,0.027413677016181026
not_do,17,26,0.35797612930940087,0.35336457438596114,0.027413677016181026
combats,15,23,0.3158612905671184,0.31259173887988867,0.027413564721081585
good start,15,23,0.3158612905671184,0.31259173887988867,0.027413564721081585
department,15,23,0.3158612905671184,0.31259173887988867,0.027413564721081585
basic enemies,15,23,0.3158612905671184,0.31259173887988867,0.027413564721081585
anyone else,15,23,0.3158612905671184,0.31259173887988867,0.027413564721081585
issues fixed,15,23,0.3158612905671184,0.31259173887988867,0.027413564721081585
entertained,13,20,0.273746451824836,0.2718189033738162,0.02741345242690052
went back,13,20,0.273746451824836,0.2718189033738162,0.02741345242690052
not_necessarily,13,20,0.273746451824836,0.2718189033738162,0.02741345242690052
quarter,13,20,0.273746451824836,0.2718189033738162,0.02741345242690052
bank,13,20,0.273746451824836,0.2718189033738162,0.02741345242690052
incorrect,13,20,0.273746451824836,0.2718189033738162,0.02741345242690052
player character,13,20,0.273746451824836,0.2718189033738162,0.02741345242690052
devs need,13,20,0.273746451824836,0.2718189033738162,0.02741345242690052
normal enemies,13,20,0.273746451824836,0.2718189033738162,0.02741345242690052
til,13,20,0.273746451824836,0.2718189033738162,0.02741345242690052
convinced,13,20,0.273746451824836,0.2718189033738162,0.02741345242690052
wet,13,20,0.273746451824836,0.2718189033738162,0.02741345242690052
represent,11,17,0.2316316130825535,0.2310460678677438,0.027413340133641384
gauge,11,17,0.2316316130825535,0.2310460678677438,0.027413340133641384
glitched,11,17,0.2316316130825535,0.2310460678677438,0.027413340133641384
mages,11,17,0.2316316130825535,0.2310460678677438,0.027413340133641384
another chance,11,17,0.2316316130825535,0.2310460678677438,0.027413340133641384
threats,11,17,0.2316316130825535,0.2310460678677438,0.027413340133641384
abyss,11,17,0.2316316130825535,0.2310460678677438,0.027413340133641384
forgiving,11,17,0.2316316130825535,0.2310460678677438,0.027413340133641384
weapons upgrades,11,17,0.2316316130825535,0.2310460678677438,0.027413340133641384
detriment,11,17,0.2316316130825535,0.2310460678677438,0.027413340133641384
wars,11,17,0.2316316130825535,0.2310460678677438,0.027413340133641384
voice actors,11,17,0.2316316130825535,0.2310460678677438,0.027413340133641384
world building,11,17,0.2316316130825535,0.2310460678677438,0.027413340133641384
fun boring,11,17,0.2316316130825535,0.2310460678677438,0.027413340133641384
sounds great,11,17,0.2316316130825535,0.2310460678677438,0.027413340133641384
underdeveloped,11,17,0.2316316130825535,0.2310460678677438,0.027413340133641384
start scratch,11,17,0.2316316130825535,0.2310460678677438,0.027413340133641384
simpler,11,17,0.2316316130825535,0.2310460678677438,0.027413340133641384
nonstop,11,17,0.2316316130825535,0.2310460678677438,0.027413340133641384
feature,182,274,3.8324503255477036,3.7239189762212823,0.025602434183247702
not_being,110,166,2.316316130825535,2.2560968980026748,0.0244197232245682
throw,106,160,2.2320864533409703,2.1745512269905296,0.024307579137007096
past,314,473,6.6120296825383456,6.4285170647907535,0.024258766860459247
slot machine,94,142,1.9793974208872755,1.9299142139540952,0.023914697014014052
overall,594,895,12.508107106457889,12.163895925978276,0.02352749393722675
current,483,728,10.170733556261213,9.89420808280691,0.023312105438557218
perfectly,80,121,1.6845935496912983,1.644504365411588,0.023309759337228897
complex,70,106,1.474019355979886,1.440640187881226,0.022732130379830906
not_recommended,68,103,1.4319045172376035,1.3998673523751537,0.02259658093954542
frankly,62,94,1.305560001010756,1.2775488458569362,0.022138473329878394
not_having,58,88,1.2213303235261912,1.1960031748447915,0.021781488087221135
soul,56,85,1.1792154847839087,1.1552303393387189,0.021584273183442804
fly,50,76,1.0528709685570614,1.0329118328205016,0.02090017554483481
water,95,144,2.0004548402584166,1.9570961042914767,0.020496267371058252
attack,729,1102,15.350858721561954,14.977221575897275,0.02016354552916866
bomb,44,67,0.926526452330214,0.9105933263022844,0.020034412348483244
early,1101,1665,23.184218727626494,22.6289237058702,0.019623404581651016
accidentally,38,58,0.8001819361033667,0.7882748197840671,0.018903493066556365
wizard legend,36,55,0.7580670973610842,0.7475019842779946,0.018445400449664362
let,550,833,11.581580654127675,11.321257325519445,0.018400039348477115
latter,34,52,0.7159522586188017,0.7067291487719223,0.01793521417676125
regen,34,52,0.7159522586188017,0.7067291487719223,0.01793521417676125
league,34,52,0.7159522586188017,0.7067291487719223,0.01793521417676125
another,856,1298,18.025150981696893,17.641046828960672,0.016995663108780867
npcs,61,93,1.284502581639615,1.2639579006882455,0.016719511689752053
evolution,30,46,0.6317225811342368,0.6251834777597773,0.016718444415076306
designs,90,137,1.8951677434027105,1.8619594881106412,0.0164866853638177
incredibly,293,445,6.16982387574438,6.047970600067411,0.016148368146213343
trying find,28,43,0.5896077423919543,0.5844106422537049,0.015984925409842532
sight,28,43,0.5896077423919543,0.5844106422537049,0.015984925409842532
honestly,403,612,8.486140006569915,8.317658443238777,0.015940982241253288
limit,113,172,2.3794883889389586,2.3376425690148195,0.015788336113843116
join,55,84,1.1581580654127674,1.1416393941700282,0.015580006232553956
not_have,138,210,2.9059238732174895,2.85409848542507,0.015498012480557932
consistent,53,81,1.1160432266704852,1.1008665586639557,0.015144258980601677
cancel,26,40,0.547492903649672,0.5436378067476324,0.015143416344210792
painful,49,75,1.0318135491859202,1.019320887651811,0.014168900210874469
driving,24,37,0.5053780649073895,0.50286497124156,0.014168169889485327
paper,72,110,1.5161341947221685,1.4950039685559893,0.01380909298864097
run around,47,72,0.9896987104436378,0.9785480521457384,0.013620692524179745
stuff,569,866,11.981671622179359,11.769758516086243,0.013491017887310441
villagers,22,34,0.463263226165107,0.4620921357354876,0.01302454689180621
verdict,22,34,0.463263226165107,0.4620921357354876,0.01302454689180621
fence,22,34,0.463263226165107,0.4620921357354876,0.01302454689180621
allowed,64,98,1.3476748397530387,1.3319126265316994,0.012146823670187601
finished,211,322,4.443115487310799,4.376284344318441,0.011816896839991209
priority,20,31,0.42114838742282457,0.4213193002294151,0.011664815081086743
want enjoy,20,31,0.42114838742282457,0.4213193002294151,0.011664815081086743
bummer,20,31,0.42114838742282457,0.4213193002294151,0.011664815081086743
stream,20,31,0.42114838742282457,0.4213193002294151,0.011664815081086743
waay,20,31,0.42114838742282457,0.4213193002294151,0.011664815081086743
short,415,633,8.73882903902361,8.603068291781284,0.01152397692830398
may,476,726,10.023331620663225,9.86702619246953,0.011479091705797195
enjoy,579,883,12.192245815890772,12.000804583953988,0.011462540438928137
fall,100,153,2.105741937114123,2.0794146108096943,0.011047993004689616
mentioned,115,176,2.421603227681241,2.392006349689583,0.010320705993692059
ground,132,202,2.779579356990642,2.7453709240755435,0.010023677864682057
gears,18,28,0.3790335486805421,0.38054646472334275,0.010021317043598543
bugs fixed,18,28,0.3790335486805421,0.38054646472334275,0.010021317043598543
egregious,18,28,0.3790335486805421,0.38054646472334275,0.010021317043598543
lacks depth,18,28,0.3790335486805421,0.38054646472334275,0.010021317043598543
weekend,18,28,0.3790335486805421,0.38054646472334275,0.010021317043598543
hope,443,677,9.328436781415563,9.20106987920368,0.00956382363939312
experience,868,1326,18.277840014150588,18.021593293684017,0.009562036112675365
clearly,211,323,4.443115487310799,4.389875289487132,0.008724356918235365
standard,105,161,2.2110290339698286,2.1881421721592207,0.008722444730722145
meaningless,52,80,1.094985807299344,1.0872756134952648,0.008721488951264789
affects,16,25,0.3369187099382597,0.3397736292172703,0.007994861605524761
idea good,16,25,0.3369187099382597,0.3397736292172703,0.007994861605524761
concept great,16,25,0.3369187099382597,0.3397736292172703,0.007994861605524761
capable,16,25,0.3369187099382597,0.3397736292172703,0.007994861605524761
ease,16,25,0.3369187099382597,0.3397736292172703,0.007994861605524761
solo player,16,25,0.3369187099382597,0.3397736292172703,0.007994861605524761
third party,16,25,0.3369187099382597,0.3397736292172703,0.007994861605524761
place,357,547,7.5174987154974175,7.434247007273874,0.0071407628789694755
advantage,31,48,0.652780000505378,0.652365368097159,0.0067938290518636535
too_little,46,71,0.9686412910724964,0.9649571069770476,0.006359875859228481
mistake,76,117,1.6003638722067335,1.5901405847368248,0.00599952818962457
return,106,163,2.2320864533409703,2.2153240624966024,0.005841475117652095
causes,59,91,1.2423877428973324,1.2367760103508638,0.005434434846771197
perspective,44,68,0.926526452330214,0.9241842714709751,0.00543426603800512
fourth,29,45,0.6106651617630956,0.6115925325910865,0.005434097239726654
comes across,14,22,0.2948038711959772,0.29900079371119787,0.005433928451932246
publish,14,22,0.2948038711959772,0.29900079371119787,0.005433928451932246
pushes,14,22,0.2948038711959772,0.29900079371119787,0.005433928451932246
talent tree,14,22,0.2948038711959772,0.29900079371119787,0.005433928451932246
messages,14,22,0.2948038711959772,0.29900079371119787,0.005433928451932246
coding,14,22,0.2948038711959772,0.29900079371119787,0.005433928451932246
upside,14,22,0.2948038711959772,0.29900079371119787,0.005433928451932246
card,626,961,13.181944526334409,13.06089830711187,0.004816119205191427
kill,509,782,10.718226459910886,10.628119121916214,0.0041602003597533965
app,55,85,1.1581580654127674,1.1552303393387189,0.003882619549196775
peak,27,42,0.5685503230208131,0.5708196970850141,0.0038823942531287514
letter,27,42,0.5685503230208131,0.5708196970850141,0.0038823942531287514
keep track,27,42,0.5685503230208131,0.5708196970850141,0.0038823942531287514
far,762,1171,16.045753560809615,15.91499679253694,0.003674646395595005
not_want,40,62,0.8422967748456491,0.8426386004588302,0.0033153965799250784
forget,53,82,1.1160432266704852,1.1144575038326465,0.003021551533533895
would_not recommend,77,119,1.6214212915778745,1.6173224750742066,0.002095197372662838
assume,51,79,1.0739283879282027,1.0736846683265742,0.0020950843726250667
stock,25,39,0.5264354842785307,0.5300468615789417,0.0020949713847748797
blade,25,39,0.5264354842785307,0.5300468615789417,0.0020949713847748797
innovation,12,19,0.25268903245369473,0.2582279582051254,0.002094914895419464
juggle,12,19,0.25268903245369473,0.2582279582051254,0.002094914895419464
based combat,12,19,0.25268903245369473,0.2582279582051254,0.002094914895419464
evolves,12,19,0.25268903245369473,0.2582279582051254,0.002094914895419464
free enough,12,19,0.25268903245369473,0.2582279582051254,0.002094914895419464
least will_not,12,19,0.25268903245369473,0.2582279582051254,0.002094914895419464
teleporting,12,19,0.25268903245369473,0.2582279582051254,0.002094914895419464
stat increases,12,19,0.25268903245369473,0.2582279582051254,0.002094914895419464
gameplay elements,12,19,0.25268903245369473,0.2582279582051254,0.002094914895419464
slot,166,256,3.4955316156094436,3.4792819631848473,0.0017961242535937672
certainly,88,136,1.853052904660428,1.8483685429419503,0.001533501564084716
weak,175,270,3.685048389949715,3.6695551955465193,0.001243402751009981
hell,325,501,6.843661295620899,6.809063529514097,0.0011758315953729337
gate,36,56,0.7580670973610842,0.7610929294466855,0.0007444764827067019
sum,23,36,0.4843206455362482,0.4892740260728692,1.3692887611327365e-05
working,176,272,3.706105809320856,3.6967370858839006,-0.00044445148335370277
exciting,93,144,1.9583400015161343,1.9570961042914767,-0.0005612952285130035
none,233,360,4.906378713475906,4.892740260728692,-0.000679398673023357
fast,481,743,10.128618717518929,10.098072260337272,-0.001220368336633193
have_not,194,300,4.085139358001398,4.077283550607244,-0.0012334313792869978
die,609,941,12.823968397025007,12.789079403738054,-0.001670660628307452
appears,78,121,1.6424787109490158,1.644504365411588,-0.001695696140551206
kind fun,10,16,0.21057419371141228,0.21745512269905296,-0.0024403525600522613
capacity,10,16,0.21057419371141228,0.21745512269905296,-0.0024403525600522613
good overall,10,16,0.21057419371141228,0.21745512269905296,-0.0024403525600522613
dear,10,16,0.21057419371141228,0.21745512269905296,-0.0024403525600522613
escape room,10,16,0.21057419371141228,0.21745512269905296,-0.0024403525600522613
far worst,10,16,0.21057419371141228,0.21745512269905296,-0.0024403525600522613
defining,10,16,0.21057419371141228,0.21745512269905296,-0.0024403525600522613
wasted money,10,16,0.21057419371141228,0.21745512269905296,-0.0024403525600522613
injury,10,16,0.21057419371141228,0.21745512269905296,-0.0024403525600522613
arsenal,10,16,0.21057419371141228,0.21745512269905296,-0.0024403525600522613
hope developer,10,16,0.21057419371141228,0.21745512269905296,-0.0024403525600522613
side note,10,16,0.21057419371141228,0.21745512269905296,-0.0024403525600522613
tedious boring,10,16,0.21057419371141228,0.21745512269905296,-0.0024403525600522613
good runs,10,16,0.21057419371141228,0.21745512269905296,-0.0024403525600522613
discard,21,33,0.44220580679396576,0.44850119056679677,-0.002440408366373603
jokes,21,33,0.44220580679396576,0.44850119056679677,-0.002440408366373603
character design,21,33,0.44220580679396576,0.44850119056679677,-0.002440408366373603
misses,32,50,0.6738374198765194,0.6795472584345406,-0.002440464175249346
differences,32,50,0.6738374198765194,0.6795472584345406,-0.002440464175249346
gathering,32,50,0.6738374198765194,0.6795472584345406,-0.002440464175249346
land,54,84,1.1371006460416262,1.1416393941700282,-0.00244057580065693
wizard,65,101,1.3687322591241797,1.3726854620377718,-0.0024406316171905473
management,140,217,2.948038711959772,2.949235101605906,-0.002858235874732884
peggle,52,81,1.094985807299344,1.1008665586639557,-0.0035499505534595244
beautiful,125,194,2.6321774213926536,2.6366433627260175,-0.003840883866363498
based,543,841,11.434178718529687,11.429984886868972,-0.0039574717053039166
hey,61,95,1.284502581639615,1.291139791025627,-0.00433659138288256
repeating,61,95,1.284502581639615,1.291139791025627,-0.00433659138288256
decide,81,126,1.7056509690624395,1.7124590912550424,-0.0045908481082559405
defense,170,264,3.579761293094009,3.588009524534374,-0.005190342580330132
halls,19,30,0.40009096805168337,0.40772835506072436,-0.005377380331180959
commands,19,30,0.40009096805168337,0.40772835506072436,-0.005377380331180959
lack_of_a,19,30,0.40009096805168337,0.40772835506072436,-0.005377380331180959
debt,19,30,0.40009096805168337,0.40772835506072436,-0.005377380331180959
intentionally,39,61,0.8212393554745079,0.8290476552901395,-0.0053776042514215305
half baked,39,61,0.8212393554745079,0.8290476552901395,-0.0053776042514215305
expect,226,351,4.758976777877917,4.770421754210475,-0.005806128104433483
whatsoever,68,106,1.4319045172376035,1.440640187881226,-0.005845395250341667
straight,200,311,4.211483874228246,4.226783947462843,-0.006823362606979799
dropping,37,58,0.7791245167322254,0.7882748197840671,-0.0070740697939353225
choice,263,409,5.538101294610143,5.558696573994542,-0.007334317060367468
navigate,46,72,0.9686412910724964,0.9785480521457384,-0.007434793169689868
enemy,1058,1644,22.27874969466742,22.343513857327693,-0.0075542160070911635
slightly,120,187,2.5268903245369474,2.5415067465451813,-0.007775603818760857
number,306,476,6.4435703275692156,6.469289900296826,-0.007795957518088592
completely random,17,27,0.35797612930940087,0.36695551955465194,-0.008955313969645218
quite good,17,27,0.35797612930940087,0.36695551955465194,-0.008955313969645218
healer,17,27,0.35797612930940087,0.36695551955465194,-0.008955313969645218
connected,17,27,0.35797612930940087,0.36695551955465194,-0.008955313969645218
communication,17,27,0.35797612930940087,0.36695551955465194,-0.008955313969645218
freedom,26,41,0.547492903649672,0.5572287519163233,-0.00895548207519603
minion,26,41,0.547492903649672,0.5572287519163233,-0.00895548207519603
rid,35,55,0.737009677989943,0.7475019842779946,-0.008955650187060016
research,44,69,0.926526452330214,0.937775216639666,-0.00895581830523362
account,62,97,1.305560001010756,1.3183216813630088,-0.008956154560520346
red,116,181,2.4426606470523824,2.4599610755330366,-0.00895716347789488
stupid,206,321,4.337828390455093,4.362693399149751,-0.008958845512085922
kept,123,192,2.590062582650371,2.609461472388636,-0.009533314980391339
dumb,96,150,2.021512259629558,2.038641775303622,-0.009693045481782292
fill,60,94,1.2634451622684737,1.2775488458569362,-0.010126542005464145
light,119,186,2.505832905165806,2.527915801376491,-0.010741790363702819
regardless,76,119,1.6003638722067335,1.6173224750742066,-0.010810284088645261
piece,133,208,2.800636776361783,2.826916595087689,-0.011619929295134668
saving,49,77,1.0318135491859202,1.0465027779891924,-0.011809280001877198
soon,152,238,3.200727744413467,3.234644950148413,-0.013152061673602944
announced,15,24,0.3158612905671184,0.3261826840485795,-0.013409776608684254
no_choice,15,24,0.3158612905671184,0.3261826840485795,-0.013409776608684254
not_terrible,15,24,0.3158612905671184,0.3261826840485795,-0.013409776608684254
update review,47,74,0.9896987104436378,1.00572994248312,-0.013410673662345829
creatures,63,99,1.3266174203818974,1.3455035717003903,-0.013411122234186834
shop,205,321,4.316770971083952,4.362693399149751,-0.013803547169720431
drag,54,85,1.1371006460416262,1.1552303393387189,-0.01413796248401411
elements,300,470,6.317225811342368,6.3877442292846816,-0.014879423348066467
pachinko,22,35,0.463263226165107,0.4756830809041784,-0.015147676904351925
refuse,22,35,0.463263226165107,0.4756830809041784,-0.015147676904351925
life,280,439,5.896077423919544,5.966424929055266,-0.015551427244773208
success,59,93,1.2423877428973324,1.2639579006882455,-0.016074464241736308
constant,140,220,2.948038711959772,2.9900079371119785,-0.016529916093332986
compared,211,332,4.443115487310799,4.5121937960053495,-0.01868674352031441
retarded,13,21,0.273746451824836,0.28540984854250706,-0.01910791001206036
actors,13,21,0.273746451824836,0.28540984854250706,-0.01910791001206036
iron,13,21,0.273746451824836,0.28540984854250706,-0.01910791001206036
win lose,13,21,0.273746451824836,0.28540984854250706,-0.01910791001206036
rapid,13,21,0.273746451824836,0.28540984854250706,-0.01910791001206036
lagging,13,21,0.273746451824836,0.28540984854250706,-0.01910791001206036
absolutely love,13,21,0.273746451824836,0.28540984854250706,-0.01910791001206036
branching,13,21,0.273746451824836,0.28540984854250706,-0.01910791001206036
backgrounds,13,21,0.273746451824836,0.28540984854250706,-0.01910791001206036
surviving,13,21,0.273746451824836,0.28540984854250706,-0.01910791001206036
culture,13,21,0.273746451824836,0.28540984854250706,-0.01910791001206036
not_a fun,20,32,0.42114838742282457,0.4349102453981059,-0.019108190409687253
put together,34,54,0.7159522586188017,0.7339110391093039,-0.019108751229630627
forth,41,65,0.8633541942167904,0.8834114359649028,-0.019109031651948882
thank,41,65,0.8633541942167904,0.8834114359649028,-0.019109031651948882
copies,41,65,0.8633541942167904,0.8834114359649028,-0.019109031651948882
worst part,41,65,0.8633541942167904,0.8834114359649028,-0.019109031651948882
little,1109,1744,23.352678082595624,23.702608374196775,-0.01956229355469663
fix,408,642,8.591427103425621,8.725386798299501,-0.019568574905378
non,198,312,4.169369035485963,4.240374892631533,-0.020028950311949956
else,472,743,9.93910194317866,10.098072260337272,-0.020087799061355938
write,88,139,1.853052904660428,1.8891413784480229,-0.02013203626606952
disappointing,135,213,2.8427516151040657,2.8948713209311427,-0.02044918856421596
roguelite,323,509,6.801546456878617,6.9177910908636235,-0.020803576859906414
issue,586,923,12.33964775148876,12.544442390701619,-0.020835136878102567
turned,100,158,2.105741937114123,2.1473693366531483,-0.020910342046843056
pick,436,687,9.181034845817575,9.336979330890587,-0.020997121084199932
samey,72,114,1.5161341947221685,1.5493677492307525,-0.021598221942507934
admit,32,51,0.6738374198765194,0.6931382036032313,-0.021859896890838115
small,428,675,9.012575490848446,9.173887988866298,-0.02187808459961449
except,275,434,5.790790327063838,5.898470203211812,-0.02208018470516837
wanting,58,92,1.2213303235261912,1.2503669555195547,-0.022187023054470956
disgusting,25,40,0.5264354842785307,0.5436378067476324,-0.022598988044130408
skipped,25,40,0.5264354842785307,0.5436378067476324,-0.022598988044130408
book,51,81,1.0739283879282027,1.1008665586639557,-0.02260022204175094
drop,212,335,4.464172906681941,4.5529666315114214,-0.022951487374083257
youre,44,70,0.926526452330214,0.9513661618083568,-0.023141800190142447
everything else,101,160,2.126799356485264,2.1745512269905296,-0.023558825749834256
too_much,462,730,9.728527749467247,9.921389973144292,-0.023831816138449646
piss,18,29,0.3790335486805421,0.39413740989203355,-0.023881581450661216
ideal,18,29,0.3790335486805421,0.39413740989203355,-0.023881581450661216
not_actually,18,29,0.3790335486805421,0.39413740989203355,-0.023881581450661216
argue,18,29,0.3790335486805421,0.39413740989203355,-0.023881581450661216
bait,18,29,0.3790335486805421,0.39413740989203355,-0.023881581450661216
shame,189,299,3.979852261145692,4.063692605438553,-0.023890165986752976
almost,683,1079,14.382217430489458,14.664629837017385,-0.023915000463226477
pieces,111,176,2.3373735501966766,2.392006349689583,-0.024778920948834937
bear,30,48,0.6317225811342368,0.652365368097159,-0.02495694568976603
too_random,30,48,0.6317225811342368,0.652365368097159,-0.02495694568976603
station,30,48,0.6317225811342368,0.652365368097159,-0.02495694568976603
year,216,342,4.548402584166505,4.648103247692258,-0.024966709539602228
combine,54,86,1.1371006460416262,1.1688212845074097,-0.025700131807070647
awesome,102,162,2.1478567758564053,2.2017331173279113,-0.026149104011485846
gathered,11,18,0.2316316130825535,0.2446370130364346,-0.02665522793526165
major issues,11,18,0.2316316130825535,0.2446370130364346,-0.02665522793526165
reinstalling,11,18,0.2316316130825535,0.2446370130364346,-0.02665522793526165
arguably,11,18,0.2316316130825535,0.2446370130364346,-0.02665522793526165
next round,11,18,0.2316316130825535,0.2446370130364346,-0.02665522793526165
bad decision,11,18,0.2316316130825535,0.2446370130364346,-0.02665522793526165
wanted enjoy,11,18,0.2316316130825535,0.2446370130364346,-0.02665522793526165
high enough,11,18,0.2316316130825535,0.2446370130364346,-0.02665522793526165
banner,11,18,0.2316316130825535,0.2446370130364346,-0.02665522793526165
flying enemies,11,18,0.2316316130825535,0.2446370130364346,-0.02665522793526165
posting,11,18,0.2316316130825535,0.2446370130364346,-0.02665522793526165
moment gameplay,11,18,0.2316316130825535,0.2446370130364346,-0.02665522793526165
homework,11,18,0.2316316130825535,0.2446370130364346,-0.02665522793526165
magically,11,18,0.2316316130825535,0.2446370130364346,-0.02665522793526165
start beginning,11,18,0.2316316130825535,0.2446370130364346,-0.02665522793526165
spaceship,11,18,0.2316316130825535,0.2446370130364346,-0.02665522793526165
explored,11,18,0.2316316130825535,0.2446370130364346,-0.02665522793526165
quite frankly,11,18,0.2316316130825535,0.2446370130364346,-0.02665522793526165
altogether,11,18,0.2316316130825535,0.2446370130364346,-0.02665522793526165
mega,11,18,0.2316316130825535,0.2446370130364346,-0.02665522793526165
sacrificing,11,18,0.2316316130825535,0.2446370130364346,-0.02665522793526165
voices,23,37,0.4843206455362482,0.50286497124156,-0.026655901027639928
not_all,35,56,0.737009677989943,0.7610929294466855,-0.026656574154017676
person,172,273,3.621876131836291,3.7103280310525912,-0.02696855620760452
boy,40,64,0.8422967748456491,0.8698204907962118,-0.02793984068650346
freeze,40,64,0.8422967748456491,0.8698204907962118,-0.02793984068650346
changing,110,175,2.316316130825535,2.378415404520892,-0.02808258308267142
clear,279,443,5.875020004548402,6.02078870973003,-0.028173796699316078
connection,57,91,1.20027290415505,1.2367760103508638,-0.028471269920158804
mind,270,429,5.685503230208131,5.830515477368358,-0.02880505674646283
thread,16,26,0.3369187099382597,0.35336457438596114,-0.029746813190458354
generator,16,26,0.3369187099382597,0.35336457438596114,-0.029746813190458354
chores,16,26,0.3369187099382597,0.35336457438596114,-0.029746813190458354
demand,16,26,0.3369187099382597,0.35336457438596114,-0.029746813190458354
deliberate,16,26,0.3369187099382597,0.35336457438596114,-0.029746813190458354
not_always,16,26,0.3369187099382597,0.35336457438596114,-0.029746813190458354
level character,16,26,0.3369187099382597,0.35336457438596114,-0.029746813190458354
killing,157,250,3.3060148412691728,3.3977362921727026,-0.029990118945350197
step,89,142,1.8741103240315693,1.9299142139540952,-0.03016290770670338
attacks,449,714,9.45478129764241,9.70393485044524,-0.030185818555217736
push,94,150,1.9793974208872755,2.038641775303622,-0.030531285794989316
everything,1059,1685,22.299807114038558,22.90074260924402,-0.0312821104968517
simultaneously,21,34,0.44220580679396576,0.4620921357354876,-0.03142929206727452
trick,21,34,0.44220580679396576,0.4620921357354876,-0.03142929206727452
mixing,21,34,0.44220580679396576,0.4620921357354876,-0.03142929206727452
competent,21,34,0.44220580679396576,0.4620921357354876,-0.03142929206727452
present,87,139,1.8319954852892868,1.8891413784480229,-0.031433668192841324
keeps,109,174,2.2952587114543936,2.364824459352201,-0.03143512717220709
reason,505,804,10.63399678242632,10.927119915627413,-0.031461411981573484
hard,965,1536,20.320409693151284,20.875691779109086,-0.03161054665526297
line,146,233,3.0743832281866195,3.1666902243049586,-0.03202068537123637
sponge,26,42,0.547492903649672,0.5708196970850141,-0.03248732632754958
utterly,53,85,1.1160432266704852,1.1552303393387189,-0.03248917767843196
ammo,107,171,2.2531438727121116,2.324051623846129,-0.032492881013340025
high hopes,31,50,0.652780000505378,0.6795472584345406,-0.033214199273365
robot,31,50,0.652780000505378,0.6795472584345406,-0.033214199273365
leaves,95,152,2.0004548402584166,2.065823665641003,-0.03321868788382076
care,201,321,4.232541293599387,4.362693399149751,-0.033420327242333236
singleplayer,36,58,0.7580670973610842,0.7882748197840671,-0.03374439332901602
examples,36,58,0.7580670973610842,0.7882748197840671,-0.03374439332901602
believe,152,243,3.200727744413467,3.302599675991867,-0.03386347105149312
meet,46,74,0.9686412910724964,1.00572994248312,-0.03446615935621544
therefore,46,74,0.9686412910724964,1.00572994248312,-0.03446615935621544
annoying,487,778,10.254963233745778,10.57375534124145,-0.03485380243542302
whenever,61,98,1.284502581639615,1.3319126265316994,-0.035112290875446206
miss,111,178,2.3373735501966766,2.419188240026964,-0.03601768839176067
projectiles,121,194,2.5479477439080886,2.6366433627260175,-0.03611005338836648
forgotten,14,23,0.2948038711959772,0.31259173887988867,-0.03712703277455809
intention,14,23,0.2948038711959772,0.31259173887988867,-0.03712703277455809
new ones,14,23,0.2948038711959772,0.31259173887988867,-0.03712703277455809
favour,14,23,0.2948038711959772,0.31259173887988867,-0.03712703277455809
readability,14,23,0.2948038711959772,0.31259173887988867,-0.03712703277455809
uniqueness,14,23,0.2948038711959772,0.31259173887988867,-0.03712703277455809
hit miss,14,23,0.2948038711959772,0.31259173887988867,-0.03712703277455809
extraction,19,31,0.40009096805168337,0.4213193002294151,-0.03712742546796832
mood,19,31,0.40009096805168337,0.4213193002294151,-0.03712742546796832
no_content,24,39,0.5053780649073895,0.5300468615789417,-0.03712781816968658
passion,24,39,0.5053780649073895,0.5300468615789417,-0.03712781816968658
entry,29,47,0.6106651617630956,0.6387744229284681,-0.03712821087971463
praise,29,47,0.6106651617630956,0.6387744229284681,-0.03712821087971463
successful,49,79,1.0318135491859202,1.0736846683265742,-0.03712978180291415
opponents,49,79,1.0318135491859202,1.0736846683265742,-0.03712978180291415
hurt,59,95,1.2423877428973324,1.291139791025627,-0.03713056731437092
collecting,69,111,1.4529619366087447,1.5085949137246801,-0.037131352859068656
damn,89,143,1.8741103240315693,1.9435051591227859,-0.03713292404819413
row,112,180,2.3584309695678174,2.446370130364346,-0.03824058380649831
basically,539,864,11.349949041045122,11.742576625748862,-0.03832639745713351
given,318,510,6.696259360022911,6.931382036032314,-0.03832659043513065
without,916,1468,19.288596143965364,19.951507507638112,-0.03842651301207933
cooldown,77,124,1.6214212915778745,1.6852772009176604,-0.03873353208406449
reasons,95,153,2.0004548402584166,2.0794146108096943,-0.0397347159485566
force,138,222,2.9059238732174895,3.0171898274493603,-0.03983179140879223
economy,37,60,0.7791245167322254,0.8154567101214487,-0.04041318380933845
valuable,32,52,0.6738374198765194,0.7067291487719223,-0.04090943872183139
improving,32,52,0.6738374198765194,0.7067291487719223,-0.04090943872183139
workshop,32,52,0.6738374198765194,0.7067291487719223,-0.04090943872183139
earn,65,105,1.3687322591241797,1.427049242712535,-0.040912300259904555
summary,27,44,0.5685503230208131,0.5980015874223957,-0.041582673513390844
tiles,73,118,1.5371916140933097,1.6037315299055157,-0.042187245936119666
spaces,22,36,0.463263226165107,0.4892740260728692,-0.04254799792374442
releases,22,36,0.463263226165107,0.4892740260728692,-0.04254799792374442
perma,22,36,0.463263226165107,0.4892740260728692,-0.04254799792374442
damage enemies,22,36,0.463263226165107,0.4892740260728692,-0.04254799792374442
curious,22,36,0.463263226165107,0.4892740260728692,-0.04254799792374442
downright,22,36,0.463263226165107,0.4892740260728692,-0.04254799792374442
putting,104,168,2.189971614598688,2.2832787883400565,-0.04307018511788563
aspect,181,292,3.811392906176562,3.968555989257717,-0.04330487105701053
stakes,17,28,0.35797612930940087,0.38054646472334275,-0.044047980597680336
no_meaningful,17,28,0.35797612930940087,0.38054646472334275,-0.044047980597680336
warrior,17,28,0.35797612930940087,0.38054646472334275,-0.044047980597680336
not_nearly,17,28,0.35797612930940087,0.38054646472334275,-0.044047980597680336
roguelite elements,17,28,0.35797612930940087,0.38054646472334275,-0.044047980597680336
goals,35,57,0.737009677989943,0.7746838746153762,-0.04404966373525632
symbol,35,57,0.737009677989943,0.7746838746153762,-0.04404966373525632
horde,53,86,1.1160432266704852,1.1688212845074097,-0.044051347001488494
turn,540,871,11.371006460416263,11.837713241929697,-0.04454353491737795
stands,115,186,2.421603227681241,2.527915801376491,-0.04465164923965048
ring,30,49,0.6317225811342368,0.6659563132658497,-0.045160999862142504
area,309,499,6.50674258568264,6.7818816391767145,-0.04518777828254983
month,43,70,0.9054690329590728,0.9513661618083568,-0.045616732525303405
five,87,141,1.8319954852892868,1.9163232687854044,-0.045620997226521354
learn,222,359,4.674747100393353,4.879149315560001,-0.046076318313132525
add,531,858,11.181489686075993,11.661030954736717,-0.04630000158007519
string,12,20,0.25268903245369473,0.2718189033738162,-0.04669659607626642
hill,12,20,0.25268903245369473,0.2718189033738162,-0.04669659607626642
hair,12,20,0.25268903245369473,0.2718189033738162,-0.04669659607626642
story line,12,20,0.25268903245369473,0.2718189033738162,-0.04669659607626642
wish neutral,12,20,0.25268903245369473,0.2718189033738162,-0.04669659607626642
targeted,12,20,0.25268903245369473,0.2718189033738162,-0.04669659607626642
crates,12,20,0.25268903245369473,0.2718189033738162,-0.04669659607626642
different mechanics,12,20,0.25268903245369473,0.2718189033738162,-0.04669659607626642
stylish,12,20,0.25268903245369473,0.2718189033738162,-0.04669659607626642
competitors,12,20,0.25268903245369473,0.2718189033738162,-0.04669659607626642
concerns,12,20,0.25268903245369473,0.2718189033738162,-0.04669659607626642
god awful,12,20,0.25268903245369473,0.2718189033738162,-0.04669659607626642
magical,12,20,0.25268903245369473,0.2718189033738162,-0.04669659607626642
needlessly,25,41,0.5264354842785307,0.5572287519163233,-0.04669788646353723
earth,25,41,0.5264354842785307,0.5572287519163233,-0.04669788646353723
falls short,38,62,0.8001819361033667,0.8426386004588302,-0.04669917692213588
meat,38,62,0.8001819361033667,0.8426386004588302,-0.04669917692213588
attempts,51,83,1.0739283879282027,1.1280484490013374,-0.04670046745207301
failure,51,83,1.0739283879282027,1.1280484490013374,-0.04670046745207301
approach,64,104,1.3476748397530387,1.4134582975438446,-0.046701758053352194
developers,423,684,8.90728839399274,9.296206495384515,-0.046849833176782596
yet,457,739,9.62324065261154,10.04370847966251,-0.04694893685453572
platforming,46,75,0.9686412910724964,1.019320887651811,-0.047712733008260955
opposite,46,75,0.9686412910724964,1.019320887651811,-0.047712733008260955
quite,553,895,11.644752912241097,12.163895925978276,-0.047954454466609064
relaxing,33,54,0.6948948392476605,0.7339110391093039,-0.04809836454286831
heart,54,88,1.1371006460416262,1.1960031748447915,-0.04843107673402969
smaller,54,88,1.1371006460416262,1.1960031748447915,-0.04843107673402969
gains,20,33,0.42114838742282457,0.44850119056679677,-0.048962500385203
freely,20,33,0.42114838742282457,0.44850119056679677,-0.048962500385203
levels less,20,33,0.42114838742282457,0.44850119056679677,-0.048962500385203
named,20,33,0.42114838742282457,0.44850119056679677,-0.048962500385203
starter,41,67,0.8633541942167904,0.9105933263022844,-0.0489646885748396
round,254,412,5.348584520269871,5.599469409500615,-0.04933304754143997
best,512,830,10.78139871802431,11.280484490013373,-0.04953025861478988
charming,49,80,1.0318135491859202,1.0872756134952648,-0.049553648712565845
primary,49,80,1.0318135491859202,1.0872756134952648,-0.049553648712565845
genuinely,157,255,3.3060148412691728,3.465691018016157,-0.049721360418225835
selected,28,46,0.5896077423919543,0.6251834777597773,-0.04997708292476233
rogue,400,649,8.422967748456491,8.820523414480336,-0.050176002173875744
brought,36,59,0.7580670973610842,0.8018657649527579,-0.050552858518397414
trying,676,1097,14.23481549489147,14.909266850053822,-0.050769779104993695
theres,126,205,2.653234840763795,2.7861437595816163,-0.050825056165493265
worse,458,744,9.644298071982682,10.111663205505964,-0.05150660538553975
not_get,68,111,1.4319045172376035,1.5085949137246801,-0.051522166902069344
giving,228,371,4.8010916166202,5.0422406575842915,-0.05231961459696688
beam,15,25,0.3158612905671184,0.3397736292172703,-0.05263183657328874
realizing,15,25,0.3158612905671184,0.3397736292172703,-0.05263183657328874
rule,15,25,0.3158612905671184,0.3397736292172703,-0.05263183657328874
involve,15,25,0.3158612905671184,0.3397736292172703,-0.05263183657328874
kind boring,15,25,0.3158612905671184,0.3397736292172703,-0.05263183657328874
ensure,15,25,0.3158612905671184,0.3397736292172703,-0.05263183657328874
work better,15,25,0.3158612905671184,0.3397736292172703,-0.05263183657328874
existed,15,25,0.3158612905671184,0.3397736292172703,-0.05263183657328874
hit enemy,15,25,0.3158612905671184,0.3397736292172703,-0.05263183657328874
wanted love,23,38,0.4843206455362482,0.5164559164102508,-0.052632734265804615
kit,23,38,0.4843206455362482,0.5164559164102508,-0.052632734265804615
history,23,38,0.4843206455362482,0.5164559164102508,-0.052632734265804615
health bar,31,51,0.652780000505378,0.6931382036032313,-0.052633631988953766
not_being able,47,77,0.9896987104436378,1.0465027779891924,-0.05263542752714301
descriptions,58,95,1.2213303235261912,1.291139791025627,-0.05393976217853336
falls,101,165,2.126799356485264,2.242505952833984,-0.054148984430353764
arbitrary,34,56,0.7159522586188017,0.7610929294466855,-0.05482952756501014
hit,734,1196,15.456145818417662,16.254770421754213,-0.05491157072576058
due,436,711,9.181034845817575,9.663162014939166,-0.05531854742471509
no_matter,142,232,2.990153550702054,3.1530992791362684,-0.05533294057545035
decently,26,43,0.547492903649672,0.5844106422537049,-0.05547819139622234
used,361,589,7.601728392981983,8.005066704358887,-0.05564355778209773
agree,45,74,0.9475838717013553,1.00572994248312,-0.05597444106890492
becoming,45,74,0.9475838717013553,1.00572994248312,-0.05597444106890492
spend money,45,74,0.9475838717013553,1.00572994248312,-0.05597444106890492
fusion,18,30,0.3790335486805421,0.40772835506072436,-0.05667275109404457
gripes,18,30,0.3790335486805421,0.40772835506072436,-0.05667275109404457
enemies hit,18,30,0.3790335486805421,0.40772835506072436,-0.05667275109404457
skip,170,278,3.579761293094009,3.7782827568960458,-0.056691160035849286
no_one,59,97,1.2423877428973324,1.3183216813630088,-0.05775254839916677
roguelike,608,994,12.802910977653868,13.509399497678666,-0.058122363362505425
correctly,40,66,0.8422967748456491,0.8970023811335935,-0.058247883951413115
strength,40,66,0.8422967748456491,0.8970023811335935,-0.058247883951413115
friends,312,511,6.569914843796063,6.944972981201004,-0.059283351135548834
slam,10,17,0.21057419371141228,0.2310460678677438,-0.05960011319681158
queue,10,17,0.21057419371141228,0.2310460678677438,-0.05960011319681158
qol features,10,17,0.21057419371141228,0.2310460678677438,-0.05960011319681158
fundamentals,10,17,0.21057419371141228,0.2310460678677438,-0.05960011319681158
awfully,10,17,0.21057419371141228,0.2310460678677438,-0.05960011319681158
foes,10,17,0.21057419371141228,0.2310460678677438,-0.05960011319681158
sees,10,17,0.21057419371141228,0.2310460678677438,-0.05960011319681158
little better,10,17,0.21057419371141228,0.2310460678677438,-0.05960011319681158
explosion,10,17,0.21057419371141228,0.2310460678677438,-0.05960011319681158
not_worth full,10,17,0.21057419371141228,0.2310460678677438,-0.05960011319681158
assigned,10,17,0.21057419371141228,0.2310460678677438,-0.05960011319681158
point click,10,17,0.21057419371141228,0.2310460678677438,-0.05960011319681158
shady,10,17,0.21057419371141228,0.2310460678677438,-0.05960011319681158
disappearing,10,17,0.21057419371141228,0.2310460678677438,-0.05960011319681158
subjective,10,17,0.21057419371141228,0.2310460678677438,-0.05960011319681158
rougelite,21,35,0.44220580679396576,0.4756830809041784,-0.05960151586343265
nothing special,21,35,0.44220580679396576,0.4756830809041784,-0.05960151586343265
bullet sponges,21,35,0.44220580679396576,0.4756830809041784,-0.05960151586343265
spamming,43,71,0.9054690329590728,0.9649571069770476,-0.05960432139481142
decided,184,302,3.8745651642899857,4.104465440944625,-0.06052317135787
back,1131,1853,23.815941308760728,25.184021397584075,-0.06062860963550687
running around,35,58,0.737009677989943,0.7882748197840671,-0.0611454439657404
group,96,158,2.021512259629558,2.1473693366531483,-0.061328187257203126
decision,160,263,3.3691870993825965,3.574418579365683,-0.06168823408479529
summons,24,40,0.5053780649073895,0.5436378067476324,-0.061821777598591865
feed,24,40,0.5053780649073895,0.5436378067476324,-0.061821777598591865
names,24,40,0.5053780649073895,0.5436378067476324,-0.061821777598591865
dropped,63,104,1.3266174203818974,1.4134582975438446,-0.062208021158658866
too_difficult,38,63,0.8001819361033667,0.8562295456275212,-0.062448880770530124
ideas,211,347,4.443115487310799,4.716057973535711,-0.06276694405851213
absolutely,404,664,8.507197425941056,9.024387592010699,-0.06307694740024328
quicker,13,22,0.273746451824836,0.29900079371119787,-0.06356101938877501
wearing,13,22,0.273746451824836,0.29900079371119787,-0.06356101938877501
nice art,13,22,0.273746451824836,0.29900079371119787,-0.06356101938877501
held back,13,22,0.273746451824836,0.29900079371119787,-0.06356101938877501
hearts,13,22,0.273746451824836,0.29900079371119787,-0.06356101938877501
receiving,13,22,0.273746451824836,0.29900079371119787,-0.06356101938877501
big problem,13,22,0.273746451824836,0.29900079371119787,-0.06356101938877501
good potential,13,22,0.273746451824836,0.29900079371119787,-0.06356101938877501
convince,13,22,0.273746451824836,0.29900079371119787,-0.06356101938877501
accomplishment,13,22,0.273746451824836,0.29900079371119787,-0.06356101938877501
health bars,13,22,0.273746451824836,0.29900079371119787,-0.06356101938877501
sides,27,45,0.5685503230208131,0.6115925325910865,-0.06356292707976863
dialogues,27,45,0.5685503230208131,0.6115925325910865,-0.06356292707976863
artificial,41,68,0.8633541942167904,0.9241842714709751,-0.06356483488531772
improvements,69,114,1.4529619366087447,1.5493677492307525,-0.06356865084012142
managed,83,137,1.7477658078047218,1.8619594881106412,-0.06357055898939556
completely,568,934,11.960614202808216,12.693942787557217,-0.06386623135864955
upon,114,188,2.4005458083101,2.5550976917138724,-0.06395288118939746
deck,548,902,11.539465815385393,12.259032542159112,-0.06482267229359984
nothing else,61,101,1.284502581639615,1.3726854620377718,-0.06496929486726621
placement,47,78,0.9896987104436378,1.0600937231578833,-0.06537580021203837
good,2809,4624,59.15029101353571,62.84453046002631,-0.06581091652542082
thumbs,149,246,3.137555486300043,3.3433725114979396,-0.0658964821476431
existence,16,27,0.3369187099382597,0.36695551955465194,-0.0661158041762846
no_depth,16,27,0.3369187099382597,0.36695551955465194,-0.0661158041762846
tension,16,27,0.3369187099382597,0.36695551955465194,-0.0661158041762846
rocket,16,27,0.3369187099382597,0.36695551955465194,-0.0661158041762846
led,16,27,0.3369187099382597,0.36695551955465194,-0.0661158041762846
character,1110,1829,23.373735501966763,24.857838713535493,-0.06633587960746112
come,467,770,9.833814846322953,10.465027779891926,-0.06640902176466046
aware,53,88,1.1160432266704852,1.1960031748447915,-0.06678229192844753
coins,73,121,1.5371916140933097,1.644504365411588,-0.06708883850884462
besides,113,187,2.3794883889389586,2.5415067465451813,-0.06738223860637582
garbage,193,319,4.064081938630257,4.335511508812369,-0.06761323829586008
skill trees,19,32,0.40009096805168337,0.4349102453981059,-0.06790043095874232
mark,79,131,1.663536130320157,1.7804138170984964,-0.06790918510737143
impactful,62,103,1.305560001010756,1.3998673523751537,-0.06838765672103975
etc,415,686,8.73882903902361,9.323388385721897,-0.0688328029560612
virtually,22,37,0.463263226165107,0.50286497124156,-0.06921759183899567
applies,22,37,0.463263226165107,0.50286497124156,-0.06921759183899567
killer,22,37,0.463263226165107,0.50286497124156,-0.06921759183899567
projects,22,37,0.463263226165107,0.50286497124156,-0.06921759183899567
second boss,22,37,0.463263226165107,0.50286497124156,-0.06921759183899567
beyond,178,295,3.7482206480631386,4.009328824763789,-0.07012287070737244
helped,25,42,0.5264354842785307,0.5708196970850141,-0.07022973071589078
fun enough,25,42,0.5264354842785307,0.5708196970850141,-0.07022973071589078
figured,54,90,1.1371006460416262,1.223185065182173,-0.07065690737539931
deciding,28,47,0.5896077423919543,0.6387744229284681,-0.07103183897382337
busy,28,47,0.5896077423919543,0.6387744229284681,-0.07103183897382337
difference,133,221,2.800636776361783,3.003598882280669,-0.07198057223128629
stop,241,400,5.074838068445036,5.4363780674763245,-0.07218353656455179
attention,110,183,2.316316130825535,2.4871429658704183,-0.0725451223865381
fire,233,387,4.906378713475906,5.259695780283344,-0.07284316096956989
repetitive,543,901,11.434178718529687,12.245441596990421,-0.07287287843820689
baked,46,77,0.9686412910724964,1.0465027779891924,-0.07369091322101262
weapon,510,847,10.739283879282025,11.511530557881118,-0.07371443244074971
broken,246,409,5.180125165300742,5.558696573994542,-0.07393039926458744
fixes,52,87,1.094985807299344,1.1824122296761006,-0.07417559928296669
already,594,987,12.508107106457889,13.41426288149783,-0.07433885061110512
pros,114,190,2.4005458083101,2.582279582051254,-0.07448198839593623
sell,82,137,1.7267083884335808,1.8619594881106412,-0.0755488266873865
sale,263,438,5.538101294610143,5.952833983886575,-0.07571564896549265
locked,234,390,4.927436132847047,5.300468615789416,-0.07628294765826205
expected spend,11,19,0.2316316130825535,0.2582279582051254,-0.07794986912325186
enough variety,11,19,0.2316316130825535,0.2582279582051254,-0.07794986912325186
thrill,11,19,0.2316316130825535,0.2582279582051254,-0.07794986912325186
enemies come,11,19,0.2316316130825535,0.2582279582051254,-0.07794986912325186
inflated,11,19,0.2316316130825535,0.2582279582051254,-0.07794986912325186
sending,11,19,0.2316316130825535,0.2582279582051254,-0.07794986912325186
varying,11,19,0.2316316130825535,0.2582279582051254,-0.07794986912325186
money download,11,19,0.2316316130825535,0.2582279582051254,-0.07794986912325186
chip,11,19,0.2316316130825535,0.2582279582051254,-0.07794986912325186
cancer,11,19,0.2316316130825535,0.2582279582051254,-0.07794986912325186
will_not expected,11,19,0.2316316130825535,0.2582279582051254,-0.07794986912325186
change mind,11,19,0.2316316130825535,0.2582279582051254,-0.07794986912325186
gigantic,11,19,0.2316316130825535,0.2582279582051254,-0.07794986912325186
predict,11,19,0.2316316130825535,0.2582279582051254,-0.07794986912325186
horizontal,11,19,0.2316316130825535,0.2582279582051254,-0.07794986912325186
lasting,11,19,0.2316316130825535,0.2582279582051254,-0.07794986912325186
starting new,11,19,0.2316316130825535,0.2582279582051254,-0.07794986912325186
studios,14,24,0.2948038711959772,0.3261826840485795,-0.07795037410432393
alternatives,14,24,0.2948038711959772,0.3261826840485795,-0.07795037410432393
might find,14,24,0.2948038711959772,0.3261826840485795,-0.07795037410432393
blame,14,24,0.2948038711959772,0.3261826840485795,-0.07795037410432393
ramps,14,24,0.2948038711959772,0.3261826840485795,-0.07795037410432393
hostile,17,29,0.35797612930940087,0.39413740989203355,-0.0779508790919401
profit,17,29,0.35797612930940087,0.39413740989203355,-0.0779508790919401
contrast,17,29,0.35797612930940087,0.39413740989203355,-0.0779508790919401
sparse,17,29,0.35797612930940087,0.39413740989203355,-0.0779508790919401
mildly,17,29,0.35797612930940087,0.39413740989203355,-0.0779508790919401
underneath,17,29,0.35797612930940087,0.39413740989203355,-0.0779508790919401
cumbersome,17,29,0.35797612930940087,0.39413740989203355,-0.0779508790919401
frozen,17,29,0.35797612930940087,0.39413740989203355,-0.0779508790919401
destroys,17,29,0.35797612930940087,0.39413740989203355,-0.0779508790919401
gift,20,34,0.42114838742282457,0.4620921357354876,-0.07795138408610391
blow,20,34,0.42114838742282457,0.4620921357354876,-0.07795138408610391
damaging,20,34,0.42114838742282457,0.4620921357354876,-0.07795138408610391
want keep,20,34,0.42114838742282457,0.4620921357354876,-0.07795138408610391
determine,20,34,0.42114838742282457,0.4620921357354876,-0.07795138408610391
tool,23,39,0.4843206455362482,0.5300468615789417,-0.07795188908681183
chat,29,49,0.6106651617630956,0.6659563132658497,-0.0779528991078724
values,32,54,0.6738374198765194,0.7339110391093039,-0.07795340412822327
monotonous,35,59,0.737009677989943,0.8018657649527579,-0.07795390915512179
sifu,35,59,0.737009677989943,0.8018657649527579,-0.07795390915512179
affect,38,64,0.8001819361033667,0.8698204907962118,-0.07795441418856441
stay away,41,69,0.8633541942167904,0.937775216639666,-0.07795491922855646
presented,44,74,0.926526452330214,1.00572994248312,-0.07795542427509439
larger,47,79,0.9896987104436378,1.0736846683265742,-0.07795592932817996
anywhere,83,139,1.7477658078047218,1.8891413784480229,-0.0779619904759592
pull,89,149,1.8741103240315693,2.025050830134931,-0.07796300075893825
hate,240,401,5.053780649073895,5.449969012645016,-0.07881841536960099
impossible,316,528,6.654144521280628,7.176019049068748,-0.07926317508348646
exactly,202,338,4.253598712970528,4.593739467017494,-0.07995143547464068
chests,72,121,1.5161341947221685,1.644504365411588,-0.08069656717277418
shallow,142,238,2.990153550702054,3.234644950148413,-0.08076612210080647
succeed,51,86,1.0739283879282027,1.1688212845074097,-0.08179582802384111
not_because,51,86,1.0739283879282027,1.1688212845074097,-0.08179582802384111
fine,464,777,9.77064258820953,10.56016439607276,-0.08189373482196949
nobody,48,81,1.010756129814779,1.1008665586639557,-0.08202987203947032
seeing,143,240,3.0112109700731957,3.261826840485795,-0.08213145183483483
course,137,230,2.884866453846348,3.1259173887988867,-0.08231083274782947
zero,202,339,4.253598712970528,4.607330412186186,-0.08289829308552665
elsewhere,39,66,0.8212393554745079,0.8970023811335935,-0.08294257300764052
wish,332,557,6.991063231218887,7.570156458960781,-0.08339883120696001
npc,64,108,1.3476748397530387,1.4678220782186078,-0.08409467796166048
ago,126,212,2.653234840763795,2.881280375762452,-0.0842504831014832
leave,219,368,4.6115748422799285,5.001467822078219,-0.08433151458961419
junk,30,51,0.6317225811342368,0.6931382036032313,-0.08438440673058345
knight,61,103,1.284502581639615,1.3998673523751537,-0.08439007462819781
catch,58,98,1.2213303235261912,1.3319126265316994,-0.084715461671097
please fix,27,46,0.5685503230208131,0.6251834777597773,-0.08507047915014887
includes,27,46,0.5685503230208131,0.6251834777597773,-0.08507047915014887
hunter,27,46,0.5685503230208131,0.6251834777597773,-0.08507047915014887
percentage,27,46,0.5685503230208131,0.6251834777597773,-0.08507047915014887
too_far,27,46,0.5685503230208131,0.6251834777597773,-0.08507047915014887
business,27,46,0.5685503230208131,0.6251834777597773,-0.08507047915014887
dies,52,88,1.094985807299344,1.1960031748447915,-0.08547650146250874
physical,24,41,0.5053780649073895,0.5572287519163233,-0.08592067601799869
passives,49,83,1.0318135491859202,1.1280484490013374,-0.08592533362761223
infinite,99,167,2.0846845177429816,2.2696878431713654,-0.08593465036282133
harsh,21,36,0.44220580679396576,0.4892740260728692,-0.08700183688282515
block,128,216,2.6953496795060774,2.9356441564372155,-0.08723158796362007
dozen,62,105,1.305560001010756,1.427049242712535,-0.08743854560282216
energy,100,169,2.105741937114123,2.296869733508747,-0.08781939457540311
suggestion,18,31,0.3790335486805421,0.4213193002294151,-0.08842279623083193
investing,18,31,0.3790335486805421,0.4213193002294151,-0.08842279623083193
steal,18,31,0.3790335486805421,0.4213193002294151,-0.08842279623083193
help,323,545,6.801546456878617,7.407065116936492,-0.08906034492977088
note,123,208,2.590062582650371,2.826916595087689,-0.08919893211612617
pushed,34,58,0.7159522586188017,0.7882748197840671,-0.08931839737673286
spots,34,58,0.7159522586188017,0.7882748197840671,-0.08931839737673286
another issue,15,26,0.3158612905671184,0.35336457438596114,-0.09037351136927185
equal,15,26,0.3158612905671184,0.35336457438596114,-0.09037351136927185
certain amount,15,26,0.3158612905671184,0.35336457438596114,-0.09037351136927185
multiplier,15,26,0.3158612905671184,0.35336457438596114,-0.09037351136927185
not_to mention,63,107,1.3266174203818974,1.454231133049917,-0.09038293900015049
realized,63,107,1.3266174203818974,1.454231133049917,-0.09038293900015049
particularly,111,188,2.3373735501966766,2.5550976917138724,-0.09039236859952737
doesn,73,124,1.5371916140933097,1.6852772009176604,-0.09138557204521547
kills,102,173,2.1478567758564053,2.3512335141835106,-0.09146902019762315
everyone,189,320,3.979852261145692,4.349102453981059,-0.09157710835872113
beginning,189,320,3.979852261145692,4.349102453981059,-0.09157710835872113
slows,28,48,0.5896077423919543,0.652365368097159,-0.09165247302960466
loves,28,48,0.5896077423919543,0.652365368097159,-0.09165247302960466
bigger,99,168,2.0846845177429816,2.2832787883400565,-0.09187073295339587
review,1040,1758,21.899716145986876,23.892881606558447,-0.09189391337988617
waste,309,523,6.50674258568264,7.108064323225295,-0.09210370884615049
change review,96,163,2.021512259629558,2.2153240624966024,-0.09229714815146473
important,145,246,3.0533258088154778,3.3433725114979396,-0.09293346225343235
bar,145,246,3.0533258088154778,3.3433725114979396,-0.09293346225343235
walked,12,21,0.25268903245369473,0.28540984854250706,-0.0932179585152273
swear,12,21,0.25268903245369473,0.28540984854250706,-0.0932179585152273
breath,12,21,0.25268903245369473,0.28540984854250706,-0.0932179585152273
idiot,12,21,0.25268903245369473,0.28540984854250706,-0.0932179585152273
spear,12,21,0.25268903245369473,0.28540984854250706,-0.0932179585152273
damage attack,12,21,0.25268903245369473,0.28540984854250706,-0.0932179585152273
pirate,12,21,0.25268903245369473,0.28540984854250706,-0.0932179585152273
ratio,12,21,0.25268903245369473,0.28540984854250706,-0.0932179585152273
handles,12,21,0.25268903245369473,0.28540984854250706,-0.0932179585152273
extra damage,12,21,0.25268903245369473,0.28540984854250706,-0.0932179585152273
jumps,25,43,0.5264354842785307,0.5844106422537049,-0.09322059578456354
chosen,25,43,0.5264354842785307,0.5844106422537049,-0.09322059578456354
troops,25,43,0.5264354842785307,0.5844106422537049,-0.09322059578456354
unnecessarily,25,43,0.5264354842785307,0.5844106422537049,-0.09322059578456354
next run,38,65,0.8001819361033667,0.8834114359649028,-0.09322323320323633
linear,64,109,1.3476748397530387,1.4814130233872984,-0.09322850848864128
telling,64,109,1.3476748397530387,1.4814130233872984,-0.09322850848864128
wants,155,263,3.2639000025268903,3.574418579365683,-0.09324697669352933
avoid,217,368,4.569460003537647,5.001467822078219,-0.09346815262444874
respect,74,126,1.5582490334644508,1.7124590912550424,-0.09383651824419026
trigger,61,104,1.284502581639615,1.4134582975438446,-0.093960872598986
excuse,35,60,0.737009677989943,0.8154567101214487,-0.09448455798114352
flat,107,182,2.2531438727121116,2.4735520207017276,-0.09449937499932659
huge,255,433,5.369641939641013,5.884879258043122,-0.09504231017289122
objectively,22,38,0.463263226165107,0.5164559164102508,-0.09519442507716036
next level,22,38,0.463263226165107,0.5164559164102508,-0.09519442507716036
barricades,45,77,0.9475838717013553,1.0465027779891924,-0.0951991949337021
either,696,1181,14.655963882314294,16.05090624422385,-0.09544493423115163
together,286,486,6.022421940146391,6.605199351983734,-0.09596414938666697
back forth,32,55,0.6738374198765194,0.7475019842779946,-0.09597325649664512
meaningful,151,257,3.1796703250423253,3.4928729083535384,-0.096233169261696
sequel,52,89,1.094985807299344,1.209594120013482,-0.09665114898805705
fully,165,281,3.474474196238303,3.819055592402118,-0.09707664421029794
tree,165,281,3.474474196238303,3.819055592402118,-0.09707664421029794
put,558,949,11.750040009096804,12.897806965087579,-0.0975536620416042
want spend,19,33,0.40009096805168337,0.44850119056679677,-0.09775474093425807
lacking content,19,33,0.40009096805168337,0.44850119056679677,-0.09775474093425807
promised,19,33,0.40009096805168337,0.44850119056679677,-0.09775474093425807
resource management,19,33,0.40009096805168337,0.44850119056679677,-0.09775474093425807
staying,19,33,0.40009096805168337,0.44850119056679677,-0.09775474093425807
false,19,33,0.40009096805168337,0.44850119056679677,-0.09775474093425807
emphasis,19,33,0.40009096805168337,0.44850119056679677,-0.09775474093425807
positives,39,67,0.8212393554745079,0.9105933263022844,-0.0977590056802935
afford,39,67,0.8212393554745079,0.9105933263022844,-0.0977590056802935
outside,169,288,3.5587038737228673,3.9141922085829535,-0.0977867356096409
although,133,227,2.800636776361783,3.085144553292814,-0.09865690235320912
tank,46,79,0.9686412910724964,1.0736846683265742,-0.09901141502204958
rougelike,46,79,0.9686412910724964,1.0736846683265742,-0.09901141502204958
slight,36,62,0.7580670973610842,0.8426386004588302,-0.09934706331770826
biggest issue,36,62,0.7580670973610842,0.8426386004588302,-0.09934706331770826
sections,26,45,0.547492903649672,0.6115925325910865,-0.09993264766044696
doubt,53,91,1.1160432266704852,1.2367760103508638,-0.09993854003305991
extremely,472,805,9.93910194317866,10.940710860796102,-0.10021409341230303
combo,168,287,3.537646454351726,3.900601263414263,-0.10022097949400965
won,70,120,1.474019355979886,1.6309134202428974,-0.10024843836121988
biggest,182,311,3.8324503255477036,4.226783947462843,-0.10067950597176534
cause,182,311,3.8324503255477036,4.226783947462843,-0.10067950597176534
interrupted,16,28,0.3369187099382597,0.38054646472334275,-0.10120847080431972
laid,16,28,0.3369187099382597,0.38054646472334275,-0.10120847080431972
throne,16,28,0.3369187099382597,0.38054646472334275,-0.10120847080431972
loop fun,16,28,0.3369187099382597,0.38054646472334275,-0.10120847080431972
connect,33,57,0.6948948392476605,0.7746838746153762,-0.10121223045948646
totally,98,168,2.0636270983718403,2.2832787883400565,-0.10192314552717363
thats,139,238,2.9269812925886307,3.234644950148413,-0.10197456045569808
surely,23,40,0.4843206455362482,0.5436378067476324,-0.10264584851571712
ages,23,40,0.4843206455362482,0.5436378067476324,-0.10264584851571712
charm,92,158,1.9372825821449928,2.1473693366531483,-0.10344797941080941
loop,452,774,9.517953555755835,10.519391560566689,-0.10419641483892672
anything else,65,112,1.3687322591241797,1.522185858893371,-0.104870453606134
data,72,124,1.5161341947221685,1.6852772009176604,-0.10499330070914503
doable,13,23,0.273746451824836,0.31259173887988867,-0.10612198061526534
def,13,23,0.273746451824836,0.31259173887988867,-0.10612198061526534
rogue lites,13,23,0.273746451824836,0.31259173887988867,-0.10612198061526534
teleported,13,23,0.273746451824836,0.31259173887988867,-0.10612198061526534
policy,20,35,0.42114838742282457,0.4756830809041784,-0.10612360788226205
tips,20,35,0.42114838742282457,0.4756830809041784,-0.10612360788226205
planned,20,35,0.42114838742282457,0.4756830809041784,-0.10612360788226205
meanwhile,27,47,0.5685503230208131,0.6387744229284681,-0.10612523519920991
ignoring,27,47,0.5685503230208131,0.6387744229284681,-0.10612523519920991
sent,27,47,0.5685503230208131,0.6387744229284681,-0.10612523519920991
broke,41,71,0.8633541942167904,0.9649571069770476,-0.1061284899829733
layout,69,119,1.4529619366087447,1.6173224750742066,-0.10613500015003119
part,516,886,10.865628395508873,12.04157741946006,-0.10704560887105874
hardly,59,102,1.2423877428973324,1.3862764072064626,-0.10752079269512649
has_not,52,90,1.094985807299344,1.223185065182173,-0.10770233210387836
giant,45,78,0.9475838717013553,1.0600937231578833,-0.10793956761859747
not_be,169,291,3.5587038737228673,3.9549650440890263,-0.10811789164202601
possible,265,456,5.580216133352425,6.19747099692301,-0.10837252268695963
annoyed,31,54,0.652780000505378,0.7339110391093039,-0.10872713922633892
pet,31,54,0.652780000505378,0.7339110391093039,-0.10872713922633892
kicked,24,42,0.5053780649073895,0.5708196970850141,-0.10945252027035224
opened,24,42,0.5053780649073895,0.5708196970850141,-0.10945252027035224
detail,49,85,1.0318135491859202,1.1552303393387189,-0.10945852487632379
able,567,977,11.939556783437077,13.278353429810922,-0.11064845184886174
art music,17,30,0.35797612930940087,0.40772835506072436,-0.11074204873532345
better options,17,30,0.35797612930940087,0.40772835506072436,-0.11074204873532345
not_the case,17,30,0.35797612930940087,0.40772835506072436,-0.11074204873532345
extended,17,30,0.35797612930940087,0.40772835506072436,-0.11074204873532345
oversight,17,30,0.35797612930940087,0.40772835506072436,-0.11074204873532345
incoming,17,30,0.35797612930940087,0.40772835506072436,-0.11074204873532345
delete,35,61,0.737009677989943,0.8290476552901395,-0.11074642572955185
spot,82,142,1.7267083884335808,1.9299142139540952,-0.11114650688985961
fantastic,82,142,1.7267083884335808,1.9299142139540952,-0.11114650688985961
costs,82,142,1.7267083884335808,1.9299142139540952,-0.11114650688985961
heals,28,49,0.5896077423919543,0.6659563132658497,-0.11185652720198114
set,286,494,6.022421940146391,6.713926913333261,-0.11226857012255653
powers,50,87,1.0528709685570614,1.1824122296761006,-0.11264603314164567
double,101,175,2.126799356485264,2.378415404520892,-0.11265866186493767
remember,105,182,2.2110290339698286,2.4735520207017276,-0.11319566151672511
amazing,204,353,4.295713551712811,4.7976036445478565,-0.11346029769678445
less interesting,10,18,0.21057419371141228,0.2446370130364346,-0.11366868126571461
move faster,10,18,0.21057419371141228,0.2446370130364346,-0.11366868126571461
last year,10,18,0.21057419371141228,0.2446370130364346,-0.11366868126571461
start another,10,18,0.21057419371141228,0.2446370130364346,-0.11366868126571461
absolute garbage,10,18,0.21057419371141228,0.2446370130364346,-0.11366868126571461
especially considering,10,18,0.21057419371141228,0.2446370130364346,-0.11366868126571461
ramp,21,37,0.44220580679396576,0.50286497124156,-0.1136714307980764
tracks,21,37,0.44220580679396576,0.50286497124156,-0.1136714307980764
material,21,37,0.44220580679396576,0.50286497124156,-0.1136714307980764
worry,21,37,0.44220580679396576,0.50286497124156,-0.1136714307980764
around map,21,37,0.44220580679396576,0.50286497124156,-0.1136714307980764
looting,21,37,0.44220580679396576,0.50286497124156,-0.1136714307980764
collection,58,101,1.2213303235261912,1.3726854620377718,-0.11457246566291701
skill issue,36,63,0.7580670973610842,0.8562295456275212,-0.11509676716610251
counter,73,127,1.5371916140933097,1.7260500364237332,-0.11510613964618699
rogue lite,88,153,1.853052904660428,2.0794146108096943,-0.11546107451487053
portal,25,44,0.5264354842785307,0.5980015874223957,-0.11569479848241038
included,25,44,0.5264354842785307,0.5980015874223957,-0.11569479848241038
thanks,66,115,1.389789678495321,1.5629586943994433,-0.11603691297599283
gameplay loop,234,406,4.927436132847047,5.517923738488469,-0.1164101329419891
serving,14,25,0.2948038711959772,0.3397736292172703,-0.11717243406892841
stunning,14,25,0.2948038711959772,0.3397736292172703,-0.11717243406892841
roles,14,25,0.2948038711959772,0.3397736292172703,-0.11717243406892841
level level,14,25,0.2948038711959772,0.3397736292172703,-0.11717243406892841
overlook,14,25,0.2948038711959772,0.3397736292172703,-0.11717243406892841
tune,14,25,0.2948038711959772,0.3397736292172703,-0.11717243406892841
barrier,14,25,0.2948038711959772,0.3397736292172703,-0.11717243406892841
not_only,89,155,1.8741103240315693,2.1065965011470755,-0.1171917961680311
cons,120,209,2.5268903245369474,2.8405075402563797,-0.11847080848066938
rate,105,183,2.2110290339698286,2.4871429658704183,-0.11864661338226945
whatever,211,367,4.443115487310799,4.987876876909528,-0.11867435074727783
treasure,18,32,0.3790335486805421,0.4349102453981059,-0.11919580172160593
filling,18,32,0.3790335486805421,0.4349102453981059,-0.11919580172160593
void crew,18,32,0.3790335486805421,0.4349102453981059,-0.11919580172160593
crafting,113,197,2.3794883889389586,2.67741619823209,-0.11922077762316263
spawns,60,105,1.2634451622684737,1.427049242712535,-0.1197035609381647
recommend,1163,2022,24.489778728637248,27.480891131092818,-0.12014993014065567
average,110,192,2.316316130825535,2.609461472388636,-0.12031167764592432
base building,22,39,0.463263226165107,0.5300468615789417,-0.12051357989816758
folks,22,39,0.463263226165107,0.5300468615789417,-0.12051357989816758
unavoidable,22,39,0.463263226165107,0.5300468615789417,-0.12051357989816758
everyone else,22,39,0.463263226165107,0.5300468615789417,-0.12051357989816758
reference,22,39,0.463263226165107,0.5300468615789417,-0.12051357989816758
normal,229,399,4.822149035991341,5.422787122307634,-0.12056865381721948
pvp,49,86,1.0318135491859202,1.1688212845074097,-0.12102069419938033
too_bad,49,86,1.0318135491859202,1.1688212845074097,-0.12102069419938033
hits,149,260,3.137555486300043,3.533645743859611,-0.12104741400533925
gamble,26,46,0.547492903649672,0.6251834777597773,-0.1214401997308272
main character,26,46,0.547492903649672,0.6251834777597773,-0.1214401997308272
exp,53,93,1.1160432266704852,1.2639579006882455,-0.12144743912156741
pre,53,93,1.1160432266704852,1.2639579006882455,-0.12144743912156741
lite,119,208,2.505832905165806,2.826916595087689,-0.12199706220839346
gamer,34,60,0.7159522586188017,0.8154567101214487,-0.12265751139213599
locks,38,67,0.8001819361033667,0.9105933263022844,-0.12307889012612705
buildings,116,203,2.4426606470523824,2.7589618692442346,-0.1231001067801607
not_just,81,142,1.7056509690624395,1.9299142139540952,-0.12326994406916647
next,565,986,11.897441944694794,13.400671936329141,-0.12335245618760471
direct,46,81,0.9686412910724964,1.1008665586639557,-0.12370672143642558
term,50,88,1.0528709685570614,1.1960031748447915,-0.12394693532118772
location,66,116,1.389789678495321,1.5765496395681342,-0.1246220036437915
available,189,331,3.979852261145692,4.498602850836659,-0.12528577507801053
crash,114,200,2.4005458083101,2.7181890337381622,-0.1255269396150247
otherwise,229,401,4.822149035991341,5.449969012645016,-0.12555889031383316
player,993,1738,20.91001743554324,23.62106270318463,-0.12672933834508981
not_a big,11,20,0.2316316130825535,0.2718189033738162,-0.12674138009493774
spider,11,20,0.2316316130825535,0.2718189033738162,-0.12674138009493774
shiny,11,20,0.2316316130825535,0.2718189033738162,-0.12674138009493774
grabbed,11,20,0.2316316130825535,0.2718189033738162,-0.12674138009493774
designing,11,20,0.2316316130825535,0.2718189033738162,-0.12674138009493774
disjointed,11,20,0.2316316130825535,0.2718189033738162,-0.12674138009493774
card based,11,20,0.2316316130825535,0.2718189033738162,-0.12674138009493774
half year,11,20,0.2316316130825535,0.2718189033738162,-0.12674138009493774
tolerable,11,20,0.2316316130825535,0.2718189033738162,-0.12674138009493774
good experience,11,20,0.2316316130825535,0.2718189033738162,-0.12674138009493774
money buy,11,20,0.2316316130825535,0.2718189033738162,-0.12674138009493774
cry,11,20,0.2316316130825535,0.2718189033738162,-0.12674138009493774
extremely easy,11,20,0.2316316130825535,0.2718189033738162,-0.12674138009493774
fun engaging,11,20,0.2316316130825535,0.2718189033738162,-0.12674138009493774
troll,11,20,0.2316316130825535,0.2718189033738162,-0.12674138009493774
tends,15,27,0.3158612905671184,0.36695551955465194,-0.1267425023550981
exchange,15,27,0.3158612905671184,0.36695551955465194,-0.1267425023550981
drastically,15,27,0.3158612905671184,0.36695551955465194,-0.1267425023550981
explode,15,27,0.3158612905671184,0.36695551955465194,-0.1267425023550981
infinitely,19,34,0.40009096805168337,0.4620921357354876,-0.12674362463515898
instances,19,34,0.40009096805168337,0.4620921357354876,-0.12674362463515898
extent,23,41,0.4843206455362482,0.5572287519163233,-0.12674474693512394
acquire,27,48,0.5685503230208131,0.652365368097159,-0.1267458692549912
maximum,27,48,0.5685503230208131,0.652365368097159,-0.1267458692549912
ads,31,55,0.652780000505378,0.7475019842779946,-0.12674699159476077
skin,35,62,0.737009677989943,0.8426386004588302,-0.12674811395443264
price tag,59,104,1.2423877428973324,1.4134582975438446,-0.12675484853047436
happy,67,118,1.4108470978664625,1.6037315299055157,-0.12675709354840592
skills,392,687,8.254508393487361,9.336979330890587,-0.12721213991187508
three,306,537,6.4435703275692156,7.298337555586966,-0.12822023564924478
multiple times,72,127,1.5161341947221685,1.7260500364237332,-0.12871386831011655
minor,121,213,2.5479477439080886,2.8948713209311427,-0.129112105432176
side,243,427,5.116952907187318,5.803333587030976,-0.1291470339916927
roguelikes,183,322,3.853507744918845,4.376284344318441,-0.12989178028785897
meant,89,157,1.8741103240315693,2.1337783914844572,-0.1299335160452486
soo,40,71,0.8422967748456491,0.9649571069770476,-0.1302281180321998
ton,122,215,2.56900516327923,2.9220532112685245,-0.13025180494614474
start,991,1742,20.86790259680096,23.675426483859393,-0.13105052976542986
deliver,32,57,0.6738374198765194,0.7746838746153762,-0.13106727004484142
anything new,28,50,0.5896077423919543,0.6795472584345406,-0.13166050135483331
customers,24,43,0.5053780649073895,0.5844106422537049,-0.132443385339025
cloud,24,43,0.5053780649073895,0.5844106422537049,-0.132443385339025
whoever,24,43,0.5053780649073895,0.5844106422537049,-0.132443385339025
boring quickly,24,43,0.5053780649073895,0.5844106422537049,-0.132443385339025
mine,45,80,0.9475838717013553,1.0872756134952648,-0.13294356364439075
deliberately,20,36,0.42114838742282457,0.4892740260728692,-0.13352392890165454
sniper,20,36,0.42114838742282457,0.4892740260728692,-0.13352392890165454
combining,20,36,0.42114838742282457,0.4892740260728692,-0.13352392890165454
rich,20,36,0.42114838742282457,0.4892740260728692,-0.13352392890165454
roguelites,83,147,1.7477658078047218,1.997868939797549,-0.1335426178412078
four,104,184,2.189971614598688,2.5007339110391094,-0.1335488486521026
town,79,140,1.663536130320157,1.9027323236167135,-0.13387927601343463
thus,58,103,1.2213303235261912,1.3998673523751537,-0.1339932454238486
pointless,143,253,3.0112109700731957,3.4385091276787754,-0.1346862991464013
spells,215,380,4.5273451647953635,5.164559164102508,-0.13470786261680878
want,1548,2731,32.59688518652662,37.116871255694605,-0.13501139530009443
progression slow,16,29,0.3369187099382597,0.39413740989203355,-0.13511136929857948
obsolete,16,29,0.3369187099382597,0.39413740989203355,-0.13511136929857948
moment moment,16,29,0.3369187099382597,0.39413740989203355,-0.13511136929857948
buried,16,29,0.3369187099382597,0.39413740989203355,-0.13511136929857948
stacked,16,29,0.3369187099382597,0.39413740989203355,-0.13511136929857948
realm,16,29,0.3369187099382597,0.39413740989203355,-0.13511136929857948
little variety,16,29,0.3369187099382597,0.39413740989203355,-0.13511136929857948
uninstall,33,59,0.6948948392476605,0.8018657649527579,-0.13511647587935194
toward,33,59,0.6948948392476605,0.8018657649527579,-0.13511647587935194
creates,33,59,0.6948948392476605,0.8018657649527579,-0.13511647587935194
mixed,101,179,2.126799356485264,2.4327791851956553,-0.1351369060689951
less,675,1192,14.21375807552033,16.200406641079447,-0.13535899558095554
army,46,82,0.9686412910724964,1.1144575038326465,-0.13582942888349336
usage,29,52,0.6106651617630956,0.7067291487719223,-0.13622584780730662
conclusion,59,105,1.2423877428973324,1.427049242712535,-0.13623493944146858
hero,119,211,2.505832905165806,2.867689430593761,-0.13625312635652875
fails,85,151,1.7898806465470045,2.0522327204723125,-0.13668160234645477
discord,68,121,1.4319045172376035,1.644504365411588,-0.13705781011338836
sanity,12,22,0.25268903245369473,0.29900079371119787,-0.13767106789194195
terrible design,12,22,0.25268903245369473,0.29900079371119787,-0.13767106789194195
sources,12,22,0.25268903245369473,0.29900079371119787,-0.13767106789194195
offset,12,22,0.25268903245369473,0.29900079371119787,-0.13767106789194195
trip,12,22,0.25268903245369473,0.29900079371119787,-0.13767106789194195
unkillable,12,22,0.25268903245369473,0.29900079371119787,-0.13767106789194195
moveset,12,22,0.25268903245369473,0.29900079371119787,-0.13767106789194195
creators,25,45,0.5264354842785307,0.6115925325910865,-0.13767505204878816
mechanic,446,790,9.391609039528987,10.73684668326574,-0.13799892450881934
mobs,138,245,2.9059238732174895,3.329781566329249,-0.13802254126334645
behind,308,546,6.485685166311498,7.4206560621051825,-0.13832492310700584
building,317,562,6.675201940651769,7.638111184804236,-0.13844850850921198
wonderful,34,61,0.7159522586188017,0.8290476552901395,-0.1389193791405443
abandoned,139,247,2.9269812925886307,3.3569634566666307,-0.13895187955099608
long,639,1133,13.455690978159245,15.398540876126688,-0.13935922235920106
contains,21,38,0.44220580679396576,0.5164559164102508,-0.1396482640362411
limiting,21,38,0.44220580679396576,0.5164559164102508,-0.1396482640362411
no_control,21,38,0.44220580679396576,0.5164559164102508,-0.1396482640362411
drawn,43,77,0.9054690329590728,1.0465027779891924,-0.13965511047505252
too,238,423,5.011665810331612,5.748969806356213,-0.14046696351516896
battles,132,235,2.779579356990642,3.1938721146423408,-0.14064660450844002
stun,39,70,0.8212393554745079,0.9513661618083568,-0.1409352182189192
big,441,784,9.28632194267328,10.655301012253595,-0.14163568893062095
dmg,75,134,1.579306452835592,1.8211866526045688,-0.14168768287896683
roster,17,31,0.35797612930940087,0.4213193002294151,-0.14249209387211081
justify,58,104,1.2213303235261912,1.4134582975438446,-0.1435640433946368
upgrades,1037,1846,21.836543887873454,25.088884781403237,-0.14372219988512835
hollow,49,88,1.0318135491859202,1.1960031748447915,-0.14375163912633937
structure,40,72,0.8422967748456491,0.9785480521457384,-0.14402278706111815
criticism,31,56,0.652780000505378,0.7610929294466855,-0.14444791556171843
entirely,182,325,3.8324503255477036,4.417057179824513,-0.1445925623437816
not_feel,54,97,1.1371006460416262,1.3183216813630088,-0.14477430808458003
island,22,40,0.463263226165107,0.5436378067476324,-0.14520753932707287
chose,68,122,1.4319045172376035,1.658095310580279,-0.1452224677398437
picking,114,204,2.4005458083101,2.7725528144129252,-0.14523739922782752
issues,585,1044,12.318590332117617,14.188946756113207,-0.1457655136350393
alot,73,131,1.5371916140933097,1.7804138170984964,-0.14588318631655106
monster,184,329,3.8745651642899857,4.471420960499277,-0.14591939847216295
lack,87,156,1.8319954852892868,2.1201874463157666,-0.14605995051783616
stay,138,247,2.9059238732174895,3.3569634566666307,-0.1461224459224102
lack_of_any,13,24,0.273746451824836,0.3261826840485795,-0.14694532194503118
able use,13,24,0.273746451824836,0.3261826840485795,-0.14694532194503118
animals,13,24,0.273746451824836,0.3261826840485795,-0.14694532194503118
permadeath,13,24,0.273746451824836,0.3261826840485795,-0.14694532194503118
new enemies,13,24,0.273746451824836,0.3261826840485795,-0.14694532194503118
creator,27,49,0.5685503230208131,0.6659563132658497,-0.14694992342736768
mistakes,41,74,0.8633541942167904,1.00572994248312,-0.14695452519841723
king,102,183,2.1478567758564053,2.4871429658704183,-0.14736294949022444
involved,60,108,1.2634451622684737,1.4678220782186078,-0.14761638993547876
gripe,32,58,0.6738374198765194,0.7882748197840671,-0.1481630502753255
not_too,32,58,0.6738374198765194,0.7882748197840671,-0.1481630502753255
length,32,58,0.6738374198765194,0.7882748197840671,-0.1481630502753255
cast,51,92,1.0739283879282027,1.2503669555195547,-0.14849528409249224
rounds,122,219,2.56900516327923,2.9764169919432875,-0.1486063322566995
damaged,18,33,0.3790335486805421,0.44850119056679677,-0.14905011169712168
experiencing,18,33,0.3790335486805421,0.44850119056679677,-0.14905011169712168
rapidly,18,33,0.3790335486805421,0.44850119056679677,-0.14905011169712168
havent,18,33,0.3790335486805421,0.44850119056679677,-0.14905011169712168
reccomend,18,33,0.3790335486805421,0.44850119056679677,-0.14905011169712168
knights,18,33,0.3790335486805421,0.44850119056679677,-0.14905011169712168
spending,99,178,2.0846845177429816,2.419188240026964,-0.14937129467849175
map,661,1184,13.918954204324352,16.09167907972992,-0.14957646426764537
easy,490,878,10.318135491859202,11.932849858110531,-0.14962752413495828
sometimes,482,864,10.149676136890072,11.742576625748862,-0.14999735778657364
hazards,23,42,0.4843206455362482,0.5708196970850141,-0.1502765911874775
pulled,23,42,0.4843206455362482,0.5708196970850141,-0.1502765911874775
dungeons,47,85,0.9896987104436378,1.1552303393387189,-0.1502846724015896
talking,76,137,1.6003638722067335,1.8619594881106412,-0.15059647244738983
collect,105,189,2.2110290339698286,2.5686886368825634,-0.15074301055976136
environmental,28,51,0.5896077423919543,0.6931382036032313,-0.15107993407042208
overwhelmed,28,51,0.5896077423919543,0.6931382036032313,-0.15107993407042208
removes,28,51,0.5896077423919543,0.6931382036032313,-0.15107993407042208
amount content,28,51,0.5896077423919543,0.6931382036032313,-0.15107993407042208
initial,96,173,2.021512259629558,2.3512335141835106,-0.15149949025847853
choices,305,548,6.422512908198074,7.447837952442565,-0.15173966551259
were_not,72,130,1.5161341947221685,1.7668228719298056,-0.15188496859163791
boosts,38,69,0.8001819361033667,0.937775216639666,-0.1520691207798439
road,38,69,0.8001819361033667,0.937775216639666,-0.1520691207798439
wonder,48,87,1.010756129814779,1.1824122296761006,-0.15265552076897748
bug,249,448,5.243297423414165,6.088743435573484,-0.1527698682219789
keeping,73,132,1.5371916140933097,1.794004762267187,-0.15343173895737294
units,221,398,4.653689681022211,5.409196177138943,-0.15348272128783869
happened,118,213,2.484775485794665,2.8948713209311427,-0.15401588748645167
slowly,118,213,2.484775485794665,2.8948713209311427,-0.15401588748645167
later,393,708,8.275565812858503,9.622389179433094,-0.15476376178988716
blows,14,26,0.2948038711959772,0.35336457438596114,-0.15491410886491153
duration,14,26,0.2948038711959772,0.35336457438596114,-0.15491410886491153
sekiro,14,26,0.2948038711959772,0.35336457438596114,-0.15491410886491153
stations,14,26,0.2948038711959772,0.35336457438596114,-0.15491410886491153
ing,14,26,0.2948038711959772,0.35336457438596114,-0.15491410886491153
design decision,14,26,0.2948038711959772,0.35336457438596114,-0.15491410886491153
barely anything,14,26,0.2948038711959772,0.35336457438596114,-0.15491410886491153
max health,14,26,0.2948038711959772,0.35336457438596114,-0.15491410886491153
demands,19,35,0.40009096805168337,0.4756830809041784,-0.15491584843131712
almost nothing,19,35,0.40009096805168337,0.4756830809041784,-0.15491584843131712
underwater,19,35,0.40009096805168337,0.4756830809041784,-0.15491584843131712
fight boss,19,35,0.40009096805168337,0.4756830809041784,-0.15491584843131712
surprise,29,53,0.6106651617630956,0.720320093940613,-0.1549193276815739
dopamine,29,53,0.6106651617630956,0.720320093940613,-0.1549193276815739
implement,34,62,0.7159522586188017,0.8426386004588302,-0.1549210673654251
rhythm,34,62,0.7159522586188017,0.8426386004588302,-0.1549210673654251
btw,34,62,0.7159522586188017,0.8426386004588302,-0.1549210673654251
instance,39,71,0.8212393554745079,0.9649571069770476,-0.1549228070884272
restarting,39,71,0.8212393554745079,0.9649571069770476,-0.1549228070884272
bounce,49,89,1.0318135491859202,1.209594120013482,-0.15492628665188768
narrative,79,143,1.663536130320157,1.9435051591227859,-0.15493672628201693
heavily,109,197,2.2952587114543936,2.67741619823209,-0.15494716732199443
high,350,631,7.37009677989943,8.575886401443903,-0.15534787022727148
not_to,175,316,3.685048389949715,4.294738673306297,-0.15560152597904775
ball,141,255,2.969096131330913,3.465691018016157,-0.15652256685345112
unique,357,645,7.5174987154974175,8.766159633805573,-0.15751554313487492
starting,296,535,6.232996133857803,7.271155665249585,-0.15762952580301537
never,828,1495,17.435543239304934,20.318463027192763,-0.1577462933155207
targeting,30,55,0.6317225811342368,0.7475019842779946,-0.15849776633639046
manage,108,196,2.2742012920832524,2.663825253063399,-0.15901707856874125
half,456,825,9.6021832332404,11.212529764169918,-0.15919733972383998
qol,67,122,1.4108470978664625,1.658095310580279,-0.15982334374758622
not_on,20,37,0.42114838742282457,0.50286497124156,-0.1601935228169058
aforementioned,20,37,0.42114838742282457,0.50286497124156,-0.1601935228169058
shared,20,37,0.42114838742282457,0.50286497124156,-0.1601935228169058
raise,20,37,0.42114838742282457,0.50286497124156,-0.1601935228169058
waiting,183,332,3.853507744918845,4.5121937960053495,-0.1603954206481646
floor,136,247,2.863809034475207,3.3569634566666307,-0.160619606997642
section,57,104,1.20027290415505,1.4134582975438446,-0.16066055329740436
influence,36,66,0.7580670973610842,0.8970023811335935,-0.16091034384904646
continuously,15,28,0.3158612905671184,0.38054646472334275,-0.16183516898313322
apps,15,28,0.3158612905671184,0.38054646472334275,-0.16183516898313322
perform,31,57,0.652780000505378,0.7746838746153762,-0.16184100514295707
variations,31,57,0.652780000505378,0.7746838746153762,-0.16184100514295707
hopefully,106,193,2.2320864533409703,2.623052417557327,-0.16219066881591893
social,26,48,0.547492903649672,0.652365368097159,-0.16311558983566954
search,26,48,0.547492903649672,0.652365368097159,-0.16311558983566954
too_quickly,26,48,0.547492903649672,0.652365368097159,-0.16311558983566954
finishing,53,97,1.1160432266704852,1.3183216813630088,-0.16312552327899787
lost,286,520,6.022421940146391,7.067291487719222,-0.16349588917182079
problem,498,905,10.48659484682833,12.299805377665185,-0.16373974353370535
helldivers,10,19,0.21057419371141228,0.2582279582051254,-0.16496332245370482
worth buying,10,19,0.21057419371141228,0.2582279582051254,-0.16496332245370482
misses mark,10,19,0.21057419371141228,0.2582279582051254,-0.16496332245370482
run start,10,19,0.21057419371141228,0.2582279582051254,-0.16496332245370482
fun want,10,19,0.21057419371141228,0.2582279582051254,-0.16496332245370482
extremely difficult,10,19,0.21057419371141228,0.2582279582051254,-0.16496332245370482
inherently,10,19,0.21057419371141228,0.2582279582051254,-0.16496332245370482
amusing,10,19,0.21057419371141228,0.2582279582051254,-0.16496332245370482
backtrack,10,19,0.21057419371141228,0.2582279582051254,-0.16496332245370482
chunk,21,39,0.44220580679396576,0.5300468615789417,-0.1649674188572483
danger,21,39,0.44220580679396576,0.5300468615789417,-0.1649674188572483
dedicated,21,39,0.44220580679396576,0.5300468615789417,-0.1649674188572483
engagement,21,39,0.44220580679396576,0.5300468615789417,-0.1649674188572483
innovative,21,39,0.44220580679396576,0.5300468615789417,-0.1649674188572483
face,131,239,2.758521937619501,3.248235895317104,-0.1650083941103624
drops,138,252,2.9059238732174895,3.4249181825100847,-0.16608992458282135
repeat,166,303,3.4955316156094436,4.118056386113316,-0.1662188141366876
bad design,38,70,0.8001819361033667,0.9513661618083568,-0.16625510266475274
along,122,223,2.56900516327923,3.030780772618051,-0.1666302264307742
want try,27,50,0.5685503230208131,0.6795472584345406,-0.16675389758021986
quickly,424,773,8.928345813363881,10.505800615397996,-0.16676505665648556
decent,307,560,6.464627746940357,7.610929294466854,-0.16685946654306605
waves,112,205,2.3584309695678174,2.7861437595816163,-0.16765339923344413
anytime,16,30,0.3369187099382597,0.40772835506072436,-0.16790253894196283
skill based,16,30,0.3369187099382597,0.40772835506072436,-0.16790253894196283
record,16,30,0.3369187099382597,0.40772835506072436,-0.16790253894196283
scrap,16,30,0.3369187099382597,0.40772835506072436,-0.16790253894196283
reflect,16,30,0.3369187099382597,0.40772835506072436,-0.16790253894196283
will_not able,16,30,0.3369187099382597,0.40772835506072436,-0.16790253894196283
layouts,33,61,0.6948948392476605,0.8290476552901395,-0.167908992453782
since,779,1422,16.403729690119018,19.326324029878332,-0.16864836934240124
easily,222,406,4.674747100393353,5.517923738488469,-0.1688488029731996
happily,22,41,0.463263226165107,0.5572287519163233,-0.1693064377464797
another run,22,41,0.463263226165107,0.5572287519163233,-0.1693064377464797
loot,185,339,3.8956225836611273,4.607330412186186,-0.17039290962532228
luck based,34,63,0.7159522586188017,0.8562295456275212,-0.17067077121381935
deadline,34,63,0.7159522586188017,0.8562295456275212,-0.17067077121381935
glitches,40,74,0.8422967748456491,1.00572994248312,-0.17105415324764373
randomly,222,407,4.674747100393353,5.53151468365716,-0.17130413943935618
comes,244,448,5.13801032655846,6.088743435573484,-0.17298296233331278
introducing,11,21,0.2316316130825535,0.28540984854250706,-0.17326274253389862
edit review,11,21,0.2316316130825535,0.28540984854250706,-0.17326274253389862
surprising,11,21,0.2316316130825535,0.28540984854250706,-0.17326274253389862
newer,11,21,0.2316316130825535,0.28540984854250706,-0.17326274253389862
never enough,11,21,0.2316316130825535,0.28540984854250706,-0.17326274253389862
too_tedious,11,21,0.2316316130825535,0.28540984854250706,-0.17326274253389862
core idea,11,21,0.2316316130825535,0.28540984854250706,-0.17326274253389862
streamlined,11,21,0.2316316130825535,0.28540984854250706,-0.17326274253389862
lengthy,11,21,0.2316316130825535,0.28540984854250706,-0.17326274253389862
supplies,11,21,0.2316316130825535,0.28540984854250706,-0.17326274253389862
maximize,11,21,0.2316316130825535,0.28540984854250706,-0.17326274253389862
wish recommend,11,21,0.2316316130825535,0.28540984854250706,-0.17326274253389862
abruptly,11,21,0.2316316130825535,0.28540984854250706,-0.17326274253389862
good review,11,21,0.2316316130825535,0.28540984854250706,-0.17326274253389862
enemy attack,17,32,0.35797612930940087,0.4349102453981059,-0.1732650993628848
mouth,17,32,0.35797612930940087,0.4349102453981059,-0.1732650993628848
pleasant,17,32,0.35797612930940087,0.4349102453981059,-0.1732650993628848
consists,23,43,0.4843206455362482,0.5844106422537049,-0.17326745625615025
fun gameplay,23,43,0.4843206455362482,0.5844106422537049,-0.17326745625615025
taking,197,362,4.148311616114822,4.919922151066073,-0.17333583413425124
god,156,287,3.2849574218980315,3.900601263414263,-0.173898812998865
addition,78,144,1.6424787109490158,1.9570961042914767,-0.1744393749946891
offers,66,122,1.389789678495321,1.658095310580279,-0.17464050611500603
tower,206,379,4.337828390455093,5.1509682189338175,-0.17465670200454486
introduced,42,78,0.8844116135879315,1.0600937231578833,-0.1753870778634372
however,614,1129,12.929255493880714,15.344177095451926,-0.17571813803744885
promise,67,124,1.4108470978664625,1.6852772009176604,-0.17595541965750172
falling,30,56,0.6317225811342368,0.7610929294466855,-0.17619869030334812
stops,61,113,1.284502581639615,1.5357768040620616,-0.1762110935093304
breaking bugs,24,45,0.5053780649073895,0.6115925325910865,-0.17689784160324962
furthermore,24,45,0.5053780649073895,0.6115925325910865,-0.17689784160324962
level,1194,2199,25.142558729142625,29.886488425951097,-0.17791643042473293
complaining,18,34,0.3790335486805421,0.4620921357354876,-0.1780389953980226
insta,18,34,0.3790335486805421,0.4620921357354876,-0.1780389953980226
problematic,18,34,0.3790335486805421,0.4620921357354876,-0.1780389953980226
region,18,34,0.3790335486805421,0.4620921357354876,-0.1780389953980226
cut scenes,18,34,0.3790335486805421,0.4620921357354876,-0.1780389953980226
end day,37,69,0.7791245167322254,0.937775216639666,-0.1780466836403356
nonsense,37,69,0.7791245167322254,0.937775216639666,-0.1780466836403356
stars,37,69,0.7791245167322254,0.937775216639666,-0.1780466836403356
craft,50,93,1.0528709685570614,1.2639579006882455,-0.1786120825143076
held,31,58,0.652780000505378,0.7882748197840671,-0.17893678537344115
tired,76,141,1.6003638722067335,1.9163232687854044,-0.1791752329676335
was_not enough,12,23,0.25268903245369473,0.31259173887988867,-0.18023202911843228
good however,12,23,0.25268903245369473,0.31259173887988867,-0.18023202911843228
mental,12,23,0.25268903245369473,0.31259173887988867,-0.18023202911843228
realised,12,23,0.25268903245369473,0.31259173887988867,-0.18023202911843228
consumer,12,23,0.25268903245369473,0.31259173887988867,-0.18023202911843228
change anything,12,23,0.25268903245369473,0.31259173887988867,-0.18023202911843228
solely,25,47,0.5264354842785307,0.6387744229284681,-0.18023736016822944
excitement,25,47,0.5264354842785307,0.6387744229284681,-0.18023736016822944
underwhelming,77,143,1.6214212915778745,1.9435051591227859,-0.1802586875300456
helpful,32,60,0.6738374198765194,0.8154567101214487,-0.18150216429072863
results,52,97,1.094985807299344,1.3183216813630088,-0.18181973281305908
beta,52,97,1.094985807299344,1.3183216813630088,-0.18181973281305908
great,1148,2123,24.17391743807013,28.853576593130594,-0.1820074492942405
bunch,181,336,3.811392906176562,4.566557576680113,-0.18327447520502194
feelings,26,49,0.547492903649672,0.6659563132658497,-0.183319644008046
continuing,26,49,0.547492903649672,0.6659563132658497,-0.183319644008046
repeatedly,53,99,1.1160432266704852,1.3455035717003903,-0.18333092448583344
layer,33,62,0.6948948392476605,0.8426386004588302,-0.18391068067866279
test,74,138,1.5582490334644508,1.875550433279332,-0.18413952899243924
created,40,75,0.8422967748456491,1.019320887651811,-0.18430072689968924
point,919,1704,19.351768402078786,23.158970567449142,-0.18445580532536532
devs,665,1235,14.003183881808917,16.78481728333315,-0.185750414657738
insulting,13,25,0.273746451824836,0.3397736292172703,-0.18616738190963567
imho,13,25,0.273746451824836,0.3397736292172703,-0.18616738190963567
messed,13,25,0.273746451824836,0.3397736292172703,-0.18616738190963567
handled,13,25,0.273746451824836,0.3397736292172703,-0.18616738190963567
music great,13,25,0.273746451824836,0.3397736292172703,-0.18616738190963567
trapped,13,25,0.273746451824836,0.3397736292172703,-0.18616738190963567
needless,13,25,0.273746451824836,0.3397736292172703,-0.18616738190963567
stat upgrades,13,25,0.273746451824836,0.3397736292172703,-0.18616738190963567
percent,20,38,0.42114838742282457,0.5164559164102508,-0.18617035605507049
equally,20,38,0.42114838742282457,0.5164559164102508,-0.18617035605507049
fits,20,38,0.42114838742282457,0.5164559164102508,-0.18617035605507049
scales,27,51,0.5685503230208131,0.6931382036032313,-0.18617333029580863
tone,27,51,0.5685503230208131,0.6931382036032313,-0.18617333029580863
debuff,27,51,0.5685503230208131,0.6931382036032313,-0.18617333029580863
share,34,64,0.7159522586188017,0.8698204907962118,-0.18617630463185364
loose,34,64,0.7159522586188017,0.8698204907962118,-0.18617630463185364
thoughts,41,77,0.8633541942167904,1.0465027779891924,-0.1861792790632144
changed,140,261,2.948038711959772,3.547236689028302,-0.18676695366952067
ahead,70,131,1.474019355979886,1.7804138170984964,-0.18727463229092223
continue,192,358,4.043024519259116,4.865558370391311,-0.18783722613860743
position,42,79,0.8844116135879315,1.0736846683265742,-0.1879672069795788
unlike,71,133,1.495076775351027,1.807595707435878,-0.18832688509388795
main,495,922,10.423422588714908,12.530851445532928,-0.18838899957354283
mechanics,861,1603,18.130438078552597,21.78628510541137,-0.18849392446266489
skipping,28,53,0.5896077423919543,0.720320093940613,-0.18882295577568264
rolling,57,107,1.20027290415505,1.454231133049917,-0.18883547113889598
hidden,86,161,1.8109380659181455,2.1881421721592207,-0.18884798816620751
terms,138,258,2.9059238732174895,3.5064638535222294,-0.18953658093218184
flavor,21,40,0.44220580679396576,0.5436378067476324,-0.1896613782861536
shine,21,40,0.44220580679396576,0.5436378067476324,-0.1896613782861536
aren,21,40,0.44220580679396576,0.5436378067476324,-0.1896613782861536
enough keep,21,40,0.44220580679396576,0.5436378067476324,-0.1896613782861536
enough damage,21,40,0.44220580679396576,0.5436378067476324,-0.1896613782861536
mainly,43,81,0.9054690329590728,1.1008665586639557,-0.18967091869046548
prevent,43,81,0.9054690329590728,1.1008665586639557,-0.18967091869046548
half health,14,27,0.2948038711959772,0.36695551955465194,-0.19128309985073777
vulnerable,14,27,0.2948038711959772,0.36695551955465194,-0.19128309985073777
regards,14,27,0.2948038711959772,0.36695551955465194,-0.19128309985073777
cold,14,27,0.2948038711959772,0.36695551955465194,-0.19128309985073777
kicks,14,27,0.2948038711959772,0.36695551955465194,-0.19128309985073777
joke,74,139,1.5582490334644508,1.8891413784480229,-0.1913093654891913
forcing,82,154,1.7267083884335808,2.093005555978385,-0.19174315797372543
solid,166,311,3.4955316156094436,4.226783947462843,-0.19220507913150975
started,189,354,3.979852261145692,4.811194589716547,-0.19229958556992788
granted,22,42,0.463263226165107,0.5708196970850141,-0.19283828199883324
cosmetic,22,42,0.463263226165107,0.5708196970850141,-0.19283828199883324
points,290,543,6.1066516176309555,7.379883226599111,-0.19287673053783738
system,802,1500,16.888050335655265,20.386417753036216,-0.19300923023512873
loss,46,87,0.9686412910724964,1.1824122296761006,-0.19433237016593274
balls,93,175,1.9583400015161343,2.378415404520892,-0.19435330658967054
missiles,15,29,0.3158612905671184,0.39413740989203355,-0.19573806747739297
fills,15,29,0.3158612905671184,0.39413740989203355,-0.19573806747739297
aggressive,23,44,0.4843206455362482,0.5980015874223957,-0.1957416589539971
catching,23,44,0.4843206455362482,0.5980015874223957,-0.1957416589539971
situations,47,89,0.9896987104436378,1.209594120013482,-0.1957524341771535
decisions,135,254,2.8427516151040657,3.4521000728474664,-0.1957919535127477
goal,88,166,1.853052904660428,2.2560968980026748,-0.1965197962491736
keep,693,1301,14.59279162420087,17.681819664466747,-0.1966201297558703
upgrade,592,1112,12.465992267715606,15.113131027584183,-0.197010252540057
yes,244,459,5.13801032655846,6.238243832429083,-0.19720138756350103
greatly,32,61,0.6738374198765194,0.8290476552901395,-0.19776403203913695
foundation,49,93,1.0318135491859202,1.2639579006882455,-0.19841678631945925
somewhere,75,142,1.579306452835592,1.9299142139540952,-0.19926831083830443
entire,338,637,7.117407747445735,8.657432072456047,-0.19961589637266464
too_many bugs,16,31,0.3369187099382597,0.4213193002294151,-0.1996525840787502
reaction,16,31,0.3369187099382597,0.4213193002294151,-0.1996525840787502
media,16,31,0.3369187099382597,0.4213193002294151,-0.1996525840787502
packs,33,63,0.6948948392476605,0.8562295456275212,-0.19966038452705703
hurts,33,63,0.6948948392476605,0.8562295456275212,-0.19966038452705703
enough,1148,2163,24.17391743807013,29.397214399878223,-0.20071873350149616
not_well,25,48,0.5264354842785307,0.652365368097159,-0.20085799422401074
mage,34,65,0.7159522586188017,0.8834114359649028,-0.20144512364652556
cap,34,65,0.7159522586188017,0.8834114359649028,-0.20144512364652556
fundamental,34,65,0.7159522586188017,0.8834114359649028,-0.20144512364652556
payoff,17,33,0.35797612930940087,0.44850119056679677,-0.20311940933840056
hyper,17,33,0.35797612930940087,0.44850119056679677,-0.20311940933840056
touching,17,33,0.35797612930940087,0.44850119056679677,-0.20311940933840056
sudden,26,50,0.547492903649672,0.6795472584345406,-0.2031236181608982
not_enough content,26,50,0.547492903649672,0.6795472584345406,-0.2031236181608982
green,35,67,0.737009677989943,0.9105933263022844,-0.2031278271584238
interactions,62,118,1.305560001010756,1.6037315299055157,-0.20314045520124857
insane,116,220,2.4426606470523824,2.9900079371119785,-0.20316571601403588
cost,199,377,4.190426454857104,5.123786328596435,-0.20379291689766177
gods,54,103,1.1371006460416262,1.3998673523751537,-0.20420581024509943
near,146,277,3.0743832281866195,3.764691811727355,-0.20437996180470286
stated,36,69,0.7580670973610842,0.937775216639666,-0.2047170071754163
complaints,27,52,0.5685503230208131,0.7067291487719223,-0.2052228721268019
unit,111,211,2.3373735501966766,2.867689430593761,-0.2052626121750034
storm,18,35,0.3790335486805421,0.4756830809041784,-0.20621121919418073
themed,18,35,0.3790335486805421,0.4756830809041784,-0.20621121919418073
patched,18,35,0.3790335486805421,0.4756830809041784,-0.20621121919418073
lead,66,126,1.389789678495321,1.7124590912550424,-0.20664862516850135
provide,66,126,1.389789678495321,1.7124590912550424,-0.20664862516850135
worthwhile,28,54,0.5896077423919543,0.7339110391093039,-0.20717344130780724
came,155,295,3.2639000025268903,4.009328824763789,-0.20770044061109516
knowing,68,130,1.4319045172376035,1.7668228719298056,-0.2082462115322521
example,285,542,6.001364520775249,7.366292281430419,-0.20837729989444131
challenging,138,263,2.9059238732174895,3.574418579365683,-0.20866435857665966
bad review,19,37,0.40009096805168337,0.50286497124156,-0.20898576336596086
drawing,29,56,0.6106651617630956,0.7610929294466855,-0.208990589549078
randomized,39,75,0.8212393554745079,1.019320887651811,-0.20899541595591664
struggle,50,96,1.0528709685570614,1.304730736194318,-0.21003231956261104
couple,286,545,6.022421940146391,7.407065116936492,-0.21039851649875363
unfair,102,195,2.1478567758564053,2.650234307894708,-0.21055801642906857
vague,30,58,0.6317225811342368,0.7882748197840671,-0.21068756011507084
full price,51,98,1.0739283879282027,1.3319126265316994,-0.2110237227091183
applied,20,39,0.42114838742282457,0.5300468615789417,-0.2114895108760777
defence,20,39,0.42114838742282457,0.5300468615789417,-0.2114895108760777
per turn,20,39,0.42114838742282457,0.5300468615789417,-0.2114895108760777
destroy,41,79,0.8633541942167904,1.0736846683265742,-0.21149978086425136
breaking,105,201,2.2110290339698286,2.7317799789068533,-0.2120028012484525
suck,84,161,1.768823227175863,2.1881421721592207,-0.21210900365458762
blood,31,60,0.652780000505378,0.8154567101214487,-0.21227589938884428
today,42,81,0.8844116135879315,1.1008665586639557,-0.2126625133939548
single,588,1122,12.381762590231043,15.24904047927109,-0.21274487467706482
loved,118,226,2.484775485794665,3.0715536081241233,-0.21300740309265187
insanely,64,123,1.3476748397530387,1.6716862557489698,-0.21304856598368005
top notch,10,20,0.21057419371141228,0.2718189033738162,-0.2137548334253907
seek,10,20,0.21057419371141228,0.2718189033738162,-0.2137548334253907
stunned,10,20,0.21057419371141228,0.2718189033738162,-0.2137548334253907
social media,10,20,0.21057419371141228,0.2718189033738162,-0.2137548334253907
not_having fun,10,20,0.21057419371141228,0.2718189033738162,-0.2137548334253907
devil,10,20,0.21057419371141228,0.2718189033738162,-0.2137548334253907
pains,10,20,0.21057419371141228,0.2718189033738162,-0.2137548334253907
great however,10,20,0.21057419371141228,0.2718189033738162,-0.2137548334253907
battling,10,20,0.21057419371141228,0.2718189033738162,-0.2137548334253907
advanced,21,41,0.44220580679396576,0.5572287519163233,-0.21376027670556041
mechanically,32,62,0.6738374198765194,0.8426386004588302,-0.21376572026401774
arenas,22,43,0.463263226165107,0.5844106422537049,-0.215829147067506
steep,22,43,0.463263226165107,0.5844106422537049,-0.215829147067506
odds,57,110,1.20027290415505,1.4950039685559893,-0.2162384862181348
health,483,926,10.170733556261213,12.585215226207692,-0.21723468529382295
replay ability,11,22,0.2316316130825535,0.29900079371119787,-0.21771585191061327
nothing changed,11,22,0.2316316130825535,0.29900079371119787,-0.21771585191061327
ironically,11,22,0.2316316130825535,0.29900079371119787,-0.21771585191061327
teeth,11,22,0.2316316130825535,0.29900079371119787,-0.21771585191061327
damages,11,22,0.2316316130825535,0.29900079371119787,-0.21771585191061327
skilled,11,22,0.2316316130825535,0.29900079371119787,-0.21771585191061327
too_rng,11,22,0.2316316130825535,0.29900079371119787,-0.21771585191061327
surprisingly,23,45,0.4843206455362482,0.6115925325910865,-0.21772191252037487
too_big,23,45,0.4843206455362482,0.6115925325910865,-0.21772191252037487
times,766,1469,16.12998323829418,19.965098452806803,-0.21804102605624287
traps,145,279,3.0533258088154778,3.7918737020647364,-0.21837918781932153
especially,473,908,9.9601593625498,12.340578213171256,-0.2185003107304304
enjoyable,219,421,4.6115748422799285,5.721787916018831,-0.2186116011735848
potions,36,70,0.7580670973610842,0.9513661618083568,-0.21890298906032513
effect,148,285,3.1164980669289015,3.8734193730768816,-0.21924356412225698
ignored,24,47,0.5053780649073895,0.6387744229284681,-0.2194601497226909
ingame,24,47,0.5053780649073895,0.6387744229284681,-0.2194601497226909
sorts,24,47,0.5053780649073895,0.6387744229284681,-0.2194601497226909
handle,49,95,1.0318135491859202,1.291139791025627,-0.21947288939209386
improvement,50,97,1.0528709685570614,1.3183216813630088,-0.22029016667173806
flying,63,122,1.3266174203818974,1.658095310580279,-0.2204562718672598
content updates,12,24,0.25268903245369473,0.3261826840485795,-0.22105537044819812
power fantasy,12,24,0.25268903245369473,0.3261826840485795,-0.22105537044819812
boring quick,12,24,0.25268903245369473,0.3261826840485795,-0.22105537044819812
risky,12,24,0.25268903245369473,0.3261826840485795,-0.22105537044819812
sideways,12,24,0.25268903245369473,0.3261826840485795,-0.22105537044819812
regret buying,12,24,0.25268903245369473,0.3261826840485795,-0.22105537044819812
big deal,12,24,0.25268903245369473,0.3261826840485795,-0.22105537044819812
notch,12,24,0.25268903245369473,0.3261826840485795,-0.22105537044819812
need use,12,24,0.25268903245369473,0.3261826840485795,-0.22105537044819812
recommend right,12,24,0.25268903245369473,0.3261826840485795,-0.22105537044819812
trade,25,49,0.5264354842785307,0.6659563132658497,-0.2210620483963872
wild,25,49,0.5264354842785307,0.6659563132658497,-0.2210620483963872
failing,38,74,0.8001819361033667,1.00572994248312,-0.22106872674970468
foot,26,51,0.547492903649672,0.6931382036032313,-0.22254305087648696
avoiding,26,51,0.547492903649672,0.6931382036032313,-0.22254305087648696
limited,327,631,6.885776134363181,8.575886401443903,-0.22316827369372394
spice,13,26,0.273746451824836,0.35336457438596114,-0.22390905670561878
restricted,13,26,0.273746451824836,0.35336457438596114,-0.22390905670561878
fun hour,13,26,0.273746451824836,0.35336457438596114,-0.22390905670561878
former,13,26,0.273746451824836,0.35336457438596114,-0.22390905670561878
philosophy,13,26,0.273746451824836,0.35336457438596114,-0.22390905670561878
tacked,13,26,0.273746451824836,0.35336457438596114,-0.22390905670561878
primarily,27,53,0.5685503230208131,0.720320093940613,-0.22391635200106919
facing,41,80,0.8633541942167904,1.0872756134952648,-0.22392364777390306
compare,55,107,1.1581580654127674,1.454231133049917,-0.22393094402416835
leveling,86,167,1.8109380659181455,2.2696878431713654,-0.2252237147235423
random,667,1289,14.045298720551198,17.518728322442456,-0.22558246188600606
slightly different,14,28,0.2948038711959772,0.38054646472334275,-0.2263757664787729
no_where,14,28,0.2948038711959772,0.38054646472334275,-0.2263757664787729
inventory management,14,28,0.2948038711959772,0.38054646472334275,-0.2263757664787729
carrying,14,28,0.2948038711959772,0.38054646472334275,-0.2263757664787729
driven,14,28,0.2948038711959772,0.38054646472334275,-0.2263757664787729
produce,14,28,0.2948038711959772,0.38054646472334275,-0.2263757664787729
not_take,14,28,0.2948038711959772,0.38054646472334275,-0.2263757664787729
services,14,28,0.2948038711959772,0.38054646472334275,-0.2263757664787729
real shame,15,30,0.3158612905671184,0.40772835506072436,-0.22852923712077633
random chance,15,30,0.3158612905671184,0.40772835506072436,-0.22852923712077633
fun experience,15,30,0.3158612905671184,0.40772835506072436,-0.22852923712077633
preventing,15,30,0.3158612905671184,0.40772835506072436,-0.22852923712077633
unusable,15,30,0.3158612905671184,0.40772835506072436,-0.22852923712077633
tough,48,94,1.010756129814779,1.2775488458569362,-0.22920502640867113
core gameplay,99,193,2.0846845177429816,2.623052417557327,-0.22986385445243407
stat,149,290,3.137555486300043,3.941374098920335,-0.22989069182990374
truth,16,32,0.3369187099382597,0.4349102453981059,-0.2304255895695242
companion,16,32,0.3369187099382597,0.4349102453981059,-0.2304255895695242
deck builders,16,32,0.3369187099382597,0.4349102453981059,-0.2304255895695242
lower,85,166,1.7898806465470045,2.2560968980026748,-0.23081509973338044
forces,87,170,1.8319954852892868,2.3104606786774378,-0.23149656054852308
writing review,17,34,0.35797612930940087,0.4620921357354876,-0.23210829303930147
drain,17,34,0.35797612930940087,0.4620921357354876,-0.23210829303930147
dragged,17,34,0.35797612930940087,0.4620921357354876,-0.23210829303930147
storytelling,17,34,0.35797612930940087,0.4620921357354876,-0.23210829303930147
whereas,17,34,0.35797612930940087,0.4620921357354876,-0.23210829303930147
ceiling,17,34,0.35797612930940087,0.4620921357354876,-0.23210829303930147
rigged,17,34,0.35797612930940087,0.4620921357354876,-0.23210829303930147
roguelike deckbuilder,17,34,0.35797612930940087,0.4620921357354876,-0.23210829303930147
no_progression,17,34,0.35797612930940087,0.4620921357354876,-0.23210829303930147
sitting,53,104,1.1160432266704852,1.4134582975438446,-0.23212782341030547
various,89,174,1.8741103240315693,2.364824459352201,-0.23214735708303635
third,145,283,3.0533258088154778,3.8462374827395,-0.23256921191827562
matters,55,108,1.1581580654127674,1.4678220782186078,-0.23314894609098502
lore,93,182,1.9583400015161343,2.4735520207017276,-0.23336489402799288
endlessly,18,36,0.3790335486805421,0.4892740260728692,-0.23361154021357322
mobility,18,36,0.3790335486805421,0.4892740260728692,-0.23361154021357322
dead end,18,36,0.3790335486805421,0.4892740260728692,-0.23361154021357322
simply,410,800,8.633541942167904,10.872756134952649,-0.23461557915380205
core mechanic,19,38,0.40009096805168337,0.5164559164102508,-0.23496259660412555
playtime,102,200,2.1478567758564053,2.7181890337381622,-0.235755000883632
total,103,202,2.1689141952275466,2.7453709240755435,-0.23599477848018502
fun,2818,5494,59.339807787875976,74.66865275678732,-0.2361363333066464
frustrating experience,20,40,0.42114838742282457,0.5436378067476324,-0.236183470304983
wears,20,40,0.42114838742282457,0.5436378067476324,-0.236183470304983
finger,20,40,0.42114838742282457,0.5436378067476324,-0.236183470304983
vote,20,40,0.42114838742282457,0.5436378067476324,-0.236183470304983
needing,41,81,0.8633541942167904,1.1008665586639557,-0.23619508727862737
mana,83,163,1.7477658078047218,2.2153240624966024,-0.23621832467055448
absolute,105,206,2.2110290339698286,2.7997347047503074,-0.23646063279306517
want recommend,21,42,0.44220580679396576,0.5708196970850141,-0.23729212095791397
questionable,43,85,0.9054690329590728,1.1552303393387189,-0.23730435534949912
max,179,351,3.76927806743428,4.770421754210475,-0.23789692163409093
improved,67,132,1.4108470978664625,1.794004762267187,-0.2380015865696592
done,409,801,8.612484522796763,10.88634708012134,-0.23830272103263628
normal difficulty,22,44,0.463263226165107,0.5980015874223957,-0.23830334976535283
exists,45,89,0.9475838717013553,1.209594120013482,-0.23831620158371258
element,91,179,1.9162251627738518,2.4327791851956553,-0.2383419093991801
usually,210,412,4.422058067939657,5.599469409500615,-0.2388298602562795
weapons,731,1433,15.392973560304236,19.475824426733933,-0.2399768597687677
throwing,49,97,1.0318135491859202,1.3183216813630088,-0.2400948704768897
possibly,52,103,1.094985807299344,1.3998673523751537,-0.24125123497357848
slay,237,466,4.99060839096047,6.333380448609917,-0.24131566719657016
motivation,26,52,0.547492903649672,0.7067291487719223,-0.24159259270748024
coming,164,323,3.4534167768671615,4.389875289487132,-0.24201406774994183
loads,27,54,0.5685503230208131,0.7339110391093039,-0.24226683753319378
kingdom,27,54,0.5685503230208131,0.7339110391093039,-0.24226683753319378
earlier,55,109,1.1581580654127674,1.4814130233872984,-0.24228277661796582
problems,170,335,3.579761293094009,4.5529666315114214,-0.24266733559086529
happens,146,288,3.0743832281866195,3.9141922085829535,-0.2432003563006928
joy,29,58,0.6106651617630956,0.7882748197840671,-0.24347945936080073
expand,29,58,0.6106651617630956,0.7882748197840671,-0.24347945936080073
biggest problem,29,58,0.6106651617630956,0.7882748197840671,-0.24347945936080073
rest,189,373,3.979852261145692,5.069422547921673,-0.24446319461285704
locked behind,63,125,1.3266174203818974,1.6988681460863513,-0.24455786441908955
difficult,329,649,6.927890973105464,8.820523414480336,-0.24519230365580658
saves,34,68,0.7159522586188017,0.9241842714709751,-0.2459009268798944
credit,34,68,0.7159522586188017,0.9241842714709751,-0.2459009268798944
bag,36,72,0.7580670973610842,0.9785480521457384,-0.2466852469587515
engage,37,74,0.7791245167322254,1.00572994248312,-0.24704628961019637
outcome,38,76,0.8001819361033667,1.0329118328205016,-0.2473887288729415
find,875,1728,18.425241949748575,23.485153251497724,-0.24756540514344927
period,40,80,0.8422967748456491,1.0872756134952648,-0.24802327582312955
individual,41,82,0.8633541942167904,1.1144575038326465,-0.24831779472569515
allow,130,258,2.7374645182483595,3.5064638535222294,-0.24882980584885583
leading,43,86,0.9054690329590728,1.1688212845074097,-0.24886652467255566
lets,92,183,1.9372825821449928,2.4871429658704183,-0.2495132117046861
team,185,367,3.8956225836611273,4.987876876909528,-0.24956795759274364
planning,46,92,0.9686412910724964,1.2503669555195547,-0.24960178348716688
separate,46,92,0.9686412910724964,1.2503669555195547,-0.24960178348716688
potentially,47,94,0.9896987104436378,1.2775488458569362,-0.24982639011175678
power,304,603,6.401455488826934,8.19533993672056,-0.2505649545258244
explore,110,219,2.316316130825535,2.9764169919432875,-0.251285407865824
negative,316,628,6.654144521280628,8.535113565937829,-0.2525407815324554
happen,141,281,2.969096131330913,3.819055592402118,-0.2532872218939817
including,81,162,1.7056509690624395,2.2017331173279113,-0.25420245546872877
aspects,104,208,2.189971614598688,2.826916595087689,-0.25555960647808895
value,150,300,3.158612905671184,4.077283550607244,-0.25704454276998856
matter,187,374,3.9377374224034094,5.0830134930903625,-0.2577210341566287
save,379,757,7.980761941662525,10.288345492698944,-0.2578664256735399
too_frustrating,10,21,0.21057419371141228,0.28540984854250706,-0.2602761958643516
find good,10,21,0.21057419371141228,0.28540984854250706,-0.2602761958643516
walk away,10,21,0.21057419371141228,0.28540984854250706,-0.2602761958643516
aswell,10,21,0.21057419371141228,0.28540984854250706,-0.2602761958643516
elaborate,10,21,0.21057419371141228,0.28540984854250706,-0.2602761958643516
marred,10,21,0.21057419371141228,0.28540984854250706,-0.2602761958643516
upgrades boring,11,23,0.2316316130825535,0.31259173887988867,-0.2602768131371036
justify price,11,23,0.2316316130825535,0.31259173887988867,-0.2602768131371036
charged,11,23,0.2316316130825535,0.31259173887988867,-0.2602768131371036
unenjoyable,11,23,0.2316316130825535,0.31259173887988867,-0.2602768131371036
avoided,11,23,0.2316316130825535,0.31259173887988867,-0.2602768131371036
laughably,11,23,0.2316316130825535,0.31259173887988867,-0.2602768131371036
earning,12,25,0.25268903245369473,0.3397736292172703,-0.2602774304128026
spend minutes,12,25,0.25268903245369473,0.3397736292172703,-0.2602774304128026
methods,12,25,0.25268903245369473,0.3397736292172703,-0.2602774304128026
tiring,12,25,0.25268903245369473,0.3397736292172703,-0.2602774304128026
seed,12,25,0.25268903245369473,0.3397736292172703,-0.2602774304128026
fun needs,12,25,0.25268903245369473,0.3397736292172703,-0.2602774304128026
theoretically,12,25,0.25268903245369473,0.3397736292172703,-0.2602774304128026
rings,13,27,0.273746451824836,0.36695551955465194,-0.260278047691445
change gameplay,13,27,0.273746451824836,0.36695551955465194,-0.260278047691445
mini bosses,13,27,0.273746451824836,0.36695551955465194,-0.260278047691445
evade,14,29,0.2948038711959772,0.39413740989203355,-0.26027866497303265
gap,14,29,0.2948038711959772,0.39413740989203355,-0.26027866497303265
excessive,14,29,0.2948038711959772,0.39413740989203355,-0.26027866497303265
thoroughly,14,29,0.2948038711959772,0.39413740989203355,-0.26027866497303265
decrease,14,29,0.2948038711959772,0.39413740989203355,-0.26027866497303265
modding,14,29,0.2948038711959772,0.39413740989203355,-0.26027866497303265
harvest,14,29,0.2948038711959772,0.39413740989203355,-0.26027866497303265
double nothing,14,29,0.2948038711959772,0.39413740989203355,-0.26027866497303265
overlapping,15,31,0.3158612905671184,0.4213193002294151,-0.2602792822575637
albeit,15,31,0.3158612905671184,0.4213193002294151,-0.2602792822575637
contain,15,31,0.3158612905671184,0.4213193002294151,-0.2602792822575637
forum,16,33,0.3369187099382597,0.44850119056679677,-0.26027989954503994
sandbox,16,33,0.3369187099382597,0.44850119056679677,-0.26027989954503994
usable,16,33,0.3369187099382597,0.44850119056679677,-0.26027989954503994
narrow,16,33,0.3369187099382597,0.44850119056679677,-0.26027989954503994
par,16,33,0.3369187099382597,0.44850119056679677,-0.26027989954503994
let start,17,35,0.35797612930940087,0.4756830809041784,-0.2602805168354596
qte,17,35,0.35797612930940087,0.4756830809041784,-0.2602805168354596
pay attention,17,35,0.35797612930940087,0.4756830809041784,-0.2602805168354596
report,17,35,0.35797612930940087,0.4756830809041784,-0.2602805168354596
unlimited,18,37,0.3790335486805421,0.50286497124156,-0.2602811341288245
flight,18,37,0.3790335486805421,0.50286497124156,-0.2602811341288245
reasonably,18,37,0.3790335486805421,0.50286497124156,-0.2602811341288245
fix issues,19,39,0.40009096805168337,0.5300468615789417,-0.26028175142513277
bounces,19,39,0.40009096805168337,0.5300468615789417,-0.26028175142513277
not_balanced,19,39,0.40009096805168337,0.5300468615789417,-0.26028175142513277
stealth,20,41,0.42114838742282457,0.5572287519163233,-0.2602823687243898
triggers,20,41,0.42114838742282457,0.5572287519163233,-0.2602823687243898
vary,21,43,0.44220580679396576,0.5844106422537049,-0.2602829860265867
carefully,21,43,0.44220580679396576,0.5844106422537049,-0.2602829860265867
bot,21,43,0.44220580679396576,0.5844106422537049,-0.2602829860265867
last update,21,43,0.44220580679396576,0.5844106422537049,-0.2602829860265867
unlockable,24,49,0.5053780649073895,0.6659563132658497,-0.26028483795084867
whilst,24,49,0.5053780649073895,0.6659563132658497,-0.26028483795084867
revive,24,49,0.5053780649073895,0.6659563132658497,-0.26028483795084867
welcome,25,51,0.5264354842785307,0.6931382036032313,-0.26028545526482816
start new,25,51,0.5264354842785307,0.6931382036032313,-0.26028545526482816
main issue,25,51,0.5264354842785307,0.6931382036032313,-0.26028545526482816
whose,25,51,0.5264354842785307,0.6931382036032313,-0.26028545526482816
occasional,27,55,0.5685503230208131,0.7475019842779946,-0.26028668990161563
especially since,28,57,0.5896077423919543,0.7746838746153762,-0.2602873072244254
status effects,28,57,0.5896077423919543,0.7746838746153762,-0.2602873072244254
styles,30,61,0.6317225811342368,0.8290476552901395,-0.2602885418788823
negatives,31,63,0.652780000505378,0.8562295456275212,-0.26028915921052764
earned,31,63,0.652780000505378,0.8562295456275212,-0.26028915921052764
received,32,65,0.6738374198765194,0.8834114359649028,-0.2602897765451182
fun little,33,67,0.6948948392476605,0.9105933263022844,-0.26029039388265396
differently,33,67,0.6948948392476605,0.9105933263022844,-0.26029039388265396
bleed,38,77,0.8001819361033667,1.0465027779891924,-0.26029348061450186
ish,38,77,0.8001819361033667,1.0465027779891924,-0.26029348061450186
opportunity,42,85,0.8844116135879315,1.1552303393387189,-0.26029595005298845
suffers,48,97,1.010756129814779,1.3183216813630088,-0.26029965429906987
favorite,57,115,1.20027290415505,1.5629586943994433,-0.2603052108669921
carry,59,119,1.2423877428973324,1.6173224750742066,-0.26030644569226347
objective,64,129,1.3476748397530387,1.7532319267611147,-0.260309532806982
exist,73,147,1.5371916140933097,1.997868939797549,-0.26031508979904494
cut,80,161,1.6845935496912983,2.1881421721592207,-0.2603194120689416
post,104,209,2.189971614598688,2.8405075402563797,-0.260334232375909
slots,107,215,2.2531438727121116,2.9220532112685245,-0.26033608503360206
stats,235,472,4.9484935522181885,6.414926119622063,-0.2625329070008853
skill,492,987,10.360250330601485,13.41426288149783,-0.26260310330032777
special,148,298,3.1164980669289015,4.050101660269862,-0.26371284153860763
focus,137,276,2.884866453846348,3.751100866558664,-0.26397260080604124
against,276,555,5.811847746434979,7.542974568623401,-0.26404679730530045
spent,227,457,4.7800341972490585,6.211061942091701,-0.2647892828806242
spend,343,692,7.222694844301441,9.404934056734042,-0.267729811929569
fair,126,255,2.653234840763795,3.465691018016157,-0.2681936910646483
implemented,60,122,1.2634451622684737,1.658095310580279,-0.2684717207357714
negative review,118,239,2.484775485794665,3.248235895317104,-0.26871382240660324
symbols,54,110,1.1371006460416262,1.4950039685559893,-0.26935454113661805
strategy,275,556,5.790790327063838,7.5565655137920915,-0.2694638087113024
dozens,50,102,1.0528709685570614,1.3862764072064626,-0.2700584109676978
mode,497,1005,10.46553742745719,13.658899894534267,-0.2705807354475471
largely,46,94,0.9686412910724964,1.2775488458569362,-0.2708818758056264
deal,231,468,4.8642638747336235,6.360562338947299,-0.27113763903695265
crew,91,185,1.9162251627738518,2.5143248562078004,-0.27113981480460936
removed,84,171,1.768823227175863,2.324051623846129,-0.2720206159160483
blocking,40,82,0.8422967748456491,1.1144575038326465,-0.27241742277492165
needed,205,416,4.316770971083952,5.653833190175378,-0.27246622980574386
effective,37,76,0.7791245167322254,1.0329118328205016,-0.2733662917334332
towards,135,275,2.8427516151040657,3.7375099213899734,-0.27495756625427603
don,133,271,2.800636776361783,3.6831461407152095,-0.27517261731613374
status,65,133,1.3687322591241797,1.807595707435878,-0.27535072161599494
spire,227,462,4.7800341972490585,6.279016667935156,-0.27565389085683645
tons,93,190,1.9583400015161343,2.582279582051254,-0.2761629460678563
bombs,30,62,0.6317225811342368,0.8426386004588302,-0.2762902301037631
rage,29,60,0.6106651617630956,0.8154567101214487,-0.27681857337620386
objectives,59,121,1.2423877428973324,1.644504365411588,-0.27683844161261995
good luck,58,119,1.2213303235261912,1.6173224750742066,-0.2771156405564259
numbers,145,296,3.0533258088154778,4.02291976993248,-0.2773446273580902
loops,28,58,0.5896077423919543,0.7882748197840671,-0.27738308745490947
several times,27,56,0.5685503230208131,0.7610929294466855,-0.2779876138685733
dice,196,400,4.127254196743681,5.4363780674763245,-0.27801100969053927
wall,138,282,2.9059238732174895,3.8326465375708088,-0.2781877510386792
comparison,54,111,1.1371006460416262,1.5085949137246801,-0.2783245580867142
fans,54,111,1.1371006460416262,1.5085949137246801,-0.2783245580867142
regarding,26,54,0.547492903649672,0.7339110391093039,-0.2786365581138721
trial error,26,54,0.547492903649672,0.7339110391093039,-0.2786365581138721
casual,78,160,1.6424787109490158,2.1745512269905296,-0.2791315502407432
review positive,25,52,0.5264354842785307,0.7067291487719223,-0.27933499709582144
tanky,25,52,0.5264354842785307,0.7067291487719223,-0.27933499709582144
reached,51,105,1.0739283879282027,1.427049242712535,-0.2793523953436523
borderline,24,50,0.5053780649073895,0.6795472584345406,-0.28008881210370085
hollow knight,24,50,0.5053780649073895,0.6795472584345406,-0.28008881210370085
wildly,24,50,0.5053780649073895,0.6795472584345406,-0.28008881210370085
learning curve,23,48,0.4843206455362482,0.652365368097159,-0.28090485469559745
remains,23,48,0.4843206455362482,0.652365368097159,-0.28090485469559745
agency,47,97,0.9896987104436378,1.3183216813630088,-0.2809210180021555
offered,47,97,0.9896987104436378,1.3183216813630088,-0.2809210180021555
heavy,118,242,2.484775485794665,3.289008730823176,-0.28114038401488095
levels,540,1104,11.371006460416263,15.004403466234656,-0.2816689395309302
heat,22,46,0.463263226165107,0.6251834777597773,-0.28179115540211086
importantly,22,46,0.463263226165107,0.6251834777597773,-0.28179115540211086
built,91,187,1.9162251627738518,2.5415067465451813,-0.28183779813002197
perfect,136,279,2.863809034475207,3.7918737020647364,-0.28202357581239745
good good,21,44,0.44220580679396576,0.5980015874223957,-0.28275718872443356
pulling,21,44,0.44220580679396576,0.5980015874223957,-0.28275718872443356
practically,43,89,0.9054690329590728,1.209594120013482,-0.282772117125063
different,890,1821,18.741103240315695,24.749111152185964,-0.28307300850363326
finding,105,216,2.2110290339698286,2.9356441564372155,-0.283652664565162
supporting,20,42,0.42114838742282457,0.5708196970850141,-0.28381421297674336
additions,20,42,0.42114838742282457,0.5708196970850141,-0.28381421297674336
lovely,20,42,0.42114838742282457,0.5708196970850141,-0.28381421297674336
unforgiving,20,42,0.42114838742282457,0.5708196970850141,-0.28381421297674336
story mode,20,42,0.42114838742282457,0.5708196970850141,-0.28381421297674336
discussions,20,42,0.42114838742282457,0.5708196970850141,-0.28381421297674336
gameplay fun,41,85,0.8633541942167904,1.1552303393387189,-0.283828523937661
intense,19,40,0.40009096805168337,0.5436378067476324,-0.28497571085403806
bonus,79,163,1.663536130320157,2.2153240624966024,-0.285016795419212
learning,99,204,2.0846845177429816,2.7725528144129252,-0.2850304929246885
sink,37,77,0.7791245167322254,1.0465027779891924,-0.28627104347499355
sub,36,75,0.7580670973610842,1.019320887651811,-0.2869631867973226
follows,17,36,0.35797612930940087,0.4892740260728692,-0.2876808378548521
relying,17,36,0.35797612930940087,0.4892740260728692,-0.2876808378548521
subsequent,17,36,0.35797612930940087,0.4892740260728692,-0.2876808378548521
replayable,17,36,0.35797612930940087,0.4892740260728692,-0.2876808378548521
active,71,147,1.495076775351027,1.997868939797549,-0.28771821719914925
gold,212,437,4.464172906681941,5.939243038717884,-0.28819667945904826
trial,34,71,0.7159522586188017,0.9649571069770476,-0.28846458197755
limits,34,71,0.7159522586188017,0.9649571069770476,-0.28846458197755
exact,139,287,2.9269812925886307,3.900601263414263,-0.288537503575486
picks,16,34,0.3369187099382597,0.4620921357354876,-0.28926878324594085
explanations,16,34,0.3369187099382597,0.4620921357354876,-0.28926878324594085
naturally,16,34,0.3369187099382597,0.4620921357354876,-0.28926878324594085
different weapons,16,34,0.3369187099382597,0.4620921357354876,-0.28926878324594085
determined,16,34,0.3369187099382597,0.4620921357354876,-0.28926878324594085
climb,16,34,0.3369187099382597,0.4620921357354876,-0.28926878324594085
tuning,16,34,0.3369187099382597,0.4620921357354876,-0.28926878324594085
edge,33,69,0.6948948392476605,0.937775216639666,-0.2892806245363708
slay spire,219,452,4.6115748422799285,6.1431072162482465,-0.2895401869516343
remove,116,240,2.4426606470523824,3.261826840485795,-0.2898268916705984
variation,49,102,1.0318135491859202,1.3862764072064626,-0.28986311477284943
highly recommend,15,32,0.3158612905671184,0.4349102453981059,-0.2910522877483377
overall good,15,32,0.3158612905671184,0.4349102453981059,-0.2910522877483377
basis,15,32,0.3158612905671184,0.4349102453981059,-0.2910522877483377
not_care,15,32,0.3158612905671184,0.4349102453981059,-0.2910522877483377
con,15,32,0.3158612905671184,0.4349102453981059,-0.2910522877483377
contribute,15,32,0.3158612905671184,0.4349102453981059,-0.2910522877483377
relevant,31,65,0.652780000505378,0.8834114359649028,-0.29106351164323385
ignore,62,129,1.305560001010756,1.7532319267611147,-0.29156622944545774
pit,30,63,0.6317225811342368,0.8562295456275212,-0.2920399339521573
caused,30,63,0.6317225811342368,0.8562295456275212,-0.2920399339521573
requirements,45,94,0.9475838717013553,1.2775488458569362,-0.2923901575183159
heal,120,249,2.5268903245369474,3.384145347004012,-0.2928780829201836
waves enemies,14,30,0.2948038711959772,0.40772835506072436,-0.293069834616416
melee weapons,14,30,0.2948038711959772,0.40772835506072436,-0.293069834616416
exclusively,14,30,0.2948038711959772,0.40772835506072436,-0.293069834616416
adapt,14,30,0.2948038711959772,0.40772835506072436,-0.293069834616416
apparent,29,61,0.6106651617630956,0.8290476552901395,-0.2930804411246122
unless,350,725,7.37009677989943,9.853435247300839,-0.29413520269402493
refreshing,13,28,0.273746451824836,0.38054646472334275,-0.29537071431948014
build deck,13,28,0.273746451824836,0.38054646472334275,-0.29537071431948014
reliable,13,28,0.273746451824836,0.38054646472334275,-0.29537071431948014
art good,13,28,0.273746451824836,0.38054646472334275,-0.29537071431948014
finish run,13,28,0.273746451824836,0.38054646472334275,-0.29537071431948014
plans,13,28,0.273746451824836,0.38054646472334275,-0.29537071431948014
weeks,27,57,0.5685503230208131,0.7746838746153762,-0.29538070344981193
darkest,26,55,0.547492903649672,0.7475019842779946,-0.29665641048229396
great potential,26,55,0.547492903649672,0.7475019842779946,-0.29665641048229396
turns,158,329,3.327072260640314,4.471420960499277,-0.297425024188267
allies,12,26,0.25268903245369473,0.35336457438596114,-0.2980191052087857
concept fun,12,26,0.25268903245369473,0.35336457438596114,-0.2980191052087857
bullet sponge,12,26,0.25268903245369473,0.35336457438596114,-0.2980191052087857
cool ideas,12,26,0.25268903245369473,0.35336457438596114,-0.2980191052087857
couple times,12,26,0.25268903245369473,0.35336457438596114,-0.2980191052087857
desperately needs,12,26,0.25268903245369473,0.35336457438596114,-0.2980191052087857
too_punishing,12,26,0.25268903245369473,0.35336457438596114,-0.2980191052087857
overcome,25,53,0.5264354842785307,0.720320093940613,-0.2980284769700887
phase,51,107,1.0739283879282027,1.454231133049917,-0.2980472222741497
pure,77,161,1.6214212915778745,2.1881421721592207,-0.29806596995386414
rewarding,89,186,1.8741103240315693,2.527915801376491,-0.2984861651354347
resource,101,211,2.126799356485264,2.867689430593761,-0.2988094377120607
generate,24,51,0.5053780649073895,0.6931382036032313,-0.2995082448192896
novelty,24,51,0.5053780649073895,0.6931382036032313,-0.2995082448192896
boss fight,74,155,1.5582490334644508,2.1065965011470755,-0.2995445026664285
core,362,754,7.622785812353124,10.24757265719287,-0.29970048751822276
projectile,36,76,0.7580670973610842,1.0329118328205016,-0.3000366152685139
deck building,48,101,1.010756129814779,1.3726854620377718,-0.3003103766986577
variety,381,794,8.022876780404808,10.791210463940505,-0.30032152540215407
slowing,11,24,0.2316316130825535,0.3261826840485795,-0.30110015446686944
candy,11,24,0.2316316130825535,0.3261826840485795,-0.30110015446686944
right recommend,11,24,0.2316316130825535,0.3261826840485795,-0.30110015446686944
good roguelike,11,24,0.2316316130825535,0.3261826840485795,-0.30110015446686944
not_finished,11,24,0.2316316130825535,0.3261826840485795,-0.30110015446686944
evasion,11,24,0.2316316130825535,0.3261826840485795,-0.30110015446686944
boils,23,49,0.4843206455362482,0.6659563132658497,-0.3011089088679739
swarm,23,49,0.4843206455362482,0.6659563132658497,-0.3011089088679739
existing,35,74,0.737009677989943,1.00572994248312,-0.30111766378200144
apply,35,74,0.737009677989943,1.00572994248312,-0.30111766378200144
adding,167,349,3.5165890349805853,4.743239863873093,-0.30121400170192913
pile,46,97,0.9686412910724964,1.3183216813630088,-0.30197650369602513
causing,34,72,0.7159522586188017,0.9785480521457384,-0.30225925100646833
moments,69,145,1.4529619366087447,1.9706870494601676,-0.3022849012413147
relatively,57,120,1.20027290415505,1.6309134202428974,-0.30251230025755405
resolved,22,47,0.463263226165107,0.6387744229284681,-0.3028459114511719
boost,56,118,1.1792154847839087,1.6037315299055157,-0.30323637305785134
enjoying,66,139,1.389789678495321,1.8891413784480229,-0.3041214724135024
stage,233,488,4.906378713475906,6.632381242321116,-0.3043364144703711
enemies damage,10,22,0.21057419371141228,0.29900079371119787,-0.30472930524106623
addressing,10,22,0.21057419371141228,0.29900079371119787,-0.30472930524106623
extremely limited,10,22,0.21057419371141228,0.29900079371119787,-0.30472930524106623
luster,10,22,0.21057419371141228,0.29900079371119787,-0.30472930524106623
wouldn,10,22,0.21057419371141228,0.29900079371119787,-0.30472930524106623
fast forward,10,22,0.21057419371141228,0.29900079371119787,-0.30472930524106623
everybody,10,22,0.21057419371141228,0.29900079371119787,-0.30472930524106623
lesser,10,22,0.21057419371141228,0.29900079371119787,-0.30472930524106623
fun good,21,45,0.44220580679396576,0.6115925325910865,-0.30473744229081134
safe,42,89,0.8844116135879315,1.209594120013482,-0.30576371182855233
completely useless,20,43,0.42114838742282457,0.5844106422537049,-0.3068050780454161
meta progression,175,368,3.685048389949715,5.001467822078219,-0.30756646029144186
purely,40,85,0.8422967748456491,1.1552303393387189,-0.3079281519868875
focused,60,127,1.2634451622684737,1.7260500364237332,-0.30832436424665843
regard,19,41,0.40009096805168337,0.5572287519163233,-0.3090746092734449
careful,19,41,0.40009096805168337,0.5572287519163233,-0.3090746092734449
bouncing,19,41,0.40009096805168337,0.5572287519163233,-0.3090746092734449
offering,29,62,0.6106651617630956,0.8426386004588302,-0.309082129349493
party,117,247,2.4637180664235236,3.3569634566666307,-0.30995536833989945
dragon,28,60,0.5896077423919543,0.8154567101214487,-0.3107222014703126
summon,28,60,0.5896077423919543,0.8154567101214487,-0.3107222014703126
changes,209,441,4.401000648568517,5.993606819392648,-0.3114839080169354
refined,18,39,0.3790335486805421,0.5300468615789417,-0.3115771221879964
stressful,18,39,0.3790335486805421,0.5300468615789417,-0.3115771221879964
reduce,37,79,0.7791245167322254,1.0736846683265742,-0.3115915452760305
surface,37,79,0.7791245167322254,1.0736846683265742,-0.3115915452760305
anti,37,79,0.7791245167322254,1.0736846683265742,-0.3115915452760305
longer,138,292,2.9059238732174895,3.968555989257717,-0.3129269352889148
allowing,36,77,0.7580670973610842,1.0465027779891924,-0.31294136701007425
learned,36,77,0.7580670973610842,1.0465027779891924,-0.31294136701007425
parts,156,330,3.2849574218980315,4.485011905667968,-0.31311464328672756
board,118,250,2.484775485794665,3.3977362921727026,-0.3135426575118929
complete,319,674,6.717316779394052,9.160297043697607,-0.31375876643228207
easier,126,267,2.653234840763795,3.6287823600404465,-0.3140193939813116
powered,17,37,0.35797612930940087,0.50286497124156,-0.31435043177010336
good amount,17,37,0.35797612930940087,0.50286497124156,-0.31435043177010336
advice,17,37,0.35797612930940087,0.50286497124156,-0.31435043177010336
normal mode,17,37,0.35797612930940087,0.50286497124156,-0.31435043177010336
recommend buying,17,37,0.35797612930940087,0.50286497124156,-0.31435043177010336
searching,26,56,0.547492903649672,0.7610929294466855,-0.3143573344492516
passed,26,56,0.547492903649672,0.7610929294466855,-0.3143573344492516
forced,211,447,4.443115487310799,6.075152490404793,-0.3154924454332626
absurd,43,92,0.9054690329590728,1.2503669555195547,-0.3155659807412068
cases,43,92,0.9054690329590728,1.2503669555195547,-0.3155659807412068
bring,95,202,2.0004548402584166,2.7453709240755435,-0.3160540999331918
darkest dungeon,25,54,0.5264354842785307,0.7339110391093039,-0.3163789625022133
multiple,311,659,6.548857424424922,8.956432866167244,-0.31660012014697525
zone,68,145,1.4319045172376035,1.9706870494601676,-0.3166757152843154
mid,171,363,3.60081871246515,4.933513096234765,-0.3169147731281283
day,368,780,7.749130328579971,10.600937231578833,-0.3171866632584228
players,565,1197,11.897441944694794,16.2683613669229,-0.3173757815845013
map design,16,35,0.3369187099382597,0.4756830809041784,-0.317441007042099
deep,126,268,2.653234840763795,3.6423733052091376,-0.31774514032453993
enjoyment,66,141,1.389789678495321,1.9163232687854044,-0.31830880144718243
selection,66,141,1.389789678495321,1.9163232687854044,-0.31830880144718243
massive,116,247,2.4426606470523824,3.3569634566666307,-0.3184681348057179
chain,24,52,0.5053780649073895,0.7067291487719223,-0.3185577866502829
deckbuilders,32,69,0.6738374198765194,0.937775216639666,-0.3191356641217258
halfway,32,69,0.6738374198765194,0.937775216639666,-0.3191356641217258
accomplish,15,33,0.3158612905671184,0.44850119056679677,-0.32090659772385344
reasonable,31,67,0.652780000505378,0.9105933263022844,-0.32091916856612457
incomplete,39,84,0.8212393554745079,1.1416393941700282,-0.3209254543597577
begin,55,118,1.1581580654127674,1.6037315299055157,-0.32093802669209737
steps,55,118,1.1581580654127674,1.6037315299055157,-0.32093802669209737
fight,503,1072,10.591881943684037,14.56949322083655,-0.32315882541208385
no_chance,22,48,0.463263226165107,0.652365368097159,-0.3234665455069532
angry,22,48,0.463263226165107,0.652365368097159,-0.3234665455069532
across,142,304,2.990153550702054,4.131647331282006,-0.32470326584424747
unstable,14,31,0.2948038711959772,0.4213193002294151,-0.32481987975320337
essence,14,31,0.2948038711959772,0.4213193002294151,-0.32481987975320337
built around,14,31,0.2948038711959772,0.4213193002294151,-0.32481987975320337
repeats,14,31,0.2948038711959772,0.4213193002294151,-0.32481987975320337
chore,89,191,1.8741103240315693,2.595870527219945,-0.32487965585297296
beat,465,993,9.79170000758067,13.495808552509976,-0.32504535924706346
became,81,174,1.7056509690624395,2.364824459352201,-0.32525439344549945
satisfying,148,317,3.1164980669289015,4.308329618474987,-0.3253462501003028
lobbies,21,46,0.44220580679396576,0.6251834777597773,-0.3262449943611916
stopped,72,155,1.5161341947221685,2.1065965011470755,-0.3265773282749631
replay value,28,61,0.5896077423919543,0.8290476552901395,-0.3269840692187209
clock,28,61,0.5896077423919543,0.8290476552901395,-0.3269840692187209
correct,57,123,1.20027290415505,1.6716862557489698,-0.3270073612277322
skins,35,76,0.737009677989943,1.0329118328205016,-0.32743766590523826
possibilities,13,29,0.273746451824836,0.39413740989203355,-0.3292736128137399
member,13,29,0.273746451824836,0.39413740989203355,-0.3292736128137399
suit,13,29,0.273746451824836,0.39413740989203355,-0.3292736128137399
afterthought,13,29,0.273746451824836,0.39413740989203355,-0.3292736128137399
dice roll,13,29,0.273746451824836,0.39413740989203355,-0.3292736128137399
exceptionally,13,29,0.273746451824836,0.39413740989203355,-0.3292736128137399
not_be able,13,29,0.273746451824836,0.39413740989203355,-0.3292736128137399
meaningfully,13,29,0.273746451824836,0.39413740989203355,-0.3292736128137399
pointing,13,29,0.273746451824836,0.39413740989203355,-0.3292736128137399
barricade,13,29,0.273746451824836,0.39413740989203355,-0.3292736128137399
artificially,20,44,0.42114838742282457,0.5980015874223957,-0.32927928074326296
mentioning,20,44,0.42114838742282457,0.5980015874223957,-0.32927928074326296
presents,20,44,0.42114838742282457,0.5980015874223957,-0.32927928074326296
fell,34,74,0.7159522586188017,1.00572994248312,-0.3292906171929939
modes,55,119,1.1581580654127674,1.6173224750742066,-0.32930762334446584
chance,322,691,6.780489037507476,9.391343111565352,-0.3293173868148642
process,69,149,1.4529619366087447,2.025050830134931,-0.32931896176348374
flaws,69,149,1.4529619366087447,2.025050830134931,-0.32931896176348374
likely,148,319,3.1164980669289015,4.335511508812369,-0.33161855780172544
forever,80,173,1.6845935496912983,2.3512335141835106,-0.3317945408893319
diversity,46,100,0.9686412910724964,1.3590945168690811,-0.332133582703408
systems,153,330,3.2217851637846078,4.485011905667968,-0.33241407710686666
fun however,19,42,0.40009096805168337,0.5708196970850141,-0.33260645352579843
kings,39,85,0.8212393554745079,1.1552303393387189,-0.3326228410431149
poorly designed,32,70,0.6738374198765194,0.9513661618083568,-0.3333216460066346
healing,130,281,2.7374645182483595,3.819055592402118,-0.3339398019725719
starts,182,393,3.8324503255477036,5.341241451295488,-0.33413771472263054
major,162,350,3.411301938124879,4.756830809041784,-0.33429258170672593
piloting,12,27,0.25268903245369473,0.36695551955465194,-0.33438809619461196
homing,12,27,0.25268903245369473,0.36695551955465194,-0.33438809619461196
warned,12,27,0.25268903245369473,0.36695551955465194,-0.33438809619461196
months ago,12,27,0.25268903245369473,0.36695551955465194,-0.33438809619461196
sessions,25,55,0.5264354842785307,0.7475019842779946,-0.33439881487063516
typically,25,55,0.5264354842785307,0.7475019842779946,-0.33439881487063516
playthrough,64,139,1.3476748397530387,1.8891413784480229,-0.3344309750604495
plot,64,139,1.3476748397530387,1.8891413784480229,-0.3344309750604495
types,179,387,3.76927806743428,5.259695780283344,-0.3353195933733506
magic,76,165,1.6003638722067335,2.242505952833984,-0.33536829278971325
order,198,428,4.169369035485963,5.816924532199668,-0.33543898154497853
stack,63,137,1.3266174203818974,1.8619594881106412,-0.33554580667919254
wait sale,18,40,0.3790335486805421,0.5436378067476324,-0.33627108161690167
playstyle,37,81,0.7791245167322254,1.1008665586639557,-0.3362868516904065
edit,270,584,5.685503230208131,7.937111978515434,-0.3368405866511175
mission,225,487,4.737919358506777,6.618790297152425,-0.33709071754834685
fast enough,24,53,0.5053780649073895,0.720320093940613,-0.3372512665245502
means,336,727,7.075292908703452,9.88061713763822,-0.33762131420335884
draws,30,66,0.6317225811342368,0.8970023811335935,-0.3378535106351013
grow,30,66,0.6317225811342368,0.8970023811335935,-0.3378535106351013
pushing,36,79,0.7580670973610842,1.0736846683265742,-0.3382618688111112
occasionally,42,92,0.8844116135879315,1.2503669555195547,-0.3385575754446961
break,121,263,2.5479477439080886,3.574418579365683,-0.3391525534917852
need grind,11,25,0.2316316130825535,0.3397736292172703,-0.3403222144314739
evolved,11,25,0.2316316130825535,0.3397736292172703,-0.3403222144314739
dimensional,11,25,0.2316316130825535,0.3397736292172703,-0.3403222144314739
unpredictable,11,25,0.2316316130825535,0.3397736292172703,-0.3403222144314739
references,11,25,0.2316316130825535,0.3397736292172703,-0.3403222144314739
far less,11,25,0.2316316130825535,0.3397736292172703,-0.3403222144314739
jesus,11,25,0.2316316130825535,0.3397736292172703,-0.3403222144314739
year old,17,38,0.35797612930940087,0.5164559164102508,-0.34032726500826804
pray,23,51,0.4843206455362482,0.6931382036032313,-0.34033231573641487
evil,23,51,0.4843206455362482,0.6931382036032313,-0.34033231573641487
locking,29,64,0.6106651617630956,0.8698204907962118,-0.3403373666159215
suddenly,76,166,1.6003638722067335,2.2560968980026748,-0.34137566391705754
increases,70,153,1.474019355979886,2.0794146108096943,-0.3414549466569685
rouge,52,114,1.094985807299344,1.5493677492307525,-0.341807280796246
synergies,105,229,2.2110290339698286,3.112326443630196,-0.34185213316532526
metaprogression,34,75,0.7159522586188017,1.019320887651811,-0.3425371908450394
dev team,22,49,0.463263226165107,0.6659563132658497,-0.34367059967932967
abysmal,22,49,0.463263226165107,0.6659563132658497,-0.34367059967932967
crit,39,86,0.8212393554745079,1.1688212845074097,-0.34418501036617144
restart,136,297,2.863809034475207,4.036510715101171,-0.34435171035875634
niche,33,73,0.6948948392476605,0.9921389973144292,-0.34485586327387985
defend,33,73,0.6948948392476605,0.9921389973144292,-0.34485586327387985
specifically,50,110,1.0528709685570614,1.4950039685559893,-0.3448703997237761
months,134,293,2.821694195732925,3.982146934426408,-0.34554290312848934
intended,55,121,1.1581580654127674,1.644504365411588,-0.3458396192648223
week,38,84,0.8001819361033667,1.1416393941700282,-0.3462453388055913
large amount,10,23,0.21057419371141228,0.31259173887988867,-0.34729026646755656
tick,10,23,0.21057419371141228,0.31259173887988867,-0.34729026646755656
magnifying,10,23,0.21057419371141228,0.31259173887988867,-0.34729026646755656
skill points,10,23,0.21057419371141228,0.31259173887988867,-0.34729026646755656
write review,10,23,0.21057419371141228,0.31259173887988867,-0.34729026646755656
difficulty settings,10,23,0.21057419371141228,0.31259173887988867,-0.34729026646755656
often times,10,23,0.21057419371141228,0.31259173887988867,-0.34729026646755656
full run,10,23,0.21057419371141228,0.31259173887988867,-0.34729026646755656
limited amount,10,23,0.21057419371141228,0.31259173887988867,-0.34729026646755656
current form,10,23,0.21057419371141228,0.31259173887988867,-0.34729026646755656
main problem,21,47,0.44220580679396576,0.6387744229284681,-0.34729975041025263
miserable,26,58,0.547492903649672,0.7882748197840671,-0.34884620426097435
roll,150,329,3.158612905671184,4.471420960499277,-0.34906600527088205
sake,42,93,0.8844116135879315,1.2639579006882455,-0.3492542114961239
frequently,58,128,1.2213303235261912,1.7396409815924236,-0.34944842505436036
charges,15,34,0.3158612905671184,0.4620921357354876,-0.34989548142475435
elevator,15,34,0.3158612905671184,0.4620921357354876,-0.34989548142475435
grabbing,15,34,0.3158612905671184,0.4620921357354876,-0.34989548142475435
prior,31,69,0.652780000505378,0.937775216639666,-0.34990939921984143
replace,31,69,0.652780000505378,0.937775216639666,-0.34990939921984143
additionally,52,115,1.094985807299344,1.5629586943994433,-0.3504666905139544
ridiculous,78,172,1.6424787109490158,2.3376425690148195,-0.351034944570527
wipe,20,45,0.42114838742282457,0.6115925325910865,-0.35125953430964074
desperately,30,67,0.6317225811342368,0.9105933263022844,-0.35266994330775425
clever,35,78,0.737009677989943,1.0600937231578833,-0.353082790331694
logic,35,78,0.737009677989943,1.0600937231578833,-0.353082790331694
outright,35,78,0.737009677989943,1.0600937231578833,-0.353082790331694
related,40,89,0.8422967748456491,1.209594120013482,-0.3533959137624514
filled,45,100,0.9475838717013553,1.3590945168690811,-0.35364186441609746
requires,137,302,2.884866453846348,4.104465440944625,-0.3537229297011182
progression,712,1564,14.992882592252554,21.256238243832428,-0.3539103271659547
fairly,111,245,2.3373735501966766,3.329781566329249,-0.3540536775741696
deckbuilder,70,155,1.474019355979886,2.1065965011470755,-0.3543610455854047
characters,726,1596,15.28768646344853,21.691148489230535,-0.35472039213088014
towers,100,221,2.105741937114123,3.003598882280669,-0.3547683896719924
main story,14,32,0.2948038711959772,0.4349102453981059,-0.35559288524397736
thousand,14,32,0.2948038711959772,0.4349102453981059,-0.35559288524397736
component,14,32,0.2948038711959772,0.4349102453981059,-0.35559288524397736
torture,14,32,0.2948038711959772,0.4349102453981059,-0.35559288524397736
fun interesting,19,43,0.40009096805168337,0.5844106422537049,-0.3555973185944712
scenarios,19,43,0.40009096805168337,0.5844106422537049,-0.3555973185944712
enemy variety,24,54,0.5053780649073895,0.7339110391093039,-0.35560175205667477
abandon,24,54,0.5053780649073895,0.7339110391093039,-0.35560175205667477
engaged,29,65,0.6106651617630956,0.8834114359649028,-0.35560618563059343
sheer,29,65,0.6106651617630956,0.8834114359649028,-0.35560618563059343
amounts,34,76,0.7159522586188017,1.0329118328205016,-0.3556106193162307
session,54,120,1.1371006460416262,1.6309134202428974,-0.3556283551760373
skill tree,59,131,1.2423877428973324,1.7804138170984964,-0.3556327894203264
combos,149,329,3.137555486300043,4.471420960499277,-0.3557126249298017
solo,187,414,3.9377374224034094,5.626651299837996,-0.35912742769265726
dynamic,23,52,0.4843206455362482,0.7067291487719223,-0.35938185756740815
files,23,52,0.4843206455362482,0.7067291487719223,-0.35938185756740815
little content,23,52,0.4843206455362482,0.7067291487719223,-0.35938185756740815
too_expensive,23,52,0.4843206455362482,0.7067291487719223,-0.35938185756740815
replay,95,211,2.0004548402584166,2.867689430593761,-0.3594465198372223
remaining,18,41,0.3790335486805421,0.5572287519163233,-0.3603699800363085
potion,18,41,0.3790335486805421,0.5572287519163233,-0.3603699800363085
continues,18,41,0.3790335486805421,0.5572287519163233,-0.3603699800363085
ruins,56,125,1.1792154847839087,1.6988681460863513,-0.3604042158088614
regular,65,145,1.3687322591241797,1.9706870494601676,-0.36113370760198293
ability,282,625,5.938192262661826,8.494340730431757,-0.36128136635545793
critical,46,103,0.9686412910724964,1.3998673523751537,-0.36140800585654453
optimize,13,30,0.273746451824836,0.40772835506072436,-0.36206478245712326
cursed,13,30,0.273746451824836,0.40772835506072436,-0.36206478245712326
no_variety,13,30,0.273746451824836,0.40772835506072436,-0.36206478245712326
network,13,30,0.273746451824836,0.40772835506072436,-0.36206478245712326
faced,13,30,0.273746451824836,0.40772835506072436,-0.36206478245712326
not_hard,13,30,0.273746451824836,0.40772835506072436,-0.36206478245712326
talent,55,123,1.1581580654127674,1.6716862557489698,-0.3621028341130046
fail,92,205,1.9372825821449928,2.7861437595816163,-0.3624832594999745
plan,82,183,1.7267083884335808,2.4871429658704183,-0.3632928637681605
story,615,1364,12.950312913251855,18.538049210094265,-0.3633451816952551
mini,105,234,2.2110290339698286,3.1802811694736497,-0.3633650743208161
hard recommend,22,50,0.463263226165107,0.6795472584345406,-0.36347457383218185
strike,45,101,0.9475838717013553,1.3726854620377718,-0.3634955078083024
expensive,68,152,1.4319045172376035,2.065823665641003,-0.36351644422240526
cards,779,1728,16.403729690119018,23.485153251497724,-0.36383724361816494
random events,17,39,0.35797612930940087,0.5300468615789417,-0.36564641982927526
fat,17,39,0.35797612930940087,0.5300468615789417,-0.36564641982927526
try new,17,39,0.35797612930940087,0.5300468615789417,-0.36564641982927526
essentially,111,248,2.3373735501966766,3.370554401835321,-0.3661790797489033
ftl,52,117,1.094985807299344,1.5901405847368248,-0.36756381782788594
defeated,21,48,0.44220580679396576,0.652365368097159,-0.3679203844660339
devs fix,12,28,0.25268903245369473,0.38054646472334275,-0.3694807628226471
undo,12,28,0.25268903245369473,0.38054646472334275,-0.3694807628226471
removing,25,57,0.5264354842785307,0.7746838746153762,-0.36949282841883146
theory,38,86,0.8001819361033667,1.1688212845074097,-0.369504894812005
benefit,51,115,1.0739283879282027,1.5629586943994433,-0.3695169620022458
combination,90,202,1.8951677434027105,2.7453709240755435,-0.3695531683561821
content,751,1676,15.814121947727061,22.7784241027258,-0.36984615148239275
others,272,609,5.727618068950414,8.276885607732703,-0.37136426359422803
cheese,16,37,0.3369187099382597,0.50286497124156,-0.37151092197674274
checks,16,37,0.3369187099382597,0.50286497124156,-0.37151092197674274
masterpiece,16,37,0.3369187099382597,0.50286497124156,-0.37151092197674274
survive,71,160,1.495076775351027,2.1745512269905296,-0.37192782000914093
good bad,20,46,0.42114838742282457,0.6251834777597773,-0.372767086380021
file,41,93,0.8633541942167904,1.2639579006882455,-0.37278678538079646
ice,24,55,0.5053780649073895,0.7475019842779946,-0.3736216044250966
severely,32,73,0.6738374198765194,0.9921389973144292,-0.3747109028592348
bugs,400,898,8.422967748456491,12.20466876148435,-0.37482236841434347
self,52,118,1.094985807299344,1.6037315299055157,-0.3760040334537873
too_many,225,507,4.737919358506777,6.890609200526241,-0.37728371265242355
lasers,11,26,0.2316316130825535,0.35336457438596114,-0.37806388922745704
interrupt,11,26,0.2316316130825535,0.35336457438596114,-0.37806388922745704
needs serious,11,26,0.2316316130825535,0.35336457438596114,-0.37806388922745704
reveal,11,26,0.2316316130825535,0.35336457438596114,-0.37806388922745704
phases,11,26,0.2316316130825535,0.35336457438596114,-0.37806388922745704
defeats,11,26,0.2316316130825535,0.35336457438596114,-0.37806388922745704
coffin,11,26,0.2316316130825535,0.35336457438596114,-0.37806388922745704
glaring issues,11,26,0.2316316130825535,0.35336457438596114,-0.37806388922745704
versus,11,26,0.2316316130825535,0.35336457438596114,-0.37806388922745704
alternate,15,35,0.3158612905671184,0.4756830809041784,-0.3780677052209125
reduction,15,35,0.3158612905671184,0.4756830809041784,-0.3780677052209125
introduces,15,35,0.3158612905671184,0.4756830809041784,-0.3780677052209125
interactive,19,44,0.40009096805168337,0.5980015874223957,-0.378071521292318
player agency,19,44,0.40009096805168337,0.5980015874223957,-0.378071521292318
listening,19,44,0.40009096805168337,0.5980015874223957,-0.378071521292318
had_not,23,53,0.4843206455362482,0.720320093940613,-0.37807533744167543
roughly,31,71,0.652780000505378,0.9649571069770476,-0.3780829699742583
route,35,80,0.737009677989943,1.0872756134952648,-0.37808678635748727
community,95,215,2.0004548402584166,2.9220532112685245,-0.3781440414626971
figuring,34,78,0.7159522586188017,1.0600937231578833,-0.38125574374268645
heroes,104,236,2.189971614598688,3.2074630598110314,-0.3813232163990019
lvl,30,69,0.6317225811342368,0.937775216639666,-0.3816601739614711
tedious,247,559,5.2011825846718835,7.597338349298163,-0.381869683199354
lack_of_content,26,60,0.547492903649672,0.8154567101214487,-0.3821853182763775
multi,26,60,0.547492903649672,0.8154567101214487,-0.3821853182763775
ridiculously,26,60,0.547492903649672,0.8154567101214487,-0.3821853182763775
memory,49,112,1.0318135491859202,1.522185858893371,-0.382535414865421
easy mode,22,51,0.463263226165107,0.6931382036032313,-0.3828940065477706
partially,18,42,0.3790335486805421,0.5708196970850141,-0.38390182428866204
boons,18,42,0.3790335486805421,0.5708196970850141,-0.38390182428866204
thousands,37,85,0.7791245167322254,1.1552303393387189,-0.38392028834944014
patches,56,128,1.1792154847839087,1.7396409815924236,-0.38393875420815426
doors,52,119,1.094985807299344,1.6173224750742066,-0.3843736301061558
designed,215,488,4.5273451647953635,6.632381242321116,-0.38441651285398226
favourite,14,33,0.2948038711959772,0.44850119056679677,-0.3854471952194931
fomo,14,33,0.2948038711959772,0.44850119056679677,-0.3854471952194931
quantity,14,33,0.2948038711959772,0.44850119056679677,-0.3854471952194931
clash,14,33,0.2948038711959772,0.44850119056679677,-0.3854471952194931
quirky,14,33,0.2948038711959772,0.44850119056679677,-0.3854471952194931
beat boss,29,67,0.6106651617630956,0.9105933263022844,-0.38546184255348415
deeper,40,92,0.8422967748456491,1.2503669555195547,-0.38618977737859517
ones,245,557,5.159067745929601,7.570156458960781,-0.3863905312378302
too_long,99,226,2.0846845177429816,3.0715536081241233,-0.3870001687208049
sponges,36,83,0.7580670973610842,1.1280484490013374,-0.3870574206358093
concerned,10,24,0.21057419371141228,0.3261826840485795,-0.3881136077973224
arc,10,24,0.21057419371141228,0.3261826840485795,-0.3881136077973224
removal,10,24,0.21057419371141228,0.3261826840485795,-0.3881136077973224
too_much damage,10,24,0.21057419371141228,0.3261826840485795,-0.3881136077973224
mechanics fun,10,24,0.21057419371141228,0.3261826840485795,-0.3881136077973224
great gameplay,10,24,0.21057419371141228,0.3261826840485795,-0.3881136077973224
sci,10,24,0.21057419371141228,0.3261826840485795,-0.3881136077973224
exiting,10,24,0.21057419371141228,0.3261826840485795,-0.3881136077973224
new items,21,49,0.44220580679396576,0.6659563132658497,-0.3881244386384104
fun friends,21,49,0.44220580679396576,0.6659563132658497,-0.3881244386384104
guide,32,74,0.6738374198765194,1.00572994248312,-0.38813527009158655
pain,61,140,1.284502581639615,1.9027323236167135,-0.38880890439490123
core loop,17,40,0.35797612930940087,0.5436378067476324,-0.39034037925818055
class,164,375,3.4534167768671615,5.096604438259054,-0.3909297601574844
similarly,24,56,0.5053780649073895,0.7610929294466855,-0.3913225283920543
mostly,245,560,5.159067745929601,7.610929294466854,-0.39175651772114595
provides,31,72,0.652780000505378,0.9785480521457384,-0.3918776390031766
gain,101,232,2.126799356485264,3.1530992791362684,-0.3932899071496365
events,143,328,3.0112109700731957,4.457830015330586,-0.39351082994285047
handling,13,31,0.273746451824836,0.4213193002294151,-0.3938148275939106
tiresome,13,31,0.273746451824836,0.4213193002294151,-0.3938148275939106
appearing,13,31,0.273746451824836,0.4213193002294151,-0.3938148275939106
wrote,20,47,0.42114838742282457,0.6387744229284681,-0.393821842429082
burn,37,86,0.7791245167322254,1.1688212845074097,-0.3954824576724967
obtain,23,54,0.4843206455362482,0.7339110391093039,-0.3964258229738
regret,47,109,0.9896987104436378,1.4814130233872984,-0.3964500685687522
encounter,98,226,2.0636270983718403,3.0715536081241233,-0.39705258129458265
amount,399,916,8.40191032908535,12.449305774520784,-0.3971700358689265
good faith,16,38,0.3369187099382597,0.5164559164102508,-0.3974877552149074
baffling,16,38,0.3369187099382597,0.5164559164102508,-0.3974877552149074
intriguing,16,38,0.3369187099382597,0.5164559164102508,-0.3974877552149074
overpriced,33,77,0.6948948392476605,1.0465027779891924,-0.39750498437102877
exploring,53,123,1.1160432266704852,1.6716862557489698,-0.3984746313406333
form,93,215,1.9583400015161343,2.9220532112685245,-0.39920160406226834
damage,1010,2321,21.26799356485264,31.544583736531372,-0.39964192038928115
extra,163,376,3.43235935749602,5.110195383427745,-0.39966827474093236
pve,19,45,0.40009096805168337,0.6115925325910865,-0.4000517748586958
tuned,19,45,0.40009096805168337,0.6115925325910865,-0.4000517748586958
crawl,19,45,0.40009096805168337,0.6115925325910865,-0.4000517748586958
six,29,68,0.6106651617630956,0.9241842714709751,-0.40006198886396227
previous,132,305,2.779579356990642,4.145238276450698,-0.4004942094100974
progressing,42,98,0.8844116135879315,1.3319126265316994,-0.40108601406132216
awhile,22,52,0.463263226165107,0.7067291487719223,-0.4019435483787639
trivial,22,52,0.463263226165107,0.7067291487719223,-0.4019435483787639
bloated,22,52,0.463263226165107,0.7067291487719223,-0.4019435483787639
downside,22,52,0.463263226165107,0.7067291487719223,-0.4019435483787639
permanently,35,82,0.737009677989943,1.1144575038326465,-0.40248093330927937
aoe,71,165,1.495076775351027,2.242505952833984,-0.40251797868966044
unnecessary,48,112,1.010756129814779,1.522185858893371,-0.40274019868760114
deathtrap,12,29,0.25268903245369473,0.39413740989203355,-0.40338366131690684
spread,25,59,0.5264354842785307,0.8018657649527579,-0.40339707383869694
paths,54,126,1.1371006460416262,1.7124590912550424,-0.4040329779779839
reset,86,200,1.8109380659181455,2.7181890337381622,-0.40460909767260667
ultimately,131,304,2.758521937619501,4.131647331282006,-0.40476881924371355
strongly,15,36,0.3158612905671184,0.4892740260728692,-0.405468026240305
alongside,15,36,0.3158612905671184,0.4892740260728692,-0.405468026240305
isn,47,110,0.9896987104436378,1.4950039685559893,-0.40550125105419355
factions,18,43,0.3790335486805421,0.5844106422537049,-0.4068926893573348
couple runs,18,43,0.3790335486805421,0.5844106422537049,-0.4068926893573348
greater,21,50,0.44220580679396576,0.6795472584345406,-0.4079284127912626
deserves,24,57,0.5053780649073895,0.7746838746153762,-0.4087156179732929
realize,114,266,2.4005458083101,3.615191414871756,-0.4095596044716867
receive,30,71,0.6317225811342368,0.9649571069770476,-0.40983374471588796
patterns,64,150,1.3476748397530387,2.038641775303622,-0.41008320658536235
extreme,33,78,0.6948948392476605,1.0600937231578833,-0.41024535705592413
actively,67,157,1.4108470978664625,2.1337783914844572,-0.4102811671005373
sets,45,106,0.9475838717013553,1.440640187881226,-0.4113582637591211
throughout,57,134,1.20027290415505,1.8211866526045688,-0.41201539106107354
build diversity,11,27,0.2316316130825535,0.36695551955465194,-0.4144328802132833
stupidly,11,27,0.2316316130825535,0.36695551955465194,-0.4144328802132833
save mid,11,27,0.2316316130825535,0.36695551955465194,-0.4144328802132833
cutting,11,27,0.2316316130825535,0.36695551955465194,-0.4144328802132833
inability,14,34,0.2948038711959772,0.4620921357354876,-0.414436078920394
meta currency,14,34,0.2948038711959772,0.4620921357354876,-0.414436078920394
compensate,14,34,0.2948038711959772,0.4620921357354876,-0.414436078920394
interesting mechanics,17,41,0.35797612930940087,0.5572287519163233,-0.41443927767758737
modify,17,41,0.35797612930940087,0.5572287519163233,-0.41443927767758737
toxic,20,48,0.42114838742282457,0.652365368097159,-0.4144424764848633
convoluted,23,55,0.4843206455362482,0.7475019842779946,-0.4144456753422219
unskippable,32,76,0.6738374198765194,1.0329118328205016,-0.41445527221482337
address,32,76,0.6738374198765194,1.0329118328205016,-0.41445527221482337
incredible,41,97,0.8633541942167904,1.3183216813630088,-0.4144648695382269
tldr,68,160,1.4319045172376035,2.1745512269905296,-0.41449366421358036
need,1036,2417,21.81548646850231,32.849314472725695,-0.41483740494318333
areas,138,324,2.9059238732174895,4.403466234655823,-0.41662262302592623
useless,241,565,5.074838068445036,7.678884020310308,-0.417038548491492
increase,155,364,3.2639000025268903,4.947104041403455,-0.4173313080401213
meta,302,708,6.3593406500846505,9.622389179433094,-0.4175709448977898
permanent upgrades,40,95,0.8422967748456491,1.291139791025627,-0.41794251650265757
invest,40,95,0.8422967748456491,1.291139791025627,-0.41794251650265757
helps,37,88,0.7791245167322254,1.1960031748447915,-0.4182134025994557
door,75,177,1.579306452835592,2.4055972948582736,-0.41825437783904107
whether,98,231,2.0636270983718403,3.139508333967578,-0.41884667138679177
replaying,22,53,0.463263226165107,0.720320093940613,-0.4206370282530312
pilot,22,53,0.463263226165107,0.720320093940613,-0.4206370282530312
deals,19,46,0.40009096805168337,0.6251834777597773,-0.42155932692907605
uninstalling,19,46,0.40009096805168337,0.6251834777597773,-0.42155932692907605
per,212,500,4.464172906681941,6.795472584345405,-0.4226687700496683
idler,16,39,0.3369187099382597,0.5300468615789417,-0.42280691003591464
possibility,16,39,0.3369187099382597,0.5300468615789417,-0.42280691003591464
vastly,16,39,0.3369187099382597,0.5300468615789417,-0.42280691003591464
run,1957,4601,41.20936970932338,62.531938721146425,-0.42383310765422966
required,100,237,2.105741937114123,3.2210540049797225,-0.4243832363890778
achieved,13,32,0.273746451824836,0.4349102453981059,-0.4245878330846846
work together,13,32,0.273746451824836,0.4349102453981059,-0.4245878330846846
monster train,41,98,0.8633541942167904,1.3319126265316994,-0.4246185879459947
scale,74,176,1.5582490334644508,2.392006349689583,-0.42586651640048956
sts,60,143,1.2634451622684737,1.9435051591227859,-0.426128952091668
generally,93,221,1.9583400015161343,3.003598882280669,-0.4266086612248099
initially,57,136,1.20027290415505,1.8483685429419503,-0.42672423247434743
currency,123,292,2.590062582650371,3.968555989257717,-0.427150455688996
positive negative,10,25,0.21057419371141228,0.3397736292172703,-0.4273356677619269
no_incentive,10,25,0.21057419371141228,0.3397736292172703,-0.4273356677619269
scope,10,25,0.21057419371141228,0.3397736292172703,-0.4273356677619269
want fun,10,25,0.21057419371141228,0.3397736292172703,-0.4273356677619269
edited,10,25,0.21057419371141228,0.3397736292172703,-0.4273356677619269
buy upgrades,10,25,0.21057419371141228,0.3397736292172703,-0.4273356677619269
specially,10,25,0.21057419371141228,0.3397736292172703,-0.4273356677619269
occurs,10,25,0.21057419371141228,0.3397736292172703,-0.4273356677619269
synergize,21,51,0.44220580679396576,0.6931382036032313,-0.42734784550685134
members,21,51,0.44220580679396576,0.6931382036032313,-0.42734784550685134
stronger,128,304,2.6953496795060774,4.131647331282006,-0.4277645680303568
majority,72,172,1.5161341947221685,2.3376425690148195,-0.43003581560274995
portion,26,63,0.547492903649672,0.8562295456275212,-0.43019857809806084
large,115,274,2.421603227681241,3.7239189762212823,-0.43043268225987674
resolve,15,37,0.3158612905671184,0.50286497124156,-0.43213762015555623
pages,15,37,0.3158612905671184,0.50286497124156,-0.43213762015555623
boards,15,37,0.3158612905671184,0.50286497124156,-0.43213762015555623
long term,23,56,0.4843206455362482,0.7610929294466855,-0.43214659930917954
brick,23,56,0.4843206455362482,0.7610929294466855,-0.43214659930917954
include,31,75,0.652780000505378,1.019320887651811,-0.4321555788417477
particular,63,151,1.3266174203818974,2.0522327204723125,-0.4321915007619346
cleared,20,49,0.42114838742282457,0.6659563132658497,-0.4346465306572398
challenge,192,459,4.043024519259116,6.238243832429083,-0.4358774254640494
leaving negative,12,30,0.25268903245369473,0.40772835506072436,-0.4361748309602902
pump,12,30,0.25268903245369473,0.40772835506072436,-0.4361748309602902
hundred,17,42,0.35797612930940087,0.5708196970850141,-0.4379711219299409
nightmare,40,97,0.8422967748456491,1.3183216813630088,-0.4385644975874534
significant,63,152,1.3266174203818974,2.065823665641003,-0.43875024834982135
depends,22,54,0.463263226165107,0.7339110391093039,-0.43898751378515577
recommending,27,66,0.5685503230208131,0.8970023811335935,-0.43964243420032645
decides,27,66,0.5685503230208131,0.8970023811335935,-0.43964243420032645
depending,55,133,1.1581580654127674,1.807595707435878,-0.43967453844976134
advance,32,78,0.6738374198765194,1.0600937231578833,-0.4401003966412791
setup,42,102,0.8844116135879315,1.3862764072064626,-0.4407005399495141
neutral,57,138,1.20027290415505,1.875550433279332,-0.4412199338077496
lites,14,35,0.2948038711959772,0.4756830809041784,-0.44260830271655216
full health,14,35,0.2948038711959772,0.4756830809041784,-0.44260830271655216
creativity,24,59,0.5053780649073895,0.8018657649527579,-0.4426198633931584
quality life,29,71,0.6106651617630956,0.9649571069770476,-0.44262564396161785
idle,113,273,2.3794883889389586,3.7103280310525912,-0.44418424000436296
patience,41,100,0.8633541942167904,1.3590945168690811,-0.44462194854560977
dealing,36,88,0.7580670973610842,1.1960031748447915,-0.4448837261345364
vast,26,64,0.547492903649672,0.8698204907962118,-0.4457041115160951
behavior,26,64,0.547492903649672,0.8698204907962118,-0.4457041115160951
often,342,825,7.2016374249303,11.212529764169918,-0.4463871773995338
nearly,109,264,2.2952587114543936,3.588009524534374,-0.4465002240148017
waster,16,40,0.3369187099382597,0.5436378067476324,-0.44750086946481993
roadmap,16,40,0.3369187099382597,0.5436378067476324,-0.44750086946481993
efficient,16,40,0.3369187099382597,0.5436378067476324,-0.44750086946481993
new players,16,40,0.3369187099382597,0.5436378067476324,-0.44750086946481993
dot,16,40,0.3369187099382597,0.5436378067476324,-0.44750086946481993
hundreds,50,122,1.0528709685570614,1.658095310580279,-0.4475407175116466
cutscene,40,98,0.8422967748456491,1.3319126265316994,-0.4487182159952212
significantly,52,127,1.094985807299344,1.7260500364237332,-0.4489229271638546
unwinnable,11,28,0.2316316130825535,0.38054646472334275,-0.4495255468413184
rates,11,28,0.2316316130825535,0.38054646472334275,-0.4495255468413184
badly designed,11,28,0.2316316130825535,0.38054646472334275,-0.4495255468413184
counts,11,28,0.2316316130825535,0.38054646472334275,-0.4495255468413184
good ones,11,28,0.2316316130825535,0.38054646472334275,-0.4495255468413184
attributes,11,28,0.2316316130825535,0.38054646472334275,-0.4495255468413184
buffs debuffs,11,28,0.2316316130825535,0.38054646472334275,-0.4495255468413184
updating,18,45,0.3790335486805421,0.6115925325910865,-0.4513471456215594
vast majority,18,45,0.3790335486805421,0.6115925325910865,-0.4513471456215594
excellent,44,108,0.926526452330214,1.4678220782186078,-0.45186098865451996
remain,25,62,0.5264354842785307,0.8426386004588302,-0.4521912786380078
meaning,105,256,2.2110290339698286,3.4792819631848473,-0.45288528372283565
bonuses,72,176,1.5161341947221685,2.392006349689583,-0.45289934200902415
enjoyed,142,346,2.990153550702054,4.702467028367021,-0.4537728581617939
not_many,13,33,0.273746451824836,0.44850119056679677,-0.45444214306020037
enemy health,13,33,0.273746451824836,0.44850119056679677,-0.45444214306020037
glass,20,50,0.42114838742282457,0.6795472584345406,-0.45445050481009197
loses,20,50,0.42114838742282457,0.6795472584345406,-0.45445050481009197
currencies,20,50,0.42114838742282457,0.6795472584345406,-0.45445050481009197
ends,138,337,2.9059238732174895,4.580148521848804,-0.4558608519450811
single run,36,89,0.7580670973610842,1.209594120013482,-0.4560583736600847
mid run,29,72,0.6106651617630956,0.9785480521457384,-0.4564203129905362
come across,22,55,0.463263226165107,0.7475019842779946,-0.4570073661535776
intentional,15,38,0.3158612905671184,0.5164559164102508,-0.4581144533937209
tanks,15,38,0.3158612905671184,0.5164559164102508,-0.4581144533937209
varied,31,77,0.652780000505378,1.0465027779891924,-0.4581337590544994
leaving,92,226,1.9372825821449928,3.0715536081241233,-0.45958539850701285
invested,33,82,0.6948948392476605,1.1144575038326465,-0.4596435000335095
no_more,26,65,0.547492903649672,0.8834114359649028,-0.46097293053076704
locations,44,109,0.926526452330214,1.4814130233872984,-0.46099481918150076
item,338,828,7.117407747445735,11.253302599675992,-0.4617552546516066
adds,84,207,1.768823227175863,2.813325649918998,-0.46211271475585747
artifact,19,48,0.40009096805168337,0.652365368097159,-0.4632347170339184
matchmaking,19,48,0.40009096805168337,0.652365368097159,-0.4632347170339184
upwards,10,26,0.21057419371141228,0.35336457438596114,-0.46507734255791
no_problem,10,26,0.21057419371141228,0.35336457438596114,-0.46507734255791
recommend unless,10,26,0.21057419371141228,0.35336457438596114,-0.46507734255791
drones,10,26,0.21057419371141228,0.35336457438596114,-0.46507734255791
legitimately,10,26,0.21057419371141228,0.35336457438596114,-0.46507734255791
pissed,10,26,0.21057419371141228,0.35336457438596114,-0.46507734255791
curve,71,176,1.495076775351027,2.392006349689583,-0.4666947407451989
exercise,12,31,0.25268903245369473,0.4213193002294151,-0.46792487609707756
difficulty levels,12,31,0.25268903245369473,0.4213193002294151,-0.46792487609707756
save progress,12,31,0.25268903245369473,0.4213193002294151,-0.46792487609707756
persistent,12,31,0.25268903245369473,0.4213193002294151,-0.46792487609707756
becomes boring,12,31,0.25268903245369473,0.4213193002294151,-0.46792487609707756
collision,12,31,0.25268903245369473,0.4213193002294151,-0.46792487609707756
core mechanics,25,63,0.5264354842785307,0.8562295456275212,-0.46794098248640204
truly,107,265,2.2531438727121116,3.601600469703065,-0.4686213462477751
requiring,27,68,0.5685503230208131,0.9241842714709751,-0.46905901318345755
finally,152,376,3.200727744413467,5.110195383427745,-0.4691196278950738
redo,14,36,0.2948038711959772,0.4892740260728692,-0.47000862373594465
expanded,14,36,0.2948038711959772,0.4892740260728692,-0.47000862373594465
padding,14,36,0.2948038711959772,0.4892740260728692,-0.47000862373594465
multiple runs,14,36,0.2948038711959772,0.4892740260728692,-0.47000862373594465
minigame,29,73,0.6106651617630956,0.9921389973144292,-0.47002731194471004
progression system,46,115,0.9686412910724964,1.5629586943994433,-0.47062346139692046
filler,16,41,0.3369187099382597,0.5572287519163233,-0.47159976788422675
experiment,33,83,0.6948948392476605,1.1280484490013374,-0.4716210379967638
want good,18,46,0.3790335486805421,0.6251834777597773,-0.47285469769193966
strong,136,338,2.863809034475207,4.593739467017494,-0.47331357229705784
design decisions,20,51,0.42114838742282457,0.6931382036032313,-0.47386993752568074
log,20,51,0.42114838742282457,0.6931382036032313,-0.47386993752568074
resulting,20,51,0.42114838742282457,0.6931382036032313,-0.47386993752568074
replaced,20,51,0.42114838742282457,0.6931382036032313,-0.47386993752568074
resetting,20,51,0.42114838742282457,0.6931382036032313,-0.47386993752568074
publisher,26,66,0.547492903649672,0.8970023811335935,-0.4760121547810048
encourage,26,66,0.547492903649672,0.8970023811335935,-0.4760121547810048
guaranteed,26,66,0.547492903649672,0.8970023811335935,-0.4760121547810048
serve,26,66,0.547492903649672,0.8970023811335935,-0.4760121547810048
updated,53,133,1.1160432266704852,1.807595707435878,-0.4760463356773901
spike,28,71,0.5896077423919543,0.9649571069770476,-0.4765292720557266
draw,106,265,2.2320864533409703,3.601600469703065,-0.47792581566486714
items,809,2012,17.035452271253252,27.34498167940591,-0.47850091136210704
luck,354,882,7.454326457383995,11.987213638785295,-0.4787821826641103
places,54,136,1.1371006460416262,1.8483685429419503,-0.4798402873928307
harder,180,450,3.790335486805421,6.115925325910864,-0.4803242299694306
days,124,311,2.611120002021512,4.226783947462843,-0.4819723849213089
base,265,663,5.580216133352425,9.010796646842008,-0.482250272240182
steam direct,11,29,0.2316316130825535,0.39413740989203355,-0.48342844533557816
silent,11,29,0.2316316130825535,0.39413740989203355,-0.48342844533557816
wear,11,29,0.2316316130825535,0.39413740989203355,-0.48342844533557816
small amount,11,29,0.2316316130825535,0.39413740989203355,-0.48342844533557816
exponentially,11,29,0.2316316130825535,0.39413740989203355,-0.48342844533557816
single enemy,11,29,0.2316316130825535,0.39413740989203355,-0.48342844533557816
corpse,11,29,0.2316316130825535,0.39413740989203355,-0.48342844533557816
strengths,13,34,0.273746451824836,0.4620921357354876,-0.4834310267611013
manner,13,34,0.273746451824836,0.4620921357354876,-0.4834310267611013
progressively,15,39,0.3158612905671184,0.5300468615789417,-0.48343360821472814
no_good,15,39,0.3158612905671184,0.5300468615789417,-0.48343360821472814
mindlessly,15,39,0.3158612905671184,0.5300468615789417,-0.48343360821472814
nubby,15,39,0.3158612905671184,0.5300468615789417,-0.48343360821472814
lack_of_variety,17,44,0.35797612930940087,0.5980015874223957,-0.4834361896964605
dig,19,49,0.40009096805168337,0.6659563132658497,-0.48343877120629486
discovered,19,49,0.40009096805168337,0.6659563132658497,-0.48343877120629486
not_give,21,54,0.44220580679396576,0.7339110391093039,-0.4834413527442365
new characters,23,59,0.4843206455362482,0.8018657649527579,-0.48344393431028365
smart,25,64,0.5264354842785307,0.8698204907962118,-0.4834465159044363
lightning,27,69,0.5685503230208131,0.937775216639666,-0.4834490975266963
nature,55,139,1.1581580654127674,1.8891413784480229,-0.48348524318977404
leads,55,139,1.1581580654127674,1.8891413784480229,-0.48348524318977404
stale,56,142,1.1792154847839087,1.9299142139540952,-0.4869898382714375
lose,349,878,7.349039360528288,11.932849858110531,-0.48843151033756627
artifacts,36,92,0.7580670973610842,1.2503669555195547,-0.4888522372762285
suffer,28,72,0.5896077423919543,0.9785480521457384,-0.49032394108464494
handful,55,140,1.1581580654127674,1.9027323236167135,-0.49060405797859197
faith,26,67,0.547492903649672,0.9105933263022844,-0.49082858745365776
repair,26,67,0.547492903649672,0.9105933263022844,-0.49082858745365776
incremental,53,135,1.1160432266704852,1.8347775977732597,-0.4908641154824789
investment,22,57,0.463263226165107,0.7746838746153762,-0.4921013797017739
lies,20,52,0.42114838742282457,0.7067291487719223,-0.492919479356674
method,20,52,0.42114838742282457,0.7067291487719223,-0.492919479356674
too_late,16,42,0.3369187099382597,0.5708196970850141,-0.4951316121365803
pools,16,42,0.3369187099382597,0.5708196970850141,-0.4951316121365803
effectively,50,128,1.0528709685570614,1.7396409815924236,-0.4951768484627692
unfun,63,161,1.3266174203818974,2.1881421721592207,-0.49592078564697495
losing,125,318,2.6321774213926536,4.321920563643678,-0.496199484777998
imbalanced,14,37,0.2948038711959772,0.50286497124156,-0.4966782176511959
village,14,37,0.2948038711959772,0.50286497124156,-0.4966782176511959
stories,14,37,0.2948038711959772,0.50286497124156,-0.4966782176511959
become,199,506,4.190426454857104,6.877018255357551,-0.49758356116037916
lost progress,12,32,0.25268903245369473,0.4349102453981059,-0.49869788158785155
dice rolls,12,32,0.25268903245369473,0.4349102453981059,-0.49869788158785155
prices,12,32,0.25268903245369473,0.4349102453981059,-0.49869788158785155
progressed,12,32,0.25268903245369473,0.4349102453981059,-0.49869788158785155
mysterious,12,32,0.25268903245369473,0.4349102453981059,-0.49869788158785155
unbalanced,112,286,2.3584309695678174,3.8870103182455717,-0.4993685704010744
shield,80,205,1.6845935496912983,2.7861437595816163,-0.5006585179772216
rng heavy,10,27,0.21057419371141228,0.36695551955465194,-0.5014463335437362
fun recommend,10,27,0.21057419371141228,0.36695551955465194,-0.5014463335437362
helping,10,27,0.21057419371141228,0.36695551955465194,-0.5014463335437362
cohesive,10,27,0.21057419371141228,0.36695551955465194,-0.5014463335437362
overworld,10,27,0.21057419371141228,0.36695551955465194,-0.5014463335437362
taste mouth,10,27,0.21057419371141228,0.36695551955465194,-0.5014463335437362
retry,10,27,0.21057419371141228,0.36695551955465194,-0.5014463335437362
refresh,21,55,0.44220580679396576,0.7475019842779946,-0.5014612051126583
growth,21,55,0.44220580679396576,0.7475019842779946,-0.5014612051126583
severe,19,50,0.40009096805168337,0.6795472584345406,-0.503242745359147
relies,28,73,0.5896077423919543,0.9921389973144292,-0.5039309400388188
recommend anyone,37,96,0.7791245167322254,1.304730736194318,-0.504298786840879
numerous,26,68,0.547492903649672,0.9241842714709751,-0.5054287337641359
situation,44,114,0.926526452330214,1.5493677492307525,-0.505453316598091
consistently,42,109,0.8844116135879315,1.4814130233872984,-0.506461346220151
speaking,42,109,0.8844116135879315,1.4814130233872984,-0.506461346220151
bad luck,24,63,0.5053780649073895,0.8562295456275212,-0.5071637720408635
stress,15,40,0.3158612905671184,0.5436378067476324,-0.5081275676436334
neutral review,15,40,0.3158612905671184,0.5436378067476324,-0.5081275676436334
brutal,22,58,0.463263226165107,0.7882748197840671,-0.509197159932258
several,208,536,4.379943229197376,7.284746610418275,-0.5110755034781684
prepared,13,35,0.273746451824836,0.4756830809041784,-0.5116032505572594
backtracking,13,35,0.273746451824836,0.4756830809041784,-0.5116032505572594
materials,34,89,0.7159522586188017,1.209594120013482,-0.5116323777078016
stages,128,331,2.6953496795060774,4.498602850836659,-0.5126241386005974
tend,32,84,0.6738374198765194,1.1416393941700282,-0.5133118821474731
frequent,25,66,0.5264354842785307,0.8970023811335935,-0.513754559169346
unrewarding,25,66,0.5264354842785307,0.8970023811335935,-0.513754559169346
powerful,108,280,2.2742012920832524,3.805464647233427,-0.5142811838556183
coming back,30,79,0.6317225811342368,1.0736846683265742,-0.515205035597166
fraction,11,30,0.2316316130825535,0.40772835506072436,-0.5162196149789615
run fun,11,30,0.2316316130825535,0.40772835506072436,-0.5162196149789615
encouraged,11,30,0.2316316130825535,0.40772835506072436,-0.5162196149789615
stretch,11,30,0.2316316130825535,0.40772835506072436,-0.5162196149789615
perks,100,260,2.105741937114123,3.533645743859611,-0.5166639560487685
maxed,28,74,0.5896077423919543,1.00572994248312,-0.5173553072711705
attack patterns,16,43,0.3369187099382597,0.5844106422537049,-0.5181224772052531
hunting,16,43,0.3369187099382597,0.5844106422537049,-0.5181224772052531
buff,67,175,1.4108470978664625,2.378415404520892,-0.5181943763364263
playthroughs,21,56,0.44220580679396576,0.7610929294466855,-0.519162129079616
maps,220,572,4.63263226165107,7.7740206364911435,-0.52015826931774
overall fun,14,38,0.2948038711959772,0.5164559164102508,-0.5226550508893606
dangerous,14,38,0.2948038711959772,0.5164559164102508,-0.5226550508893606
begins,14,38,0.2948038711959772,0.5164559164102508,-0.5226550508893606
defeating,19,51,0.40009096805168337,0.6931382036032313,-0.5226621780747358
rewarded,24,64,0.5053780649073895,0.8698204907962118,-0.5226693054588978
common,74,194,1.5582490334644508,2.6366433627260175,-0.5227405902357187
rely,47,124,0.9896987104436378,1.6852772009176604,-0.5243036447519795
end,707,1842,14.887595495396848,25.034521000728475,-0.5248421672535271
fixing,32,85,0.6738374198765194,1.1552303393387189,-0.5250092688308303
flawed,27,72,0.5685503230208131,0.9785480521457384,-0.5254173373100315
hard mode,22,59,0.463263226165107,0.8018657649527579,-0.5260056251216394
cutscenes,45,119,0.9475838717013553,1.6173224750742066,-0.5260386827018113
chaos,30,80,0.6317225811342368,1.0872756134952648,-0.5276289025068177
becomes repetitive,12,33,0.25268903245369473,0.44850119056679677,-0.5285521915633673
gradually,12,33,0.25268903245369473,0.44850119056679677,-0.5285521915633673
designers,12,33,0.25268903245369473,0.44850119056679677,-0.5285521915633673
busted,12,33,0.25268903245369473,0.44850119056679677,-0.5285521915633673
different types,15,41,0.3158612905671184,0.5572287519163233,-0.5322264660630402
equipped,15,41,0.3158612905671184,0.5572287519163233,-0.5322264660630402
quite fun,15,41,0.3158612905671184,0.5572287519163233,-0.5322264660630402
winning,71,188,1.495076775351027,2.5550976917138724,-0.5323081883958913
encourages,18,49,0.3790335486805421,0.6659563132658497,-0.5347341419691585
enabled,10,28,0.21057419371141228,0.38054646472334275,-0.5365390001717714
increase damage,10,28,0.21057419371141228,0.38054646472334275,-0.5365390001717714
stumble,10,28,0.21057419371141228,0.38054646472334275,-0.5365390001717714
new run,21,57,0.44220580679396576,0.7746838746153762,-0.5365552186608546
replayability,76,202,1.6003638722067335,2.7453709240755435,-0.5366363261673897
repetitive gameplay,13,36,0.273746451824836,0.4892740260728692,-0.5390035715766519
passive,69,184,1.4529619366087447,2.5007339110391094,-0.5390866401586845
glaring,30,81,0.6317225811342368,1.1008665586639557,-0.539900342011542
touhou,16,44,0.3369187099382597,0.5980015874223957,-0.5405966799030999
absurdly,16,44,0.3369187099382597,0.5980015874223957,-0.5405966799030999
ruin,50,134,1.0528709685570614,1.8211866526045688,-0.5406473045667148
taken,56,150,1.1792154847839087,2.038641775303622,-0.5414358210804409
corruption,22,60,0.463263226165107,0.8154567101214487,-0.5425362739476611
updates,223,593,4.6958045197644935,8.059430485033651,-0.5426905941847728
path,123,328,2.590062582650371,4.457830015330586,-0.5430841012953875
saved,31,84,0.652780000505378,1.1416393941700282,-0.5440856172455888
upset,11,31,0.2316316130825535,0.4213193002294151,-0.5479696601157489
wish refund,11,31,0.2316316130825535,0.4213193002294151,-0.5479696601157489
against wall,11,31,0.2316316130825535,0.4213193002294151,-0.5479696601157489
maxing,11,31,0.2316316130825535,0.4213193002294151,-0.5479696601157489
since release,11,31,0.2316316130825535,0.4213193002294151,-0.5479696601157489
mixed review,11,31,0.2316316130825535,0.4213193002294151,-0.5479696601157489
almost everything,14,39,0.2948038711959772,0.5300468615789417,-0.5479742057103678
shorter,14,39,0.2948038711959772,0.5300468615789417,-0.5479742057103678
author,17,47,0.35797612930940087,0.6387744229284681,-0.5479787513822796
irrelevant,20,55,0.42114838742282457,0.7475019842779946,-0.5479832971314877
acts,23,63,0.4843206455362482,0.8562295456275212,-0.5479878429579887
fundamentally,23,63,0.4843206455362482,0.8562295456275212,-0.5479878429579887
complaint,26,71,0.547492903649672,0.9649571069770476,-0.5479923888617915
pattern,32,87,0.6738374198765194,1.1824122296761006,-0.5480014809013039
runs,792,2117,16.677476141943853,28.77203092211845,-0.5507351985008819
completed,76,205,1.6003638722067335,2.7861437595816163,-0.5513105573234522
room,464,1243,9.77064258820953,16.89354484468268,-0.551882932168331
decks,58,157,1.2213303235261912,2.1337783914844572,-0.5522701174561888
superior,21,58,0.44220580679396576,0.7882748197840671,-0.5536509988913387
oxygen,21,58,0.44220580679396576,0.7882748197840671,-0.5536509988913387
new cards,18,50,0.3790335486805421,0.6795472584345406,-0.5545381161220106
roguelike elements,18,50,0.3790335486805421,0.6795472584345406,-0.5545381161220106
focusing,18,50,0.3790335486805421,0.6795472584345406,-0.5545381161220106
peglin,31,85,0.652780000505378,1.1552303393387189,-0.555783003928946
useful,79,214,1.663536130320157,2.908462266099834,-0.5558570982750037
frustratingly,12,34,0.25268903245369473,0.4620921357354876,-0.5575410752642682
execute,12,34,0.25268903245369473,0.4620921357354876,-0.5575410752642682
align,12,34,0.25268903245369473,0.4620921357354876,-0.5575410752642682
unlock new,38,104,0.8001819361033667,1.4134582975438446,-0.557581371220822
floors,35,96,0.737009677989943,1.304730736194318,-0.5583701610126841
boss,984,2651,20.72050066120297,36.02959564219934,-0.5590807090191419
recover,19,53,0.40009096805168337,0.720320093940613,-0.5604051997799964
gaining,19,53,0.40009096805168337,0.720320093940613,-0.5604051997799964
obscure,16,45,0.3369187099382597,0.6115925325910865,-0.5625769334694777
repetition,23,64,0.4843206455362482,0.8698204907962118,-0.563493376376023
nodes,23,64,0.4843206455362482,0.8698204907962118,-0.563493376376023
production,23,64,0.4843206455362482,0.8698204907962118,-0.563493376376023
necessary,47,129,0.9896987104436378,1.7532319267611147,-0.5635310928870929
new,952,2578,20.04666324132645,35.03745664488491,-0.5641630149956409
serves,13,37,0.273746451824836,0.50286497124156,-0.5656731654919032
recipe,13,37,0.273746451824836,0.50286497124156,-0.5656731654919032
spirit,13,37,0.273746451824836,0.50286497124156,-0.5656731654919032
central,13,37,0.273746451824836,0.50286497124156,-0.5656731654919032
big issue,13,37,0.273746451824836,0.50286497124156,-0.5656731654919032
collected,13,37,0.273746451824836,0.50286497124156,-0.5656731654919032
recommendation,41,113,0.8633541942167904,1.5357768040620616,-0.5657173905798789
unlocks,111,303,2.3373735501966766,4.118056386113316,-0.5658279843625946
tools,42,116,0.8844116135879315,1.5765496395681342,-0.5681643440222484
worlds,17,48,0.35797612930940087,0.652365368097159,-0.5685993854380609
different characters,17,48,0.35797612930940087,0.652365368097159,-0.5685993854380609
no_progress,10,29,0.21057419371141228,0.39413740989203355,-0.5704418986660311
not_matter,10,29,0.21057419371141228,0.39413740989203355,-0.5704418986660311
maintain,10,29,0.21057419371141228,0.39413740989203355,-0.5704418986660311
fun run,10,29,0.21057419371141228,0.39413740989203355,-0.5704418986660311
triggered,10,29,0.21057419371141228,0.39413740989203355,-0.5704418986660311
negligible,10,29,0.21057419371141228,0.39413740989203355,-0.5704418986660311
gotten,62,171,1.305560001010756,2.324051623846129,-0.5715828314416047
conditions,25,70,0.5264354842785307,0.9513661618083568,-0.5717472043806247
inevitably,14,40,0.2948038711959772,0.5436378067476324,-0.5726681651392731
etc etc,14,40,0.2948038711959772,0.5436378067476324,-0.5726681651392731
keep mind,14,40,0.2948038711959772,0.5436378067476324,-0.5726681651392731
resources,185,508,3.8956225836611273,6.904200145694933,-0.5741230420591448
satisfaction,22,62,0.463263226165107,0.8426386004588302,-0.5747998299209502
role,22,62,0.463263226165107,0.8426386004588302,-0.5747998299209502
positive review,49,136,1.0318135491859202,1.8483685429419503,-0.5751608497851404
increased,30,84,0.6317225811342368,1.1416393941700282,-0.5758363919872185
reach,116,320,2.4426606470523824,4.349102453981059,-0.5765788633048121
deckbuilding,42,117,0.8844116135879315,1.5901405847368248,-0.5766763806683812
tweak,11,32,0.2316316130825535,0.4349102453981059,-0.5787426656065229
variants,11,32,0.2316316130825535,0.4349102453981059,-0.5787426656065229
lose everything,11,32,0.2316316130825535,0.4349102453981059,-0.5787426656065229
unless want,15,43,0.3158612905671184,0.5844106422537049,-0.5787491753840666
rift,15,43,0.3158612905671184,0.5844106422537049,-0.5787491753840666
incentive,23,65,0.4843206455362482,0.8834114359649028,-0.578762195390695
tied,35,98,0.737009677989943,1.3319126265316994,-0.5787817265295789
permanent,99,274,2.0846845177429816,3.7239189762212823,-0.5788859154891348
fresh,48,134,1.010756129814779,1.8211866526045688,-0.5806567921940466
aka,20,57,0.42114838742282457,0.7746838746153762,-0.583077310679684
unlock,424,1173,8.928345813363881,15.942178682874323,-0.583904597071351
finish,164,455,3.4534167768671615,6.183880051754319,-0.5839412278840124
variance,16,46,0.3369187099382597,0.6251834777597773,-0.5840844855398579
conscience,12,35,0.25268903245369473,0.4756830809041784,-0.5857132990604264
too_weak,12,35,0.25268903245369473,0.4756830809041784,-0.5857132990604264
posted,12,35,0.25268903245369473,0.4756830809041784,-0.5857132990604264
gimmicks,12,35,0.25268903245369473,0.4756830809041784,-0.5857132990604264
maze,17,49,0.35797612930940087,0.6659563132658497,-0.5888034396104374
quickly becomes,22,63,0.463263226165107,0.8562295456275212,-0.5905495337693445
quest,128,358,2.6953496795060774,4.865558370391311,-0.5908479377569771
losses,13,38,0.273746451824836,0.5164559164102508,-0.5916499987300678
brilliant,13,38,0.273746451824836,0.5164559164102508,-0.5916499987300678
progresses,13,38,0.273746451824836,0.5164559164102508,-0.5916499987300678
loadout,13,38,0.273746451824836,0.5164559164102508,-0.5916499987300678
eventually,117,328,2.4637180664235236,4.457830015330586,-0.5926935033127956
not_getting,23,66,0.4843206455362482,0.8970023811335935,-0.5938014196409327
rewards,129,362,2.716407098877218,4.919922151066073,-0.5942096502706189
flaw,28,80,0.5896077423919543,1.0872756134952648,-0.5943244298466563
grind,330,924,6.948948392476606,12.558033335870311,-0.5953566332565181
last,340,952,7.159522586188018,12.938579800593653,-0.5954306772545213
win,273,765,5.748675488321556,10.39707305404847,-0.595639377694634
legendary,24,69,0.5053780649073895,0.937775216639666,-0.5967840120501773
screw,29,83,0.6106651617630956,1.1280484490013374,-0.596792486667594
grindy,97,274,2.042569679000699,3.7239189762212823,-0.5990927762428946
backpack,20,58,0.42114838742282457,0.7882748197840671,-0.6001730909101681
illusion,15,44,0.3158612905671184,0.5980015874223957,-0.6012233780819134
defeat,42,120,0.8844116135879315,1.6309134202428974,-0.6017863427450116
rolls,48,137,1.010756129814779,1.8619594881106412,-0.6026397399509111
huge amount,10,30,0.21057419371141228,0.40772835506072436,-0.6032330683094145
entirety,10,30,0.21057419371141228,0.40772835506072436,-0.6032330683094145
burst,10,30,0.21057419371141228,0.40772835506072436,-0.6032330683094145
armour,10,30,0.21057419371141228,0.40772835506072436,-0.6032330683094145
greatest,10,30,0.21057419371141228,0.40772835506072436,-0.6032330683094145
recently,32,92,0.6738374198765194,1.2503669555195547,-0.603270894222538
node,16,47,0.3369187099382597,0.6387744229284681,-0.605139241588919
deeply,16,47,0.3369187099382597,0.6387744229284681,-0.605139241588919
journey,16,47,0.3369187099382597,0.6387744229284681,-0.605139241588919
addictive,33,95,0.6948948392476605,1.291139791025627,-0.6051685937612454
ruined,84,239,1.768823227175863,3.248235895317104,-0.6052566678838573
fights,207,588,4.3588858098262335,7.991475759190196,-0.6083719269989469
jump space,11,33,0.2316316130825535,0.44850119056679677,-0.6085969755820386
penalty,11,33,0.2316316130825535,0.44850119056679677,-0.6085969755820386
add anything,11,33,0.2316316130825535,0.44850119056679677,-0.6085969755820386
gud,11,33,0.2316316130825535,0.44850119056679677,-0.6085969755820386
pure rng,11,33,0.2316316130825535,0.44850119056679677,-0.6085969755820386
recipes,17,50,0.35797612930940087,0.6795472584345406,-0.6086074137632895
mod,60,172,1.2634451622684737,2.3376425690148195,-0.6096463115392918
unlucky,36,104,0.7580670973610842,1.4134582975438446,-0.6102292576163943
destroyed,30,87,0.6317225811342368,1.1824122296761006,-0.6105259907410492
realise,18,53,0.3790335486805421,0.720320093940613,-0.61170057054286
pricing,25,73,0.5264354842785307,0.9921389973144292,-0.6131364612332248
original review,19,56,0.40009096805168337,0.7610929294466855,-0.6144764616475005
dive,40,116,0.8422967748456491,1.5765496395681342,-0.6157965459561474
leveled,13,39,0.273746451824836,0.5300468615789417,-0.6169691535510751
hint,20,59,0.42114838742282457,0.8018657649527579,-0.6169815560995495
trinkets,27,79,0.5685503230208131,1.0736846683265742,-0.6169939591623912
true,76,219,1.6003638722067335,2.9764169919432875,-0.6170807950074497
spikes,28,82,0.5896077423919543,1.1144575038326465,-0.6187185767984484
upgraded,51,148,1.0739283879282027,2.01145988496624,-0.6199175280208191
certain,294,844,6.190881295115521,11.470757722375044,-0.6200094674568364
clearing,22,65,0.463263226165107,0.8834114359649028,-0.6213238862020507
frustrating,359,1034,7.559613554239701,14.053037304426299,-0.6238220296408823
official,24,71,0.5053780649073895,0.9649571069770476,-0.6249575828045941
reliant,16,48,0.3369187099382597,0.652365368097159,-0.6257598756447003
desire,16,48,0.3369187099382597,0.652365368097159,-0.6257598756447003
buy sale,16,48,0.3369187099382597,0.652365368097159,-0.6257598756447003
gained,16,48,0.3369187099382597,0.652365368097159,-0.6257598756447003
afk,17,51,0.35797612930940087,0.6931382036032313,-0.6280268464788783
ways,164,476,3.4534167768671615,6.469289900296826,-0.6289932091042747
chances,38,112,0.8001819361033667,1.522185858893371,-0.6310196154780456
buffs,88,257,1.853052904660428,3.4928729083535384,-0.6316081594595229
output,19,57,0.40009096805168337,0.7746838746153762,-0.6318695512287391
continued,10,31,0.21057419371141228,0.4213193002294151,-0.6349831134462018
circumstances,10,31,0.21057419371141228,0.4213193002294151,-0.6349831134462018
ship,280,817,5.896077423919544,11.103802202820393,-0.6361485457554812
less fun,23,69,0.4843206455362482,0.937775216639666,-0.6376080829673025
metroidvania,35,104,0.737009677989943,1.4134582975438446,-0.6376303082531187
frustrated,50,148,1.0528709685570614,2.01145988496624,-0.6393376903912067
enemy damage,12,37,0.25268903245369473,0.50286497124156,-0.6397832139950701
occur,12,37,0.25268903245369473,0.50286497124156,-0.6397832139950701
nearly impossible,12,37,0.25268903245369473,0.50286497124156,-0.6397832139950701
dealt,13,40,0.273746451824836,0.5436378067476324,-0.6416631129799804
guides,13,40,0.273746451824836,0.5436378067476324,-0.6416631129799804
temporary,13,40,0.273746451824836,0.5436378067476324,-0.6416631129799804
ingredients,13,40,0.273746451824836,0.5436378067476324,-0.6416631129799804
notes,56,166,1.1792154847839087,2.2560968980026748,-0.6421713495386321
sacrifice,14,43,0.2948038711959772,0.5844106422537049,-0.6432897728797062
enough content,16,49,0.3369187099382597,0.6659563132658497,-0.6459639298170767
new character,16,49,0.3369187099382597,0.6659563132658497,-0.6459639298170767
combinations,58,173,1.2213303235261912,2.3512335141835106,-0.6487519367033432
tedium,19,58,0.40009096805168337,0.7882748197840671,-0.6489653314592232
increasingly,20,61,0.42114838742282457,0.8290476552901395,-0.6497740726739796
versions,20,61,0.42114838742282457,0.8290476552901395,-0.6497740726739796
diving,45,135,0.9475838717013553,1.8347775977732597,-0.6512233776121956
thin,26,79,0.547492903649672,1.0736846683265742,-0.6533636797430695
zones,27,82,0.5685503230208131,1.1144575038326465,-0.653811973023835
elite,35,106,0.737009677989943,1.440640187881226,-0.6565014864722176
endless,115,345,2.421603227681241,4.6888760831983305,-0.6601960199734238
gear,121,363,2.5479477439080886,4.933513096234765,-0.6604920514661101
wasted,80,241,1.6845935496912983,3.2754177856544855,-0.6617685735175716
faces,10,32,0.21057419371141228,0.4349102453981059,-0.6657561189369758
promises,10,32,0.21057419371141228,0.4349102453981059,-0.6657561189369758
great fun,11,35,0.2316316130825535,0.4756830809041784,-0.6657580830790977
not_a single,11,35,0.2316316130825535,0.4756830809041784,-0.6657580830790977
scattered,11,35,0.2316316130825535,0.4756830809041784,-0.6657580830790977
not_been,12,38,0.25268903245369473,0.5164559164102508,-0.6657600472332348
shark,12,38,0.25268903245369473,0.5164559164102508,-0.6657600472332348
pets,14,44,0.2948038711959772,0.5980015874223957,-0.6657639755775531
randomization,14,44,0.2948038711959772,0.5980015874223957,-0.6657639755775531
favor,27,83,0.5685503230208131,1.1280484490013374,-0.6657895109870893
start run,27,83,0.5685503230208131,1.1280484490013374,-0.6657895109870893
stacking,28,86,0.5896077423919543,1.1688212845074097,-0.6657914753334708
weaker,29,89,0.6106651617630956,1.209594120013482,-0.6657934396918694
progress,480,1445,10.10756129814779,19.638915768758224,-0.6687614839769509
house,64,195,1.3476748397530387,2.650234307894708,-0.670978647593504
allows,50,153,1.0528709685570614,2.0794146108096943,-0.672350722058944
fishing,34,105,0.7159522586188017,1.427049242712535,-0.6752833525751054
host,30,93,0.6317225811342368,1.2639579006882455,-0.6764920401137111
additional,58,178,1.2213303235261912,2.419188240026964,-0.6770891787559581
sea,24,75,0.5053780649073895,1.019320887651811,-0.6790301916720836
originally,20,63,0.42114838742282457,0.8562295456275212,-0.6815254647472546
wiped,19,60,0.40009096805168337,0.8154567101214487,-0.6823044454746263
chapter,33,103,0.6948948392476605,1.3998673523751537,-0.6852220770065607
condition,15,48,0.3158612905671184,0.652365368097159,-0.6863865738235138
reward,112,345,2.3584309695678174,4.6888760831983305,-0.6864046227223595
wasting,62,192,1.305560001010756,2.609461472388636,-0.6868068325525218
alter,14,45,0.2948038711959772,0.6115925325910865,-0.6877442291439309
kill boss,14,45,0.2948038711959772,0.6115925325910865,-0.6877442291439309
benefits,14,45,0.2948038711959772,0.6115925325910865,-0.6877442291439309
exhausting,13,42,0.273746451824836,0.5708196970850141,-0.6892938556517407
beating,67,208,1.4108470978664625,2.826916595087689,-0.690089088035414
anymore,125,387,2.6321774213926536,5.259695780283344,-0.6921066926681378
staff,11,36,0.2316316130825535,0.4892740260728692,-0.6931584040984902
visit,11,36,0.2316316130825535,0.4892740260728692,-0.6931584040984902
debuffs,34,107,0.7159522586188017,1.454231133049917,-0.6939781795056028
upgrading,69,215,1.4529619366087447,2.9220532112685245,-0.6940509837582809
synergy,56,175,1.1792154847839087,2.378415404520892,-0.6946736558458717
curse,33,104,0.6948948392476605,1.4134582975438446,-0.6947928749773489
max level,10,33,0.21057419371141228,0.44850119056679677,-0.6956104289124916
underpowered,10,33,0.21057419371141228,0.44850119056679677,-0.6956104289124916
add content,10,33,0.21057419371141228,0.44850119056679677,-0.6956104289124916
punished,31,98,0.652780000505378,1.3319126265316994,-0.6965730679372797
legacy,40,126,0.8422967748456491,1.7124590912550424,-0.6978231674808573
answer,29,92,0.6106651617630956,1.2503669555195547,-0.6985873033080132
becomes,226,705,4.758976777877917,9.581616343927022,-0.7022672847442788
slog,76,239,1.6003638722067335,3.248235895317104,-0.704119115644442
three times,16,52,0.3369187099382597,0.7067291487719223,-0.704236878516511
worthless,32,102,0.6738374198765194,1.3862764072064626,-0.705413858727356
easiest,22,71,0.463263226165107,0.9649571069770476,-0.7083433445330751
wins,14,46,0.2948038711959772,0.6251834777597773,-0.7092517812143111
knowledge,36,115,0.7580670973610842,1.5629586943994433,-0.7098739151859821
essential,13,43,0.273746451824836,0.5844106422537049,-0.7122847207204135
efforts,13,43,0.273746451824836,0.5844106422537049,-0.7122847207204135
buddy,19,62,0.40009096805168337,0.8426386004588302,-0.7145680014479154
peg,19,62,0.40009096805168337,0.8426386004588302,-0.7145680014479154
good fun,19,62,0.40009096805168337,0.8426386004588302,-0.7145680014479154
main reason,12,40,0.25268903245369473,0.5436378067476324,-0.7157731614831473
discover,31,100,0.652780000505378,1.3590945168690811,-0.7165764285368947
castle,30,97,0.6317225811342368,1.3183216813630088,-0.7181701242711416
increasing,36,116,0.7580670973610842,1.5765496395681342,-0.7184590058537808
ships,54,173,1.1371006460416262,2.3512335141835106,-0.718964501524594
new weapons,11,37,0.2316316130825535,0.50286497124156,-0.7198279980137414
balancing issues,11,37,0.2316316130825535,0.50286497124156,-0.7198279980137414
bring back,11,37,0.2316316130825535,0.50286497124156,-0.7198279980137414
player base,10,34,0.21057419371141228,0.4620921357354876,-0.7245993126133925
difficulty spikes,10,34,0.21057419371141228,0.4620921357354876,-0.7245993126133925
good conscience,10,34,0.21057419371141228,0.4620921357354876,-0.7245993126133925
tier,65,209,1.3687322591241797,2.8405075402563797,-0.7247208302431591
equipment,84,270,1.768823227175863,3.6695551955465193,-0.7267783295097123
require,88,283,1.853052904660428,3.8462374827395,-0.7276578413754757
added,184,590,3.8745651642899857,8.018657649527578,-0.7289944852386565
randomness,70,226,1.474019355979886,3.0715536081241233,-0.7295507008047046
balancing,130,418,2.7374645182483595,5.6810150805127595,-0.7300882449076935
blast,19,63,0.40009096805168337,0.8562295456275212,-0.7303177052963097
unlocked,144,463,3.032268389444337,6.292607613103846,-0.730597022068558
farming,33,108,0.6948948392476605,1.4678220782186078,-0.7321857948856572
rooms,273,877,5.748675488321556,11.919258912941842,-0.7322548064458703
grinding,133,429,2.800636776361783,5.830515477368358,-0.7333686492256257
evolutions,13,44,0.273746451824836,0.5980015874223957,-0.7347589234182603
later stages,13,44,0.273746451824836,0.5980015874223957,-0.7347589234182603
difficulty,573,1843,12.065901299663922,25.04811194589717,-0.7354792550014357
repeated,22,73,0.463263226165107,0.9921389973144292,-0.7357450125161673
trait,17,57,0.35797612930940087,0.7746838746153762,-0.7372342196328816
outcomes,12,41,0.25268903245369473,0.5572287519163233,-0.7398720599025541
completion,25,83,0.5264354842785307,1.1280484490013374,-0.7399016359561088
sequence,16,54,0.3369187099382597,0.7339110391093039,-0.7412808439229028
rogue legacy,33,109,0.6948948392476605,1.4814130233872984,-0.741319625412638
mods,48,158,1.010756129814779,2.1473693366531483,-0.7443185447378085
end run,34,113,0.7159522586188017,1.5357768040620616,-0.7480534825744556
add new,10,35,0.21057419371141228,0.4756830809041784,-0.7527715364095506
damage health,10,35,0.21057419371141228,0.4756830809041784,-0.7527715364095506
suffering,10,35,0.21057419371141228,0.4756830809041784,-0.7527715364095506
complete run,10,35,0.21057419371141228,0.4756830809041784,-0.7527715364095506
entire run,21,71,0.44220580679396576,0.9649571069770476,-0.7527971834921559
punishing,61,202,1.284502581639615,2.7453709240755435,-0.7533385118395195
rework,17,58,0.35797612930940087,0.7882748197840671,-0.7543299998633657
lose progress,13,45,0.273746451824836,0.6115925325910865,-0.7567391769846381
screwed,27,91,0.5685503230208131,1.2367760103508638,-0.7567720645904288
classes,126,417,2.653234840763795,5.667424135344069,-0.7587159541183555
pool,95,315,2.0004548402584166,4.281147728137606,-0.7587425721364136
beaten,39,131,0.8212393554745079,1.7804138170984964,-0.7611394276648404
damage output,12,42,0.25268903245369473,0.5708196970850141,-0.7634039041549077
holds,12,42,0.25268903245369473,0.5708196970850141,-0.7634039041549077
balanced,115,383,2.421603227681241,5.205331999608581,-0.7644509997455566
disconnected,18,62,0.3790335486805421,0.8426386004588302,-0.765863372210779
campaign,58,195,1.2213303235261912,2.650234307894708,-0.7678409329347886
tasks,30,102,0.6317225811342368,1.3862764072064626,-0.7679383685671013
overall experience,11,39,0.2316316130825535,0.5300468615789417,-0.7711239860729133
race,11,39,0.2316316130825535,0.5300468615789417,-0.7711239860729133
disconnect,14,49,0.2948038711959772,0.6659563132658497,-0.7711312254915299
countless,14,49,0.2948038711959772,0.6659563132658497,-0.7711312254915299
ultimate,20,69,0.42114838742282457,0.937775216639666,-0.7711457047565684
optimal,23,79,0.4843206455362482,1.0736846683265742,-0.7711529446029974
frustration,71,239,1.495076775351027,3.248235895317104,-0.7712688015443891
dps,46,156,0.9686412910724964,2.1201874463157666,-0.7733343031594249
deal damage,28,96,0.5896077423919543,1.304730736194318,-0.7746078045018532
overpowered,36,123,0.7580670973610842,1.6716862557489698,-0.7765760655467222
prevents,13,46,0.273746451824836,0.6251834777597773,-0.7782467290550183
achievements,145,489,3.0533258088154778,6.645972187489807,-0.7782779431412727
different ways,10,36,0.21057419371141228,0.4892740260728692,-0.7801718574289431
massively,15,53,0.3158612905671184,0.720320093940613,-0.7835570565695917
cards deck,12,43,0.25268903245369473,0.5844106422537049,-0.7863947692235804
hrs,17,60,0.35797612930940087,0.8154567101214487,-0.7876691138787688
scenario,14,50,0.2948038711959772,0.6795472584345406,-0.7909351996443821
playstyles,14,50,0.2948038711959772,0.6795472584345406,-0.7909351996443821
too_often,14,50,0.2948038711959772,0.6795472584345406,-0.7909351996443821
optional,24,84,0.5053780649073895,1.1416393941700282,-0.7909602300759246
laser,21,74,0.44220580679396576,1.00572994248312,-0.7936232187075998
perk,28,98,0.5896077423919543,1.3319126265316994,-0.795019370018748
guarantee,11,40,0.2316316130825535,0.5436378067476324,-0.7958179455018186
accuracy,11,40,0.2316316130825535,0.5436378067476324,-0.7958179455018186
balance,256,877,5.390699359012155,11.919258912941842,-0.7963421443582623
difficulty curve,18,64,0.3790335486805421,0.8698204907962118,-0.7971186094772076
elemental,22,78,0.463263226165107,1.0600937231578833,-0.8011345062982116
boss fights,60,209,1.2634451622684737,2.8405075402563797,-0.8035120909214193
solving puzzles,10,37,0.21057419371141228,0.50286497124156,-0.8068414513441944
rarely,43,151,0.9054690329590728,2.0522327204723125,-0.8069264806846483
ending,87,303,1.8319954852892868,4.118056386113316,-0.8070398825178993
farm,45,158,0.9475838717013553,2.1473693366531483,-0.8075036758474532
restaurant,49,172,1.0318135491859202,2.3376425690148195,-0.8085200121203187
run run,25,89,0.5264354842785307,1.209594120013482,-0.8089025889803843
rolled,14,51,0.2948038711959772,0.6931382036032313,-0.8103546323599709
greedy,14,51,0.2948038711959772,0.6931382036032313,-0.8103546323599709
too_much rng,14,51,0.2948038711959772,0.6931382036032313,-0.8103546323599709
layers,14,51,0.2948038711959772,0.6931382036032313,-0.8103546323599709
lucky,109,382,2.2952587114543936,5.19174105443989,-0.8149643748624182
gems,38,135,0.8001819361033667,1.8347775977732597,-0.8163176632929954
obelisk,13,48,0.273746451824836,0.652365368097159,-0.8199221191598607
opportunities,13,48,0.273746451824836,0.652365368097159,-0.8199221191598607
mitigate,17,62,0.35797612930940087,0.8426386004588302,-0.8199326698520579
previously,23,83,0.4843206455362482,1.1280484490013374,-0.8199484964276955
mystery,31,111,0.652780000505378,1.5085949137246801,-0.819969599531646
missions,111,391,2.3373735501966766,5.314059560958107,-0.8201806936442866
outer,20,73,0.42114838742282457,0.9921389973144292,-0.8267209434940774
mandatory,18,66,0.3790335486805421,0.8970023811335935,-0.8274266527421172
build,508,1792,10.697169040539743,24.354973742293936,-0.8276799614493848
want love,16,59,0.3369187099382597,0.8018657649527579,-0.8282989552593865
achievement,63,225,1.3266174203818974,3.057962662955432,-0.8289456651771605
long run,14,52,0.2948038711959772,0.7067291487719223,-0.8294041741909641
elites,12,45,0.25268903245369473,0.6115925325910865,-0.830849225487805
future runs,10,38,0.21057419371141228,0.5164559164102508,-0.8328182845823591
update,306,1089,6.4435703275692156,14.800539288704295,-0.8350388809386358
gated,15,56,0.3158612905671184,0.7610929294466855,-0.8376283184370958
exception,13,49,0.273746451824836,0.6659563132658497,-0.8401261733322372
sushi,30,110,0.6317225811342368,1.4950039685559893,-0.8427503573231796
trap,52,189,1.094985807299344,2.5686886368825634,-0.8440002527231663
infuriating,22,82,0.463263226165107,1.1144575038326465,-0.850532649275797
mercy,12,46,0.25268903245369473,0.6251834777597773,-0.8523567775581853
diver,23,86,0.4843206455362482,1.1688212845074097,-0.8550438569994636
modifiers,47,173,0.9896987104436378,2.3512335141835106,-0.8551112114421695
rng based,18,68,0.3790335486805421,0.9241842714709751,-0.8568432317252483
ranks,10,39,0.21057419371141228,0.5300468615789417,-0.8581374394033663
punishment,10,39,0.21057419371141228,0.5300468615789417,-0.8581374394033663
solution,43,159,0.9054690329590728,2.160960281821839,-0.8582305514568294
prepare,13,50,0.273746451824836,0.6795472584345406,-0.8599301474850893
storage,13,50,0.273746451824836,0.6795472584345406,-0.8599301474850893
storyline,13,50,0.273746451824836,0.6795472584345406,-0.8599301474850893
lever,13,50,0.273746451824836,0.6795472584345406,-0.8599301474850893
rare,72,265,1.5161341947221685,3.601600469703065,-0.8603658160748404
armor,83,306,1.7477658078047218,4.1588292216193885,-0.8633922929402136
poorly balanced,14,54,0.2948038711959772,0.7339110391093039,-0.866448139597356
completing,38,142,0.8001819361033667,1.9299142139540952,-0.8665168369438287
higher,142,524,2.990153550702054,7.121655268393986,-0.8680862058364651
cheat,18,69,0.3790335486805421,0.937775216639666,-0.8712333160684871
modifier,15,58,0.3158612905671184,0.7882748197840671,-0.8721171882488186
requirement,16,62,0.3369187099382597,0.8426386004588302,-0.8770931600586973
balance issues,16,62,0.3369187099382597,0.8426386004588302,-0.8770931600586973
invincible,13,51,0.273746451824836,0.6931382036032313,-0.8793495802006781
came back,14,55,0.2948038711959772,0.7475019842779946,-0.8844679919657779
certain point,18,70,0.3790335486805421,0.9513661618083568,-0.8854192979533959
spoilers,15,59,0.3158612905671184,0.8018657649527579,-0.8889256534382
punish,19,74,0.40009096805168337,1.00572994248312,-0.8889375512754842
bosses,369,1388,7.7701877479511126,18.864231894142844,-0.8910624481614597
minigames,28,108,0.5896077423919543,1.4678220782186078,-0.8912608716505961
exploration,63,240,1.3266174203818974,3.261826840485795,-0.8932278072263333
dependent,26,101,0.547492903649672,1.3726854620377718,-0.8963394908166329
reduced,16,64,0.3369187099382597,0.8698204907962118,-0.9083483973251258
no_longer,56,217,1.1792154847839087,2.949235101605906,-0.9087413027409426
strongest,12,49,0.25268903245369473,0.6659563132658497,-0.9142362218354041
latest,25,99,0.5264354842785307,1.3455035717003903,-0.9142765740122218
talents,32,126,0.6738374198765194,1.7124590912550424,-0.9149042843248001
math,20,80,0.42114838742282457,1.0872756134952648,-0.917114433301915
cosmetics,15,61,0.3158612905671184,0.8290476552901395,-0.92171817001263
reaching,23,92,0.4843206455362482,1.2503669555195547,-0.9217433130681147
specific,190,740,4.000909680516833,10.057299424831202,-0.9234512236683177
achieve,18,73,0.3790335486805421,0.9921389973144292,-0.9268085548059961
good run,19,77,0.40009096805168337,1.0465027779891924,-0.9281623051402814
reroll,33,132,0.6948948392476605,1.794004762267187,-0.9312193685080228
victory,13,54,0.273746451824836,0.7339110391093039,-0.9354430874380633
fewer,13,54,0.273746451824836,0.7339110391093039,-0.9354430874380633
fetch,14,58,0.2948038711959772,0.7882748197840671,-0.9366577857444582
ravenswatch,16,66,0.3369187099382597,0.8970023811335935,-0.9386564405900355
per run,16,66,0.3369187099382597,0.8970023811335935,-0.9386564405900355
dlc,164,650,3.4534167768671615,8.834114359649027,-0.9402208756798514
hardest,23,94,0.4843206455362482,1.2775488458569362,-0.9430234053865743
unlocking,76,306,1.6003638722067335,4.1588292216193885,-0.9504182063982078
answers,10,43,0.21057419371141228,0.5844106422537049,-0.9534530065727047
head against,10,43,0.21057419371141228,0.5844106422537049,-0.9534530065727047
regularly,12,51,0.25268903245369473,0.6931382036032313,-0.953459628703845
stacks,12,51,0.25268903245369473,0.6931382036032313,-0.953459628703845
discovery,12,51,0.25268903245369473,0.6931382036032313,-0.953459628703845
deleted,18,75,0.3790335486805421,1.019320887651811,-0.9534794956903934
biome,19,79,0.40009096805168337,1.0736846683265742,-0.9534828069413184
punishes,19,79,0.40009096805168337,1.0736846683265742,-0.9534828069413184
travel,23,95,0.4843206455362482,1.291139791025627,-0.9534960521921771
shields,31,127,0.652780000505378,1.7260500364237332,-0.9535225438803074
late,65,263,1.3687322591241797,3.574418579365683,-0.9536351512059538
patch,83,335,1.7477658078047218,4.5529666315114214,-0.9536947784213314
encounters,50,204,1.0528709685570614,2.7725528144129252,-0.9584768004105637
rerolls,20,84,0.42114838742282457,1.1416393941700282,-0.9653219227823158
solving,41,169,0.8633541942167904,2.296869733508747,-0.9653928125055256
recent,39,161,0.8212393554745079,2.1881421721592207,-0.9659742512633045
bad rng,18,76,0.3790335486805421,1.0329118328205016,-0.9665529241615847
event,52,214,1.094985807299344,2.908462266099834,-0.967647887001851
afterwards,12,52,0.25268903245369473,0.7067291487719223,-0.9725091705348383
scaling,83,342,1.7477658078047218,4.648103247692258,-0.9743234972919703
secret,22,93,0.463263226165107,1.2639579006882455,-0.9750016399308983
rarity,21,90,0.44220580679396576,1.223185065182173,-0.9870161623382288
dave diver,16,70,0.3369187099382597,0.9513661618083568,-0.9966490858013142
fish,79,335,1.663536130320157,4.5529666315114214,-1.002493249169989
rng,508,2139,10.697169040539743,29.071031715829648,-1.0050641643111105
review negative,13,58,0.273746451824836,0.7882748197840671,-1.0056527335851655
no_updates,11,50,0.2316316130825535,0.6795472584345406,-1.0140849800069276
runes,15,67,0.3158612905671184,0.9105933263022844,-1.014099571441502
outer wilds,13,59,0.273746451824836,0.8018657649527579,-1.0224611987745469
quests,69,300,1.4529619366087447,4.077283550607244,-1.0259973557211675
arcana,18,81,0.3790335486805421,1.1008665586639557,-1.029473484118558
no_new,11,51,0.2316316130825535,0.6931382036032313,-1.0335044127225164
poison,28,125,0.5896077423919543,1.6988681460863513,-1.0362177950027185
addicting,13,60,0.273746451824836,0.8154567101214487,-1.0389918476005686
extremely frustrating,10,47,0.21057419371141228,0.6387744229284681,-1.0404697709563706
challenges,56,248,1.1792154847839087,3.370554401835321,-1.0417408992668946
puzzle,242,1070,5.095895487816177,14.54231133049917,-1.0513476131399235
wilds,13,61,0.273746451824836,0.8290476552901395,-1.055253715348977
strategies,38,172,0.8001819361033667,2.3376425690148195,-1.0570042127329433
secrets,14,66,0.2948038711959772,0.8970023811335935,-1.0638237362644887
faction,16,75,0.3369187099382597,1.019320887651811,-1.0647092835383116
defensive,17,80,0.35797612930940087,1.0872756134952648,-1.0712713422551126
hints,18,85,0.3790335486805421,1.1552303393387189,-1.0771069207775916
unlocking new,14,68,0.2948038711959772,0.9241842714709751,-1.0932403152476198
pegs,20,96,0.42114838742282457,1.304730736194318,-1.0973978079571118
too_grindy,10,50,0.21057419371141228,0.6795472584345406,-1.1010984333373806
credits,20,100,0.42114838742282457,1.3590945168690811,-1.1378127340736217
too_few,10,52,0.21057419371141228,0.7067291487719223,-1.1395674078839626
ruining,10,53,0.21057419371141228,0.720320093940613,-1.1582608877582299
build variety,12,63,0.25268903245369473,0.8562295456275212,-1.161115155925419
last boss,18,93,0.3790335486805421,1.2639579006882455,-1.166065182220727
viable,39,199,0.8212393554745079,2.7045980885694716,-1.1767464721298335
final,149,759,3.137555486300043,10.315527383036327,-1.190517938116761
solved,21,111,0.44220580679396576,1.5085949137246801,-1.1946838130495436
orbs,42,219,0.8844116135879315,2.9764169919432875,-1.1997567038654555
dlcs,22,118,0.463263226165107,1.6037315299055157,-1.210864024729057
endless mode,22,120,0.463263226165107,1.6309134202428974,-1.227533771179786
builds,159,850,3.3481296800114553,11.55230339338719,-1.239175031392187
new content,14,79,0.2948038711959772,1.0736846683265742,-1.2411752612265534
dave,33,181,0.6948948392476605,2.4599610755330366,-1.2449429328523198
highest,23,128,0.4843206455362482,1.7396409815924236,-1.2490047150680041
orb,18,103,0.3790335486805421,1.3998673523751537,-1.267174768538677
components,13,76,0.273746451824836,1.0329118328205016,-1.2719449555246634
draft,25,142,0.5264354842785307,1.9299142139540952,-1.2720089386597007
relic,27,153,0.5685503230208131,2.0794146108096943,-1.2720196032235727
traits,22,126,0.463263226165107,1.7124590912550424,-1.2759383939817326
act,56,320,1.1792154847839087,4.349102453981059,-1.295826130250319
relics,64,374,1.3476748397530387,5.0830134930903625,-1.3200311780099279
blue,60,355,1.2634451622684737,4.824785534885238,-1.3315319937270562
solve,64,384,1.3476748397530387,5.218922944777272,-1.3463619608738826
charms,26,162,0.547492903649672,2.2017331173279113,-1.3651990456709218
nerfed,13,86,0.273746451824836,1.1688212845074097,-1.3940611214637268
solutions,11,75,0.2316316130825535,1.019320887651811,-1.4130263595753103
nerf,12,82,0.25268903245369473,1.1144575038326465,-1.4210982714318714
enemies bosses,10,71,0.21057419371141228,0.9649571069770476,-1.4459672040382738
difficulties,55,367,1.1581580654127674,4.987876876909528,-1.4502329262631939
drafting,15,105,0.3158612905671184,1.427049242712535,-1.4580821434471911
endgame,21,145,0.44220580679396576,1.9706870494601676,-1.4598373614317897
puzzles,149,1032,3.137555486300043,14.025855414088918,-1.497790085272725
launcher,41,299,0.8633541942167904,4.063692605438553,-1.5335519849994546
higher difficulties,18,154,0.3790335486805421,2.093005555978385,-1.6662776833163377
final boss,43,400,0.9054690329590728,5.4363780674763245,-1.7773428565728775
prince,23,241,0.4843206455362482,3.2754177856544855,-1.8782822593452266
blue prince,19,230,0.40009096805168337,3.1259173887988867,-2.0140772869128387
spoiler,27,349,0.5685503230208131,4.743239863873093,-2.0932642108651622
clues,12,180,0.25268903245369473,2.446370130364346,-2.200886701345361
paradox,14,259,0.2948038711959772,3.52005479869092,-2.420072730796302
