appid,name,released_raw,release_date,release_year,search_pct_positive,search_review_count,search_tagids,price_final_usd_cents,discount_pct,matched_tags
645200,Lethal Running,"Oct 19, 2022",2022-10-19,2022,60,10,"122,3959,3964,1716,4115,3835,5125",499,0,Roguelike;Roguelite
794350,No Captain Allowed!,"May 2, 2022",2022-05-02,2022,40,10,"42804,492,21,6730,3843,3859,3959",999,0,Action Roguelike;Roguelike;Roguelite
1289750,Operation Zeta,"Jan 13, 2022",2022-01-13,2022,100,10,"3964,3959,42804,3942,492,5125,1755",999,0,Action Roguelike;Roguelike;Roguelite
1622560,Interplanetary Gardener,"Jan 13, 2022",2022-01-13,2022,80,10,"3968,122,3942,1716,1644,15045,19",499,0,Roguelike
1653160,Nemesis - FDT,"Jan 5, 2025",2025-01-05,2025,90,10,"122,19,1716,599,4106,42804,4434",0,,Action Roguelike;Roguelike
1746820,HYDROGEN,"Jul 18, 2024",2024-07-18,2024,100,10,"6730,4182,19,492,493,21,3959",599,0,Action Roguelike;Roguelike;Roguelite
1849800,Cramit's Keep,"Jan 10, 2022",2022-01-10,2022,100,10,"19,42804,1716,3959,4191,1684,4057",499,0,Action Roguelike;Roguelike;Roguelite
1858680,Redneck Brawl Turbo,"Apr 10, 2025",2025-04-10,2025,90,10,"4885,5547,1719,4637,723991,4231,1662",1299,0,Action Roguelike
1858760,Gem Worlds,"Jan 16, 2023",2023-01-16,2023,100,10,"1720,3959,1664,12057,1773,1716,3871",499,0,Roguelike;Roguelite
1893890,Skedaddle Out The Dungeon,"Mar 21, 2022",2022-03-21,2022,60,10,"492,19,21,113,1720,3871,1716",0,,Action Roguelike;Roguelike
1947240,Ashen Arrows,"Feb 20, 2025",2025-02-20,2025,90,10,"19,21978,492,21,13382,11634,599",1799,0,Action Roguelike;Roguelike
1947490,Death's Dungeon,"Mar 23, 2023",2023-03-23,2023,100,10,"21,1720,4231,1716,122,42804,3871",499,0,Action Roguelike;Roguelike
1950820,Mechabot Defender,"Aug 3, 2022",2022-08-03,2022,90,10,"597,42804,3964,19,4885,3871,3959",399,0,Action Roguelike;Roguelite
2091750,Cold Way,"Nov 11, 2022",2022-11-11,2022,100,10,"1625,5379,3877,4004,3964,4026,9803",299,0,Roguelite
2096480,Shattered Star,"Oct 1, 2022",2022-10-01,2022,60,10,"19,21,122,4231,4106,42804,4191",99,0,Action Roguelike
2153900,Ember's Love,"Feb 24, 2023",2023-02-24,2023,70,10,"1666,32322,1091588,7208,1716,791774,9",99,0,Roguelike;Roguelike Deckbuilder;Roguelite
2221100,Just One,"Jan 23, 2023",2023-01-23,2023,90,10,"19,21,597,599,6506,4106,4158",99,0,Roguelike
2230560,Zombie Squad,"Feb 16, 2023",2023-02-16,2023,80,10,"597,21,19,9,42804,1625,3871",199,0,Action Roguelike
2260260,Hack and Shoot Heroes,"Jan 9, 2023",2023-01-09,2023,20,10,"597,4758,3964,1684,7481,492,4182",499,0,Action Roguelike;Roguelike;Roguelite
2304190,Deep Death Dungeon Darkness,"Dec 24, 2023",2023-12-24,2023,70,10,"19,29482,1697,4604,492,4667,1759",1199,0,Roguelite
2318590,School Booster,"May 3, 2023",2023-05-03,2023,60,10,"9,113,597,599,122,492,1716",0,,Roguelike
2343960,巫族 WITCH RACE,"Apr 7, 2023",2023-04-07,2023,50,10,"1084988,3959,21725,3813,1676,1716,9",399,0,Roguelike;Roguelite
2352710,Shoot & Neon,"Jun 4, 2025",2025-06-04,2025,90,10,"42804,5547,4885,1663,6730,1774,1716",279,0,Action Roguelike;Roguelike
2354920,Fallen Force,"May 30, 2024",2024-05-30,2024,100,10,"42804,5547,4885,4255,19,9,4637",0,,Action Roguelike;Roguelite
2356390,Chaos Coming,"Apr 20, 2023",2023-04-20,2023,50,10,"122,7432,1666,3834,16094,1716,17305",199,0,Roguelike
2376740,200 DAYS Zombie Apocalypse,"May 4, 2023",2023-05-04,2023,50,10,"19,599,1716,17305,21725,3871,4004",899,0,Roguelike
2382210,Space Guardian,"May 12, 2023",2023-05-12,2023,10,10,"493,11104,7208,597,4115,19,9130",99,0,Roguelike
2396830,Boxed Tower: Actual Tower Defense,"Jul 16, 2023",2023-07-16,2023,90,10,"1662,3959,13382,1645,4026,113,1773",0,,Roguelike;Roguelite
2404010,Cell Wars,"Oct 20, 2023",2023-10-20,2023,100,10,"19,597,1773,1774,5547,3959,4637",499,0,Roguelite
2444010,Hector The Cat - Treasure Hunter,"Aug 3, 2023",2023-08-03,2023,100,10,"42804,1716,4885,4026,3964,19,4182",199,0,Action Roguelike;Roguelike;Roguelite
2462090,Star Knight: Order of the Vortex,"Sep 9, 2024",2024-09-09,2024,100,10,"493,4885,4255,3959,1759,12057,1773",499,0,Roguelike;Roguelite
2499590,White Hat,"Oct 1, 2023",2023-10-01,2023,100,10,"19,9,42804,1084988,1716,4885,3959",499,0,Action Roguelike;Roguelike;Roguelite
2667100,Project: NEO,"Feb 2, 2024",2024-02-02,2024,100,10,"1716,19,3964,597,1673,4166,6730",0,,Roguelike
2694230,Shinobi Saga,"Jun 19, 2024",2024-06-19,2024,100,10,"122,19,21,42804,1688,492,3964",0,,Action Roguelike
2701020,The Gauntlet,"Mar 4, 2024",2024-03-04,2024,100,10,"4036,4191,8666,492,19,4182,5395",299,0,Action Roguelike;Roguelike
2766770,这是一个正方形！（This Is A Square！）,"Jun 1, 2024",2024-06-01,2024,100,10,"19,3959,4094,3871,1716,4885,1654",399,0,Roguelike;Roguelite
2783290,Floops Big House Adventure,"Aug 21, 2024",2024-08-21,2024,90,10,"42804,1773,4885,4305,4758,4562,4791",499,0,Action Roguelike;Roguelite
2788990,Romantic Life,"Dec 6, 2024",2024-12-06,2024,50,10,"10235,9130,12095,492,597,1716,599",199,0,Roguelike
2810270,My Rusty Submarine - New Waters,"Jul 24, 2025",2025-07-24,2025,100,10,"597,17389,5379,3959,5537,16689,3871",199,0,Roguelite
2856490,Death From The Darkness,"Jul 21, 2024",2024-07-21,2024,30,10,"1667,8369,5716,3978,1721,1759,4064",499,0,Roguelike
2875300,The Echo Escape,"Apr 9, 2024",2024-04-09,2024,80,10,"492,1667,597,3978,21,4191,4182",0,,Roguelike
2952190,YVY,"Nov 30, 2025",2025-11-30,2025,90,10,"3959,1084988,1716,122,4747,9,3871",999,0,Roguelike;Roguelite
2955500,Space Horde Attack,"May 17, 2024",2024-05-17,2024,90,10,"42804,4885,3959,1755,1774,1716,4255",699,0,Action Roguelike;Roguelike;Roguelite
2955960,Brickorium,"May 30, 2024",2024-05-30,2024,90,10,"597,9,42804,1773,1716,1720,3959",0,,Action Roguelike;Roguelike;Roguelite
2958670,NUNNA,"May 10, 2024",2024-05-10,2024,70,10,"791774,9,14139,3959,1666,3871,5125",99,0,Roguelike;Roguelike Deckbuilder;Roguelite
3025740,UNKILLABLE ROBOTS,"Jun 26, 2024",2024-06-26,2024,100,10,"21,122,19,1773,1716,4231,5547",2999,0,Roguelike
3069690,Seas of Hydra,"Sep 17, 2024",2024-09-17,2024,100,10,"597,15564,16689,599,16094,1684,1773",699,0,Roguelike
3101710,War of the Gods: Prologue,"Sep 4, 2024",2024-09-04,2024,80,10,"21,19,4106,42804,4231,492,1716",0,,Action Roguelike;Roguelike
3139930,VTBattle-VTubers aren't about the number of subscribers! It's about power!,"Dec 18, 2024",2024-12-18,2024,100,10,"122,597,1666,1716,791774,9271,3959",899,0,Roguelike;Roguelite
3152290,Echoes Of Spellcraft,"Jun 23, 2025",2025-06-23,2025,60,10,"9,1091588,32322,492,19,3964,4711",1399,0,Action Roguelike;Roguelike;Roguelike Deckbuilder
3243410,The Forbidden Flask,"Oct 22, 2025",2025-10-22,2025,100,10,"9,3871,3964,4791,1684,4172,4182",599,0,Roguelike;Roguelite
3252500,Melt Them All,"Oct 13, 2024",2024-10-13,2024,60,10,"42804,3959,255534,4182,5796,1662,7332",199,0,Action Roguelike;Roguelite
3319710,CybArena,"Dec 12, 2024",2024-12-12,2024,100,10,"5547,4758,3843,3959,4115,42804,4637",499,0,Action Roguelike;Roguelike;Roguelite
3319720,Kernel,"Oct 31, 2025",2025-10-31,2025,70,10,"9,1666,492,1716,1084988,791774,3959",599,0,Roguelike;Roguelike Deckbuilder;Roguelite
3320390,Slug's Sister Defense,"Dec 3, 2024",2024-12-03,2024,100,10,"597,492,493,1645,42804,4726,1719",398,0,Action Roguelike
3323300,Crazy Dungeon,"Dec 11, 2024",2024-12-11,2024,100,10,"19,597,1773,1716,42804,1646,4191",0,,Action Roguelike;Roguelike
3330200,noSpellHero,"Dec 2, 2024",2024-12-02,2024,60,10,"1716,122,3964,597,4637,5350,21",0,,Roguelike
3332000,Fallen Depths,"Dec 13, 2024",2024-12-13,2024,100,10,"42804,1667,19,3834,5395,3959,1716",499,0,Action Roguelike;Roguelike;Roguelite
3414630,Turbotz Testing 20XX,"Mar 3, 2025",2025-03-03,2025,100,10,"19,597,1645,3959,560542,3834,3871",499,0,Roguelite
3456970,Death Kid,"Apr 2, 2025",2025-04-02,2025,100,10,"42804,3959,1773,3964,1734,1743,4158",499,0,Action Roguelike;Roguelite
3484560,Compass of Destiny: Survivors,"Jun 20, 2025",2025-06-20,2025,70,10,"19,21,597,42804,4106,3987,1773",0,,Action Roguelike
3509950,Gun in a Well,"Nov 14, 2025",2025-11-14,2025,100,10,"19,42804,1773,1625,3959,3871,4604",399,0,Action Roguelike;Roguelike;Roguelite
3525880,How Much Items - Vehicles,"Mar 12, 2025",2025-03-12,2025,100,10,"19,21,597,599,701,9,4231",19999,0,Action Roguelike
3594280,AVTale,"Oct 15, 2025",2025-10-15,2025,60,10,"10816,3843,3841,3859,492,21,1625",499,0,Action Roguelike
3621320,Oreflux,"Nov 18, 2025",2025-11-18,2025,80,10,"42804,3834,5379,3959,19,597,1759",499,0,Action Roguelike;Roguelike;Roguelite
3661160,Darkest Descent,"Sep 29, 2025",2025-09-29,2025,70,10,"1716,10695,9,4325,1685,493,1720",324,35,Roguelike;Roguelite
3854780,Squidly's Revenge,"Nov 6, 2025",2025-11-06,2025,100,10,"19,1716,3871,4195,4726,6815,3964",499,0,Action Roguelike;Roguelike
3885240,HEGGO,"Aug 5, 2025",2025-08-05,2025,80,10,"3959,8945,122,16689,4885,597,17305",0,,Roguelike;Roguelite
3936260,WARHEAD CIRCUS（ウォーヘッド サーカス）,"Dec 15, 2025",2025-12-15,2025,70,10,"42804,5395,19,597,4885,1774,492",899,0,Action Roguelike
3950030,Willian's Magical Pass Level 3D,"Nov 28, 2025",2025-11-28,2025,100,10,"19,122,597,5395,42804,4191,4562",699,0,Action Roguelike
4007610,Demon Itself,"Nov 7, 2025",2025-11-07,2025,100,10,"42804,19,11095,1734,1663,1759,4191",299,0,Action Roguelike
4015860,Too Many Bots,"Oct 21, 2025",2025-10-21,2025,90,10,"19,1773,4004,492,3839,4026,1734",0,,Action Roguelike
4093550,The Entropy Directive,"Dec 2, 2025",2025-12-02,2025,100,10,"597,9,1666,1036,1716,791774,14139",99,0,Roguelike;Roguelite
515010,A Duel Hand Disaster: Trackher,"Oct 4, 2024",2024-10-04,2024,100,11,"6426,5154,7208,1773,6625,10816,4182",999,0,Action Roguelike;Roguelike
882190,Tight Ride,"Jun 10, 2023",2023-06-10,2023,90,11,"42804,4885,597,4094,19,6730,4191",499,0,Action Roguelike
1160770,无限家园,"Jan 11, 2022",2022-01-11,2022,81,11,"597,492,21978,42804,1684,1685,3843",0,,Action Roguelike
1499770,Echoes of Mayhem®,"Feb 20, 2023",2023-02-20,2023,90,11,"4231,42804,1720,3959,1716,4191,19",999,0,Action Roguelike;Roguelike;Roguelite
1564350,Bot Loop,"Oct 5, 2024",2024-10-05,2024,81,11,"1716,1677,4026,4182,32322,4325,3959",899,0,Roguelike;Roguelite
1768530,MIYAMOTO S,"Jan 30, 2022",2022-01-30,2022,81,11,"32322,1666,14139,1688,1708,4094,9",899,0,Roguelike;Roguelike Deckbuilder
1805680,A Contusion,"Jul 29, 2022",2022-07-29,2022,81,11,"4637,3959,1759,4026,1774,3871,4791",499,0,Action Roguelike;Roguelike;Roguelite
1832760,DarkBlood -Reborn-,"Feb 25, 2022",2022-02-25,2022,81,11,"1720,1646,122,4434,1716,597,3871",999,0,Roguelike
1846390,Einherjar,"Mar 15, 2022",2022-03-15,2022,90,11,"9,1716,1676,1741,4191,1643,4172",0,,Roguelike;Roguelite
1886080,Tetraphobia,"Feb 21, 2024",2024-02-21,2024,100,11,"493,492,19,42804,3959,1720,4637",1099,0,Action Roguelike;Roguelike;Roguelite
1918790,The Dark Realm,"Apr 1, 2024",2024-04-01,2024,90,11,"42804,4885,3959,4026,1716,3964,4305",899,0,Action Roguelike;Roguelike;Roguelite
1926660,OUTLANDER,"Apr 4, 2022",2022-04-04,2022,100,11,"21,19,597,4106,1664,1716,4486",0,,Roguelike;Roguelite
1934520,Auto Cast,"Apr 14, 2023",2023-04-14,2023,18,11,"42804,4885,1084988,3959,5547,4637,1684",399,0,Action Roguelike;Roguelite
1974560,Blade and Burden,"Jan 17, 2025",2025-01-17,2025,90,11,"19,21,42804,1720,1646,3959,3871",599,0,Action Roguelike;Roguelite
2068220,Rampage Ball 2048,"Dec 9, 2022",2022-12-09,2022,54,11,"1773,597,3871,5154,4182,492,6691",0,,Action Roguelike;Roguelike
2102330,The Reaper Survivors,"Nov 15, 2022",2022-11-15,2022,63,11,"42804,1685,615955,1759,1716,3871,19",199,0,Action Roguelike;Roguelike
2168880,Rogue Blaster,"Jan 26, 2023",2023-01-26,2023,81,11,"597,1716,1663,4191,3942,1684,6730",499,0,Roguelike
2215340,Shishi : Timeless Prelude,"Jul 27, 2023",2023-07-27,2023,100,11,"4325,21,122,4252,4182,4057,1684",1999,0,Roguelike;Roguelite
2220320,Space Mercenary Defense Force,"Nov 14, 2023",2023-11-14,2023,90,11,"19,122,492,42804,597,1673,1716",499,0,Action Roguelike;Roguelike;Roguelite
2221090,Escape of Pig,"Jan 11, 2023",2023-01-11,2023,72,11,"21,597,599,4106,4364,1625,1664",199,0,Roguelike
2223170,Blow Away Survivors,"Jul 4, 2024",2024-07-04,2024,72,11,"492,3959,597,19,42804,4182,4191",799,0,Action Roguelike;Roguelite
2271110,RogueViz Collection,"Aug 26, 2025",2025-08-26,2025,90,11,"13782,699,1714,597,1036,5794,9",699,0,Roguelike Deckbuilder
2345550,Meow Legion,"Mar 29, 2024",2024-03-29,2024,100,11,"19,42804,3959,3964,4182,4885,4637",99,0,Action Roguelike;Roguelike;Roguelite
2354040,Spaceship Survivors,"May 15, 2023",2023-05-15,2023,100,11,"19,3959,1716,42804,492,4085,122",499,0,Action Roguelike;Roguelike;Roguelite
2382090,LaborSurviveManual,"Apr 22, 2023",2023-04-22,2023,81,11,"597,1774,3959,4637,3871,3964,1654",0,,Roguelite
2407160,Dragon Lair Depths,"Jan 9, 2024",2024-01-09,2024,90,11,"9,1770,14139,3959,6426,492,1741",699,0,Roguelite
2416920,Groob,"May 17, 2023",2023-05-17,2023,36,11,"1666,1091588,9,791774,32322,1716,4085",199,0,Roguelike;Roguelike Deckbuilder;Roguelite
2472180,Gash,"Dec 27, 2023",2023-12-27,2023,72,11,"42804,1646,6730,1773,4106,1716,4191",0,,Action Roguelike;Roguelike
2480740,Mushy Score,"Mar 7, 2024",2024-03-07,2024,100,11,"42804,5154,3964,1773,5379,19,1625",299,0,Action Roguelike;Roguelike
2490750,The Dungeon Tower,"Sep 11, 2023",2023-09-11,2023,100,11,"122,42804,1716,3871,4305,1684,1708",499,0,Action Roguelike;Roguelike
2563960,Necroslayer,"Mar 19, 2024",2024-03-19,2024,90,11,"42804,1695,1720,4604,122,19,3839",599,0,Action Roguelike;Roguelite
2620610,Dungeons of Mysteria,"Nov 14, 2023",2023-11-14,2023,72,11,"1716,3959,42804,5125,3964,1646,19",599,0,Action Roguelike;Roguelike;Roguelite
2679760,The Ampoule,"Nov 20, 2023",2023-11-20,2023,90,11,"1716,4191,3839,1667,1721,4182,492",0,,Roguelike
2734180,Cube-Field+,"Jun 12, 2025",2025-06-12,2025,100,11,"19,492,42804,1716,699,3993,1662",299,0,Action Roguelike;Roguelike;Roguelite
2783850,Superation,"May 29, 2025",2025-05-29,2025,100,11,"492,701,42804,3959,1743,12190,1716",499,0,Action Roguelike;Roguelike;Roguelite
2816710,The Backrooms: Unseen Tapes,"Jun 27, 2024",2024-06-27,2024,45,11,"1667,1721,5125,3978,4342,5186,3834",399,0,Roguelite
2908840,Slime Mayhem,"Apr 9, 2024",2024-04-09,2024,36,11,"42804,4885,4255,3959,1774,1773,1716",0,,Action Roguelike;Roguelike;Roguelite
2943390,MOON THIRST,"May 13, 2024",2024-05-13,2024,81,11,"21,122,19,4106,1716,4231,4486",2999,0,Roguelike
2959000,Shining Hero,"Jan 28, 2025",2025-01-28,2025,90,11,"9,32322,1716,791774,1666,3959,492",299,0,Roguelike;Roguelite
2963830,Skel Dungeon: Heroes Must Die!,"Oct 21, 2024",2024-10-21,2024,54,11,"4172,1646,1676,1645,19,1723,4604",899,0,Roguelike;Roguelite
3030010,召唤师崛起  summoner rises,"Jun 29, 2024",2024-06-29,2024,81,11,"21,4106,5395,1697,1684,3993,19",0,,Action Roguelike
3061550,RIOO,"Aug 20, 2024",2024-08-20,2024,81,11,"3959,597,1716,21,4791,4726,1654",99,0,Roguelike;Roguelite
3112030,Gnomer,"Sep 15, 2025",2025-09-15,2025,100,11,"42804,4637,3959,1759,6730,4736,1716",499,0,Action Roguelike;Roguelike;Roguelite
3143100,Scrap Age: Survivors,"Oct 31, 2024",2024-10-31,2024,90,11,"42804,4885,723991,4637,6730,492,1084988",499,0,Action Roguelike
3167100,CODE: BLUE,"Jan 9, 2025",2025-01-09,2025,100,11,"42804,1646,3959,4236,4158,3993,6730",299,0,Action Roguelike;Roguelike;Roguelite
3169180,Chosen War,"Jul 3, 2025",2025-07-03,2025,72,11,"9,1678,4172,1684,4684,3959,4195",199,0,Roguelike;Roguelite
3180270,Carnage Kart X,"Dec 13, 2024",2024-12-13,2024,90,11,"493,4004,4172,1646,1644,3964,42804",499,0,Action Roguelike;Roguelite
3181670,Periodicity - Hats and scars,"Dec 27, 2024",2024-12-27,2024,90,11,"42804,723991,3959,3964,1647,7432,3871",499,0,Action Roguelike;Roguelike;Roguelite
3190430,Terror Diversion,"Jan 10, 2025",2025-01-10,2025,45,11,"1667,6426,122,1716,21,4486,4026",1499,0,Roguelike
3246420,Project 0.1,"Mar 31, 2025",2025-03-31,2025,81,11,"21,19,122,4106,42804,4231,4637",0,,Action Roguelike;Roguelite
3346990,Ninja Vs. Zombies 3,"Apr 1, 2025",2025-04-01,2025,100,11,"42804,3959,122,4885,1646,1716,19",499,0,Action Roguelike;Roguelike;Roguelite
3458600,NINDO Guardian of the Starlit Shadow,"Oct 20, 2025",2025-10-20,2025,100,11,"1091588,1666,791774,1716,32322,9,4182",999,0,Roguelike;Roguelike Deckbuilder;Roguelite
3635080,Galactic Plague 2000,"Apr 30, 2025",2025-04-30,2025,100,11,"19,4255,1774,1773,3871,492,3942",499,0,Roguelite
3703960,Blazing-Maidens,"Oct 6, 2025",2025-10-06,2025,90,11,"597,4182,4885,3959,1774,7208,3871",0,,Roguelite
3822720,Deepest Well,"Nov 28, 2025",2025-11-28,2025,72,11,"42804,1091588,4885,1716,1684,32322,4057",499,0,Action Roguelike;Roguelike;Roguelike Deckbuilder;Roguelite
3844180,A Wild Last Boss Appeared! ~Black-Winged Survivor~,"Oct 5, 2025",2025-10-05,2025,100,11,"723991,1646,5547,42804,492,4085,3871",2399,0,Action Roguelike
4014630,Flute of Gobelin,"Oct 9, 2025",2025-10-09,2025,90,11,"4885,3959,916648,1084988,1716,3871,4791",499,0,Roguelike;Roguelite
4171420,Circuit Overload,"Dec 3, 2025",2025-12-03,2025,100,11,"4885,42804,5547,4791,1734,5125,4115",299,0,Action Roguelike
1387570,Orbitect,"Nov 14, 2023",2023-11-14,2023,58,12,"3959,1645,492,1643,1755,9,3810",999,0,Roguelike;Roguelite
1448970,CIPHER 61,"Jan 5, 2022",2022-01-05,2022,83,12,"5547,4637,4758,1720,3959,1759,6730",799,0,Action Roguelike;Roguelite
1582380,Midautumn,"May 9, 2023",2023-05-09,2023,66,12,"493,492,19,42804,3959,1646,1716",2499,0,Action Roguelike;Roguelike;Roguelite
1602370,DurDanto,"Mar 8, 2024",2024-03-08,2024,91,12,"493,1628,3959,492,19,21,3964",1999,0,Action Roguelike;Roguelike;Roguelite
1651520,Holy Grain,"Apr 4, 2025",2025-04-04,2025,75,12,"4486,492,5923,9,1716,3834,4172",1499,0,Roguelike;Roguelite
1891940,Dr. Science quest,"Feb 24, 2022",2022-02-24,2022,83,12,"3834,3798,5379,5652,7208,5794,3964",499,0,Roguelike
1906150,Pixel Trouble,"Mar 2, 2022",2022-03-02,2022,91,12,"3798,5379,5652,1738,1664,1716,9541",499,0,Roguelike;Roguelite
1915800,Sahara's Underworld,"May 2, 2022",2022-05-02,2022,100,12,"1716,5125,1664,1720,16094,198631,4057",195,0,Roguelike
1964500,The Battle of Sacred Heart,"Aug 2, 2024",2024-08-02,2024,16,12,"6650,7208,4231,6915,1646,4172,4345",699,0,Roguelike;Roguelite
1990730,Pylorus - Footsteps of Greed,"Jul 11, 2022",2022-07-11,2022,91,12,"3959,3834,1720,1759,113,492,3871",0,,Roguelike;Roguelite
2022030,Watcher Of The Abyss,"Jan 25, 2024",2024-01-25,2024,83,12,"42804,122,5547,19,4637,4885,492",99,0,Action Roguelike;Roguelike
2081860,The Van Game,"Oct 24, 2022",2022-10-24,2022,91,12,"21,1716,492,3959,3916,597,4004",99,0,Roguelike;Roguelite
2138930,Dodge The Missionaries,"Sep 20, 2022",2022-09-20,2022,91,12,"19,21,4182,3871,1716,1773,42804",0,,Action Roguelike;Roguelike
2158850,Spooky Halloween in the Voxel World (Remake),"Oct 31, 2022",2022-10-31,2022,100,12,"492,3959,4106,1684,21,7948,19",779,0,Action Roguelike;Roguelike;Roguelite
2185190,Pumpkin Ripper,"Dec 16, 2022",2022-12-16,2022,83,12,"4604,1646,4342,42804,1667,1773,29482",299,0,Action Roguelike;Roguelite
2195650,Lucky Island,"May 23, 2024",2024-05-23,2024,58,12,"9,1091588,1643,597,8945,3964,255534",999,0,Roguelike;Roguelike Deckbuilder;Roguelite
2256160,Survive Now,"Mar 29, 2023",2023-03-29,2023,75,12,"19,122,4231,1716,42804,1723,4885",0,,Action Roguelike;Roguelike;Roguelite
2275350,Obsta-Loop,"Mar 31, 2023",2023-03-31,2023,75,12,"19,21,42804,4106,1625,3871,4726",0,,Action Roguelike
2350810,Glory Room,"Mar 29, 2023",2023-03-29,2023,83,12,"19,21,42804,492,1716,4191,4342",99,0,Action Roguelike;Roguelike
2360860,Killmist Enclave,"May 26, 2023",2023-05-26,2023,91,12,"19,42804,1720,1759,4604,1646,1684",499,0,Action Roguelike
2377320,Berry Hunt Survivors,"Jul 31, 2024",2024-07-31,2024,83,12,"19,597,42804,122,4885,3964,3959",299,0,Action Roguelike;Roguelite
2388820,Eternal Survivor,"Apr 27, 2023",2023-04-27,2023,100,12,"42804,19,1646,4758,3959,1716,4191",99,0,Action Roguelike;Roguelike;Roguelite
2456340,太公传承,"Jun 23, 2023",2023-06-23,2023,75,12,"3959,122,353880,4236,1759,24003,4885",299,0,Roguelike;Roguelite
2465060,Hollow Mine,"Oct 9, 2025",2025-10-09,2025,91,12,"19,4885,3959,1716,1720,4231,3964",1199,0,Roguelike;Roguelite
2471060,DIVINE SHOCK,"Sep 22, 2023",2023-09-22,2023,91,12,"19,1716,42804,3839,4182,1759,4777",99,0,Action Roguelike;Roguelike;Roguelite
2482010,Waspkeeper,"Jul 7, 2023",2023-07-07,2023,91,12,"42804,4885,4637,3959,4026,1774,4255",49,51,Action Roguelike;Roguelike;Roguelite
2517330,Wings of Redemption,"Oct 14, 2024",2024-10-14,2024,91,12,"1716,3959,4182,3871,4791,5125,6730",399,0,Action Roguelike;Roguelike;Roguelite
2527750,Lost Oath,"Aug 11, 2023",2023-08-11,2023,75,12,"19,21,122,42804,4106,1625,1716",99,0,Action Roguelike;Roguelike
2560260,Oni Station,"Oct 2, 2023",2023-10-02,2023,91,12,"1667,5125,9541,8945,3839,21,1698",499,0,Roguelike;Roguelite
2589470,Save Prinvess:Infinite Loop,"Sep 26, 2023",2023-09-26,2023,75,12,"597,122,10695,4434,1716,21725,3871",599,0,Roguelike
2598050,Foxcrate,"Sep 29, 2023",2023-09-29,2023,100,12,"597,3959,1716,4726,4195,492,4305",499,0,Roguelike;Roguelite
2645670,Eldritch Climb: A Cursed Ascent,"Oct 24, 2025",2025-10-24,2025,100,12,"493,3959,3877,3968,1667,7432,42804",1299,0,Action Roguelike;Roguelite
2727550,KoChaos,"Jan 1, 2024",2024-01-01,2024,100,12,"19,29482,597,3871,492,3964,1684",0,,Action Roguelike
2747820,Iconia Defenders,"Nov 18, 2024",2024-11-18,2024,83,12,"1645,3916,9,3959,1666,1676,3871",599,50,Roguelite
2788000,Broadside Renegades,"Aug 26, 2024",2024-08-26,2024,100,12,"42804,4885,19,3959,1773,3871,3942",499,0,Action Roguelike;Roguelite
2823320,Midnight Racer,"Jan 20, 2025",2025-01-20,2025,100,12,"699,3959,1654,1773,4182,492,1644",420,0,Roguelite
2836250,Soul Eater,"Mar 24, 2024",2024-03-24,2024,50,12,"19,597,1716,5379,3871,1684,3993",0,,Roguelike
2899930,Lonely tiny spaceship,"Mar 24, 2025",2025-03-24,2025,83,12,"42804,5547,4885,4026,1759,1643,3959",399,0,Action Roguelike;Roguelite
2932020,Spark,"May 30, 2024",2024-05-30,2024,75,12,"21,1664,6129,3834,3942,5608,597",0,,Action Roguelike
2935650,Tortuga City,"Feb 21, 2025",2025-02-21,2025,83,12,"492,9,1645,3964,1676,3798,16689",799,0,Roguelike
2980550,EchoesⅡ,"Oct 24, 2024",2024-10-24,2024,75,12,"122,1716,198631,454187,3871,4726,3964",399,0,Roguelike;Traditional Roguelike
2987250,Slime Coming,"Jun 30, 2024",2024-06-30,2024,91,12,"19,42804,3959,3871,3964,7743,3993",299,0,Action Roguelike;Roguelite
3040150,Zenith Armada,"Jun 27, 2024",2024-06-27,2024,58,12,"42804,3834,3813,6730,12057,1716,9",499,0,Action Roguelike;Roguelike
3057470,On the Keyboard,"Sep 12, 2024",2024-09-12,2024,66,12,"19,597,1674,4026,3968,4182,699",499,0,Action Roguelike
3081270,Gourds Up,"Aug 22, 2024",2024-08-22,2024,91,12,"19,42804,1716,1774,5379,492,3959",499,0,Action Roguelike;Roguelike;Roguelite
3201630,Beast Brawl,"Sep 20, 2024",2024-09-20,2024,100,12,"113,1084988,3959,1716,492,9,597",0,,Roguelike;Roguelite
3252190,Nine Heavens,"Apr 25, 2025",2025-04-25,2025,83,12,"3959,597,4885,4057,16094,19,42804",399,0,Action Roguelike;Roguelite
3293480,不思議の大冒険 チルノ見参！２,"Sep 9, 2025",2025-09-09,2025,91,12,"454187,1716,3964,9,3871,198631,21",999,0,Roguelike;Traditional Roguelike
3310170,Shrooms! Tower Defence,"Nov 27, 2025",2025-11-27,2025,100,12,"1645,9,97376,3959,597,5125,4191",999,0,Roguelite
3363570,Symphorix,"Jul 1, 2025",2025-07-01,2025,100,12,"493,42804,4885,4637,4758,3959,4026",599,0,Action Roguelike;Roguelite
3376140,武侠幸存者,"Jun 30, 2025",2025-06-30,2025,75,12,"19,42804,4255,492,3871,6915,4182",99,0,Action Roguelike
3381780,Caveman hits Giraffe in a Car,"Mar 14, 2025",2025-03-14,2025,100,12,"19,597,113,492,4182,6815,42804",0,,Action Roguelike;Roguelike
3383940,Frak,"Jul 5, 2025",2025-07-05,2025,58,12,"19,1716,1774,42804,4191,4305,3839",0,,Action Roguelike;Roguelike
3396310,Shorebound,"Apr 14, 2025",2025-04-14,2025,75,12,"492,42804,4885,7332,3959,19,1702",699,0,Action Roguelike;Roguelike;Roguelite
3406600,Winter Quackdown,"Jan 13, 2025",2025-01-13,2025,91,12,"42804,5547,4885,4255,3959,1774,9",99,0,Action Roguelike;Roguelike;Roguelite
3434300,Ghost Shock,"Sep 22, 2025",2025-09-22,2025,75,12,"21,19,4106,42804,4231,1716,3871",0,,Action Roguelike;Roguelike
3443440,Dungeon Battles,"Feb 12, 2025",2025-02-12,2025,91,12,"12095,6650,7208,1716,21,9,122",199,0,Roguelike;Roguelite
3461730,Meow Tower - Doomsguard,"Jun 29, 2025",2025-06-29,2025,41,12,"9,492,599,3813,454187,1645,1643",999,0,Roguelike;Traditional Roguelike
3519780,Queen's Cards,"Sep 23, 2025",2025-09-23,2025,91,12,"597,9,1666,1645,791774,4252,4791",599,0,Action Roguelike;Roguelike
3549120,Triumvora,"Sep 24, 2025",2025-09-24,2025,100,12,"3959,599,1662,1646,16689,4305,1714",999,0,Action Roguelike;Roguelike;Roguelite
3558350,Higher Than Mush,"Apr 18, 2025",2025-04-18,2025,91,12,"42804,5395,4036,4191,1697,1654,7481",0,,Action Roguelike
3661610,DROD RPG 2: A Courageous Rescue,"Aug 25, 2025",2025-08-25,2025,83,12,"4474,1720,1664,3959,122,4026,9",2499,0,Roguelite
3672440,Mighty Arms,"Aug 1, 2025",2025-08-01,2025,100,12,"3968,1734,3993,5363,4136,19,4191",199,60,Action Roguelike
3688590,Asphyxiation,"Sep 16, 2025",2025-09-16,2025,58,12,"5900,1716,4191,1667,5125,3839,19",0,,Roguelike
3745850,Luna & Sol: Nightmare Ward,"Nov 24, 2025",2025-11-24,2025,75,12,"19,3959,9,1645,1718,42804,4191",799,0,Action Roguelike;Roguelite
3909120,Picaro,"Aug 20, 2025",2025-08-20,2025,100,12,"9,1666,791774,1716,4325,492,1720",699,0,Roguelike;Roguelike Deckbuilder
3964490,Ruina,"Nov 17, 2025",2025-11-17,2025,100,12,"1091588,9,3959,32322,5154,1664,4182",999,0,Roguelike;Roguelike Deckbuilder;Roguelite
880870,Donut Arena,"Mar 17, 2022",2022-03-17,2022,100,13,"42804,3878,1716,3871,4726,4791,4598",499,0,Action Roguelike;Roguelike;Roguelite
1590390,ACE Overheat,"Aug 19, 2025",2025-08-19,2025,61,13,"19,1716,4885,492,3993,15045,3871",599,0,Roguelike
1671180,Ricochet Ranger,"May 20, 2022",2022-05-20,2022,100,13,"9,5547,4885,6730,1774,19,3871",499,0,Action Roguelike
1778200,Minigunner®,"Apr 21, 2023",2023-04-21,2023,92,13,"4885,4758,1716,19,3959,5125,4791",1599,0,Roguelike;Roguelite
1792700,the hardest game in the universe 2,"Oct 18, 2025",2025-10-18,2025,84,13,"19,597,9,1773,5379,3871,6052",0,,Action Roguelike;Roguelike
1797510,Tower of the Sage,"Jul 28, 2022",2022-07-28,2022,61,13,"1091588,791774,32322,1666,597,3871,4252",99,0,Roguelike Deckbuilder;Roguelite
1887990,Deep Night Runner,"Feb 21, 2022",2022-02-21,2022,76,13,"3798,8666,5652,1698,597,5154,30358",499,0,Roguelike
1905110,Fantasylandia World,"Mar 11, 2022",2022-03-11,2022,69,13,"19,21,599,9,6506,42804,4106",499,0,Action Roguelike
2128310,Ceaseless Night,"Nov 30, 2022",2022-11-30,2022,76,13,"1720,1716,3964,9,4166,1759,4604",1499,0,Roguelike
2253560,Terix Survivors,"Feb 13, 2023",2023-02-13,2023,69,13,"19,21,597,42804,4106,4885,3871",0,,Action Roguelike
2257560,Kill The Climbers,"May 20, 2024",2024-05-20,2024,84,13,"560542,3959,1773,3871,19,597,3964",299,0,Roguelite
2323550,UDO,"Feb 1, 2024",2024-02-01,2024,92,13,"3834,4295,21006,3798,5379,3959,1773",1499,0,Roguelike;Roguelite
2327600,On The Job,"Aug 8, 2024",2024-08-08,2024,92,13,"1687,1716,9,597,42804,19,4136",699,0,Action Roguelike;Roguelike
2340860,Way of the Bullet,"Nov 21, 2024",2024-11-21,2024,100,13,"19,3959,1685,5125,1774,4191,4305",999,0,Roguelike;Roguelite
2353680,Dice World,"Jun 15, 2023",2023-06-15,2023,84,13,"1716,10695,4325,597,5711,4726,3871",499,0,Roguelike;Roguelite
2358360,Ricave,"Oct 7, 2025",2025-10-07,2025,100,13,"1716,1720,7569,5125,1677,492,1759",1499,0,Roguelike;Traditional Roguelike
2362630,Orbital Defense Force,"Dec 13, 2024",2024-12-13,2024,100,13,"3859,42804,3843,4885,19,4026,4255",999,0,Action Roguelike
2407240,Super Bear: Hunt for the lost beer,"May 10, 2023",2023-05-10,2023,69,13,"21,19,6506,4158,1716,42804,1738",499,0,Action Roguelike;Roguelike
2409540,Momon: Relic Seekers,"Dec 7, 2023",2023-12-07,2023,76,13,"791774,9271,3959,1666,9,1741,7208",1199,0,Roguelite
2428750,Saikyo Robots,"Jul 23, 2024",2024-07-23,2024,100,13,"42804,723991,4885,3959,3871,122,7481",499,0,Action Roguelike;Roguelike;Roguelite
2433820,SUPRACORE,"Nov 3, 2023",2023-11-03,2023,84,13,"1716,7332,1645,8945,9,12472,4791",499,0,Action Roguelike;Roguelike;Roguelite
2456130,Demon's Bane,"Aug 3, 2023",2023-08-03,2023,84,13,"1091588,791774,492,32322,1684,122,4325",299,0,Roguelike;Roguelike Deckbuilder;Roguelite
2558240,Warlock The Bounty Hunter,"Aug 31, 2023",2023-08-31,2023,61,13,"19,122,4736,42804,4231,1716,3871",0,,Action Roguelike;Roguelike
2578800,Radio Silent,"Oct 4, 2023",2023-10-04,2023,100,13,"493,19,4004,6691,4342,3871,5547",499,0,Action Roguelike;Roguelike
2631650,Nif Nif,"Apr 1, 2025",2025-04-01,2025,92,13,"1091588,5350,1666,1716,9,4726,97376",1999,0,Roguelike;Roguelike Deckbuilder;Roguelite
2643090,CyVenge,"Nov 24, 2023",2023-11-24,2023,92,13,"19,5547,597,3959,3964,4637,5752",0,,Roguelite
2685060,Thunderblade Saga,"Jan 26, 2024",2024-01-26,2024,76,13,"19,4736,4106,4158,1716,1773,5379",1099,0,Roguelike;Roguelite
2697430,Dexterous: Time to Steal,"Oct 22, 2024",2024-10-22,2024,100,13,"3959,1665,32322,1664,597,9,1716",999,0,Roguelike;Roguelite
2750540,MasterQuest Fantasy,"Nov 6, 2024",2024-11-06,2024,76,13,"122,1716,1720,1759,3871,1684,3916",1599,0,Roguelike
2780310,Silicon War:Blitz,"Apr 15, 2024",2024-04-15,2024,92,13,"21978,19,4885,4821,3959,1774,4191",499,0,Roguelike;Roguelite
2790180,The Recurrence,"Feb 12, 2024",2024-02-12,2024,84,13,"19,4106,1716,3834,1663,4191,3839",299,0,Roguelike
2820310,Muchacho Bean,"May 31, 2024",2024-05-31,2024,92,13,"492,42804,3877,3959,4885,4026,3964",299,0,Action Roguelike;Roguelite
2884150,Rapture Recovery Squad,"May 26, 2025",2025-05-26,2025,69,13,"1720,122,32322,1084988,3959,9,1666",499,0,Roguelite
2969710,Mycelium,"Jul 26, 2024",2024-07-26,2024,100,13,"122,42804,220585,19,1716,4747,21",0,,Action Roguelike;Roguelike
2973520,Hero's Survival,"Jun 17, 2024",2024-06-17,2024,84,13,"19,9,6506,42804,1084988,1716,620519",0,,Action Roguelike;Roguelike;Roguelite
3003820,Age Of Privateer,"Jun 13, 2024",2024-06-13,2024,53,13,"791774,1091588,13577,1676,1681,1666,32322",0,,Roguelike;Roguelike Deckbuilder;Roguelite
3021720,Lost Mastery,"Aug 27, 2024",2024-08-27,2024,84,13,"791774,1741,32322,4325,14139,9,42804",799,0,Action Roguelike
3065500,Clearing Blade,"Nov 27, 2024",2024-11-27,2024,92,13,"19,597,42804,1646,1773,4231,3993",899,0,Action Roguelike
3265380,Island of Challenge,"Feb 28, 2025",2025-02-28,2025,92,13,"4255,4885,4106,42804,1774,1716,3871",199,0,Action Roguelike;Roguelike
3273740,Abyss Chaser,"Nov 14, 2025",2025-11-14,2025,100,13,"42804,1720,3959,1716,10808,3871,4791",666,0,Action Roguelike;Roguelike;Roguelite
3295020,Endless Deaths,"Feb 21, 2025",2025-02-21,2025,92,13,"19,597,4758,42804,1662,4191,4305",999,0,Action Roguelike
3300760,LootMage,"Sep 11, 2025",2025-09-11,2025,84,13,"4885,3959,3964,1720,492,4758,4791",999,0,Action Roguelike;Roguelike;Roguelite
3388220,Virion,"Dec 31, 2024",2024-12-31,2024,84,13,"1716,19,42804,5752,3942,4295,1759",0,,Action Roguelike;Roguelike
3440750,Beats&Boss,"Mar 21, 2025",2025-03-21,2025,84,13,"19,11095,1752,21,3959,3964,1625",299,0,Action Roguelike;Roguelite
3472840,By Bait or By Bullet,"Apr 25, 2025",2025-04-25,2025,92,13,"19,1716,5547,4885,3959,5379,3871",0,,Roguelike;Roguelite
3573920,Clutchtime™: Tournament Edition,"Jun 19, 2025",2025-06-19,2025,69,13,"1091588,1746,16689,701,4094,14139,1775",0,,Roguelike;Roguelike Deckbuilder
3620430,Astral Savior,"Jun 20, 2025",2025-06-20,2025,84,13,"19,42804,1716,1646,3871,4085,1684",799,0,Action Roguelike;Roguelike
3650230,Fortune Paradox,"May 6, 2025",2025-05-06,2025,84,13,"1716,6129,16250,5186,3964,492,1708",499,0,Roguelike;Roguelite
3714550,薛定谔迷宫,"Aug 17, 2025",2025-08-17,2025,84,13,"21,3964,1720,17305,3959,615955,122",399,0,Roguelite
3720630,Caemdale,"Nov 13, 2025",2025-11-13,2025,76,13,"1091588,1666,32322,9,1716,4182,1677",799,0,Roguelike;Roguelike Deckbuilder;Roguelite
3813260,连杀地牢（Dungeon Killing）,"Jul 30, 2025",2025-07-30,2025,92,13,"9,14139,1716,198631,1741,3871,597",299,0,Roguelike;Roguelike Deckbuilder
3930170,Cats Vs Rats,"Nov 21, 2025",2025-11-21,2025,100,13,"19,42804,17894,4726,1716,492,4885",599,0,Action Roguelike;Roguelike;Roguelite
3943850,Faster Bunnies,"Oct 10, 2025",2025-10-10,2025,100,13,"1716,3964,4026,492,12472,599,699",999,0,Roguelike
3997440,Blood for the Throne,"Oct 8, 2025",2025-10-08,2025,92,13,"9,122,4172,4168,1678,493,492",499,0,Roguelite
4132800,BLADE.EXE,"Nov 25, 2025",2025-11-25,2025,53,13,"4182,19,3859,1084988,1646,42804,1716",499,0,Action Roguelike;Roguelike;Roguelite
1027650,Supernova Tactics,"Aug 1, 2022",2022-08-01,2022,57,14,"3959,1084988,9,3942,492,4182,1759",699,0,Roguelike;Roguelite
1344210,Mysteries Of Darkness,"Jan 31, 2022",2022-01-31,2022,85,14,"1666,198631,9,3871,493,32322,1684",499,0,Roguelike Deckbuilder;Roguelite;Traditional Roguelike
1366260,Soul Device,"Dec 12, 2023",2023-12-12,2023,85,14,"42804,1628,5379,3814,6730,12057,1625",499,0,Action Roguelike;Roguelike
1409700,A Way To Die,"May 13, 2022",2022-05-13,2022,92,14,"3959,4255,4885,1716,1720,42804,1774",631,0,Action Roguelike;Roguelike;Roguelite
1411700,Doko Roko,"Sep 9, 2022",2022-09-09,2022,42,14,"1684,492,1646,42804,4885,1625,19",999,0,Action Roguelike
1520420,The Hopebringer,"Jan 12, 2024",2024-01-12,2024,42,14,"4474,3959,6730,4106,4747,122,4191",499,0,Roguelike;Roguelite
1591380,Uncle Nook's Monster Emporium,"Apr 27, 2022",2022-04-27,2022,100,14,"492,5125,19,3978,42804,1664,5716",999,0,Action Roguelike
1610890,Boney's Research On Humans!,"Aug 24, 2022",2022-08-24,2022,92,14,"1687,1773,10808,4106,3871,3959,4791",499,0,Roguelite
1808210,Hullbreakers,"Mar 27, 2023",2023-03-27,2023,92,14,"42804,1755,3959,19,1773,1774,4885",0,,Action Roguelike;Roguelite
1828080,Legend of Tai gong,"Jul 18, 2024",2024-07-18,2024,28,14,"454187,3959,1759,1774,1716,4747,122",399,0,Roguelike;Roguelite;Traditional Roguelike
1950080,Cyber Bay,"May 20, 2022",2022-05-20,2022,71,14,"42804,3798,1646,4255,5379,1752,1774",499,0,Action Roguelike
1951660,We See You,"Aug 18, 2022",2022-08-18,2022,100,14,"597,1752,1716,8666,3871,4791,4195",699,0,Roguelike
2068120,From Hell,"Oct 3, 2022",2022-10-03,2022,64,14,"19,42804,1773,4885,4182,3871,3964",99,0,Action Roguelike
2086840,Jumalien,"Mar 31, 2025",2025-03-31,2025,100,14,"19,3959,7368,1646,3834,16094,4758",999,0,Action Roguelike;Roguelike;Roguelite
2100200,Idle Zombies Clicker,"Aug 22, 2022",2022-08-22,2022,57,14,"615955,560542,1659,1662,3835,3978,1084988",99,0,Roguelite
2114380,Dungeon Dungeon!,"Jul 29, 2024",2024-07-29,2024,64,14,"4325,10695,3959,4711,4155,4791,492",1499,0,Roguelike;Roguelite
2126370,Wraithbinder,"May 27, 2024",2024-05-27,2024,92,14,"42804,3959,1646,492,19,1716,4182",1499,0,Action Roguelike;Roguelike;Roguelite
2148060,Hack & Schlitz,"Nov 7, 2025",2025-11-07,2025,100,14,"1716,1773,4182,3871,3964,3916,42804",249,0,Action Roguelike;Roguelike;Roguelite;Traditional Roguelike
2150180,Deep Dungeon,"Nov 24, 2022",2022-11-24,2022,85,14,"42804,3959,3964,19,1716,5125,3871",299,0,Action Roguelike;Roguelike;Roguelite
2206230,Galaxy Kingdoms,"Aug 18, 2023",2023-08-18,2023,78,14,"492,4106,1774,3964,353880,4885,3871",699,0,Roguelite
2214010,Slime Evolution,"Dec 10, 2022",2022-12-10,2022,78,14,"19,42804,3871,3964,1684,3993,4182",0,,Action Roguelike
2219880,Animal Academy,"Feb 22, 2023",2023-02-22,2023,92,14,"19,122,42804,1773,1646,597,3959",399,0,Action Roguelike;Roguelite
2260050,Baalzebub,"Mar 31, 2023",2023-03-31,2023,85,14,"122,1716,1720,3871,492,9541,5125",0,,Roguelike
2292810,ETERNAL DREAMERS -RISING-,"Jul 31, 2024",2024-07-31,2024,100,14,"4434,10695,4325,122,7481,4085,1684",399,0,Roguelite
2329160,Cards and Guns,"May 2, 2024",2024-05-02,2024,100,14,"42804,5547,4885,4637,3959,1759,1773",699,0,Action Roguelike;Roguelike;Roguelite
2438770,Chores of Corruption,"Sep 25, 2023",2023-09-25,2023,92,14,"19,42804,3959,1646,4885,1716,3871",499,0,Action Roguelike;Roguelike;Roguelite
2469490,Elemental World,"Aug 8, 2024",2024-08-08,2024,85,14,"122,21,42804,3964,4182,3859,1685",699,0,Action Roguelike;Roguelite
2522940,Hyperlight Survivor,"Nov 17, 2023",2023-11-17,2023,85,14,"42804,4885,4255,3959,1759,1773,3871",499,0,Action Roguelike;Roguelite
2538100,鬼小队 GhostBros,"Nov 24, 2023",2023-11-24,2023,71,14,"597,3959,5125,1662,1716,5379,3871",99,0,Roguelike;Roguelite
2568600,The Sentinel,"Sep 19, 2023",2023-09-19,2023,92,14,"597,9,1084988,1645,1716,4885,3959",49,51,Roguelike;Roguelite
2577020,The Spiral,"Sep 24, 2025",2025-09-24,2025,78,14,"19,42804,1720,3834,4191,3839,4604",279,65,Action Roguelike
2591950,HE ESCAPED,"Oct 20, 2023",2023-10-20,2023,85,14,"4106,1667,3834,3839,4182,3859,1710",499,0,Action Roguelike
2607730,Leave Panda Away,"Oct 16, 2023",2023-10-16,2023,57,14,"597,1716,3959,42804,4182,122,255534",0,,Action Roguelike;Roguelike;Roguelite
2651760,Dangerous Arena,"Feb 16, 2024",2024-02-16,2024,71,14,"21,19,1084988,1645,42804,3964,1662",2999,0,Action Roguelike
2662810,Dungeon Minesweeper,"May 3, 2024",2024-05-03,2024,42,14,"1716,1664,1720,3964,492,21,21006",699,0,Roguelike;Roguelite;Traditional Roguelike
2696390,Guns And Draguns,"Sep 5, 2024",2024-09-05,2024,100,14,"42804,198631,4637,4758,3959,492,1773",1299,0,Action Roguelike;Roguelike;Roguelite
2719650,Project XSTING,"Jan 5, 2024",2024-01-05,2024,100,14,"42804,3959,4885,4758,4255,1716,3942",799,0,Action Roguelike;Roguelike;Roguelite
2726350,Super Dash,"Apr 4, 2025",2025-04-04,2025,100,14,"42804,4885,4255,6730,1773,3871,19",299,0,Action Roguelike;Roguelike;Roguelite
2727040,Blood Sins,"Jun 17, 2025",2025-06-17,2025,100,14,"1720,3839,122,4004,4166,1684,4191",1399,0,Roguelike;Roguelite
2834690,2048 - Dungeons,"Jun 4, 2025",2025-06-04,2025,100,14,"1716,1677,9,4182,3959,4711,492",499,0,Roguelike;Roguelite
2955410,Hell Miners,"May 13, 2024",2024-05-13,2024,85,14,"19,597,1625,1716,5379,560542,3959",0,,Roguelike;Roguelite
2979690,Quest Of Peril,"May 29, 2024",2024-05-29,2024,85,14,"9,1720,21,1716,4325,4604,4166",0,,Roguelike
3070340,Escape From Clive,"Jul 18, 2024",2024-07-18,2024,57,14,"19,3835,4191,1662,1774,42804,5765",299,0,Action Roguelike
3126220,Make It Count,"May 19, 2025",2025-05-19,2025,50,14,"3959,1774,1659,1685,4342,42804,3835",799,0,Action Roguelike;Roguelite
3132780,Forestygian,"Mar 3, 2025",2025-03-03,2025,92,14,"1091588,1666,4325,32322,3871,4305,14139",499,50,Roguelike;Roguelike Deckbuilder
3172400,Darkest Mine,"Feb 27, 2025",2025-02-27,2025,92,14,"42804,492,1685,3871,1625,3964,4182",499,0,Action Roguelike;Roguelike;Roguelite
3274770,The Gleaming Grill,"Nov 12, 2024",2024-11-12,2024,78,14,"597,3920,3843,4747,1759,19,4305",799,0,Roguelike
3338600,The Last Experiment: A Memetric Story,"Feb 16, 2025",2025-02-16,2025,92,14,"9,3835,3964,3798,7332,1716,492",1199,0,Roguelike
3423840,Crouching Tiger Hidden Hanafuda,"Jul 30, 2025",2025-07-30,2025,92,14,"1666,791774,1091588,32322,1716,3959,12057",1099,0,Roguelike;Roguelike Deckbuilder;Roguelite
3431280,Astral Blaze,"Feb 1, 2025",2025-02-01,2025,92,14,"4182,19,1716,4885,3964,3871,6869",0,,Roguelike
3564270,Vanquish The Eternal,"Oct 10, 2025",2025-10-10,2025,100,14,"19,6730,4791,7481,6971,3964,4172",599,0,Roguelite
3644040,Goblins & Gun Runnin’,"Apr 24, 2025",2025-04-24,2025,100,14,"42804,1716,1774,4885,4637,3964,4791",0,,Action Roguelike;Roguelike
3671880,BAROQUE SHOOTING: REVERSED,"Dec 17, 2025",2025-12-17,2025,92,14,"1774,4885,4255,4637,42804,19,1773",1499,0,Action Roguelike
3682760,Dead In Your TrackZ,"Aug 3, 2025",2025-08-03,2025,100,14,"21978,492,4255,6730,19,1774,1659",699,0,Action Roguelike;Roguelike
3689670,The Triminals,"Oct 22, 2025",2025-10-22,2025,85,14,"9,791774,32322,3964,4325,1666,4004",399,0,Traditional Roguelike
3713260,Unity to survive,"May 28, 2025",2025-05-28,2025,57,14,"1774,19,3859,4182,21,1685,3959",0,,Roguelike;Roguelite
3824820,DWD: Drunk Wizard Dungeoneer,"Oct 21, 2025",2025-10-21,2025,100,14,"42804,1720,3959,492,5851,19,1719",799,0,Action Roguelike;Roguelike;Roguelite
3838120,Expeditions,"Aug 23, 2025",2025-08-23,2025,35,14,"1720,9,1084988,6730,10695,1716,3871",1399,0,Roguelike
3870130,GODS AND MAGES,"Oct 22, 2025",2025-10-22,2025,78,14,"19,42804,4885,1716,1646,4236,3959",799,0,Action Roguelike;Roguelike;Roguelite
3936880,Loop My Crank,"Nov 13, 2025",2025-11-13,2025,42,14,"615955,560542,1759,1716,3871,1654,1721",299,0,Roguelike
3959110,DOOM Dawn,"Oct 31, 2025",2025-10-31,2025,85,14,"723991,42804,4885,3959,353880,5796,492",199,0,Action Roguelike;Roguelike;Roguelite
4073560,Nullwake,"Oct 29, 2025",2025-10-29,2025,78,14,"21,19,3799,4106,5395,8666,1663",599,0,Action Roguelike
4091250,"If you’re a man, hold on for half a song","Oct 30, 2025",2025-10-30,2025,92,14,"492,19,113,122,597,1774,3871",0,,Roguelite
1059640,Deepsea Salvor,"Jul 30, 2024",2024-07-30,2024,93,15,"492,19,113,9157,493,1716",0,,Roguelike
1144130,Smash Dungeon,"Jul 24, 2023",2023-07-24,2023,73,15,"42804,1646,1720,5125,1685,4791,4604",699,0,Action Roguelike;Roguelike;Roguelite
1264420,Archery Simulator,"Mar 13, 2023",2023-03-13,2023,93,15,"599,13382,1774,597,5547,3839,4191",199,0,Roguelike
1568030,Too Many Cooks,"Nov 1, 2023",2023-11-01,2023,100,15,"19,122,42804,1716,5796,4231,3871",499,0,Action Roguelike;Roguelike;Roguelite
1780450,Buggy Game,"Mar 9, 2022",2022-03-09,2022,100,15,"699,4791,4182,3964,19,1644,599",299,0,Roguelite
1842410,Deadly Racing Duel,"Jan 31, 2022",2022-01-31,2022,86,15,"4026,1716,3964,4182,492,699,4004",499,0,Roguelike;Roguelite
1955640,Mystical Map,"Jan 12, 2024",2024-01-12,2024,80,15,"122,42804,19,1716,3871,7481,3964",399,0,Action Roguelike;Roguelike;Roguelite
1965620,Battle Waves: Card Tactics,"Dec 2, 2024",2024-12-02,2024,73,15,"791774,32322,1645,3959,1084988,3859,3813",599,0,Roguelite
1981050,Defiled Survivors,"Sep 19, 2023",2023-09-19,2023,46,15,"493,42804,597,492,4885,3964,3959",199,0,Action Roguelike;Roguelike;Roguelite
1997980,出牌吧冒险家 Go Poker,"Jul 22, 2024",2024-07-22,2024,86,15,"597,13070,21,3843,1716,9,1685",99,0,Roguelike;Roguelite
2066420,这里有妖,"Jul 28, 2022",2022-07-28,2022,66,15,"9,1645,3813,3959,4182,492",299,0,Roguelite
2114240,Ean's End,"Sep 20, 2022",2022-09-20,2022,93,15,"3834,560542,3959,24003,122,17305,1716",199,0,Roguelike;Roguelite
2276960,a land Goo's crazy,"Mar 25, 2023",2023-03-25,2023,100,15,"42804,4604,4026,11095,492,19,3959",299,0,Action Roguelike;Roguelike;Roguelite
2286830,Deep Blue Fantasy,"Jun 18, 2023",2023-06-18,2023,66,15,"9,1741,4325,3834,1716,3964,122",899,0,Roguelike
2346230,Ravenwood,"Aug 10, 2024",2024-08-10,2024,86,15,"19,42804,3959,4191,1684,4057,6730",499,0,Action Roguelike;Roguelite
2362010,Impact,"Nov 6, 2023",2023-11-06,2023,80,15,"19,42804,1716,4885,3871,3964,3993",349,0,Action Roguelike;Roguelike
2407620,Hexagon Survivors,"May 26, 2023",2023-05-26,2023,66,15,"19,1716,42804,4191,4115,3993,113",0,,Action Roguelike;Roguelike
2445870,Fellowship,"Nov 7, 2023",2023-11-07,2023,60,15,"493,42804,3959,4885,10695,1716,4231",699,0,Action Roguelike;Roguelike;Roguelite
2456160,Doors & Loot,"May 12, 2024",2024-05-12,2024,93,15,"21,1716,198631,492,4191,5851,1684",1199,0,Roguelike;Roguelite
2485430,Bullets & Brains,"Jun 26, 2025",2025-06-26,2025,93,15,"7481,4191,1773,42804,3835,4885,4182",1299,0,Action Roguelike;Roguelite
2497840,Dungeon Watchers,"Nov 22, 2024",2024-11-22,2024,100,15,"493,492,42804,4885,1716,3871,597",299,0,Action Roguelike;Roguelike
2529580,WARZOOM,"Sep 5, 2023",2023-09-05,2023,80,15,"9,19,597,3993,42804,3871,128",0,,Action Roguelike
2637960,Dawn Of Insolence,"Sep 25, 2024",2024-09-25,2024,80,15,"42804,1716,4191,4791,5125,19,4604",499,0,Action Roguelike;Roguelike
2666000,Otherlights,"Oct 29, 2024",2024-10-29,2024,100,15,"4231,4840,3959,3841,122,4604,21",1999,0,Action Roguelike;Roguelike;Roguelite
2773160,Magic Caster,"Jun 20, 2024",2024-06-20,2024,100,15,"4885,3959,6730,1773,3871,4791,7481",299,0,Action Roguelike;Roguelike;Roguelite
2794050,Duel with the Devil,"Feb 6, 2024",2024-02-06,2024,40,15,"122,19,42804,4191,4604,5154,492",499,0,Action Roguelike
2814760,Immortals Must Die,"Jun 18, 2024",2024-06-18,2024,73,15,"19,42804,3959,1646,1625,3964,492",499,0,Action Roguelike;Roguelike;Roguelite
2836750,Super Infection Massive Pathology,"Jun 30, 2025",2025-06-30,2025,86,15,"42804,5547,4885,4637,1646,3959,1774",999,0,Action Roguelike;Roguelike;Roguelite
2876860,Emberdrift,"Nov 1, 2024",2024-11-01,2024,100,15,"1625,19,1716,21,7208,3871,4182",1499,0,Action Roguelike;Roguelike;Roguelite
2892060,Card Toons,"Feb 20, 2025",2025-02-20,2025,73,15,"493,1091588,1666,791774,492,1716,32322",1499,0,Roguelike;Roguelike Deckbuilder;Roguelite
2945350,Wukong's Pool,"Jun 30, 2024",2024-06-30,2024,86,15,"4852,1091588,1664,4026,3959,14139,4182",599,0,Roguelike;Roguelike Deckbuilder;Roguelite
2999180,King's Subsidy,"Nov 4, 2025",2025-11-04,2025,80,15,"8945,1702,4202,3959,1741,4695,599",1199,0,Roguelike;Roguelite
3008240,How We Die,"Sep 13, 2024",2024-09-13,2024,80,15,"3959,1716,32322,1666,1770,17389,14139",1499,0,Roguelike;Roguelite
3136590,Cycle of Steel,"Aug 20, 2024",2024-08-20,2024,93,15,"19,4637,21,3964,42804,4106,4231",0,,Action Roguelike
3185010,Hounimal,"Dec 26, 2025",2025-12-26,2025,100,15,"3959,14139,597,1741,1100687,122,4726",899,0,Roguelite
3270580,Contract of Swarm Hunter,"Dec 4, 2025",2025-12-04,2025,93,15,"42804,4885,9,3959,1716,597,19",299,0,Action Roguelike;Roguelike;Roguelite
3383290,Eternal Night Glory,"Jan 14, 2025",2025-01-14,2025,66,15,"9,32322,1645,4094,1666,1716,5379",0,,Roguelike;Roguelite
3386380,Guardian Grids,"Dec 23, 2024",2024-12-23,2024,66,15,"1645,3964,3959,3871,9,1684,4136",499,0,Roguelite
3498680,The Mindvasion,"Jun 26, 2025",2025-06-26,2025,86,15,"597,19,4885,42804,3964,3871,1646",299,0,Action Roguelike
3530200,QuestionBank,"Mar 13, 2025",2025-03-13,2025,53,15,"597,599,9,24003,10235,10437,1664",0,,Roguelite
3530230,End Chess Arrow,"Mar 15, 2025",2025-03-15,2025,86,15,"1741,3959,4004,597,1774,1716,14139",0,,Roguelike;Roguelite
3565670,Mythic Trials 2,"Jul 12, 2025",2025-07-12,2025,73,15,"19,122,21,3959,1716,1646,5851",199,0,Roguelike;Roguelite
3624520,Dark Erosion: Endless Siege,"Aug 29, 2025",2025-08-29,2025,80,15,"21,597,122,4885,4637,1676,1716",699,0,Roguelike
3837100,The CodFather,"Jul 18, 2025",2025-07-18,2025,86,15,"19,6506,42804,4231,1773,1716,1646",0,,Action Roguelike;Roguelike;Roguelite
1576080,SuperOffice,"Sep 2, 2024",2024-09-02,2024,100,16,"19,21,42804,4106,1773,1774,4191",999,0,Action Roguelike
1660890,混沌小队（CHAOS SQUAD）,"Oct 2, 2022",2022-10-02,2022,18,16,"9,122,454187,1720,14139,1741,17305",999,0,Traditional Roguelike
1920410,The Sargosian Abyss,"May 27, 2022",2022-05-27,2022,93,16,"122,1716,17305,1741,1720,3871,3964",799,0,Roguelike
1987260,The Nine Tailed Celestial Fox,"Jun 26, 2024",2024-06-26,2024,75,16,"3810,5125,1695,597,1716,3959,1684",999,0,Roguelike;Roguelite
2027510,Monster Crawl,"May 6, 2024",2024-05-06,2024,100,16,"42804,1646,4637,1720,3959,1773,1716",799,0,Action Roguelike;Roguelike;Roguelite
2073970,Brave Heroes,"Jul 21, 2022",2022-07-21,2022,62,16,"42804,4885,3959,4231,1773,4191,4791",499,0,Action Roguelike;Roguelite
2112820,The Godfeather : A Mafia Pigeon Saga,"Oct 5, 2023",2023-10-05,2023,100,16,"19,42804,1773,4305,4726,4791,1719",999,0,Action Roguelike
2136400,Cycle of The Moon,"Sep 30, 2022",2022-09-30,2022,68,16,"122,42804,19,29482,4191,1697,7481",0,,Action Roguelike
2255350,Wild Seas,"Feb 5, 2023",2023-02-05,2023,87,16,"19,9,1645,4885,42804,4305,3964",299,0,Action Roguelike
2269530,HaHa,"Feb 24, 2024",2024-02-24,2024,100,16,"42804,5547,3959,4885,4255,5379,6815",399,0,Action Roguelike;Roguelite
2270220,Dragon Survivors,"Feb 22, 2023",2023-02-22,2023,37,16,"42804,4885,1684,4791,3993,4182,4191",199,0,Action Roguelike
2290200,Neon City Survivor,"May 1, 2023",2023-05-01,2023,81,16,"19,597,122,42804,4182,1716,4885",499,0,Action Roguelike;Roguelike
2325040,DETUNED,"Jul 15, 2023",2023-07-15,2023,87,16,"1716,1752,1667,5125,1738,1710,4975",599,0,Roguelike
2436190,Survivors Will,"Jun 8, 2023",2023-06-08,2023,50,16,"597,19,42804,4182,122,3964,4106",199,0,Action Roguelike;Roguelike;Roguelite
2452100,Nephilim,"Oct 23, 2023",2023-10-23,2023,43,16,"745697,4115,4182,21,3959,599,3799",1699,0,Roguelite
2452890,Catacomb Rogue Clawsaders,"Jun 26, 2024",2024-06-26,2024,87,16,"42804,17894,4885,3959,32322,4758,1734",199,0,Action Roguelike;Roguelite
2457000,Space Vikings,"Aug 30, 2023",2023-08-30,2023,93,16,"42804,5547,4885,3959,5765,4711,4637",299,0,Action Roguelike;Roguelite
2476020,Good Luck My Lord,"Aug 30, 2023",2023-08-30,2023,87,16,"597,9,32322,3959,3871,1684,1666",399,0,Roguelite
2480590,Dungeon Heroes,"Nov 15, 2023",2023-11-15,2023,62,16,"42804,3841,1720,4791,4840,1646,19",0,,Action Roguelike
2534660,Alaca,"Nov 5, 2023",2023-11-05,2023,93,16,"19,597,21,42804,1716,4191,4252",499,0,Action Roguelike;Roguelike
2563140,Star Farmer: Prologue,"Sep 8, 2023",2023-09-08,2023,93,16,"42804,4885,87918,1742,5652,122,6730",0,,Action Roguelike
2625970,Necromorphosis,"Nov 29, 2024",2024-11-29,2024,93,16,"42804,4885,3964,3871,3959,5547,1662",499,0,Action Roguelike;Roguelite
2649470,INVISIBLE FLOW,"Dec 13, 2024",2024-12-13,2024,81,16,"42804,21,3834,1702,19,5716,353880",999,0,Action Roguelike
2759160,Project Jeff,"Jan 22, 2024",2024-01-22,2024,81,16,"3959,3964,4182,1716,6276,1720,3871",99,0,Action Roguelike;Roguelike;Roguelite
2800510,Job Joust,"Aug 7, 2024",2024-08-07,2024,93,16,"7368,3968,1743,4136,19,3959,4840",999,0,Roguelite
2881430,Wake Cup,"Mar 14, 2025",2025-03-14,2025,100,16,"1645,560542,3959,9,4191,492,19",399,0,Roguelite
2918600,Clone War,"Apr 17, 2024",2024-04-17,2024,93,16,"19,597,1716,4191,1697,113,492",0,,Roguelike
3021000,Spin to Survive,"Dec 6, 2025",2025-12-06,2025,93,16,"1667,1721,1645,3978,1716,10397,1746",299,0,Roguelike
3044180,Farm Debt Repay Life:Prologue,"Jul 4, 2024",2024-07-04,2024,62,16,"597,599,122,87918,3810,3834,3959",0,,Roguelite
3082690,Dead Soul TowerDefense:Shadow Labyrinth,"Apr 3, 2025",2025-04-03,2025,50,16,"1645,9,1716,4004,3964,1643,3871",999,0,Roguelike;Roguelite;Traditional Roguelike
3120880,Food Fight Fiesta: Multi-Use Cards,"Mar 6, 2025",2025-03-06,2025,100,16,"1716,32322,4094,5125,1666,1741,3871",999,0,Roguelike;Roguelite
3180460,4fools1,"Jun 15, 2025",2025-06-15,2025,81,16,"122,19,11014,1774,5547,4885,4486",0,,Roguelite
3188970,Elemental War Clash,"May 28, 2025",2025-05-28,2025,81,16,"9,1645,3959,1676,8122,4191,4175",1999,0,Roguelite
3417900,Mine & Slash,"Apr 21, 2025",2025-04-21,2025,62,16,"42804,1646,1720,3959,6730,4231,1716",999,0,Action Roguelike;Roguelike;Roguelite
3456300,Tatar Altan vs Shaitan,"Mar 5, 2025",2025-03-05,2025,81,16,"19,1697,1646,42804,1625,4166,9541",99,0,Action Roguelike
3600960,逝去之物 Passenger:Gone,"Jun 16, 2025",2025-06-16,2025,75,16,"493,21,9,1666,1741,1716,791774",199,0,Roguelike;Roguelite
3682910,A game about cards,"Aug 25, 2025",2025-08-25,2025,75,16,"597,9,32322,1666,6426,1677,14139",499,0,Roguelike;Roguelike Deckbuilder
3712860,Wonder of Blue,"Nov 26, 2025",2025-11-26,2025,81,16,"1720,42804,3959,4085,7208,29482,19",599,0,Action Roguelike;Roguelike;Roguelite;Traditional Roguelike
3797300,Dicey Words,"Aug 4, 2025",2025-08-04,2025,93,16,"597,24003,1716,3959,71389,9,32322",499,0,Roguelike;Roguelite
3880250,Screw That,"Sep 9, 2025",2025-09-09,2025,87,16,"597,9,1645,1774,1716,454187,4885",199,0,Roguelike;Roguelite;Traditional Roguelike
4056480,​Survivor: Gunfire,"Oct 23, 2025",2025-10-23,2025,100,16,"492,42804,1023537,19,1663,1662,1774",299,0,Action Roguelike
4106860,OreMania,"Dec 1, 2025",2025-12-01,2025,75,16,"597,599,1698,1716,560542,5652,3834",399,0,Roguelike
1241380,Reborn: in the Android Womb,"Feb 14, 2022",2022-02-14,2022,64,17,"493,1718,6730,1775,4182,176981,19",0,,Action Roguelike;Roguelike
1355620,Mage Rage,"Mar 22, 2022",2022-03-22,2022,76,17,"42804,1646,5154,3959,6730,4791,4637",299,0,Action Roguelike;Roguelike;Roguelite
1670530,Absentis,"Jan 28, 2025",2025-01-28,2025,58,17,"3834,4231,4106,1716,4747,122,1697",99,0,Roguelike
1775860,Space Roguelike Adventure,"Oct 11, 2022",2022-10-11,2022,76,17,"3964,5379,19,1716,615955,1625,3871",499,0,Roguelike
1869070,Survive Planet Yubglub,"Dec 16, 2023",2023-12-16,2023,88,17,"19,42804,3871,3942,4305,3964,493",0,,Action Roguelike
1998350,The Sand Knight,"Jan 10, 2024",2024-01-10,2024,100,17,"42804,1716,492,4791,4026,3964,4821",1499,0,Action Roguelike;Roguelike
2135870,WarpVector,"Apr 17, 2023",2023-04-17,2023,88,17,"1716,21,122,3942,599,3834,3968",499,0,Roguelike;Traditional Roguelike
2407200,OVERWHELMED,"Jun 13, 2023",2023-06-13,2023,88,17,"4758,1773,4255,19,4885,3871,3959",499,0,Roguelite
2429160,Doughbee,"Sep 9, 2023",2023-09-09,2023,100,17,"42804,4885,1759,6730,1773,3871,5796",499,0,Action Roguelike
2602290,TH3-M15 GUILD,"May 29, 2024",2024-05-29,2024,88,17,"493,723991,4885,42804,3959,1716,3964",599,0,Action Roguelike;Roguelike;Roguelite
2621980,SD Dungeons,"Apr 3, 2025",2025-04-03,2025,58,17,"19,42804,4747,1716,4191,4726,492",899,0,Action Roguelike;Roguelike
2704510,Simple CEO,"Jan 5, 2024",2024-01-05,2024,64,17,"597,9,4845,4695,12472,599,3959",399,0,Roguelike;Roguelite
2723220,BoboInvasion,"Jan 27, 2024",2024-01-27,2024,76,17,"597,19,16598,1774,1716,1752,1773",0,,Roguelike
2723480,GOI Survivors,"Dec 25, 2023",2023-12-25,2023,76,17,"4885,42804,1773,3959,19,492,597",499,0,Action Roguelike;Roguelite
2774490,Dream Survivors,"May 17, 2024",2024-05-17,2024,70,17,"3942,3959,42804,1662,597,12686,4885",699,0,Action Roguelike;Roguelike;Roguelite
2784910,Amulet,"Oct 15, 2025",2025-10-15,2025,64,17,"122,4604,3964,4166,3993,4172,4231",499,0,Action Roguelike
2839040,1080p,"Apr 5, 2024",2024-04-05,2024,100,17,"42804,4885,1774,3959,19,4094,5547",299,0,Action Roguelike;Roguelite
2849230,Mask Around,"Nov 8, 2024",2024-11-08,2024,94,17,"1625,4195,5379,1759,4026,5716,3871",799,0,Roguelike;Roguelite
2854350,魔星兄弟,"Mar 11, 2024",2024-03-11,2024,82,17,"597,21,19,122,4106,4231,42804",299,0,Action Roguelike
2875780,Staying Fresh,"Nov 21, 2024",2024-11-21,2024,100,17,"493,9,21,1716,1741,1720,3834",399,0,Roguelike;Roguelite
3017540,Slice Of Ages,"Jul 5, 2024",2024-07-05,2024,88,17,"122,42804,19,1759,1716,3871,4608",0,,Action Roguelike;Roguelike
3019360,Hiragana Hero,"May 14, 2025",2025-05-14,2025,100,17,"1036,3834,4085,122,4434,1664,1684",999,0,Roguelike
3061690,Bee Hero: Bug Blaster,"Aug 1, 2025",2025-08-01,2025,88,17,"4236,4231,4885,3959,353880,723991,1646",1499,0,Action Roguelike;Roguelike;Roguelite
3072680,Made in Tower,"Aug 6, 2024",2024-08-06,2024,100,17,"12095,6650,3959,7208,492,122,1741",199,0,Roguelike;Roguelite
3113890,Zombie Survivors,"Oct 24, 2024",2024-10-24,2024,94,17,"42804,4885,5652,4158,6730,19,1716",399,0,Action Roguelike;Roguelike
3214620,Here Rose of Storm,"Sep 30, 2024",2024-09-30,2024,82,17,"19,21,4191,1719,3993,1684,4172",299,0,Action Roguelike;Roguelite
3398740,Tower Of Penguinaria,"Jan 2, 2025",2025-01-02,2025,94,17,"122,1716,3959,1720,21,1741,4325",0,,Roguelike;Roguelite
3423650,Roguebots Arena,"Jun 16, 2025",2025-06-16,2025,82,17,"113,19,1663,1716,3859,1774,5547",0,,Roguelike
3566940,Galactic Pawns,"Oct 3, 2025",2025-10-03,2025,94,17,"42804,1199779,4885,5547,4637,3959,4231",499,0,Action Roguelike;Roguelike;Roguelite
3668480,Path of Master 大師之路,"May 16, 2025",2025-05-16,2025,70,17,"42804,1716,3993,4057,1646,1654,597",0,,Action Roguelike;Roguelike
3779500,Pinball Hero,"Oct 9, 2025",2025-10-09,2025,76,17,"3968,1716,1645,6621,597,599,4325",399,0,Roguelike;Roguelite
3861590,A Hundred Years of Love and Death,"Jul 31, 2025",2025-07-31,2025,76,17,"122,1759,9551,21,1687,4182,3871",0,,Roguelike;Roguelite
3965190,The Useless Wizard,"Oct 24, 2025",2025-10-24,2025,82,17,"19,42804,4885,3959,597,1773,3964",499,0,Action Roguelike;Roguelite
3966010,Soul Demon Hunters,"Dec 11, 2025",2025-12-11,2025,88,17,"32322,3964,10808,42804,4085,122,5923",1199,0,Action Roguelike;Roguelike;Roguelite
4140790,Super Shootin Star,"Nov 19, 2025",2025-11-19,2025,100,17,"19,1773,1625,5154,42804,3964,4004",199,0,Action Roguelike
1258800,Project Dagger,"Jul 25, 2022",2022-07-25,2022,61,18,"493,1716,19,1646,4004,1663,492",599,0,Action Roguelike;Roguelike
1359730,Artifice: War Tactics,"Aug 16, 2024",2024-08-16,2024,61,18,"14139,9,1716,1741,492,4182,1759",1499,0,Roguelike
1730550,Panta Rhei - Guardian of Time,"Jul 31, 2025",2025-07-31,2025,94,18,"19,21,4106,1716,42804,3959,16689",999,0,Action Roguelike;Roguelike;Roguelite
1789670,Me and my eldritch parasite,"Apr 29, 2022",2022-04-29,2022,94,18,"1716,4975,1697,5923,1667,21,1721",299,0,Roguelike
1979200,Mortal Vessel,"Dec 5, 2024",2024-12-05,2024,100,18,"4325,4747,5125,4434,1677,3871,1716",999,0,Roguelike
2023500,"Deck of Life: No Turns, Individual Card Permadeath","Jul 4, 2023",2023-07-04,2023,66,18,"492,791774,4161,1734,32322,6426,13782",0,,Roguelike;Roguelite
2025930,Robot Revolt,"Jan 20, 2023",2023-01-20,2023,83,18,"19,42804,597,1773,4885,3959,5752",599,0,Action Roguelike;Roguelite
2050450,THE MADMAN,"Jul 2, 2022",2022-07-02,2022,55,18,"122,1716,3834,3964,1755,4004,5752",1299,0,Roguelike
2090040,Odium,"Oct 21, 2022",2022-10-21,2022,77,18,"42804,6730,12057,1716,4191,19,1697",0,,Action Roguelike;Roguelike
2141710,Winged Raider,"Sep 22, 2022",2022-09-22,2022,77,18,"19,21,42804,1774,4106,3871,3964",0,,Action Roguelike
2145720,Petit Petit Petit,"Dec 6, 2023",2023-12-06,2023,55,18,"597,1751,1716,5923,4255,492,19",599,0,Roguelike
2186010,Shapebreaker - Prologue,"Jul 31, 2023",2023-07-31,2023,66,18,"1645,9,4182,1091588,3871,1708,1716",0,,Roguelike;Roguelike Deckbuilder;Roguelite
2206700,King Smash,"Nov 19, 2022",2022-11-19,2022,88,18,"42804,3871,597,19,3964,1662,3993",499,0,Action Roguelike
2211110,Brick Odyssey,"Jan 25, 2023",2023-01-25,2023,94,18,"3959,1773,492,1716,42804,6730,19",1199,0,Action Roguelike;Roguelike;Roguelite
2219370,KIRO II: The Wizards Guild,"Apr 21, 2023",2023-04-21,2023,83,18,"42804,3798,1646,1720,6730,4231,122",0,,Action Roguelike
2222830,Chasmal,"Jan 17, 2023",2023-01-17,2023,94,18,"19,42804,3871,4885,3964,3835,3942",0,,Action Roguelike
2235090,回溯勇者/Backdate Hero,"Jan 13, 2023",2023-01-13,2023,83,18,"42804,4195,19,1716,21,3993,4182",999,0,Action Roguelike;Roguelike
2396380,黑暗塔 (The Dark Tower),"May 25, 2023",2023-05-25,2023,83,18,"21,1720,5125,1716,198631,122,1710",99,0,Roguelike
2491130,Split Square,"Oct 29, 2023",2023-10-29,2023,88,18,"42804,5379,1720,3959,4231,1716,7208",499,0,Action Roguelike;Roguelike;Roguelike Deckbuilder;Roguelite
2497850,NUNNA: Prologue,"Jul 24, 2023",2023-07-24,2023,94,18,"791774,3959,1741,4182,1716,3964,9",0,,Roguelike;Roguelite
2514910,KIKICAPS: Keyboard Roguelike,"Nov 14, 2024",2024-11-14,2024,94,18,"42804,1716,492,4711,4026,3964,4182",999,0,Action Roguelike;Roguelike;Roguelite
2517560,Squidding Over It,"Aug 17, 2023",2023-08-17,2023,100,18,"4026,597,21,1716,5395,4136,3968",499,0,Roguelike
2595770,PentaZorg,"Dec 9, 2023",2023-12-09,2023,94,18,"4885,1773,4026,19,1734,5154,1664",0,,Action Roguelike
2598860,Boundless Paths,"Apr 10, 2024",2024-04-10,2024,100,18,"1645,3834,3959,8945,9,5125,6426",799,0,Roguelite
2704720,Orbius,"Dec 20, 2023",2023-12-20,2023,88,18,"597,9,1664,1716,3959,3871,3964",299,0,Roguelike;Roguelite
2796210,异世界模拟器,"Jul 15, 2024",2024-07-15,2024,61,18,"597,599,122,11014,24003,10437,3959",399,0,Roguelite
2807240,Swamp Up,"Sep 16, 2025",2025-09-16,2025,100,18,"3877,5395,4026,5350,1625,8666,597",499,0,Roguelite
2997110,Slasher: Origins,"Jan 29, 2025",2025-01-29,2025,66,18,"723991,42804,1773,3959,4604,492,122",499,0,Action Roguelike;Roguelike;Roguelite
3205840,荡天下,"Aug 15, 2025",2025-08-15,2025,61,18,"1716,791774,21725,6915,3959,122,1666",1099,0,Roguelike;Roguelite
3272890,江湖宝鉴,"Nov 11, 2024",2024-11-11,2024,66,18,"122,3959,597,11014,31275,1742,6426",499,0,Roguelite
3374340,OPA: Super Janken,"Dec 12, 2025",2025-12-12,2025,66,18,"9,1666,1716,791774,9271,3871,6815",0,,Roguelike
3382610,Gold Miner: Return to Glory,"Nov 6, 2025",2025-11-06,2025,83,18,"597,492,5981,599,4182,7368,9",99,0,Roguelike;Roguelite
3393180,Sweep,"Apr 11, 2025",2025-04-11,2025,77,18,"1716,9,791774,32322,3959,1666,1091588",699,0,Roguelike;Roguelike Deckbuilder;Roguelite
3516420,Beyond the Grove,"Nov 4, 2025",2025-11-04,2025,77,18,"9,1084988,3959,1741,1676,14139,3813",1499,0,Roguelike;Roguelite
3596030,Sweepin' XS,"Jun 2, 2025",2025-06-02,2025,100,18,"597,4182,1664,4004,1716,9,3959",499,0,Roguelike;Roguelite
3613450,Coil's Containment,"Apr 11, 2025",2025-04-11,2025,94,18,"1667,1721,3959,599,5900,16689,5716",199,0,Roguelike;Roguelite
3720650,Air Hockey Roguelike,"Oct 7, 2025",2025-10-07,2025,72,18,"701,492,1716,3964,4004,324176,1773",299,0,Roguelike
4188270,Slappingrot,"Dec 29, 2025",2025-12-29,2025,100,18,"1716,29482,4136,10397,19995,4182,3993",299,0,Action Roguelike;Roguelike
1134610,Dice Hero: The Unoriginal Story,"Mar 3, 2023",2023-03-03,2023,78,19,"1091588,1666,791774,1716,32322,1741,9",499,0,Roguelike;Roguelike Deckbuilder
1303050,Ruggnar,"Jun 23, 2022",2022-06-23,2022,89,19,"1625,19,492,21,3959,3964,4535",1399,0,Roguelite
1466100,RavenWeald,"Sep 7, 2022",2022-09-07,2022,89,19,"9,21,1716,4604,4325,3854,5851",0,,Roguelike;Roguelite
1694310,Valor,"Nov 3, 2022",2022-11-03,2022,89,19,"1646,5547,42804,6730,6506,4231,4747",799,0,Action Roguelike
1861190,BUILDING JUMPER,"Aug 25, 2025",2025-08-25,2025,36,19,"19,8666,21,1716,4191,1643,4182",0,,Roguelike
1909760,Hexa Td - Free Game,"Sep 26, 2024",2024-09-26,2024,94,19,"597,1645,791774,1741,1717,8945,14139",0,,Roguelike
1922670,Banner of Blood,"May 30, 2024",2024-05-30,2024,36,19,"493,42804,1716,4711,4026,1720,4747",399,0,Action Roguelike;Roguelike
1955120,Nemire,"Feb 18, 2024",2024-02-18,2024,73,19,"9,14139,122,21725,4325,3959,3964",699,0,Roguelite
2087940,Non-Stop Raiders,"Jan 23, 2023",2023-01-23,2023,94,19,"3964,4158,1646,42804,5154,8666,597",199,0,Action Roguelike
2212500,Full Gear,"Feb 28, 2023",2023-02-28,2023,100,19,"1777,1646,492,454187,1716,8945,4325",499,0,Roguelike;Traditional Roguelike
2284510,イーシャの魔法図書室,"May 2, 2023",2023-05-02,2023,84,19,"9,1716,14139,4182,1684,3871,113",0,,Roguelike
2320280,Nova Strike,"Jul 27, 2023",2023-07-27,2023,68,19,"19,4885,4182,3871,1773,3942,4255",999,0,Action Roguelike;Roguelike
2349180,空と無垢の6機,"Jan 29, 2024",2024-01-29,2024,89,19,"599,21,1091588,1716,4182,492",1299,0,Roguelike;Roguelike Deckbuilder
2428020,The Abyss Within,"Mar 25, 2024",2024-03-25,2024,94,19,"1091588,791774,1666,4026,1720,4236,6730",499,0,Roguelike;Roguelike Deckbuilder
2577320,CODEDOOR,"Jan 10, 2024",2024-01-10,2024,68,19,"1738,1659,1774,1773,1716,5900,4305",0,,Roguelike
2787630,The Wrath of the Goose King,"Mar 27, 2024",2024-03-27,2024,100,19,"122,3959,1741,1716,3871,492,4726",699,0,Roguelike;Roguelite
2791210,DeadNeverStop,"Mar 8, 2024",2024-03-08,2024,84,19,"9,1716,1645,1659,42804,3835,4182",199,0,Action Roguelike;Roguelike
2881360,Bloody Heaven 2 ：Prologue,"Apr 10, 2024",2024-04-10,2024,68,19,"19,122,42804,1716,4191,4791,4172",0,,Action Roguelike;Roguelike
2906660,Conquer Lands,"Nov 8, 2025",2025-11-08,2025,84,19,"1091588,1666,791774,1716,32322,1677,9",499,0,Roguelike;Roguelike Deckbuilder;Roguelite
2998990,Tilemancer Dungeon,"Mar 27, 2025",2025-03-27,2025,100,19,"122,1716,1720,1666,1759,12057,3871",799,0,Roguelike
3027710,Cat Guardian,"Oct 23, 2024",2024-10-23,2024,84,19,"9,1645,1662,1666,8945,16689,597",799,0,Roguelite
3050100,Kiwi'n,"Jul 24, 2024",2024-07-24,2024,36,19,"19,128,42804,4145,15045,7332,113",0,,Action Roguelike
3055000,Hell's Descent,"Dec 26, 2024",2024-12-26,2024,89,19,"19,42804,1716,21,3959,3871,3964",0,,Action Roguelike;Roguelike;Roguelite
3055780,PERMUTER,"Jul 4, 2024",2024-07-04,2024,100,19,"19,42804,1773,4885,3959,4758,3871",399,0,Action Roguelike;Roguelike;Roguelite
3110250,Calice,"Jan 23, 2025",2025-01-23,2025,84,19,"791774,14139,5379,6730,9,1741,1716",999,0,Roguelike
3376950,Rabolut: Escape From Hell,"Jan 7, 2025",2025-01-07,2025,94,19,"19,1625,4036,3871,3964,1716,3959",0,,Roguelike;Roguelite
3503050,Dream fallen remake - village,"Feb 24, 2025",2025-02-24,2025,68,19,"597,1716,5652,4191,3839,10808,1759",499,0,Roguelike
3625870,Dungeon Drops,"Jun 18, 2025",2025-06-18,2025,94,19,"19,21,1625,42804,3959,3871,4195",499,0,Action Roguelike;Roguelite
3651010,高中生模拟器The Existence Theory of the No.13 High School,"Nov 19, 2025",2025-11-19,2025,100,19,"3799,1742,44868,3959,4085,492,6971",599,0,Roguelite
3682370,Breakout Season,"Nov 10, 2025",2025-11-10,2025,84,19,"32322,3959,1773,4305,1716,3871,4726",499,0,Roguelike;Roguelite
3751810,CyberArena,"Jun 11, 2025",2025-06-11,2025,89,19,"19,1773,1716,5547,4637,3871,4791",0,,Roguelike
3812620,Brain School,"Dec 18, 2025",2025-12-18,2025,100,19,"9,6129,1666,599,4026,1664,3959",699,0,Roguelite
3889600,Gridfall,"Dec 16, 2025",2025-12-16,2025,100,19,"1666,1716,1091588,32322,4182,3964,9",699,0,Roguelike;Roguelike Deckbuilder;Roguelite
3940800,Space Vomit,"Sep 29, 2025",2025-09-29,2025,100,19,"19,42804,1716,4885,1774,4711,4004",399,0,Action Roguelike;Roguelike;Roguelite;Traditional Roguelike
1833540,STARS ERA: ABYSS FRONTIER,"Jan 31, 2024",2024-01-31,2024,90,20,"9,3959,122,1741,17305,1716,4191",699,0,Roguelike;Roguelite
1850730,开局觉醒神级天赋,"Sep 5, 2025",2025-09-05,2025,70,20,"21,122,42804,4434,1716,454187,3959",399,0,Action Roguelike;Roguelike;Roguelite;Traditional Roguelike
1860410,Master of Vtuber,"Apr 7, 2024",2024-04-07,2024,75,20,"1742,3854,597,599,122,4434,4085",999,0,Roguelike
1982050,Watercolor Hell,"May 26, 2022",2022-05-26,2022,80,20,"492,42804,4885,122,4747,3871,1710",0,,Action Roguelike
1983120,Awakening of Legend,"Oct 31, 2022",2022-10-31,2022,90,20,"122,9,1716,3964,1684,4182,492",0,,Roguelike
1995330,Monos: The Endless Tower,"Oct 5, 2023",2023-10-05,2023,80,20,"3959,1645,4106,9,4191,4726,7481",899,0,Roguelite
2071390,Chess: The Lost Pieces,"Jan 31, 2023",2023-01-31,2023,70,20,"9,4184,1716,1770,14139,1741,10397",799,0,Roguelike;Roguelike Deckbuilder
2084230,Layer Hunt,"Sep 14, 2024",2024-09-14,2024,60,20,"5125,3871,122,1662,21,3964,19",0,,Roguelike
2166820,史莱姆冒险战SlimeWarfare,"Feb 16, 2023",2023-02-16,2023,95,20,"3813,1716,3959,1645,492,7332,9",599,0,Roguelike;Roguelite
2231230,Solar Survivors,"Apr 16, 2024",2024-04-16,2024,95,20,"723991,42804,4885,3959,19,3942,122",499,0,Action Roguelike;Roguelite
2232100,Towards the Unknown,"Feb 23, 2023",2023-02-23,2023,75,20,"19,42804,14139,5851,4325,9,113",0,,Action Roguelike
2279220,Diceheart,"Dec 15, 2023",2023-12-15,2023,90,20,"4182,9,1716,3959,1708,4325,1720",1199,0,Roguelike;Roguelite
2403940,AutoHeroes,"Jan 20, 2024",2024-01-20,2024,45,20,"1084988,1716,3859,5125,9,122,1677",499,50,Roguelike;Roguelite
2475020,Light Speed Ride Out,"Jul 3, 2023",2023-07-03,2023,90,20,"493,42804,4255,4637,4758,916648,3959",499,0,Action Roguelike;Roguelike;Roguelike Deckbuilder;Roguelite
2496160,Rebel!,"Jun 5, 2024",2024-06-05,2024,100,20,"19,597,4791,1773,4195,4975,4562",0,,Roguelite
2568050,BAR,"Jun 29, 2025",2025-06-29,2025,70,20,"560542,615955,1716,1721,4305,4195,3959",599,0,Roguelike;Roguelite
2608400,Regular Spacecraft - Defending the Mothership,"Dec 4, 2023",2023-12-04,2023,95,20,"42804,4885,4255,4637,3959,1774,1716",99,0,Action Roguelike;Roguelike;Roguelite
2620530,Perfect Teams,"Oct 18, 2024",2024-10-18,2024,95,20,"1091588,1666,791774,1716,9,32322,6426",1999,0,Roguelike;Roguelike Deckbuilder;Roguelite
2640910,Yeetus,"Dec 15, 2023",2023-12-15,2023,100,20,"42804,19,4885,492,4182,4231,9",399,0,Action Roguelike;Roguelite
2646250,战棋英雄,"Jan 7, 2024",2024-01-07,2024,65,20,"9,122,492,1741,14139,4325,17305",499,0,Roguelike
2842490,Dangerous Galaxy,"Nov 19, 2025",2025-11-19,2025,100,20,"3959,19,3798,1755,1773,5125,1759",499,0,Action Roguelike;Roguelike;Roguelite
2860270,Orbs of Chaos,"Aug 27, 2024",2024-08-27,2024,90,20,"42804,4885,3959,7432,4231,4004,122",499,0,Action Roguelike;Roguelike;Roguelite
2920970,元卡牌2 MetaCard2 序章 Prologue,"Apr 30, 2024",2024-04-30,2024,90,20,"9,32322,122,1716,1645,1084988,492",0,,Action Roguelike;Roguelike;Roguelite
2925270,CAN BULLET,"May 9, 2024",2024-05-09,2024,100,20,"42804,3959,1773,3871,5796,19,597",399,0,Action Roguelike;Roguelite
2992470,Rustwing,"May 19, 2025",2025-05-19,2025,85,20,"493,1716,1755,4885,42804,4026,3964",599,0,Action Roguelike;Roguelike;Roguelite
3033600,Rogue Rollout,"Nov 11, 2024",2024-11-11,2024,85,20,"597,1716,9,32322,6426,3959,3871",899,0,Roguelike;Roguelite
3178660,Blood Rising,"Sep 23, 2024",2024-09-23,2024,90,20,"14139,9,3959,1666,1741,1716,3871",0,,Roguelike;Roguelite
3255510,Bolide,"Mar 7, 2025",2025-03-07,2025,90,20,"1773,597,4255,1755,1774,4182,4747",0,,Roguelike
3277350,光域,"May 21, 2025",2025-05-21,2025,95,20,"19,122,42804,4231,1716,454187,4975",299,0,Action Roguelike;Roguelike;Traditional Roguelike
3415340,Ox & Horse Work in Hell,"Aug 1, 2025",2025-08-01,2025,100,20,"42804,3841,7368,4975,4136,6815,3993",899,0,Action Roguelike
3492360,Agent Dunoz,"Mar 3, 2025",2025-03-03,2025,75,20,"122,7556,4115,31275,1742,3942,492",399,0,Roguelike;Roguelite
3514820,Crypt Keeper,"Jul 15, 2025",2025-07-15,2025,100,20,"9,1645,4328,4195,5851,1684,1708",999,0,Roguelite
3726500,The Last Heroine,"Jun 26, 2025",2025-06-26,2025,50,20,"19,21,4106,42804,29482,4191,1697",0,,Action Roguelike
3783540,Voden's Job,"Jul 1, 2025",2025-07-01,2025,70,20,"9,32322,1666,3959,3964,13070,3871",0,,Roguelite
3840890,Lunera,"Jul 16, 2025",2025-07-16,2025,45,20,"1646,6730,122,1720,4231,4236,4182",0,,Roguelite
3894020,Perfect Liar,"Oct 21, 2025",2025-10-21,2025,100,20,"19,42804,1773,5154,6815,3877,3871",399,0,Action Roguelike
3911080,36 Zodiac Cycles,"Aug 20, 2025",2025-08-20,2025,100,20,"492,597,4026,4559,3964,5379,1734",599,0,Roguelike;Roguelite
3975720,Super Safe Spelunking,"Oct 23, 2025",2025-10-23,2025,90,20,"19,1716,4255,4975,4136,3993,4182",0,,Roguelike
4045890,Caveman Caravan,"Oct 6, 2025",2025-10-06,2025,95,20,"9,1664,1716,3871,3964,4004,32322",0,,Roguelike
611190,ROGUE SHIFT,"Feb 9, 2023",2023-02-09,2023,76,21,"4758,4637,1685,4791,3843,4231,122",999,0,Action Roguelike;Roguelike
1677580,My Master's A Moron,"Jun 2, 2022",2022-06-02,2022,76,21,"3959,1716,7569,1720,4026,122,1741",1499,0,Roguelike;Roguelite
1706920,Firekeep,"Apr 19, 2022",2022-04-19,2022,90,21,"9,4328,1664,4094,597,97376,3810",1399,0,Roguelite
1835930,燃爆英雄(Bomb Hero),"Feb 22, 2022",2022-02-22,2022,57,21,"493,597,9,492,3843,3859,1775",0,,Roguelike
1861940,Monsters and Weapons,"Feb 9, 2022",2022-02-09,2022,80,21,"9,1720,3964,1716,4155,1741,6426",499,0,Roguelike;Traditional Roguelike
1953020,Lab Remnants,"Apr 15, 2022",2022-04-15,2022,95,21,"42804,4711,4885,4026,1720,4106,1716",199,0,Action Roguelike;Roguelike;Roguelite
2018840,UNILOGUE,"Oct 22, 2022",2022-10-22,2022,90,21,"9,4182,1645,3959,1716,32322,3871",0,,Roguelike;Roguelite
2089920,Shadow Heroes,"Oct 10, 2022",2022-10-10,2022,90,21,"19,42804,3959,4158,6915,4231,4736",199,50,Action Roguelike;Roguelite
2100300,Abstract Grind,"Oct 15, 2022",2022-10-15,2022,76,21,"597,122,1646,3959,4637,3871,4400",0,,Roguelite
2106170,Super Weapon Master 超级武器大师,"Dec 23, 2025",2025-12-23,2025,57,21,"42804,493,3959,1716,3834,620519,5379",399,0,Action Roguelike;Roguelike;Roguelite
2109020,Koler,"May 24, 2023",2023-05-24,2023,71,21,"42804,3959,4231,6730,1716,1697,4057",999,0,Action Roguelike;Roguelike;Roguelite
2294330,LastRo,"Dec 11, 2023",2023-12-11,2023,90,21,"19,42804,1774,4975,4791,5752,1755",0,,Action Roguelike;Roguelike;Roguelite
2331080,Taoism,"Jun 19, 2024",2024-06-19,2024,61,21,"493,9,1666,9271,3959,16094,10808",599,0,Roguelike;Roguelite
2377620,Lord O' Pirates,"Jul 16, 2025",2025-07-16,2025,85,21,"42804,4885,3959,1681,3964,13577,6730",499,0,Action Roguelike;Roguelite
2409690,Kingmaker Academy: Warrior's Duels,"May 23, 2023",2023-05-23,2023,90,21,"1091588,791774,1716,32322,4325,492,122",99,0,Roguelike;Roguelike Deckbuilder
2447120,Veiled Edge,"Nov 29, 2024",2024-11-29,2024,95,21,"5379,3964,1742,4182,4115,19,492",1499,0,Roguelike;Roguelite
2490080,Last Hopeless,"Oct 17, 2023",2023-10-17,2023,100,21,"597,19,1716,4106,42804,4231,3959",599,0,Action Roguelike;Roguelike;Roguelite
2599420,Dynasty,"Feb 1, 2024",2024-02-01,2024,80,21,"11014,1716,3959,3871,4094,31275,6310",0,,Roguelike;Roguelite
2610320,Starcremental,"Jul 26, 2024",2024-07-26,2024,66,21,"615955,16689,3959,560542,3871,597,3942",299,0,Roguelite
2611750,Cosmic Cursor,"Jun 24, 2024",2024-06-24,2024,80,21,"42804,3959,4885,4026,4711,4791,11123",499,0,Action Roguelike;Roguelike;Roguelite
2614700,Infrared,"Oct 27, 2023",2023-10-27,2023,76,21,"3978,1667,4004,6691,19,6971,1759",0,,Roguelike
2722640,Coin-Op Vice,"Sep 26, 2024",2024-09-26,2024,90,21,"4004,3964,7743,5125,4791,4975,32322",999,0,Action Roguelike;Roguelite
2752250,Survival Odyssey,"Mar 8, 2024",2024-03-08,2024,33,21,"5547,4637,3959,1759,1716,21,122",699,0,Roguelike;Roguelite
2837330,Milky Way TD SURVIVORS AUTOBATTLER RTS,"Mar 29, 2024",2024-03-29,2024,85,21,"1645,1676,7332,8945,12472,1084988,1662",799,0,Roguelike
2946260,Poker Dungeon : Joker's Madness,"May 16, 2024",2024-05-16,2024,90,21,"1716,32322,1666,1741,492,1091588,14139",899,0,Roguelike;Roguelike Deckbuilder
2965140,Cross The World,"Jun 2, 2025",2025-06-02,2025,100,21,"493,599,9,21,122,492,3810",1999,0,Roguelike
2968260,EvilPunk,"Dec 6, 2024",2024-12-06,2024,61,21,"21978,1716,3993,1774,19,3968,3839",499,0,Action Roguelike;Roguelike;Roguelite
3209020,cr4ckr,"Sep 26, 2024",2024-09-26,2024,61,21,"1674,597,599,5502,3871,31275,7250",0,,Roguelite
3347250,flood of zombies,"Mar 4, 2025",2025-03-04,2025,90,21,"21,122,597,1774,1716,4637,4885",299,0,Roguelike
3438900,Azazel Gamble 阿撒兹勒赌局,"May 13, 2025",2025-05-13,2025,90,21,"9,16250,597,3859,1667,3843,17389",999,0,Roguelite
3609260,Idle Zombie Wave: Premium,"Apr 24, 2025",2025-04-24,2025,38,21,"597,9,1741,1645,1774,1716,4637",799,0,Roguelike;Roguelite
3931240,Soul Scar,"Aug 28, 2025",2025-08-28,2025,100,21,"122,4434,10695,17305,1741,5379,1720",999,0,Roguelike;Roguelite
1115610,The Lost and The Wicked,"Mar 24, 2022",2022-03-24,2022,86,22,"4758,4106,4637,1774,1710,3964,4166",999,0,Action Roguelike
1858240,Samurai war era Hunter,"Jan 15, 2022",2022-01-15,2022,40,22,"492,597,599,3871,9,4791,3964",0,,Roguelite
1948240,Shark Assault Simulator,"Jun 10, 2022",2022-06-10,2022,81,22,"19,21,599,701,42804,4106,4175",399,0,Action Roguelike
1960330,Alchemia: Creatio Ex Nihilo,"Jul 31, 2025",2025-07-31,2025,81,22,"1702,9,3959,1741,1716,3871,6426",1999,0,Roguelike;Roguelike Deckbuilder;Roguelite
1994960,Survive 10 Minutes Please,"Jun 2, 2022",2022-06-02,2022,90,22,"1662,1659,3993,42804,3798,492,1773",0,,Action Roguelike;Roguelite
2094230,Dark Blue Warriorr,"Aug 15, 2022",2022-08-15,2022,27,22,"21,42804,4975,1673,3993,4182,113",0,,Action Roguelike
2114330,Honeymancer,"Mar 27, 2025",2025-03-27,2025,95,22,"4057,3964,21,3834,3959,87918,3871",1299,0,Roguelite
2172120,Rift Rangers,"May 24, 2023",2023-05-24,2023,81,22,"42804,3871,3964,3959,4885,7481,9",499,0,Action Roguelike;Roguelite
2271030,Tacape,"Sep 28, 2023",2023-09-28,2023,90,22,"1666,1091588,1716,791774,3959,1684,16094",699,0,Roguelike;Roguelike Deckbuilder;Roguelite
2386560,Carnage Cuisine,"Jan 29, 2024",2024-01-29,2024,68,22,"42804,5547,4885,3959,4136,4637,493",0,,Action Roguelike;Roguelike;Roguelite
2387310,Magic Paper,"Jul 18, 2024",2024-07-18,2024,86,22,"1716,6276,1720,42804,32322,1646,4711",1499,0,Action Roguelike;Roguelike;Roguelite
2396300,My Life of Repayment,"Jun 22, 2023",2023-06-22,2023,86,22,"5379,122,10235,1716,3959,12472,3871",0,,Roguelike;Roguelite
2447340,Grave Deceiver,"Dec 25, 2024",2024-12-25,2024,81,22,"42804,19,4885,6730,1716,3871,21",599,0,Action Roguelike;Roguelike
2452320,Folly Of The Wizards,"Sep 19, 2025",2025-09-19,2025,81,22,"492,42804,1716,4711,6815,3871,1720",2999,0,Action Roguelike;Roguelike;Roguelite
2468610,The Night Shift,"Aug 7, 2025",2025-08-07,2025,68,22,"1667,19,3978,21,4106,3839,1664",699,0,Action Roguelike
2476730,Myriad Mayhem,"Aug 15, 2023",2023-08-15,2023,81,22,"3959,7332,1646,9,4747,4604,6426",699,0,Roguelite
2560520,Castle Guardian,"Jul 29, 2024",2024-07-29,2024,100,22,"1645,19,597,1708,4172,1646,3814",399,0,Action Roguelike
2658490,The Dark Survivors,"Feb 10, 2024",2024-02-10,2024,77,22,"42804,4885,3959,1716,122,5125,3964",99,0,Action Roguelike;Roguelike;Roguelite
2688600,Descent from Arkov's tower Prologue,"Mar 22, 2024",2024-03-22,2024,90,22,"21,9,1716,1720,3871,3964,4791",0,,Roguelike
2800770,Gnomber,"Apr 28, 2024",2024-04-28,2024,59,22,"42804,3993,1759,4975,1773,4057,4195",299,0,Action Roguelike;Roguelike
2960700,Beyond the Chiron Gate,"May 13, 2024",2024-05-13,2024,90,22,"3834,9,3959,11014,1755,1759,1716",999,0,Roguelike;Roguelite
3295230,Happy Hotel,"Dec 5, 2024",2024-12-05,2024,100,22,"3834,5537,3959,1664,4191,3839,1667",399,0,Roguelite
3301260,One Minute,"Feb 23, 2025",2025-02-23,2025,95,22,"1773,3871,597,5350,5154,3959,492",299,0,Roguelite
3308920,Depths of Endor: Dungeon Crawler,"Nov 19, 2024",2024-11-19,2024,95,22,"1720,122,21,10695,3959,3871,492",799,0,Roguelike;Roguelite
3422860,Mage at Stake,"Feb 20, 2025",2025-02-20,2025,77,22,"42804,1759,19,1774,1716,1697,4046",0,,Action Roguelike;Roguelike
3821350,Vengeance,"Jul 5, 2025",2025-07-05,2025,95,22,"19,4736,42804,1774,1716,4885,4637",0,,Action Roguelike;Roguelike
4124170,Gamble Your Breath,"Dec 12, 2025",2025-12-12,2025,68,22,"1721,16250,9,599,1716,4182,6971",199,0,Roguelike;Roguelite
1174030,Hero Lodge,"Jan 12, 2022",2022-01-12,2022,95,23,"14139,492,3964,3959,1741,4325,122",999,0,Roguelite
1608710,Gridform,"Jul 29, 2022",2022-07-29,2022,91,23,"19,4758,1773,4026,4305,4791,4885",999,0,Roguelike
1689090,CITY WARS: TOKYO REIGN,"Aug 31, 2022",2022-08-31,2022,60,23,"791774,9271,3959,1775,9,1666,1716",1299,0,Roguelike;Roguelite
1766350,Heroes of Book & Paper,"Jun 18, 2023",2023-06-18,2023,100,23,"122,3959,3871,21,492,4046,5125",699,0,Roguelite
1970520,Brave Survivor,"May 13, 2022",2022-05-13,2022,69,23,"3798,4777,5379,4158,1759,4736,1716",499,0,Roguelike
1989140,Tower of Spirit,"Jul 20, 2024",2024-07-20,2024,95,23,"6815,1677,4234,3959,5711,492,4252",499,0,Roguelike;Roguelite
2013080,Unders_core,"Oct 11, 2022",2022-10-11,2022,60,23,"493,1091588,1666,791774,21,1716,32322",1199,0,Roguelike;Roguelike Deckbuilder;Roguelite
2027570,Zombies Invasion,"Jun 23, 2022",2022-06-23,2022,39,23,"42804,1759,1774,1716,3871,4791,19",2499,0,Action Roguelike;Roguelike
2136550,HIGhSCORE,"Mar 9, 2023",2023-03-09,2023,100,23,"1773,597,4004,1625,3877,5379,3959",399,0,Action Roguelike;Roguelite
2492410,Bootleg Steamer,"Apr 25, 2024",2024-04-25,2024,73,23,"4202,12472,3987,6378,1654,9,597",1499,0,Roguelike;Roguelite
2544620,Geckorientalism,"Jul 25, 2024",2024-07-25,2024,100,23,"4486,122,5379,3959,24003,3799,9551",899,0,Roguelite
2559500,Survivors of Mayhem,"Oct 23, 2024",2024-10-23,2024,82,23,"723991,19,122,492,493,42804,3959",699,0,Action Roguelike;Roguelite
2571500,Speedollama,"Oct 21, 2024",2024-10-21,2024,95,23,"4255,1625,492,1773,1774,3964,4182",899,0,Action Roguelike
2577850,Seekers of Eclipse,"Jun 2, 2025",2025-06-02,2025,86,23,"1091588,1666,4328,1716,8945,32322,1677",1099,0,Roguelike;Roguelike Deckbuilder;Roguelite
2636410,Stranded,"Feb 23, 2024",2024-02-23,2024,78,23,"1716,5125,4106,1643,1702,3964,492",1499,0,Roguelike
2638210,Brave and Desire,"Oct 17, 2024",2024-10-17,2024,34,23,"122,3959,3964,10695,4434,3871,4325",1199,0,Roguelite
2674970,Devil Slot Machine,"Oct 24, 2024",2024-10-24,2024,65,23,"9,32322,3959,1645,3964,1716,3993",599,0,Roguelike;Roguelite
2716270,The Witch's Cauldron Prologue,"Dec 22, 2023",2023-12-22,2023,86,23,"599,597,1702,1654,1664,3959,6815",0,,Roguelite
2781720,Demoniac TV,"Aug 9, 2024",2024-08-09,2024,100,23,"42804,19,6730,1666,1716,3871,492",299,0,Action Roguelike;Roguelike
2870580,Cubed and Dangerous,"Aug 1, 2024",2024-08-01,2024,95,23,"1716,4182,4885,42804,1662,3942,5547",499,0,Action Roguelike;Roguelike;Roguelite
2870950,Splash Carnival,"Mar 19, 2024",2024-03-19,2024,82,23,"42804,597,1716,19,4885,4182,1774",0,,Action Roguelike;Roguelike
2876720,Descent from Arkov's Tower,"Oct 30, 2024",2024-10-30,2024,86,23,"14139,454187,1720,1716,9,3871,4791",699,0,Roguelike;Traditional Roguelike
2991250,Frog 'n' Roll,"May 30, 2024",2024-05-30,2024,95,23,"19,597,1773,1716,42804,5547,4255",399,0,Action Roguelike;Roguelike
3121430,MK-ULTRA Psychic Defense,"Dec 2, 2024",2024-12-02,2024,91,23,"9,1645,3959,4191,4182,4400,4305",700,0,Roguelite
3283230,Randotura,"Nov 20, 2024",2024-11-20,2024,100,23,"1716,19,42804,4885,4026,4711,1774",199,0,Action Roguelike;Roguelike;Roguelite
3666980,Diceball,"Jun 26, 2025",2025-06-26,2025,69,23,"701,9,5727,7556,1773,32322,492",999,0,Roguelike;Roguelite
3805100,PLAGUN – The Plague Goes On,"Nov 5, 2025",2025-11-05,2025,78,23,"3835,1716,4885,5379,3959,1774,1659",499,0,Roguelike;Roguelite
4147140,我独自飞升成仙,"Nov 19, 2025",2025-11-19,2025,73,23,"9,1716,1091588,16094,6915,599,3871",999,0,Roguelike;Roguelike Deckbuilder
1015190,Double Damnation,"Aug 26, 2022",2022-08-26,2022,75,24,"1685,1628,7481,5379,3959,1625,4252",0,,Roguelite
1443100,RogueSlide,"Feb 22, 2022",2022-02-22,2022,83,24,"597,1664,1716,1720,3959,14139,3871",399,0,Roguelike;Roguelite
1494450,Oakenfold,"Nov 17, 2022",2022-11-17,2022,70,24,"9,14139,1716,6625,1741,5125,1708",1999,0,Roguelike;Roguelite
1730060,Deep Space Salvage Crew VR,"Jul 8, 2022",2022-07-08,2022,66,24,"42804,1663,4255,1774,4191,3839,5765",1899,0,Action Roguelike
1995090,STEIIARIA,"Jun 25, 2022",2022-06-25,2022,70,24,"8666,1665,1664,1716,597,33572,3871",499,0,Roguelike
2060670,Sue Shi Survival,"Apr 11, 2023",2023-04-11,2023,83,24,"42804,122,19,4604,4182,4085,3871",499,0,Action Roguelike;Roguelike;Roguelite
2068460,Last Of Ark: Prologue,"Jul 19, 2022",2022-07-19,2022,83,24,"9,32322,3959,1666,791774,1741,4182",0,,Roguelite
2171010,The secret pyramid VR,"Jul 19, 2023",2023-07-19,2023,87,24,"21978,1716,4182,1659,353880,4604,4106",799,0,Action Roguelike;Roguelike
2218270,SAMURAI Survivor -Undefeated Blade-,"Apr 9, 2023",2023-04-09,2023,33,24,"42804,1662,19,7481,29482,4608,1688",299,0,Action Roguelike;Roguelike
2283940,Ancient Guardians: The Dragon,"May 25, 2025",2025-05-25,2025,83,24,"1716,492,4046,4057,42804,4172,3959",599,0,Action Roguelike;Roguelike;Roguelike Deckbuilder;Roguelite
2331920,HOLYHUNT,"Sep 2, 2024",2024-09-02,2024,95,24,"21,1716,4791,1774,4758,4885,19",499,0,Action Roguelike;Roguelike
2345170,Rise Again,"Nov 6, 2025",2025-11-06,2025,95,24,"42804,3959,1646,1742,4026,19,1716",1799,0,Action Roguelike;Roguelike;Roguelite
2375570,Champion's Chalice,"Feb 2, 2024",2024-02-02,2024,70,24,"1084988,9,791774,3871,1677,1666,3959",999,0,Roguelike;Roguelite
2566140,Mythic Trials,"Sep 5, 2024",2024-09-05,2024,83,24,"1646,6730,1775,4182,3859,3878,6426",0,,Action Roguelike
2739800,Tribe Nation,"Jan 15, 2025",2025-01-15,2025,79,24,"9,1676,1717,1678,3959,3987,4182",999,0,Roguelite
2853180,Seal the Rift,"Dec 13, 2024",2024-12-13,2024,66,24,"9,4026,1666,1716,1741,791774,3959",1399,0,Roguelike;Roguelike Deckbuilder;Roguelite
2961480,Duelite,"Nov 1, 2024",2024-11-01,2024,83,24,"3959,32322,1666,791774,1647,4182,4325",699,0,Roguelike;Roguelite
3008800,Seconds Till Destruction,"Jul 14, 2025",2025-07-14,2025,100,24,"4255,4637,1774,1716,3871,4791,7481",499,0,Roguelike
3060970,Gwihyang : Homecoming,"Sep 15, 2024",2024-09-15,2024,50,24,"21,1716,198631,4191,4175,1667,4064",499,0,Roguelike
3073480,Arcane Path,"Oct 8, 2025",2025-10-08,2025,79,24,"1091588,1716,32322,1666,791774,1677,1684",999,0,Roguelike;Roguelike Deckbuilder;Roguelite
3490820,Meme Survivors: Backrooms,"May 7, 2025",2025-05-07,2025,95,24,"42804,4885,3959,1773,597,1662,3964",99,0,Action Roguelike;Roguelike;Roguelite
3658670,Palette: Cards & Chaos,"Aug 28, 2025",2025-08-28,2025,95,24,"42804,4885,4026,1716,1091588,3871,4758",299,0,Action Roguelike;Roguelike;Roguelike Deckbuilder
3899040,ShaQu,"Aug 18, 2025",2025-08-18,2025,66,24,"19,597,42804,4791,1684,3993,4182",0,,Action Roguelike
1440150,Pixel Survivor - Pixel Up!,"May 18, 2023",2023-05-18,2023,80,25,"19,42804,4885,3964,3959,1716,1714",99,0,Action Roguelike;Roguelike;Roguelite
1464170,Touhou Eternal Spell Cards,"Apr 8, 2024",2024-04-08,2024,72,25,"7208,4885,597,1774,3959,492,599",499,0,Action Roguelike;Roguelite
1604210,Grid Slayer,"Feb 2, 2022",2022-02-02,2022,88,25,"791774,7569,17389,1666,1091588,1759,1741",1199,0,Roguelike Deckbuilder
1679360,CTRL Phreak,"Mar 11, 2024",2024-03-11,2024,100,25,"5502,599,597,1719,4166,1674,4004",499,0,Action Roguelike;Roguelite
1935100,Nightfall Comes,"Sep 9, 2024",2024-09-09,2024,68,25,"19,4182,42804,3959,4155,4231,1646",1099,0,Action Roguelike;Roguelite
2001460,国際指定怪異123号 廃村,"Jul 25, 2022",2022-07-25,2022,92,25,"19,1716,3959,4191,1667,4182,5125",699,0,Roguelike;Roguelite
2107040,Rumple Town,"Jul 6, 2023",2023-07-06,2023,100,25,"21,9,1666,1716,791774,3959,4195",299,0,Roguelike;Roguelite
2109700,Temple of Horror,"Oct 26, 2022",2022-10-26,2022,88,25,"19,1667,1687,3834,3978,21,5716",999,0,Roguelike
2256260,Ends,"May 9, 2023",2023-05-09,2023,80,25,"3978,4845,3834,5900,10383,3839,4191",299,0,Roguelike
2336160,bugTDX,"Jun 15, 2023",2023-06-15,2023,92,25,"42804,1084988,1645,19,597,1716,3871",299,0,Action Roguelike;Roguelike
2354560,ClickeRogue,"Jan 29, 2024",2024-01-29,2024,76,25,"1716,122,1720,4231,21,3871,4791",299,0,Roguelike
2360290,Dungeon and Craft,"Aug 28, 2023",2023-08-28,2023,92,25,"42804,4885,3964,492,3959,3871,597",699,0,Action Roguelike;Roguelite
2369880,Dungeon Survival,"Aug 16, 2023",2023-08-16,2023,68,25,"21,122,1741,17305,1716,3959,3871",399,0,Roguelike;Roguelite
2426640,Kobold Castle,"Sep 4, 2023",2023-09-04,2023,96,25,"19,4004,3871,4195,1684,3959,3964",699,0,Roguelite
2442260,Deal With Nyarlathotep,"Jan 26, 2024",2024-01-26,2024,80,25,"21,19,42804,4106,791774,13070,3959",99,0,Action Roguelike;Roguelite
2629280,Dread Protocol,"Oct 28, 2025",2025-10-28,2025,80,25,"493,42804,3814,4182,353880,1759,3959",799,0,Action Roguelike;Roguelite
2656350,Untitled Rougelike Arcade Game,"Jul 7, 2024",2024-07-07,2024,96,25,"599,597,1716,492,3877,4975,4342",0,,Roguelike
2689870,Rekindling The Flame,"Dec 10, 2023",2023-12-10,2023,72,25,"4231,19,1646,3959,4158,4182,3834",0,,Roguelite
2697390,Homebrew32,"Jan 16, 2024",2024-01-16,2024,96,25,"3959,4637,3871,3964,4305,13276,11104",499,0,Action Roguelike;Roguelike;Roguelite
2933930,Tetra Dungeon,"Dec 19, 2024",2024-12-19,2024,88,25,"9,122,17305,1716,1720,4252,4236",499,0,Roguelike;Roguelite;Traditional Roguelike
3016690,JACKPOISON,"Oct 3, 2024",2024-10-03,2024,44,25,"122,599,1773,1716,5379,791774,14139",899,0,Roguelike
3063070,Magical Animal Farm,"Jun 13, 2025",2025-06-13,2025,68,25,"122,42804,19,597,3959,6730,3871",0,,Action Roguelike;Roguelite
3166200,Across the Abyss: Voidborn,"Oct 28, 2024",2024-10-28,2024,72,25,"1646,4231,1662,4026,3959,3942,42804",299,0,Action Roguelike;Roguelite
3389700,Spell Wizard,"Jul 15, 2025",2025-07-15,2025,84,25,"1674,3959,71389,4057,3964,492,1684",299,0,Action Roguelike;Roguelite
3430570,Survive till 100 years old,"Jan 28, 2025",2025-01-28,2025,72,25,"597,9,1665,4094,3959,1654,552282",199,0,Roguelite
3435920,Echoes of Forgotten Dreams,"Aug 8, 2025",2025-08-08,2025,100,25,"3834,3959,1664,4231,4106,122,3871",499,0,Action Roguelike;Roguelike;Roguelite
3631830,Dice To Pay,"Jun 23, 2025",2025-06-23,2025,100,25,"791774,1677,1091588,1666,1716,1741,4325",299,0,Roguelike;Roguelike Deckbuilder
3823430,Midnight Study,"Nov 13, 2025",2025-11-13,2025,88,25,"1684,492,7208,4325,6730,1759,597",999,0,Roguelike;Roguelike Deckbuilder;Roguelite
1318820,Cyberpulse,"May 21, 2024",2024-05-21,2024,96,26,"4758,5547,42804,7368,3968,4255,4885",1499,0,Action Roguelike
1650200,Scholar of the Arcane Arts,"Mar 11, 2025",2025-03-11,2025,84,26,"4231,42804,5125,4057,3964,493,3959",399,0,Action Roguelike;Roguelike;Roguelite
1673940,BITGUN,"Apr 29, 2022",2022-04-29,2022,69,26,"4345,4637,19,4026,3959,1659,7208",999,0,Action Roguelike;Roguelite
1813370,To Carry a Sword,"Feb 14, 2022",2022-02-14,2022,88,26,"122,4486,11014,5125,1742,3959,4166",0,,Roguelite
1908500,RUNES Magica,"Jun 28, 2023",2023-06-28,2023,50,26,"19,4736,42804,5379,3964,492,1684",1599,0,Action Roguelike
1969430,Desert Revenant,"Sep 22, 2022",2022-09-22,2022,76,26,"493,122,4711,1666,1716,1684,1742",1499,0,Roguelike
2100810,cheesequest,"Aug 16, 2022",2022-08-16,2022,84,26,"9,1666,791774,3959,3871,4094,3964",299,0,Roguelite
2175450,Rhythm Stones,"Oct 25, 2022",2022-10-25,2022,76,26,"492,1752,4191,4026,8253,1621,8666",899,0,Roguelike;Roguelite
2188790,Unknown Pyramid,"Feb 21, 2023",2023-02-21,2023,96,26,"1716,1667,1687,19,4182,3959,42804",499,0,Action Roguelike;Roguelike;Roguelite
2316700,Cursed Halls,"Nov 10, 2024",2024-11-10,2024,92,26,"1667,3834,1716,1759,1687,198631,4026",699,0,Roguelike
2365860,The Pair Annihilation,"Jan 30, 2024",2024-01-30,2024,96,26,"1755,1716,1741,122,7569,492,14139",399,0,Roguelike;Roguelite
2395360,Slime Knight,"May 5, 2023",2023-05-05,2023,84,26,"19,21,4106,1773,4158,1716,42804",0,,Action Roguelike;Roguelike;Roguelite
2416290,PLONG,"Aug 3, 2023",2023-08-03,2023,100,26,"19,42804,3959,1773,3871,6426,4004",499,0,Action Roguelike;Roguelite
2541990,Dash x Survivors,"May 13, 2024",2024-05-13,2024,88,26,"42804,3959,492,1646,1714,3993,4191",599,0,Action Roguelike;Roguelike;Roguelite
2554690,Too Shroom!,"Jul 31, 2024",2024-07-31,2024,92,26,"42804,1646,492,4191,597,3959,19",0,,Action Roguelike;Roguelite
2621160,Battle Wizard Attack,"Aug 30, 2024",2024-08-30,2024,73,26,"4231,3964,1646,122,4057,19,1684",999,0,Roguelite
2687110,开局抽取超级天赋,"Feb 16, 2024",2024-02-16,2024,38,26,"21,122,4182,42804,4325,7743,6691",0,,Action Roguelike
2795230,ODDRooM,"May 20, 2025",2025-05-20,2025,96,26,"5796,1023537,4026,4305,4255,1663,19",1499,0,Roguelite
2834520,Typing Tales,"Dec 3, 2025",2025-12-03,2025,65,26,"42804,19,597,1674,71389,31275,1662",0,,Action Roguelike;Roguelike
2849070,Soulkin,"Apr 4, 2025",2025-04-04,2025,88,26,"1741,916648,3959,4026,4711,7208,1716",999,0,Roguelike;Roguelite
3007290,Smol Survivors,"Jan 29, 2025",2025-01-29,2025,96,26,"42804,4885,4637,4231,1773,1716,122",399,0,Action Roguelike;Roguelike
3068380,Carnival Of Souls,"Jan 10, 2025",2025-01-10,2025,76,26,"19,1774,1663,3959,4191,3839,4252",999,0,Roguelite
3173250,SKYGUARD,"Jun 18, 2025",2025-06-18,2025,69,26,"19,3814,4191,1625,1777,6730,3959",0,,Roguelite
3174160,Paws and Whiskers,"Mar 7, 2025",2025-03-07,2025,76,26,"9,122,32322,3834,916648,14139,4106",899,0,Roguelike;Roguelite
3229860,Last Spirit Origin,"Feb 14, 2025",2025-02-14,2025,61,26,"42804,4637,492,19,3843,6730,1774",0,,Action Roguelike;Roguelike
3278480,What a Shitty Job,"Jul 14, 2025",2025-07-14,2025,84,26,"42804,4885,3959,3871,4791,4726,4136",899,0,Action Roguelike;Roguelite
3333460,No Space For All,"Nov 24, 2024",2024-11-24,2024,100,26,"42804,4255,4637,4758,4885,3959,1759",499,0,Action Roguelike;Roguelike;Roguelite
3698060,Acki Nacki - Popit Game,"Jun 7, 2025",2025-06-07,2025,73,26,"493,1666,1091588,1716,32322,9,4182",0,,Roguelike;Roguelike Deckbuilder;Roguelite
3944070,Blunderworld,"Oct 23, 2025",2025-10-23,2025,88,26,"9,597,1716,3959,32322,1741,3859",999,0,Roguelike;Roguelite
1183010,Listeria Wars,"Dec 8, 2022",2022-12-08,2022,96,27,"492,9,4182,1645,1676,3798,3871",590,0,Action Roguelike;Roguelite
2076810,Further Still: Survivors,"Sep 19, 2022",2022-09-19,2022,81,27,"42804,19,3959,4885,4791,3964,4604",399,0,Action Roguelike;Roguelike;Roguelite
2124480,Respark,"Dec 19, 2025",2025-12-19,2025,96,27,"3959,42804,5379,1625,5125,1646,1774",1999,0,Action Roguelike;Roguelite
2152780,Impeachment Survivors,"Jun 22, 2023",2023-06-22,2023,100,27,"42804,10397,3959,3964,1759,4885,1719",299,0,Action Roguelike;Roguelite
2346160,GachaHell,"Apr 7, 2023",2023-04-07,2023,96,27,"19,597,1773,42804,4975,4085,4845",499,0,Action Roguelike
2553160,只管战斗 Unorthodox game,"Sep 9, 2023",2023-09-09,2023,74,27,"4885,353880,3959,1716,3964,4305,4136",499,0,Roguelike;Roguelite
2664720,ASTROSWARM,"Apr 29, 2024",2024-04-29,2024,92,27,"42804,5547,1023537,1663,3959,1645,1774",699,0,Action Roguelike;Roguelite
2730680,Learn Japanese: Yuke and the Book of Yokai,"Feb 25, 2025",2025-02-25,2025,85,27,"492,21635,1091588,42804,9,32322,1666",1399,0,Action Roguelike;Roguelike;Roguelike Deckbuilder
2901040,Ivorfall,"Apr 24, 2024",2024-04-24,2024,96,27,"19,4182,4758,42804,1777,1774,3993",0,,Action Roguelike
2987110,Necromancer For A Week,"Aug 14, 2025",2025-08-14,2025,96,27,"1091588,4711,1716,32322,9,916648,4325",799,0,Roguelike;Roguelike Deckbuilder
3308190,Ringer,"Mar 10, 2025",2025-03-10,2025,81,27,"32322,1716,9,3968,1759,4305,597",999,0,Roguelike;Roguelike Deckbuilder
3449900,Slime Squisher,"Apr 9, 2025",2025-04-09,2025,77,27,"42804,4885,1773,3959,1645,597,19",499,0,Action Roguelike;Roguelite
1999470,THE LAST HUMAN IS A BIKER,"May 4, 2023",2023-05-04,2023,78,28,"4255,4885,3798,492,19,21,597",199,0,Action Roguelike;Roguelite
2098560,YouTuber Survivors,"Feb 4, 2024",2024-02-04,2024,96,28,"4158,42804,1742,10397,3871,6915,492",599,0,Action Roguelike;Roguelike;Roguelite
2150910,Spellcats: Auto Card Tactics,"May 17, 2024",2024-05-17,2024,57,28,"1091588,32322,1666,4182,1084988,1677,791774",999,0,Roguelike;Roguelike Deckbuilder;Roguelite
2205260,Godfist,"Apr 10, 2023",2023-04-10,2023,85,28,"19,42804,1646,3959,6915,16094,4604",399,0,Action Roguelike;Roguelike Deckbuilder;Roguelite
2331710,Sky Survivors,"Nov 28, 2023",2023-11-28,2023,85,28,"19,3871,42804,6815,1716,3959,5547",499,0,Action Roguelike;Roguelike;Roguelite
2378120,咸鱼修仙指南,"Jun 6, 2023",2023-06-06,2023,67,28,"493,21,19,122,4106,42804,4231",1799,0,Action Roguelike
2404070,Death's Toll,"Feb 1, 2024",2024-02-01,2024,82,28,"4136,42804,3834,3959,3964,4026,6730",999,0,Action Roguelike;Roguelite
2449080,Dungeon No Dungeon: Tyrant's Endgame,"Feb 22, 2024",2024-02-22,2024,92,28,"9,1084988,1665,32322,3959,1716,492",299,0,Roguelike;Roguelite
2599700,Algor PEW PEW,"Sep 25, 2024",2024-09-25,2024,85,28,"19,42804,597,3959,3871,4726,4791",1099,0,Action Roguelike;Roguelite
2691050,Neongarten - Prologue,"Sep 25, 2024",2024-09-25,2024,82,28,"4115,4328,4094,97376,3959,9,5030",0,,Roguelite
2746220,Popmoji,"Jan 8, 2024",2024-01-08,2024,96,28,"1664,1716,597,4726,3871,492,1654",299,0,Roguelike
2992190,Blue Hunter,"Feb 18, 2025",2025-02-18,2025,85,28,"1091588,1666,791774,1716,32322,1677,9",1499,0,Roguelike;Roguelike Deckbuilder;Roguelite
3073820,Curse Rounds,"Feb 7, 2025",2025-02-07,2025,92,28,"1759,42804,1716,19,4026,5125,492",399,0,Action Roguelike;Roguelike;Roguelite;Traditional Roguelike
3149430,Poker Train,"Dec 12, 2024",2024-12-12,2024,39,28,"6835,16250,492,597,1666,3959,560542",0,,Roguelite
3366070,Champi,"Jan 3, 2025",2025-01-03,2025,89,28,"9,1645,4182,3959,4791,6730,493",0,,Roguelite
3432800,Slingbot Survivors,"Oct 20, 2025",2025-10-20,2025,96,28,"42804,3959,4885,723991,492,19,1716",599,0,Action Roguelike;Roguelike;Roguelite
3566580,Legendary Heroes Survivors,"Apr 2, 2025",2025-04-02,2025,85,28,"1716,42804,122,4158,21,3871,4057",299,0,Action Roguelike;Roguelike
3596100,Dungeon Destroyer,"Aug 25, 2025",2025-08-25,2025,100,28,"9,1664,1716,1720,122,597,492",499,0,Roguelike;Roguelite
3616450,Paws Against the World,"Aug 22, 2025",2025-08-22,2025,78,28,"1685,4637,3959,1774,4726,597,7481",699,0,Roguelite
1266060,Lethal Honor - Order of the Apocalypse,"Oct 7, 2025",2025-10-07,2025,96,29,"42804,3834,1646,1720,3959,4026,4106",2499,0,Action Roguelike;Roguelike;Roguelite
1274230,Legend of Kendor,"Dec 1, 2022",2022-12-01,2022,75,29,"19,1716,42804,5125,21,492,4791",999,0,Action Roguelike;Roguelike
1832240,The Feathered Serpent,"Jun 11, 2024",2024-06-11,2024,96,29,"19,3959,21,5379,5125,42804,3964",999,0,Action Roguelike;Roguelite
2010390,Bug Butcher,"Jun 25, 2022",2022-06-25,2022,72,29,"42804,14139,4637,4255,19,3942,3964",499,0,Action Roguelike
2107810,Marine Survivors,"Aug 26, 2022",2022-08-26,2022,44,29,"42804,3964,4885,3871,597,19,3959",99,0,Action Roguelike;Roguelike;Roguelite
2437080,Stardust Defenders,"Jun 16, 2023",2023-06-16,2023,86,29,"9,1645,19,4885,3959,597,3813",499,0,Action Roguelike;Roguelite
2442960,三界,"Jul 29, 2023",2023-07-29,2023,58,29,"122,5395,3959,1754,21,128,4191",0,,Roguelite
2443160,Rat Catcher,"Jul 24, 2023",2023-07-24,2023,96,29,"1667,1687,916648,3964,3978,1720,4172",99,0,Roguelike
2481920,Lifeforms: Binary Fission,"Jul 3, 2024",2024-07-03,2024,65,29,"42804,19,599,3959,9,3810,492",999,0,Action Roguelike;Roguelike;Roguelite
2482130,Final Resistance,"Nov 29, 2023",2023-11-29,2023,89,29,"9,492,1677,1645,3959,597,3813",399,0,Roguelike;Roguelite
2597710,Rusty Ride,"Sep 28, 2023",2023-09-28,2023,79,29,"19,11104,42804,3871,21,6730,1625",0,,Action Roguelike;Roguelike
2669440,元卡牌2 - MetaCard2,"Aug 9, 2024",2024-08-09,2024,96,29,"32322,9,3959,1645,1084988,122,1666",699,0,Action Roguelike;Roguelike;Roguelite
3017170,Luck Auto Chess,"Nov 12, 2024",2024-11-12,2024,72,29,"1084988,32322,1716,791774,9,597,3871",1399,0,Roguelike
3069320,Chimera,"Aug 8, 2024",2024-08-08,2024,79,29,"42804,1720,19,3959,6730,1716,4191",0,,Action Roguelike;Roguelike;Roguelite
3167520,Bricks Survivors,"Jan 3, 2025",2025-01-03,2025,96,29,"3959,1773,492,3871,4004,3964,19",499,0,Roguelike;Roguelite
3424020,Letterlike,"May 1, 2025",2025-05-01,2025,93,29,"9,1716,24003,3959,4094,1664,71389",799,0,Roguelike;Roguelite
3639280,MASTERMIND,"Apr 23, 2025",2025-04-23,2025,86,29,"19,1774,1663,3959,113,4191,1659",0,,Roguelite
3862650,Stonehold,"Jul 30, 2025",2025-07-30,2025,68,29,"9,597,1645,1676,1084988,1716,3959",0,,Roguelike;Roguelite
3887360,Patterns Of The Oak,"Dec 3, 2025",2025-12-03,2025,96,29,"791774,1666,1716,9,4975,32322,4325",399,0,Roguelike;Roguelike Deckbuilder
4001380,Word Quest,"Oct 22, 2025",2025-10-22,2025,93,29,"597,1674,3993,4975,3964,1684,4172",0,,Roguelike
1094590,Helvetii,"Feb 3, 2023",2023-02-03,2023,93,30,"19,492,21,3798,3871,4182,3955",1499,0,Action Roguelike;Roguelite
1380520,Racing Outlaws,"Jan 23, 2022",2022-01-23,2022,73,30,"19,699,21,1773,5395,42804,4191",99,0,Action Roguelike
1538640,Void -Dementia-,"Jul 13, 2022",2022-07-13,2022,60,30,"19,4026,29482,4562,6730,4191,1697",1499,0,Action Roguelike
1711740,Cheftastic!: Buffet Blast,"Feb 3, 2022",2022-02-03,2022,93,30,"597,19,4758,1774,4791,492,5652",0,,Roguelite
2056110,不思議の大冒険 チルノ見参!,"Dec 26, 2022",2022-12-26,2022,90,30,"198631,3964,122,4182,1684,21,3871",0,,Roguelike;Traditional Roguelike
2086910,Verses of Enchantment,"Aug 1, 2023",2023-08-01,2023,76,30,"791774,1666,32322,1716,122,9,3871",1999,0,Roguelike
2158130,Deadly Harvest,"Oct 24, 2022",2022-10-24,2022,96,30,"19,597,122,3964,4255,4182,42804",199,0,Action Roguelike;Roguelite
2412280,Valiant Tactics,"Aug 4, 2025",2025-08-04,2025,70,30,"21725,14139,3959,4711,4325,1741,17305",1499,0,Roguelike;Roguelite
2452350,Hamboy : AutoChess Survivor,"Jul 27, 2023",2023-07-27,2023,73,30,"19,597,9,42804,4885,1646,3959",399,0,Action Roguelike;Roguelite
2540810,Nyran Survivors,"Jan 12, 2024",2024-01-12,2024,86,30,"42804,19,1646,1716,4191,4791,492",699,0,Action Roguelike;Roguelike
2597020,Coreless,"Jul 10, 2025",2025-07-10,2025,80,30,"493,42804,723991,3959,4236,4231,1646",799,0,Action Roguelike;Roguelike;Roguelite
2971360,Metal Queen Dungeon,"Jul 15, 2024",2024-07-15,2024,86,30,"1091588,1666,791774,1716,9,32322,1084988",499,0,Roguelike;Roguelike Deckbuilder
3075740,Oracle 5000,"Jul 14, 2025",2025-07-14,2025,63,30,"597,9,1666,1716,791774,13070,3959",1099,0,Roguelike;Roguelite
3889950,Neuter Master,"Nov 8, 2025",2025-11-08,2025,93,30,"9,12472,1091588,32322,8945,3959,1716",399,0,Roguelike;Roguelike Deckbuilder;Roguelite
1239950,Astronaut: The Best,"Aug 15, 2023",2023-08-15,2023,90,31,"11014,1742,5923,4486,8945,3959,3799",1499,0,Roguelike;Roguelite
1668620,Castles on Clouds,"Aug 25, 2024",2024-08-25,2024,100,31,"1645,3959,1716,9,7332,32322,4191",299,0,Roguelike;Roguelite
1704120,IT Startup: Tech Fodder,"Nov 20, 2024",2024-11-20,2024,96,31,"1091588,1666,32322,791774,3959,4711,1677",999,0,Roguelike;Roguelike Deckbuilder;Roguelite
1844150,Panzer Girls,"Jun 4, 2022",2022-06-04,2022,54,31,"1662,19,4637,7208,11104,1774,4182",0,,Roguelike
1925860,Seonbi : Scholar of Joseon,"Aug 20, 2023",2023-08-20,2023,74,31,"19,21,1716,42804,3871,492,3964",699,0,Action Roguelike;Roguelike
2202770,Pizza Hero,"Jun 27, 2024",2024-06-27,2024,96,31,"19,597,1716,42804,5547,3964,3871",199,0,Action Roguelike;Roguelike
2225870,Before The Dawn,"Apr 17, 2024",2024-04-17,2024,93,31,"1716,3959,42804,3993,4637,1774,1659",499,0,Action Roguelike;Roguelike;Roguelite
2261750,Towers Deck,"Feb 1, 2023",2023-02-01,2023,70,31,"1645,5851,4094,1091588,9,5125,1666",999,0,Roguelike;Roguelike Deckbuilder;Roguelite
2614790,GunDeck[100],"Oct 15, 2023",2023-10-15,2023,93,31,"4885,4758,4637,3871,3959,1773,1759",499,0,Action Roguelike;Roguelite
2644230,Critter Crossfire,"Jul 10, 2025",2025-07-10,2025,90,31,"21725,14139,3959,1741,17305,1775,1716",1499,0,Roguelike;Roguelite
2908120,One Boss One Fight,"Nov 28, 2024",2024-11-28,2024,80,31,"42804,3959,492,19,1716,4182,4026",999,0,Action Roguelike;Roguelike;Roguelite
3144770,Ooze Keeper,"Nov 25, 2024",2024-11-25,2024,87,31,"916648,9,3959,22602,597,255534,1643",699,0,Roguelike;Roguelite
3157680,Card of Legend,"Apr 23, 2025",2025-04-23,2025,54,31,"9,1666,1716,791774,9271,32322,1091588",699,0,Roguelike;Roguelike Deckbuilder;Roguelite
3589350,Hayo and the Emporium,"Oct 24, 2025",2025-10-24,2025,87,31,"9,597,32322,3959,4085,1716,4726",999,0,Roguelike;Roguelite
1354990,Dungeons of Voidria,"Jul 28, 2022",2022-07-28,2022,93,32,"9,1716,1741,1720,198631,3959,3871",1299,0,Roguelike;Roguelite
1755740,侵入：源代码,"Apr 28, 2022",2022-04-28,2022,71,32,"7208,19,3964,4115,492,42804,4975",199,0,Action Roguelike;Roguelike;Roguelite
1833680,BeatRider,"Oct 22, 2024",2024-10-22,2024,53,32,"4726,7208,3959,4136,597,4085,1751",1199,0,Roguelike;Roguelite
1943740,Arrival of Beasts,"Nov 26, 2023",2023-11-26,2023,93,32,"9,1645,492,3959,3871,1676,4004",1299,0,Roguelite
2194820,Koboo: The Tree Spirit - Prologue,"Jun 25, 2024",2024-06-25,2024,90,32,"42804,29482,1646,5379,3959,15564,1716",0,,Action Roguelike;Roguelike;Roguelite
2507870,Mahjick - The Realm Taker,"Sep 19, 2023",2023-09-19,2023,87,32,"33572,4182,21,597,9,492,1741",1199,0,Roguelike
2539180,Mayhem Survivors: Animals,"Apr 8, 2024",2024-04-08,2024,84,32,"42804,4885,3964,1716,3959,4791,1759",0,,Action Roguelike;Roguelike;Roguelite
2549160,Core Trials,"Aug 27, 2025",2025-08-27,2025,75,32,"42804,4885,3964,1716,4182,4026,492",799,0,Action Roguelike;Roguelike
2596530,The Colony 2044,"Mar 10, 2025",2025-03-10,2025,59,32,"493,1659,7332,3993,492,220585,19",999,0,Roguelike
2725860,Starstrike,"Sep 23, 2025",2025-09-23,2025,90,32,"19,42804,3959,1774,4191,3942,1755",1299,0,Action Roguelike;Roguelite
2839290,Enter The Lost Chamber,"Apr 16, 2024",2024-04-16,2024,96,32,"42804,4885,19,4637,3871,3964,1716",0,,Action Roguelike;Roguelike
3183500,Epoch of Guardians,"Jan 16, 2025",2025-01-16,2025,81,32,"9,1717,3987,14139,26921,3959,5300",1199,0,Roguelite
3782480,Balaball,"Nov 30, 2025",2025-11-30,2025,96,32,"597,32322,1716,3959,599,6621,9",599,0,Roguelike;Roguelite
1836880,Yumeiri,"Mar 1, 2022",2022-03-01,2022,93,33,"1742,5608,15277,6815,122,4947,31275",499,0,Roguelike
1856970,Captain CigArrr,"Mar 4, 2022",2022-03-04,2022,100,33,"19,42804,4191,6910,13577,11104,6730",0,,Action Roguelike
1880160,元卡牌MetaCard,"Dec 3, 2023",2023-12-03,2023,75,33,"1091588,32322,1666,3959,1716,9271,4325",599,0,Roguelike;Roguelike Deckbuilder;Roguelite
2128810,Dinosaurs Dominion,"Jul 22, 2025",2025-07-22,2025,66,33,"21,122,19,599,492,5160,30358",999,0,Roguelite
2213990,My Last 20,"Jun 19, 2025",2025-06-19,2025,93,33,"1773,597,4885,4305,3964,4004,4252",0,,Roguelike
2240200,Final Fort,"Feb 21, 2023",2023-02-21,2023,78,33,"9,1676,1645,1716,3813,4255,1100686",399,0,Roguelike
2286110,Hyper Pop,"Feb 27, 2023",2023-02-27,2023,66,33,"19,122,42804,4885,3959,3871,4562",0,,Action Roguelike;Roguelike;Roguelite
2761340,Beats of Betrayal,"Aug 13, 2024",2024-08-13,2024,100,33,"493,1752,42804,4885,4026,5125,492",1199,0,Action Roguelike;Roguelike;Roguelite
2873800,Monster Battle,"Jun 14, 2024",2024-06-14,2024,84,33,"9,122,42804,597,5379,3871,4562",499,0,Action Roguelike
3052700,Records of the Flycatcher,"Oct 17, 2024",2024-10-17,2024,90,33,"1742,1678,4085,1716,7208,1662,4486",0,,Roguelike
3094740,Second Rate Superheroes,"Aug 25, 2024",2024-08-25,2024,75,33,"42804,4026,1645,1671,1716,6730,19995",499,0,Action Roguelike;Roguelike;Roguelite
3343940,Spin Forward,"Jul 15, 2025",2025-07-15,2025,78,33,"1091588,32322,1759,4711,1716,615955,791774",399,0,Roguelike;Roguelike Deckbuilder;Roguelite
3470340,RogueCraft,"Jul 22, 2025",2025-07-22,2025,81,33,"9,1645,1716,3959,42804,1684,1708",999,0,Action Roguelike;Roguelike;Roguelite
3992020,Battle Of The Abyss,"Nov 23, 2025",2025-11-23,2025,93,33,"1084988,9,7432,1666,454187,17389,1716",499,0,Roguelike;Traditional Roguelike
4029300,Loot of Idle,"Nov 24, 2025",2025-11-24,2025,48,33,"6129,9,4364,3964,3871,597,1698",199,0,Roguelite
1419070,Mython Island,"May 12, 2022",2022-05-12,2022,73,34,"916648,122,4325,10695,4434,4252,4182",999,0,Roguelite
1625340,United Assault - Battle of the Bulge,"Aug 18, 2022",2022-08-18,2022,44,34,"19,42804,1774,1663,4191,3839,4175",1499,0,Action Roguelike
1632140,Girl Agent,"Mar 28, 2022",2022-03-28,2022,85,34,"4637,7208,4255,1774,19,5752,96359",299,0,Action Roguelike;Roguelike;Roguelite
1936990,FROGUE,"Feb 14, 2024",2024-02-14,2024,91,34,"1716,4325,4885,1646,1628,42804,5379",1199,0,Action Roguelike;Roguelike;Roguelite
2116770,Armoured Cavalry: Operation Varkiri,"Jan 11, 2023",2023-01-11,2023,70,34,"19,4821,42804,5851,4182,1678,3942",599,0,Action Roguelike;Roguelike
2145190,ENERGY SURVIVORS,"Apr 17, 2023",2023-04-17,2023,82,34,"19,42804,4885,3959,493,4026,1716",299,0,Action Roguelike;Roguelike;Roguelite
2213430,Barold: Inferno,"Mar 22, 2024",2024-03-22,2024,100,34,"1716,5125,1702,21,1684,4182,19",799,0,Action Roguelike;Roguelike
2348280,Whispike Survivors - Sword of the Necromancer,"Jul 20, 2023",2023-07-20,2023,67,34,"19,597,122,42804,4885,3959,1662",299,0,Action Roguelike;Roguelite
2526010,Star Legacy VR,"Aug 22, 2023",2023-08-22,2023,85,34,"21978,42804,1774,5547,1716,1663,4255",0,,Action Roguelike;Roguelike;Roguelite
2686360,Oh Darling! I Hate To Tell You This...,"Nov 28, 2023",2023-11-28,2023,73,34,"42804,1646,4885,19,4637,4255,1773",0,,Action Roguelike;Roguelike
3088040,多元守卫者 Diverse Defenders,"Dec 24, 2024",2024-12-24,2024,97,34,"9,1084988,5379,3959,3871,1684,4057",499,0,Roguelite
3092540,Plumber Survivors: Prologue,"Aug 5, 2024",2024-08-05,2024,88,34,"42804,597,4885,19,3959,1773,4191",0,,Action Roguelike;Roguelite
3095890,Mechanines Tower Defense,"Oct 4, 2024",2024-10-04,2024,94,34,"1645,3959,9,1637,5125,3964,1716",699,0,Roguelike;Roguelite
3152460,Curtain Call: Chronicles of Heroes,"Jun 13, 2025",2025-06-13,2025,67,34,"9271,1084988,1666,1716,3959,791774,32322",599,0,Roguelike;Roguelite
3218150,XENO WIPEOUT!,"Oct 4, 2024",2024-10-04,2024,79,34,"5030,19,4004,4145,1646,42804,6702",999,0,Action Roguelike
3530490,Fadedlands: The Reckless Squad,"Aug 15, 2025",2025-08-15,2025,97,34,"9,1091588,122,1741,3959,4325,1676",599,0,Roguelike;Roguelike Deckbuilder;Roguelite
3853330,LexiRogue,"Nov 17, 2025",2025-11-17,2025,82,34,"597,71389,1716,8013,7926,3871,5673",699,0,Roguelike
3887070,Defend the Castle,"Nov 25, 2025",2025-11-25,2025,73,34,"21725,9,1645,6730,1716,19,122",0,,Roguelike
718190,Koboo: The Tree Spirit,"Aug 26, 2024",2024-08-26,2024,82,35,"42804,1646,15564,29482,5379,3959,1759",1499,0,Action Roguelike;Roguelike;Roguelite
1419510,ULTRA LMAD,"Jan 20, 2023",2023-01-20,2023,80,35,"1091588,791774,4325,4026,122,1666,1716",0,,Roguelike;Roguelike Deckbuilder;Roguelite
1828700,Celestial Project,"Jun 21, 2022",2022-06-21,2022,71,35,"9,4325,3959,3942,4085,4821,1716",999,0,Roguelike;Roguelite
1892750,Regulators,"May 21, 2025",2025-05-21,2025,100,35,"19,4106,3993,4791,42804,5125,4637",1499,0,Action Roguelike;Roguelike;Roguelite
1948290,Before The Last Hour,"May 16, 2022",2022-05-16,2022,65,35,"492,122,1716,9,791774,6815,32322",2499,0,Roguelike
2055270,Tile Tale,"Jun 18, 2022",2022-06-18,2022,62,35,"9,1773,4328,5300,1664,3959,1665",499,0,Roguelike;Roguelite
2097620,Dream Knight,"Nov 14, 2023",2023-11-14,2023,65,35,"21,19,1773,492,122,3871,1646",199,0,Action Roguelike
2259340,Don't Wake God,"Feb 21, 2023",2023-02-21,2023,85,35,"1716,1687,1710,4711,3871,1721,5652",0,,Roguelike;Roguelite
2281300,沃瑞尔：荒境,"Feb 14, 2023",2023-02-14,2023,80,35,"122,42804,14139,597,13382,4191,4046",0,,Action Roguelike
2316950,Monster Battle,"Mar 14, 2023",2023-03-14,2023,71,35,"21,597,9,4106,1666,1716,1741",0,,Roguelike;Roguelite
2397630,Bad Egg,"Dec 6, 2023",2023-12-06,2023,85,35,"42804,4885,3871,4726,4791,4136,1710",399,0,Action Roguelike
2489460,Cropisle TD,"Sep 27, 2023",2023-09-27,2023,82,35,"1645,9,3959,32322,4726,1654,1666",299,0,Roguelike;Roguelite
2527880,Undead West,"Dec 9, 2024",2024-12-09,2024,82,35,"4885,1716,21,42804,3964,19,3959",799,0,Action Roguelike;Roguelike;Roguelite
2837340,Milky Way TD SURVIVORS AUTOBATTLER RTS: Earth,"Mar 22, 2024",2024-03-22,2024,85,35,"1645,1676,7332,8945,12472,1084988,1662",0,,Roguelike
3168820,Coreless: Prologue,"Sep 15, 2024",2024-09-15,2024,82,35,"19,21,122,42804,4231,4106,1716",0,,Action Roguelike;Roguelike
3557270,Little Witch's Carnival,"Oct 22, 2025",2025-10-22,2025,94,35,"42804,19,4885,3959,7208,492,3871",499,0,Action Roguelike;Roguelite
3669450,Pantheion,"Aug 15, 2025",2025-08-15,2025,82,35,"1091588,1666,791774,1716,32322,1677,1664",699,0,Roguelike;Roguelike Deckbuilder;Roguelite
1656310,TETRAGUN,"May 5, 2023",2023-05-05,2023,88,36,"42804,4637,3959,6730,1774,1773,1716",0,,Action Roguelike;Roguelike;Roguelite
2171270,Legend of Feather,"Dec 16, 2022",2022-12-16,2022,75,36,"1716,4885,4726,3959,255534,19,42804",399,0,Action Roguelike;Roguelike;Roguelite
2270120,HiveCorp,"May 7, 2025",2025-05-07,2025,61,36,"4252,3942,42804,4885,3959,492,4004",499,0,Action Roguelike;Roguelike;Roguelite
2358060,Card Artisan,"Sep 8, 2025",2025-09-08,2025,91,36,"791774,1716,32322,1669,4182,5125,1666",1299,0,Roguelike;Roguelike Deckbuilder;Roguelite
2474750,Happy Poker,"Mar 7, 2025",2025-03-07,2025,80,36,"1091588,1666,9,4136,13070,1741,3959",499,0,Roguelike;Roguelike Deckbuilder;Roguelite
2616090,Whacking Hell!,"Jun 12, 2024",2024-06-12,2024,72,36,"19,42804,4885,4637,3871,4562,1667",999,0,Action Roguelike
2744410,Law of Dispute,"Feb 4, 2024",2024-02-04,2024,38,36,"32322,791774,1666,1716,492,4325,1084988",499,0,Roguelike
2817910,The Nightwatch,"Oct 23, 2024",2024-10-23,2024,83,36,"723991,42804,4885,1716,4758,3871,3959",499,0,Action Roguelike;Roguelike;Roguelite
2844450,Operation Marakudja,"Nov 11, 2024",2024-11-11,2024,72,36,"1663,3839,3859,1775,620519,1774,19",0,,Roguelike
2997060,Hunt the Pale Gods,"Mar 5, 2025",2025-03-05,2025,94,36,"32322,791774,3959,122,1666,9,1716",1499,0,Roguelike;Roguelike Deckbuilder;Roguelite
3214070,Fair and Square,"Apr 8, 2025",2025-04-08,2025,83,36,"1716,4255,4885,3843,1625,3871,4004",0,,Action Roguelike;Roguelike
3752220,RiftGuard,"Sep 2, 2025",2025-09-02,2025,91,36,"1716,9,1084988,597,3964,4604,4172",99,0,Roguelike;Roguelite
1156820,Strike & Resist,"Nov 20, 2025",2025-11-20,2025,78,37,"29482,42804,3959,1716,19,4172,122",799,0,Action Roguelike;Roguelike;Roguelite
1885200,Rally: Endless Conquest,"Oct 3, 2024",2024-10-03,2024,94,37,"1666,1684,32322,9,3959,6730,3871",699,0,Roguelike;Roguelite
1888000,Bloody Rampage City,"Feb 24, 2022",2022-02-24,2022,70,37,"4777,14139,4255,4885,1774,4791,1742",499,0,Roguelike
1888450,Shop-Like - The Rogue-Like Item Shop Experience,"May 30, 2023",2023-05-30,2023,75,37,"4845,16689,3959,3810,12472,4695,4202",799,0,Roguelike;Roguelite
1932700,Entomophobia,"May 5, 2024",2024-05-05,2024,81,37,"42804,4885,4255,4637,3959,6730,1773",499,0,Action Roguelike;Roguelike;Roguelite
2451820,Brawl Tactics: Origins,"Oct 31, 2024",2024-10-31,2024,78,37,"4325,9,32322,3959,1666,791774,1716",1399,0,Roguelike;Roguelike Deckbuilder;Roguelite
3139190,Forest Dump: Prologue,"Sep 26, 2024",2024-09-26,2024,89,37,"9,1716,1666,21,32322,3959,507423",0,,Roguelike;Roguelite
3843850,The Black Pool: Arena Survivors,"Oct 21, 2025",2025-10-21,2025,75,37,"19,21,122,42804,1773,1716,1774",0,,Action Roguelike;Roguelike;Roguelite
3964430,Astro Nova,"Nov 6, 2025",2025-11-06,2025,81,37,"597,42804,19,4637,560542,615955,1774",299,0,Action Roguelike
4050920,Moonlight Chess,"Nov 13, 2025",2025-11-13,2025,78,37,"1084988,1645,791774,1716,9,14139,1708",799,0,Roguelike;Roguelite
1370940,NovaMundi,"Oct 12, 2024",2024-10-12,2024,81,38,"21725,4598,3987,5125,1695,3959,1708",1299,0,Roguelite
1811940,Archipelago,"Jan 14, 2022",2022-01-14,2022,73,38,"1645,3959,9,4695,5125,7332,3964",499,0,Roguelike;Roguelite
2161430,FAKE SIGNALS,"May 24, 2023",2023-05-24,2023,63,38,"19,3871,3964,3959,1687,4342,492",999,0,Roguelite
2318630,The Territory of Egg,"Sep 7, 2023",2023-09-07,2023,94,38,"1645,9,1676,3959,4094,5851,597",299,0,Roguelike;Roguelite
2461580,Ruiga Pirates,"May 24, 2024",2024-05-24,2024,57,38,"42804,4885,3964,4255,1646,19,1681",499,0,Action Roguelike
3063190,Traveler Arena,"Nov 14, 2025",2025-11-14,2025,86,38,"19,597,1716,1646,5379,3959,4191",999,0,Roguelike;Roguelite
3354320,Game for Aliens,"Oct 16, 2025",2025-10-16,2025,94,38,"4637,3959,6730,1716,3871,19,597",0,,Roguelike;Roguelite
3686730,涩涩发抖,"Dec 19, 2025",2025-12-19,2025,89,38,"3834,1664,1716,6971,4085,1687,3978",0,,Roguelike
3755570,Terra Pit,"Dec 6, 2025",2025-12-06,2025,84,38,"198631,1720,3959,5981,21006,1716,4191",200,0,Roguelike;Roguelite
3981230,咸鱼侠大战b宫怪,"Sep 26, 2025",2025-09-26,2025,100,38,"21,1716,5379,454187,3798,3871,4562",199,0,Roguelike;Traditional Roguelike
1423670,Autopanic Zero,"Jul 11, 2024",2024-07-11,2024,89,39,"4255,19,42804,4758,4094,4885,4637",0,,Action Roguelike
1579890,Infinite World:Dice Team,"Aug 1, 2024",2024-08-01,2024,74,39,"3959,9,1666,17389,122,1716,3871",399,0,Roguelike;Roguelite
1731410,Monastery,"Sep 14, 2023",2023-09-14,2023,94,39,"21,9,32322,1666,791774,3959,1720",1599,0,Roguelite
2147050,Jumping Cat,"Jan 15, 2023",2023-01-15,2023,69,39,"3877,492,597,5379,4182,1625,17894",299,0,Roguelite
2218980,Sperma,"Dec 15, 2022",2022-12-15,2022,89,39,"1773,597,599,1716,3871,7481,5765",199,0,Roguelike
2522270,Rune Gate,"Jun 6, 2024",2024-06-06,2024,87,39,"1091588,791774,1666,1716,32322,9,3959",999,0,Roguelike;Roguelike Deckbuilder;Roguelite
3156010,Minesweeper & Dungeon RPG - 扫雷与地下城,"Oct 21, 2024",2024-10-21,2024,71,39,"9,597,21,3959,1716,492,4182",299,0,Roguelike;Roguelite
3370500,MINE : FOREVER,"Dec 28, 2024",2024-12-28,2024,53,39,"597,1716,5379,3871,5981,8945,19",299,0,Roguelike
3437060,Black Fairy Tale,"Feb 10, 2025",2025-02-10,2025,87,39,"9,597,1716,1084988,4604,122,1666",199,0,Roguelike;Roguelite
3876470,Deep Line,"Aug 14, 2025",2025-08-14,2025,79,39,"1667,19,1687,21,1662,1721,3978",399,0,Roguelike
1855890,My Hotel,"Nov 15, 2024",2024-11-15,2024,30,40,"4182,9,21,4486,6426,12472,6378",1699,33,Roguelike
2074710,Microbes and Machines,"Sep 3, 2022",2022-09-03,2022,85,40,"19,42804,3871,3959,1716,3964,5125",99,0,Action Roguelike;Roguelike;Roguelite
2361450,Missiles Away,"Dec 4, 2024",2024-12-04,2024,100,40,"5547,19,1663,1734,4026,4255,3942",199,0,Action Roguelike
2370380,异界之门 D-World Gate,"May 10, 2023",2023-05-10,2023,80,40,"42804,3959,3871,3964,19,492,4182",299,0,Action Roguelike;Roguelite
2506450,Guayota,"Aug 13, 2024",2024-08-13,2024,92,40,"5537,1664,4106,4791,4252,3834,7432",1499,0,Action Roguelike
2636910,Moonbase Lambda,"Mar 6, 2025",2025-03-06,2025,92,40,"492,3978,42804,4004,3839,1721,1759",499,0,Action Roguelike;Roguelite
2953030,Princess of Destruction | 滅ぼし姫,"Sep 22, 2024",2024-09-22,2024,95,40,"1716,1759,1677,4182,3959,4711,492",499,0,Roguelike;Roguelite
2981030,OutRoad Fury,"Jun 14, 2024",2024-06-14,2024,85,40,"42804,3959,4158,1646,4231,7208,492",0,,Action Roguelike;Roguelite
3108000,Only Trump: Up To Presidents!,"Oct 18, 2024",2024-10-18,2024,67,40,"21,1773,1625,5395,1697,4036,599",899,0,Roguelike
3214220,Steel Knight's ARMIS,"Oct 7, 2025",2025-10-07,2025,57,40,"4821,5752,19,3942,3993,1774,6730",999,0,Action Roguelike;Roguelike;Roguelite
3574160,Shimagami,"Apr 25, 2025",2025-04-25,2025,57,40,"19,21,4106,4231,42804,4191,4085",499,0,Action Roguelike
3676260,Hordelord,"Aug 18, 2025",2025-08-18,2025,95,40,"1663,19,5547,42804,4885,5154,1774",499,0,Action Roguelike;Roguelite
3874490,Denrei Survivors,"Nov 10, 2025",2025-11-10,2025,95,40,"42804,4885,1773,597,3959,1716,1646",999,0,Action Roguelike;Roguelike;Roguelite
1518690,Nevermore: The Chamber Door,"Jun 14, 2022",2022-06-14,2022,82,41,"29482,1646,1716,7432,4231,3964,4604",799,0,Roguelike
1640640,Billy's Nightmare,"Oct 26, 2023",2023-10-26,2023,97,41,"19,21,1716,42804,1774,5125,3964",999,0,Action Roguelike;Roguelike
1839680,Titan Isles,"Sep 25, 2025",2025-09-25,2025,92,41,"21978,4106,1685,6730,4821,5711,3942",2499,0,Action Roguelike
1920650,Contrablade: Stadium Rush,"Mar 30, 2022",2022-03-30,2022,68,41,"42804,3968,599,1734,9,1743,3993",299,0,Action Roguelike;Roguelike;Roguelite
2119580,Golden Record Retriever,"Mar 22, 2024",2024-03-22,2024,56,41,"492,32322,1770,1716,3959,597,1666",1599,0,Roguelike;Roguelike Deckbuilder;Roguelite
2606550,Farmer Survivors,"Mar 7, 2024",2024-03-07,2024,70,41,"19,42804,3959,4791,4057,1716,9",159,60,Action Roguelike;Roguelike;Roguelite
2892040,The Shadowed Rune,"Dec 4, 2025",2025-12-04,2025,100,41,"493,42804,4885,1720,3959,4106,1716",995,0,Action Roguelike;Roguelike;Roguelite
1372430,Spells and Fellas,"Nov 7, 2022",2022-11-07,2022,69,42,"1662,122,19,4057,1684,4191,4182",0,,Action Roguelike;Roguelike;Roguelite
2009620,Harvest Hunt,"May 22, 2024",2024-05-22,2024,95,42,"3839,492,3978,1667,7432,3959,4182",999,0,Roguelite
2434090,Death Roads: Tournament Prologue,"Jun 6, 2023",2023-06-06,2023,80,42,"9,1666,1716,699,1741,4102,3959",0,,Roguelike;Roguelite
2541310,The Cable Guy,"Feb 29, 2024",2024-02-29,2024,88,42,"9,599,1664,597,12472,4094,4791",799,0,Roguelike
2553840,"Blood, Fuel, Ammo & Speed","Mar 28, 2024",2024-03-28,2024,83,42,"19,1774,42804,4191,3839,6691,4342",299,70,Action Roguelike;Roguelite
2607260,Demon Corporation: Onboarding,"Apr 27, 2025",2025-04-27,2025,95,42,"1730,14139,3959,1720,1664,7208,3964",699,0,Roguelike;Roguelite
2649800,Vinecard,"May 21, 2025",2025-05-21,2025,95,42,"4711,9,492,7569,597,1666,1741",999,0,Roguelite
2877790,Rogue Girl,"Apr 25, 2024",2024-04-25,2024,71,42,"42804,1646,29482,3959,1716,4026,1720",499,0,Action Roguelike;Roguelike;Roguelite
2976160,Yark Survivors,"Aug 22, 2024",2024-08-22,2024,85,42,"493,4191,4726,4791,4195,6730,5350",199,0,Action Roguelike
2999990,Rogue Tiles,"Jul 29, 2024",2024-07-29,2024,59,42,"1645,1716,5125,9,3959,597,5851",499,0,Roguelike;Roguelite
3538820,Galactic Simulator2: Stargate,"Jun 16, 2025",2025-06-16,2025,78,42,"599,1755,9,3959,1716,16598,3942",599,0,Roguelike;Roguelite
3546240,Cirno's Card Class,"Mar 19, 2025",2025-03-19,2025,92,42,"9,32322,1716,1084988,1666,1770,1741",399,0,Roguelike
3549210,NOVEMS,"Jun 22, 2025",2025-06-22,2025,85,42,"9,9271,597,1084988,1666,1716,1684",999,0,Roguelike
1331420,Rogue Arrows,"Jun 6, 2022",2022-06-06,2022,76,43,"42804,3959,13382,4231,1720,4191,1716",499,0,Action Roguelike;Roguelike;Roguelite
1546690,Keys of Fury: Typing Action,"Nov 24, 2025",2025-11-24,2025,95,43,"19,1674,4158,7208,3871,3964,8122",499,0,Roguelite
2372350,"Bahamut2-Come on,Fight","Oct 30, 2023",2023-10-30,2023,90,43,"122,4434,17305,3813,21725,3959,3871",999,0,Roguelite
2393890,IGNISTONE,"Oct 2, 2023",2023-10-02,2023,93,43,"19,42804,4182,3871,4726,4195,1684",449,0,Action Roguelike;Roguelite
2480000,Nightshift Survival,"Aug 1, 2023",2023-08-01,2023,90,43,"42804,3959,1662,1716,4885,19,1773",299,0,Action Roguelike;Roguelike;Roguelite
2500680,Tiny Chaos,"Mar 28, 2024",2024-03-28,2024,83,43,"19,122,42804,1716,4885,4637,3964",499,0,Action Roguelike;Roguelike;Roguelite
2866960,Wizlite: Everybody loved RPGs,"Dec 18, 2024",2024-12-18,2024,39,43,"122,1716,3959,198631,3871,4726,7743",1999,0,Roguelike;Roguelite
2987080,Battle of Goldfish Scooping,"Nov 23, 2025",2025-11-23,2025,79,43,"597,15564,3959,3859,1775,19,6730",0,,Roguelite
3027970,Neon Phonk Robots,"Jul 23, 2024",2024-07-23,2024,93,43,"19,1774,42804,4191,3839,4305,4295",599,0,Action Roguelike
3115890,CROAK CAFE : FROM POND TO PLATE,"Aug 26, 2025",2025-08-26,2025,95,43,"1716,3920,597,4252,113,1664,1719",0,,Roguelike
3582020,EvilSlayer,"Apr 30, 2025",2025-04-30,2025,67,43,"7208,4085,1659,1774,4191,597,492",399,0,Roguelike
3647600,Midnight Riff,"Jun 21, 2025",2025-06-21,2025,93,43,"492,597,122,1752,1716,3871,4182",0,,Roguelike
3703380,Fantasy Monster Hunt,"Nov 20, 2025",2025-11-20,2025,79,43,"9,1645,1716,32322,1684,4182,492",599,0,Roguelike
1166940,Dead Static Drive,"Nov 4, 2025",2025-11-04,2025,38,44,"492,19,21,4667,7432,4191,10808",2999,0,Roguelike
1784630,Alice!,"Jan 4, 2022",2022-01-04,2022,75,44,"3964,9,1742,1759,4136,3959,4195",999,0,Roguelike;Roguelite
2123120,Ultimate Protector,"Sep 27, 2022",2022-09-27,2022,86,44,"597,19,42804,1645,5379,4885,3871",299,0,Action Roguelike
2149430,Click To Sail,"Sep 29, 2022",2022-09-29,2022,79,44,"9,3964,1084988,1716,791774,21725,5851",199,0,Roguelike
2286260,Infinite Incantation,"May 1, 2023",2023-05-01,2023,81,44,"492,19,113,4885,42804",0,,Action Roguelike
2398660,The Dream Labyrinth,"Oct 18, 2024",2024-10-18,2024,81,44,"492,9,14139,3959,1645,4726,7208",1499,0,Roguelike;Roguelite
2531340,OASIS: Tokyo,"Nov 3, 2023",2023-11-03,2023,81,44,"19,1774,1663,353880,5765,6276,5125",699,0,Roguelite
2555830,Dino Tower Arena,"Jun 19, 2025",2025-06-19,2025,100,44,"5160,5547,1773,5154,723991,42804,19",399,0,Action Roguelike
2591290,Tabletop Hero,"May 30, 2024",2024-05-30,2024,86,44,"492,9,1091588,32322,1666,21,1716",899,0,Roguelike;Roguelike Deckbuilder;Roguelite
2628230,Arcane Blast,"Sep 9, 2024",2024-09-09,2024,68,44,"42804,3814,1716,353880,1685,3959,3859",999,0,Action Roguelike;Roguelike;Roguelite
2639840,Dino Survivors,"Nov 24, 2023",2023-11-24,2023,86,44,"597,3959,4106,5160,3964,19,122",199,0,Action Roguelike;Roguelite
2799740,幻兽骑士,"Feb 17, 2024",2024-02-17,2024,81,44,"21,122,597,4236,3959,615955,15564",0,,Roguelike;Roguelite
2890940,Cat Girl Survivor,"Sep 25, 2025",2025-09-25,2025,54,44,"42804,4885,3959,3964,492,3871,4182",1499,0,Action Roguelike;Roguelike;Roguelite
3339350,Spitfire - Moonpie´s Mission,"Mar 4, 2025",2025-03-04,2025,95,44,"56690,19,3798,1773,4885,3959,3964",699,0,Roguelite
3463910,Snow • Fall,"Aug 21, 2025",2025-08-21,2025,97,44,"791774,3799,1741,1716,19,7208,9",499,0,Roguelike
2066490,Robot Resistors,"Dec 5, 2023",2023-12-05,2023,75,45,"42804,3959,3964,4885,4231,5752,1716",99,0,Action Roguelike;Roguelike;Roguelite
2073490,To the Stars,"Aug 13, 2024",2024-08-13,2024,88,45,"3959,1676,1716,9,3871,4136,1710",1499,0,Roguelike;Roguelite
2317960,Samurai Survivors,"Apr 24, 2023",2023-04-24,2023,86,45,"42804,4885,4255,5547,1646,3959,1716",499,0,Action Roguelike;Roguelike;Roguelite
3023170,Dice Player One: Trailer,"Jul 13, 2024",2024-07-13,2024,97,45,"9,597,32322,5154,1716,17389,1666",0,,Roguelike;Roguelite
3151420,Mystic Explorer,"Jul 23, 2025",2025-07-23,2025,75,45,"4885,4236,3871,597,3964,1716,3993",499,0,Roguelike;Roguelite
3236280,Flocking Hell,"Mar 25, 2025",2025-03-25,2025,93,45,"1741,9,4328,32322,3964,1664,3959",999,0,Roguelite
3651490,Fire at Campsite,"Oct 23, 2025",2025-10-23,2025,82,45,"9,3959,597,4885,3871,4791,1645",599,0,Roguelike;Roguelite
1806030,Minimal Dungeon RPG,"Mar 7, 2022",2022-03-07,2022,47,46,"17305,1720,4094,1716,21006,122,21",599,0,Roguelike;Roguelite
1928370,Exodemic,"Jul 8, 2022",2022-07-08,2022,93,46,"42804,19,56690,4255,1759,1773,3871",499,0,Action Roguelike
2136220,Andromeda Survivors,"Oct 14, 2022",2022-10-14,2022,82,46,"4885,3964,3871,492,597,42804,4182",299,0,Action Roguelike;Roguelike;Roguelite
2389260,Aldro,"Jul 19, 2024",2024-07-19,2024,67,46,"21,597,1716,3810,4255,492,3964",499,0,Roguelike
2708710,"The Curse of the Egyptian Pyramid ""Remaster Edition""","Dec 3, 2023",2023-12-03,2023,73,46,"42804,1687,19,492,4182,113,21",0,,Action Roguelike
2072360,Delicious Dungeon,"Nov 3, 2023",2023-11-03,2023,72,47,"19,3920,7481,597,42804,4182,1716",799,0,Action Roguelike;Roguelike
2155280,Defend Earth: Xenos Survivors,"Jun 19, 2023",2023-06-19,2023,78,47,"3959,4885,723991,4637,3993,1716,42804",499,0,Action Roguelike;Roguelike;Roguelite
2169300,Dizzy Rogues,"May 22, 2023",2023-05-22,2023,91,47,"42804,1773,8666,19,1716,4711,3964",399,0,Action Roguelike;Roguelike;Roguelite
2197030,Big Survivor,"May 31, 2023",2023-05-31,2023,89,47,"19,1716,1662,6426,16689,4182,3871",0,,Roguelike
2266780,Ascendant,"Jan 31, 2025",2025-01-31,2025,70,47,"1773,1720,4057,5765,4885,3959,1759",999,0,Action Roguelike;Roguelite
2296870,Crimson Connect Origin,"Mar 31, 2023",2023-03-31,2023,53,47,"9,1716,3959,3871,4305,3835,7332",599,0,Roguelike;Roguelike Deckbuilder;Roguelite
2375730,Mercenaries of the Kingdom: First Blood,"May 24, 2024",2024-05-24,2024,68,47,"1199779,4255,4885,3964,122,3959,1662",1299,0,Action Roguelike;Roguelike;Roguelite
2583330,Zlime: Return Of Demon Lord,"Apr 27, 2024",2024-04-27,2024,97,47,"19,597,42804,1716,5379,3959,3871",699,0,Action Roguelike;Roguelike;Roguelite
3636470,Dream Abyss: Survivors,"Oct 2, 2025",2025-10-02,2025,70,47,"42804,1646,4231,1684,4085,1742,4195",999,0,Action Roguelike
1351900,Dungeon Core,"Mar 2, 2023",2023-03-02,2023,79,48,"19,1716,4106,4231,1720,3959,3871",1199,0,Action Roguelike;Roguelike;Roguelite
1610500,Bibots,"Oct 5, 2022",2022-10-05,2022,52,48,"42804,4885,4026,19,492,4791,5154",1299,0,Action Roguelike
1944140,Lys and Ruka's Magical Bag,"Aug 5, 2022",2022-08-05,2022,60,48,"122,42804,1720,4231,7208,7481,4085",1499,0,Action Roguelike
2278550,Deck of the Dead,"Mar 14, 2023",2023-03-14,2023,75,48,"597,122,1770,1666,1716,17305,1741",0,,Roguelike
2393900,Story Of Infinity: Xia,"Jun 15, 2023",2023-06-15,2023,81,48,"19,1716,42804,3959,3834,4195,4791",0,,Action Roguelike;Roguelike;Roguelite
2451720,Slayin DX,"Jan 11, 2024",2024-01-11,2024,100,48,"19,3959,3871,3964,1684,122,4305",299,0,Roguelite
2571270,MicroSStep,"Jan 30, 2025",2025-01-30,2025,79,48,"19,42804,5379,3959,3871,3964,1684",499,0,Action Roguelike;Roguelite
3159440,Cultivation Story: Infinite Sword Realm,"Jun 10, 2025",2025-06-10,2025,75,48,"493,791774,3959,4026,1677,1666,1716",1499,0,Roguelike;Roguelike Deckbuilder;Roguelite
3257980,Turtle Riders: Adventure Begins,"Mar 10, 2025",2025-03-10,2025,77,48,"42804,3959,5765,1662,1645,1716,3871",0,,Action Roguelike;Roguelike;Roguelite
3480790,Reverie in the Moonlight,"Nov 9, 2025",2025-11-09,2025,95,48,"1716,19,5547,3959,4726,3964,4885",999,0,Roguelike;Roguelite
1303350,Rocky Mayhem,"Jun 22, 2024",2024-06-22,2024,85,49,"19,597,492,1773,3942,113,4637",0,,Action Roguelike;Roguelite
3552840,Deepstone Rift,"Dec 10, 2025",2025-12-10,2025,71,49,"493,597,1645,9,19,3959,4252",399,20,Roguelite
3879060,Instant Anastasia,"Aug 16, 2025",2025-08-16,2025,95,49,"19,4106,42804,1663,3959,4191,3839",599,0,Action Roguelike;Roguelite
1724120,ASTRONAUTILUS,"Mar 30, 2022",2022-03-30,2022,94,50,"42804,19,1774,4305,3964,4004,5125",999,0,Action Roguelike
1842510,Mechanibot,"Aug 31, 2022",2022-08-31,2022,90,50,"1708,9,4711,1084988,42804,3959,1716",299,0,Action Roguelike;Roguelike;Roguelike Deckbuilder;Roguelite
2106910,Gods Of Defense,"May 1, 2023",2023-05-01,2023,70,50,"1716,1645,5125,9,4182,492,4191",1499,0,Roguelike
2150310,元素召唤 Summon Elemental,"Nov 28, 2023",2023-11-28,2023,88,50,"597,9,1666,1716,560542,916648,3959",299,0,Roguelike;Roguelite
2421480,Poly,"Apr 1, 2025",2025-04-01,2025,80,50,"42804,4885,19,597,4255,1774,1716",0,,Action Roguelike;Roguelike
2503890,Bloodecay,"Jul 21, 2023",2023-07-21,2023,40,50,"1628,7208,4604,4231,19,4158,3871",299,0,Roguelite
2851110,Golden Warden,"Mar 5, 2025",2025-03-05,2025,94,50,"597,9,1084988,1716,5379,492,3959",999,0,Roguelike;Roguelite
3689520,Bioprototype,"May 19, 2025",2025-05-19,2025,86,50,"4885,5432,3959,32322,12686,3964,1716",499,0,Action Roguelike;Roguelike;Roguelite
3832740,Articrow,"Jul 25, 2025",2025-07-25,2025,96,50,"4182,3871,19,597,42804,4637,4791",0,,Action Roguelike
1336380,Gripper,"Mar 29, 2023",2023-03-29,2023,84,51,"4026,4182,492,19,4885,122,5608",1999,0,Action Roguelike
1615740,Machina Blade,"Sep 7, 2022",2022-09-07,2022,72,51,"42804,3964,3841,19,1646,3871,21",1199,0,Action Roguelike;Roguelike
1640810,Maybe Immortal,"May 15, 2022",2022-05-15,2022,66,51,"122,3959,4231,4747,4191,16094,4182",199,0,Roguelite
1929250,Armechgeddon,"Apr 16, 2024",2024-04-16,2024,88,51,"42804,3959,4885,597,492,1773,4182",799,0,Action Roguelike;Roguelite
2790020,Space Sprouts,"Mar 31, 2025",2025-03-31,2025,96,51,"3834,1664,3968,599,1628,3810,3871",1099,0,Roguelike
2800280,Bermuda Survivor,"Oct 20, 2025",2025-10-20,2025,86,51,"19,21,597,42804,1646,3959,3871",499,0,Action Roguelike;Roguelite
2814280,Cellfish,"Mar 1, 2024",2024-03-01,2024,80,51,"42804,19,597,4182,3964,3871,4747",499,0,Action Roguelike;Roguelike
3128280,Cats & Dice,"May 12, 2025",2025-05-12,2025,76,51,"791774,1716,32322,1666,1741,9,3959",799,0,Roguelike;Roguelike Deckbuilder;Roguelite
3419450,Who Trained the Hero? -Spin of Fate-,"Sep 29, 2025",2025-09-29,2025,60,51,"492,1091588,3959,1084988,32322,1716,16250",899,0,Roguelike;Roguelike Deckbuilder;Roguelite
3558190,GnollHack,"Apr 29, 2025",2025-04-29,2025,90,51,"122,454187,1716,1720,21,1684,4182",0,,Roguelike;Traditional Roguelike
3669690,Noir Lords,"Aug 8, 2025",2025-08-08,2025,96,51,"1666,791774,1091588,32322,6052,492,3959",799,0,Roguelike;Roguelike Deckbuilder;Roguelite
1207320,Gray Zone,"Dec 16, 2022",2022-12-16,2022,61,52,"4161,9,3942,1676,19,3813,1716",1999,0,Roguelike
1234240,Last Farewell,"Apr 19, 2022",2022-04-19,2022,69,52,"19,492,4667,1662,3978,3859,1685",1499,0,Roguelite
1951650,Calcium Chaos,"Nov 8, 2024",2024-11-08,2024,96,52,"4758,3959,4106,3841,597,1719,4726",999,0,Roguelite
2184470,South Pole Bebop,"Dec 2, 2024",2024-12-02,2024,86,52,"32322,17305,6129,4295,4726,1677,1741",0,,Roguelike;Roguelite
2457890,DRACOMATON,"Aug 1, 2023",2023-08-01,2023,96,52,"1716,4791,4885,1774,19,4182,42804",499,0,Action Roguelike;Roguelike
2769700,Goofy Goober Simulator,"Mar 31, 2025",2025-03-31,2025,90,52,"42804,4637,4136,6730,19,4885,1659",0,,Action Roguelike
2848740,OverRider,"Nov 28, 2024",2024-11-28,2024,82,52,"1773,4158,7208,42804,4115,19,3798",999,0,Action Roguelike
2889980,The Reeve,"May 1, 2024",2024-05-01,2024,86,52,"4172,12472,122,6426,599,1742,6971",399,0,Roguelite
2952070,Nanika Game Online,"Apr 29, 2025",2025-04-29,2025,92,52,"1664,5379,3871,3964,113,493,597",0,,Action Roguelike;Roguelike;Roguelike Deckbuilder
2959310,Warlords of the Deck,"Oct 4, 2024",2024-10-04,2024,67,52,"1091588,597,9,4711,492,1716,32322",799,0,Roguelike;Roguelike Deckbuilder;Roguelite
3300470,Songs of Rats,"Mar 10, 2025",2025-03-10,2025,75,52,"122,4486,3942,1716,4094,3854,21",1499,0,Roguelike
554710,Spell Cast,"May 10, 2022",2022-05-10,2022,64,53,"1662,1716,42804,4885,3859,3959,597",99,0,Action Roguelike;Roguelike;Roguelite
1931090,Hexagonal Tower,"Apr 4, 2022",2022-04-04,2022,52,53,"9,5379,1645,3959,1666,21006,32322",299,0,Roguelite
2787610,Skyward Extraction,"May 30, 2025",2025-05-30,2025,83,53,"42804,1667,1720,3843,3839,6730,4231",999,0,Action Roguelike;Roguelike
2792960,METAL BEANS,"Mar 25, 2024",2024-03-25,2024,92,53,"19,597,1773,3959,5752,42804,3964",0,,Action Roguelike;Roguelike;Roguelite
2936130,5 Minute Raid,"Nov 29, 2024",2024-11-29,2024,90,53,"7178,3859,1775,3843,597,1685,5711",499,0,Roguelite
3040180,Holy Shot,"Sep 26, 2025",2025-09-26,2025,84,53,"19,1716,42804,1774,4885,4637,4191",599,0,Action Roguelike;Roguelike
3178910,Keyboard Soldier,"Sep 18, 2024",2024-09-18,2024,88,53,"19,122,1716,24003,1674,4191,4791",0,,Roguelike
3183360,NABI,"Dec 10, 2024",2024-12-10,2024,62,53,"1667,21,4026,3877,3968,17894,3834",199,0,Roguelike
3320850,Periapsis: Eclipse,"Oct 8, 2025",2025-10-08,2025,71,53,"9204,3959,5794,1755,599,1687,3968",1499,0,Roguelite
3424920,DarkRanger,"Jul 17, 2025",2025-07-17,2025,64,53,"492,21,17305,3959,1666,122,9",699,0,Roguelike;Roguelite
3603660,Zui's Witch Academy,"Apr 5, 2025",2025-04-05,2025,90,53,"42804,19,6730,1716,21,7208,3871",0,,Action Roguelike;Roguelike
1182420,VED,"Nov 14, 2024",2024-11-14,2024,79,54,"122,1742,1677,6815,7556,6426,3799",1999,0,Roguelike;Roguelite
1491460,Tor Eternum,"Jul 15, 2022",2022-07-15,2022,79,54,"122,42804,3959,1646,1685,1716,1720",199,0,Action Roguelike;Roguelike;Roguelite
1824130,Outside the Window,"Sep 14, 2022",2022-09-14,2022,88,54,"597,599,4328,1036,3959,3871,3964",199,0,Roguelite
1954930,Stronghold’s Dungeon,"Nov 17, 2022",2022-11-17,2022,66,54,"493,9,32322,791774,1716,14139,1084988",799,0,Roguelike
2027350,Wanderer,"Jun 27, 2022",2022-06-27,2022,75,54,"3871,4791,1720,4158,1716,1628,4777",499,0,Roguelike
2127230,MOONPONG: Tales of Epic Lunacy,"Sep 9, 2022",2022-09-09,2022,92,54,"1773,1714,492,1621,4305,4136,42804",599,0,Action Roguelike;Roguelike;Roguelite
2324380,Demons Infernalize,"Jan 6, 2024",2024-01-06,2024,64,54,"19,42804,1716,4885,3959,4191,1697",0,,Action Roguelike;Roguelike;Roguelite
3667720,Heroes Against Time,"Sep 18, 2025",2025-09-18,2025,96,54,"3959,8945,5711,1684,4711,3964,9",749,0,Roguelike;Roguelite
1363210,Live by the Sword: Tactics,"Oct 28, 2022",2022-10-28,2022,63,55,"492,14139,9,1741,17305,4325,3964",1499,0,Roguelike;Roguelite
1661920,Ancient: Legacy of Azul,"Feb 4, 2022",2022-02-04,2022,80,55,"19,492,3959,3798,3964,1684,1625",499,0,Roguelite
1869310,Paper Wizards,"Sep 4, 2022",2022-09-04,2022,81,55,"19,42804,1716,1774,5547,4885,1720",0,,Action Roguelike;Roguelike
2116520,Fried Panic,"Sep 27, 2022",2022-09-27,2022,87,55,"19,42804,1716,3959,3871,3964,3993",0,,Action Roguelike;Roguelike;Roguelite
2158810,Cosmic Coliseum,"May 15, 2025",2025-05-15,2025,92,55,"42804,3959,4758,4637,5547,1716,1774",499,0,Action Roguelike;Roguelike;Roguelite
2159900,Decks of the Damned,"Oct 21, 2025",2025-10-21,2025,69,55,"1666,12472,1662,791774,3959,1702,1084988",499,50,Roguelite
3202950,Fresh Tracks,"Aug 26, 2025",2025-08-26,2025,94,55,"1752,7309,1742,16094,1684,492,3959",2499,0,Roguelite
3399400,Monochrome Echoes - white -,"Apr 24, 2025",2025-04-24,2025,87,55,"1646,122,1720,4325,10695,1716,4155",2499,0,Roguelike
3424740,Firework War,"Jan 26, 2025",2025-01-26,2025,96,55,"597,9,1645,4136,4400,4094,1676",0,,Roguelike;Roguelite
3499540,COMBOLITE,"Apr 28, 2025",2025-04-28,2025,76,55,"1716,1084988,597,615955,1773,13782,9",699,0,Roguelike;Roguelite
1094960,Soul Scathe,"Feb 18, 2022",2022-02-18,2022,78,56,"19,122,1720,21978,4604,1716,4345",1999,0,Action Roguelike;Roguelike
1818570,Threes!,"Feb 5, 2024",2024-02-05,2024,96,56,"1664,1665,1654,1716,14139,3871,597",599,0,Roguelike
1842610,Dungeon Wizards,"Feb 4, 2022",2022-02-04,2022,92,56,"1665,597,3959,1664,122,4057,9",699,0,Roguelike;Roguelite
2185180,Fantasy Madness: Bloodbath,"Mar 5, 2025",2025-03-05,2025,85,56,"42804,492,4885,3959,597,3871,19",699,0,Action Roguelike;Roguelike;Roguelite
2241390,Spelp,"Jan 31, 2023",2023-01-31,2023,89,56,"5547,4885,4637,6730,1773,19,1716",499,0,Roguelike
2398430,Perfect  Dice,"May 27, 2024",2024-05-27,2024,75,56,"1666,32322,3798,791774,3964,1716,14139",999,0,Roguelike;Roguelike Deckbuilder
2488430,Nuclear Gladiators 3000,"Oct 30, 2025",2025-10-30,2025,94,56,"42804,5547,723991,4885,3959,1773,3871",699,0,Action Roguelike;Roguelite
2583760,Louma,"Oct 13, 2023",2023-10-13,2023,76,56,"21,1716,1720,1646,29482,3871,3964",0,,Roguelike
2726180,Die Erdnussbutter,"Jan 12, 2024",2024-01-12,2024,98,56,"1773,19,3798,42804,4637,4136,3964",99,0,Action Roguelike;Roguelike
3085620,Sky's The Limit MAH-JONG,"Jul 28, 2024",2024-07-28,2024,67,56,"9,33572,597,1091588,32322,1716,4182",899,0,Roguelike;Roguelike Deckbuilder
3218090,Off Trail,"Oct 23, 2024",2024-10-23,2024,91,56,"701,5125,4094,4252,7309,30358,1716",0,,Roguelike;Roguelite
3330530,Blade of Dawn,"Dec 1, 2024",2024-12-01,2024,89,56,"19,7208,1697,42804,1646,4172,4191",0,,Action Roguelike
1331340,Break the Loop,"May 16, 2024",2024-05-16,2024,78,57,"9,122,492,3959,4026,3871,4325",1499,0,Roguelike;Roguelite
1334500,RP7: Spin Your Own Encounter,"Sep 12, 2024",2024-09-12,2024,71,57,"1716,3959,1720,6426,4155,122,5350",899,40,Roguelike;Roguelite
1625930,Galaia,"Jul 18, 2024",2024-07-18,2024,87,57,"42804,4305,1664,4252,4191,4726,4758",499,0,Action Roguelike;Roguelite
2202690,Gladiators and Glory,"May 4, 2023",2023-05-04,2023,89,57,"9,122,21725,4325,597,4172,1741",799,0,Roguelite
2489670,The witch and the bottle of concepts,"Mar 11, 2024",2024-03-11,2024,57,57,"122,42804,1716,3871,3854,1710,1742",799,0,Action Roguelike;Roguelike
1591690,DEATHRUN TV,"Jun 1, 2022",2022-06-01,2022,81,58,"4885,42804,1716,4026,1720,492,4758",1499,0,Action Roguelike;Roguelike;Roguelite
2001280,The Last City,"Jun 4, 2022",2022-06-04,2022,62,58,"1738,4328,17305,1716,7208,6426,7332",499,0,Roguelike
2061300,The Way Home: Pixel Roguelike,"Oct 17, 2022",2022-10-17,2022,91,58,"597,3964,3959,17894,19,21,4182",999,0,Action Roguelike;Roguelite
2064320,Vermis Orbita,"Jul 29, 2022",2022-07-29,2022,81,58,"19,42804,1646,3871,4791,4046,4094",0,,Action Roguelike
2484060,"I, Toaster","Jul 29, 2023",2023-07-29,2023,84,58,"19,1773,1716,1774,42804,4191,4791",0,,Action Roguelike;Roguelike
2527600,The Detective Reaper Invites,"May 24, 2024",2024-05-24,2024,37,58,"3959,21,1664,1666,32322,5125,31275",999,0,Roguelike;Roguelite
2591360,Witch & Bun Cats,"Jun 6, 2025",2025-06-06,2025,75,58,"19,42804,1716,597,492,4191,17894",799,0,Action Roguelike;Roguelike;Roguelite
589050,Lords and Legions,"Sep 23, 2025",2025-09-23,2025,74,59,"3993,1684,1678,1084988,1697,19,4191",1899,0,Roguelike
1840790,Metal Mutation,"May 4, 2023",2023-05-04,2023,67,59,"42804,3959,19,492,122,4115,1646",1699,0,Action Roguelike;Roguelike;Roguelite
2056490,Forrader Hero,"Jan 23, 2023",2023-01-23,2023,91,59,"4325,1677,7569,1716,5125,3959,3871",399,0,Roguelike;Roguelite
2096620,Death or Treat,"May 11, 2023",2023-05-11,2023,64,59,"1716,1646,6815,4305,3871,4604,492",690,0,Roguelike
2411560,Debtors' Club,"Aug 26, 2024",2024-08-26,2024,69,59,"8093,1651,3959,35079,8945,7702,1742",1499,0,Roguelite
3046050,Dagger Froggy,"Dec 10, 2024",2024-12-10,2024,98,59,"19,597,1773,1716,4885,3871,4305",499,0,Roguelike;Roguelite
3050600,Exorcist: Reviewer of Minds,"Jun 28, 2024",2024-06-28,2024,96,59,"599,1698,3959,1714,4252,4400,4342",599,0,Roguelite
2428310,天行镖客 (Sky Escort),"Jun 19, 2024",2024-06-19,2024,76,60,"9,32322,1645,1666,1716,791774,3871",999,0,Roguelike;Roguelite
2450480,Idle Magic Legend,"Aug 8, 2023",2023-08-08,2023,53,60,"615955,5652,597,31275,16094,122,1698",599,0,Roguelike
2996540,THE GOOD OLD DAYS,"Oct 22, 2025",2025-10-22,2025,85,60,"1628,4106,3964,14720,21,6971,1742",1999,0,Roguelike
3065920,Black Myth: Heaven,"Aug 23, 2024",2024-08-23,2024,70,60,"19,122,42804,1716,1646,4191,4791",0,,Action Roguelike;Roguelike
3639970,神椿學園新聞部(KAMITSUBAKI ACADEMY NEWSPAPER CLUB),"Oct 29, 2025",2025-10-29,2025,71,60,"21,3834,3964,599,1738,6426,1716",2999,0,Roguelike
3693720,Concerto on White: Cajon Story,"Dec 25, 2025",2025-12-25,2025,95,60,"1621,1752,492,4085,1751,19,7948",899,0,Roguelite
3826020,Stop Breaking My Castle!,"Aug 4, 2025",2025-08-04,2025,83,60,"9,3959,1084988,597,6730,1716,3871",0,,Roguelike;Roguelite
3926770,Sun Halo,"Nov 19, 2025",2025-11-19,2025,85,60,"4085,1666,791774,32322,122,492,1716",599,0,Roguelike;Roguelite
3956470,NightMare King,"Oct 27, 2025",2025-10-27,2025,81,60,"492,353880,1716,5547,4182,597,3964",299,0,Action Roguelike;Roguelike;Roguelite
1476400,Northwind,"Sep 22, 2025",2025-09-22,2025,80,61,"1091588,1666,791774,32322,1716,3959,9",1999,0,Roguelike;Roguelike Deckbuilder;Roguelite
1909040,Corn Defenders,"Apr 13, 2022",2022-04-13,2022,91,61,"19,21,42804,1773,3871,3964,4791",0,,Action Roguelike
2015860,江湖百异图,"Dec 16, 2022",2022-12-16,2022,55,61,"492,1695,122,4608,3810,3959,21",1399,0,Roguelike;Roguelite
2191770,Gregory Horror Show: Soul of Roses,"Nov 14, 2024",2024-11-14,2024,98,61,"493,42804,3959,4726,1716,19,5923",1699,0,Action Roguelike;Roguelike;Roguelite
2212410,Shadowkin,"Feb 23, 2024",2024-02-23,2024,65,61,"4885,3959,3841,1716,1084988,42804,3871",489,30,Action Roguelike;Roguelike;Roguelite
2455110,Yokai Art: Survival Prologue,"Aug 19, 2023",2023-08-19,2023,95,61,"3959,1662,1645,9,32322,3813,19",0,,Roguelike;Roguelite
1924010,Shapebreaker - Tower Defense Deckbuilder,"May 2, 2023",2023-05-02,2023,79,62,"1645,9,4182,1091588,3871,1708,1716",499,0,Roguelike;Roguelike Deckbuilder;Roguelite
2619900,Tiny Breakers Camp,"May 21, 2024",2024-05-21,2024,80,62,"492,1773,1684,4004,3964,3959,4106",399,0,Action Roguelike;Roguelite
2892660,DON'T EXIST,"Apr 26, 2024",2024-04-26,2024,79,62,"5125,3859,3843,4400,3959,1662,1710",695,0,Roguelite
3297050,GABANG: ULTIMATE,"Apr 9, 2025",2025-04-09,2025,90,62,"9,597,122,1716,17305,791774,3871",999,0,Roguelike
2118580,SuperTotalCarnage!,"Oct 27, 2022",2022-10-27,2022,55,63,"42804,19,4885,3959,4231,3871,1667",299,0,Action Roguelike;Roguelike Deckbuilder;Roguelite
2139440,The Wall Mustn't Fall,"Oct 4, 2023",2023-10-04,2023,88,63,"1645,1084988,6276,9,3959,1774,560542",499,0,Action Roguelike;Roguelite
2448270,Mars Survivors,"Jul 5, 2023",2023-07-05,2023,65,63,"42804,4885,4637,4758,19,4255,3959",499,0,Action Roguelike;Roguelike;Roguelite
2460660,A Dark Room ®,"Jul 6, 2023",2023-07-06,2023,90,63,"122,21,1716,3834,4094,3964,4166",699,0,Roguelike;Traditional Roguelike
2824780,TORSO TENNIS,"Sep 24, 2025",2025-09-24,2025,100,63,"1716,492,19,42804,1719,1773,701",499,0,Action Roguelike;Roguelike
3613610,Double Down,"May 6, 2025",2025-05-06,2025,87,63,"19,42804,1774,1716,3839,3964,3993",0,,Action Roguelike;Roguelike
1004370,Paper Cut Mansion,"Oct 27, 2022",2022-10-27,2022,65,64,"492,21,3978,3959,4604,1664,4064",1999,0,Roguelite
2160380,Dragonspire,"Jul 14, 2023",2023-07-14,2023,56,64,"4085,42804,1685,493,3859,1646,492",499,0,Action Roguelike;Roguelike;Roguelite
2526880,Defender Bros,"Oct 2, 2024",2024-10-02,2024,90,64,"9,1645,1708,4136,4168,4791,6730",1999,0,Action Roguelike;Roguelike
2824730,Yawnoc,"Nov 13, 2024",2024-11-13,2024,98,64,"4637,3964,42804,4885,4791,597,3959",499,0,Action Roguelike;Roguelike;Roguelite
3391190,OREBLAZE,"Jul 11, 2025",2025-07-11,2025,92,64,"5981,4004,4535,21006,492,4236,3871",499,0,Action Roguelike
3723720,Death Sees Twice: Spot the Difference,"Aug 24, 2025",2025-08-24,2025,81,64,"4064,3959,6971,1738,597,11014,1698",299,0,Roguelite
3767340,Fracturefront,"Nov 13, 2025",2025-11-13,2025,95,64,"42804,353880,3814,3959,122,3834,492",899,0,Action Roguelike;Roguelite
1787920,万界之门,"Mar 8, 2022",2022-03-08,2022,70,65,"791774,9,3959,1666,1716,3871,4325",1599,0,Roguelike;Roguelite
2374320,Heroes Of  Loot: Gauntlet Of Power,"Jun 17, 2024",2024-06-17,2024,89,65,"1720,42804,3964,3959,1716,723991,5125",1499,0,Action Roguelike;Roguelike;Roguelite
2512430,Void Survivors,"Dec 11, 2023",2023-12-11,2023,87,65,"19,42804,597,3871,4791,7481,3964",199,0,Action Roguelike
3087810,Recesses,"Aug 23, 2024",2024-08-23,2024,98,65,"1666,9,3959,3799,1742,4136,15277",499,0,Roguelike;Roguelite
2012270,Workaholic,"Jul 13, 2022",2022-07-13,2022,89,66,"4182,19,1663,1714,5154,5125,4191",0,,Action Roguelike
1095290,Zombie Soup,"Aug 9, 2023",2023-08-09,2023,89,67,"4791,1774,4885,4026,7743,4182,4637",1499,0,Action Roguelike;Roguelite
3211750,Neongarten,"Apr 22, 2025",2025-04-22,2025,86,67,"9,599,4328,4115,3959,1643,4094",499,50,Roguelike Deckbuilder;Roguelite
3234700,Break Siege,"May 7, 2025",2025-05-07,2025,85,67,"791774,3813,3959,1666,9,1774,1716",1499,0,Roguelike;Roguelite
1678320,Heat Death,"Jul 18, 2022",2022-07-18,2022,97,68,"1091588,791774,14139,4026,1666,32322,4182",1499,0,Roguelike;Roguelike Deckbuilder
2141330,Magical Girl Survivors: Prologue,"Oct 1, 2022",2022-10-01,2022,61,68,"113,19,42804,4885,1716,6650,7208",0,,Action Roguelike;Roguelike
2306530,Reign of the Renegade,"Dec 15, 2023",2023-12-15,2023,88,68,"9,791774,14139,1720,1666,1716,3839",499,0,Roguelike;Roguelite
2475550,免费游戏 THE GAME FOR FREE,"Oct 22, 2025",2025-10-22,2025,86,68,"3959,122,1666,1676,597,4231,1716",0,,Roguelike;Roguelite
3177210,酒馆战争,"Jul 13, 2025",2025-07-13,2025,85,68,"1091588,1716,14139,4711,32322,9,1084988",0,,Roguelike;Roguelike Deckbuilder
3180680,A la Card,"Dec 11, 2025",2025-12-11,2025,97,68,"1091588,1666,791774,1716,9,1677,32322",1499,0,Roguelike;Roguelike Deckbuilder;Roguelite
3439030,The King Of Truancy,"Sep 4, 2025",2025-09-04,2025,79,68,"122,9,32322,1666,1716,6915,3959",999,0,Roguelike;Roguelite
4152840,Gem and Tarot,"Dec 9, 2025",2025-12-09,2025,100,68,"791774,1665,3959,1666,17389,1716,9",499,0,Roguelike;Roguelite
1280380,Moolii's Dreamland,"Aug 1, 2023",2023-08-01,2023,89,69,"4885,4255,5379,15045,3959,1774,1625",799,0,Roguelite
1389200,Cramped Room of Death,"Jul 19, 2023",2023-07-19,2023,94,69,"492,1664,3964,4726,597,3871,1730",1499,0,Action Roguelike;Roguelike;Roguelite
1569240,Evolve Lab,"Aug 29, 2025",2025-08-29,2025,94,69,"493,1084988,17770,9,4711,1677,3859",1499,0,Roguelike;Roguelite
2829910,Ruiga Pirates: First Survivors,"Apr 5, 2024",2024-04-05,2024,65,69,"597,19,4885,42804,21,1646,4255",0,,Action Roguelike
1374230,Flame Keeper,"Jun 17, 2024",2024-06-17,2024,68,70,"3959,42804,4726,1646,19,4182,492",1199,0,Action Roguelike;Roguelike;Roguelite
2510760,Gods Wars : infinity Epic,"Nov 4, 2024",2024-11-04,2024,77,70,"122,4236,492,1716,3964,42804,4604",999,0,Action Roguelike;Roguelike;Traditional Roguelike
1470390,City of Beats,"May 1, 2023",2023-05-01,2023,84,71,"122,4791,1716,4637,42804,1752,1774",1999,0,Action Roguelike;Roguelike;Roguelite
2258480,Gunforged,"Feb 17, 2025",2025-02-17,2025,80,71,"19,42804,1716,1774,5547,4885,3959",899,0,Action Roguelike;Roguelike;Roguelite
2955220,CARD QUEST,"Nov 1, 2024",2024-11-01,2024,69,71,"17894,4325,791774,32322,4726,3834,9",999,0,Roguelike;Roguelite
2112200,古巫竞技场 Ancient Witch Arena,"Oct 13, 2022",2022-10-13,2022,68,72,"19,42804,122,3959,4231,1716,4885",299,0,Action Roguelike;Roguelike;Roguelite
3173930,The Hilarious Three Kingdoms,"Sep 22, 2024",2024-09-22,2024,79,72,"122,9,492,1741,17305,4182,1742",599,0,Roguelite
1714080,---Red---Tether-->,"Jan 18, 2022",2022-01-18,2022,95,73,"42804,4637,1664,3942,4026,19,5363",1299,0,Action Roguelike;Roguelite
2060550,Fabular: Prologue,"Jul 8, 2022",2022-07-08,2022,94,73,"29482,42804,4172,1646,1716,1777,4026",0,,Action Roguelike;Roguelike;Roguelite
2884080,OMG Words,"Jan 2, 2025",2025-01-02,2025,79,73,"1716,24003,3959,32322,9,71389,3871",999,0,Roguelike;Roguelite
437550,Melon Simulator™,"Jun 30, 2025",2025-06-30,2025,85,74,"19,4345,1743,3839,3859,4667,4158",499,0,Roguelike
1964330,Madcap Mosaic,"Aug 15, 2022",2022-08-15,2022,95,74,"9,3959,32322,1666,1716,4182,1759",699,0,Roguelike;Roguelike Deckbuilder;Roguelite
2242220,Forest Fire,"May 3, 2023",2023-05-03,2023,85,74,"42804,3968,3834,4885,3959,1716,11333",599,0,Action Roguelike;Roguelike;Roguelite
2412110,Rogue Labyrinth,"Sep 1, 2025",2025-09-01,2025,98,74,"1716,3993,4231,3959,30358,1646,4791",1499,0,Action Roguelike;Roguelike;Roguelite
2786160,Skeleton War,"Feb 1, 2024",2024-02-01,2024,100,74,"597,1716,3959,42804,1654,4885,493",399,0,Action Roguelike;Roguelike;Roguelite
2924580,Inkborn,"Jul 28, 2025",2025-07-28,2025,79,74,"493,1091588,1666,1716,9,32322,791774",1999,0,Roguelike;Roguelike Deckbuilder;Roguelite
3084740,Command Deck,"Sep 24, 2025",2025-09-24,2025,98,74,"493,9,3942,1091588,1755,32322,1716",1499,0,Roguelike;Roguelike Deckbuilder
3160500,Kingdom of Cards,"Sep 22, 2025",2025-09-22,2025,72,74,"9,122,1666,1770,17305,1716,3959",1199,0,Roguelike;Roguelite
1570830,Mori Carta,"Mar 25, 2024",2024-03-25,2024,69,75,"791774,1666,1741,32322,9,1716,3871",1499,0,Roguelike
1955390,Playable Mockup,"May 25, 2022",2022-05-25,2022,89,75,"32322,3978,4191,4182,9,3959,1666",699,0,Roguelike;Roguelite
2027970,Sole Saga,"Apr 28, 2023",2023-04-28,2023,66,75,"42804,4885,4026,3959,6730,3871,1716",699,0,Action Roguelike;Roguelike;Roguelite
2180350,幻斋阴阳录 Genzai:Serialization,"Jan 19, 2023",2023-01-19,2023,84,75,"597,9,1666,4434,1716,5379,791774",399,0,Roguelike;Roguelike Deckbuilder
2509370,Cleric and Goblins,"Aug 27, 2023",2023-08-27,2023,57,75,"19,42804,1646,21978,5652,4604,12095",999,0,Action Roguelike
2741110,Idle Nine Heavens,"Feb 13, 2024",2024-02-13,2024,69,75,"597,615955,1716,1645,3871,3959,4182",399,0,Roguelike;Roguelite
1962560,Grim Horde,"Jun 21, 2022",2022-06-21,2022,51,76,"19,3959,42804,4885,11333,4231,1716",0,,Action Roguelike;Roguelike;Roguelite
2231060,Druidwalker,"Jun 15, 2023",2023-06-15,2023,92,76,"3834,1720,9204,1666,1698,5900,1716",299,0,Roguelike
2539880,C.A.R.D.S. RPG: The Misty Battlefield,"May 22, 2024",2024-05-22,2024,47,76,"1091588,1666,791774,1716,32322,1677,9",3999,0,Roguelike;Roguelike Deckbuilder;Roguelite
3410640,Rogue Worlds,"May 14, 2025",2025-05-14,2025,93,76,"1716,1625,1628,29482,3798,3964,5379",0,,Action Roguelike;Roguelike;Roguelite
3640750,This is Interesting,"Apr 21, 2025",2025-04-21,2025,98,76,"3834,3959,122,1664,1721,11014,5716",699,0,Roguelite
1907140,Dungeon: Faster & Deadlier,"Dec 13, 2022",2022-12-13,2022,76,77,"1666,1684,4182,791774,32322,1716,3959",999,0,Roguelike;Roguelite
2220480,Burst Hero,"May 15, 2023",2023-05-15,2023,87,77,"4255,4637,4758,4885,3959,1084988,1666",299,0,Roguelike;Roguelite
2645100,Kerker,"Aug 30, 2024",2024-08-30,2024,93,77,"19,21,42804,4191,3839,1684,4166",0,,Action Roguelike
1571960,The Corpsmen,"Sep 6, 2024",2024-09-06,2024,57,78,"1091588,916648,32322,791774,9,1666,492",1999,0,Roguelike Deckbuilder;Roguelite
1779760,Moka Future,"Jun 30, 2024",2024-06-30,2024,70,78,"42804,1716,3959,3871,4885,21,122",399,0,Action Roguelike;Roguelike;Roguelite
2147680,Card Survival: Tropical Island - The First Days,"Oct 4, 2022",2022-10-04,2022,76,78,"21,599,9,1666,1716,6815,31275",0,,Roguelike
2462570,Thor's Ascension: Nine Realms,"Apr 15, 2024",2024-04-15,2024,64,78,"19,42804,1716,4191,4175,5851,16094",199,75,Action Roguelike;Roguelike
4217660,Small Hero,"Dec 17, 2025",2025-12-17,2025,85,78,"597,4885,1716,122,4182,492,4562",99,0,Roguelike
1812970,Immortal Tactics: War of the Eternals,"Jul 15, 2022",2022-07-15,2022,77,79,"493,122,1741,21,4172,9,1695",1499,0,Roguelike;Roguelite
2095740,Survivor Of The Journey,"May 7, 2023",2023-05-07,2023,65,79,"42804,3871,19,1662,3993,7481,6426",399,0,Action Roguelike;Roguelike;Roguelite
3095600,Miracle Heroes: Temporal Bounty Hunter,"Dec 7, 2024",2024-12-07,2024,92,79,"122,9,597,1716,4885,4191,4791",199,0,Roguelike
3160160,Six-Ear Macaque: Awakening,"Mar 24, 2025",2025-03-24,2025,98,79,"597,1684,4191,4182,17305,4236,3959",699,0,Action Roguelike;Roguelike;Roguelite
3820810,Dice Dice Baby,"Nov 5, 2025",2025-11-05,2025,88,79,"9,1716,7556,5125,597,32322,5154",499,0,Roguelike;Roguelike Deckbuilder;Traditional Roguelike
1291540,Cartridge Defense,"Sep 3, 2022",2022-09-03,2022,91,80,"1645,1666,32322,1091588,3959,791774,4115",1199,0,Roguelike Deckbuilder;Roguelite
1608660,Overhaul,"Oct 14, 2022",2022-10-14,2022,91,80,"42804,1664,3959,492,1720,6815,3871",1199,0,Action Roguelike;Roguelike;Roguelite
2089830,Beat Slayer,"Apr 4, 2024",2024-04-04,2024,88,80,"3959,1752,19,1621,21,1646,5752",1999,0,Action Roguelike;Roguelike;Roguelite
2808270,Buckshot With Friends,"Feb 19, 2024",2024-02-19,2024,51,80,"3859,4342,16250,1667,3839,9,4182",399,0,Roguelike;Roguelite
3088420,7th Domain:Tree of Chaos Prologue,"Jul 29, 2024",2024-07-29,2024,82,80,"19,1628,122,21,42804,4604,3964",0,,Action Roguelike
2507400,Penny Blood: Hellbound,"Dec 17, 2024",2024-12-17,2024,83,81,"42804,1646,3959,1716,7208,1751,4791",2499,0,Action Roguelike;Roguelike;Roguelite
2563800,The Last Game,"Apr 25, 2024",2024-04-25,2024,88,81,"19,42804,3959,4637,3871,4791,1685",699,0,Action Roguelike;Roguelite
3303150,Endless Defense: Survival,"Nov 20, 2024",2024-11-20,2024,51,81,"9,492,1645,1662,1716,454187,3959",0,,Roguelike;Roguelite;Traditional Roguelike
1228320,Dungeon Looter,"May 13, 2024",2024-05-13,2024,75,82,"42804,1646,3843,3959,1720,6730,1716",1199,0,Action Roguelike;Roguelike;Roguelite
1232100,BroodStar,"Jun 15, 2022",2022-06-15,2022,93,82,"3959,4255,4637,4885,1716,3964,1773",1099,0,Roguelike;Roguelite
2456330,Bloompunk,"Dec 15, 2023",2023-12-15,2023,85,82,"492,1663,42804,4182,19,113,1684",0,,Action Roguelike;Roguelike
3097330,ReMix,"Aug 30, 2024",2024-08-30,2024,81,82,"597,42804,3959,21,4885,4726,3964",599,0,Action Roguelike;Roguelite
1454730,Chenso Club,"Sep 1, 2022",2022-09-01,2022,74,83,"1673,1685,42804,5379,7208,4182,492",999,0,Action Roguelike;Roguelite
1977030,"Abort, Retry, Fail","May 17, 2022",2022-05-17,2022,90,83,"19,42804,3871,4791,5765,3964,6691",0,,Action Roguelike
2083240,Asterogues,"Nov 20, 2024",2024-11-20,2024,90,83,"42804,4885,1716,3964,3871,3959,19",1499,0,Action Roguelike;Roguelike;Roguelite
2086060,DIMENSIONAL SLAUGHTER,"Oct 11, 2022",2022-10-11,2022,75,83,"1023537,4345,1663,1734,19,5547,493",799,48,Action Roguelike;Roguelike
3689390,Swamp Keeper,"Oct 7, 2025",2025-10-07,2025,96,83,"4637,1646,13382,6730,1774,3871,4726",399,0,Action Roguelike;Roguelike;Roguelite
2692030,Valkyrie Squad: Siege Breakers,"Feb 5, 2025",2025-02-05,2025,69,84,"42804,4885,19,3959,4255,4637,4191",599,0,Action Roguelike;Roguelite
2884590,Darkchaser: Battletide,"Dec 5, 2024",2024-12-05,2024,73,84,"42804,3959,1684,4637,3871,19,4231",599,0,Action Roguelike;Roguelite
3059390,Hexagod,"Mar 24, 2025",2025-03-24,2025,88,84,"1716,4328,1664,17389,1741,5300,9",799,0,Roguelike
2187130,Rabat Protocol:Metal Rhapsody,"Jul 27, 2023",2023-07-27,2023,83,85,"353880,4758,4684,1774,1773,9,1716",699,0,Roguelike
2579550,Salvo Shuffle,"Aug 16, 2024",2024-08-16,2024,96,85,"9,492,42804,4885,32322,3871,4325",0,,Action Roguelike;Roguelite
2910990,HYAKKI YAKO Survivor,"Feb 7, 2025",2025-02-07,2025,68,85,"19,597,42804,4885,3871,4791,3854",799,0,Action Roguelike
3090570,Time for Bed,"Jul 11, 2025",2025-07-11,2025,96,85,"1667,1687,4182,3839,599,4004,3964",499,0,Roguelike;Roguelite
1882550,MECH PUNK,"Apr 29, 2023",2023-04-29,2023,74,86,"3993,1695,21,4182,4747,492,1755",499,0,Roguelite
2751120,Dive The Depths,"Apr 15, 2025",2025-04-15,2025,72,86,"4182,42804,3964,9157,4026,3993,1716",999,0,Action Roguelike;Roguelike;Roguelite
3206010,Attack Core,"Nov 6, 2024",2024-11-06,2024,97,86,"42804,4885,4191,19,1773,122,3959",599,0,Action Roguelike;Roguelite
2728950,Potty Knight Saga,"Jun 10, 2024",2024-06-10,2024,95,87,"42804,1716,19,29482,3959,4136,1720",799,0,Action Roguelike;Roguelike;Roguelite
3868720,Doomfields,"Jul 31, 2025",2025-07-31,2025,82,87,"122,3959,1759,1716,3964,4604,4155",499,0,Roguelike;Roguelite
483850,Guns N' Boxes,"Jan 20, 2022",2022-01-20,2022,77,88,"492,19,3859,493,4637,5547,7368",0,,Roguelite
2199060,Core Devourer,"Jan 25, 2024",2024-01-25,2024,69,88,"723991,42804,4758,4885,1716,3959,4255",599,0,Action Roguelike;Roguelike;Roguelite
2404510,Lucky Hero,"Nov 16, 2023",2023-11-16,2023,80,88,"1091588,3959,4711,4325,597,8945,32322",1099,0,Roguelike;Roguelike Deckbuilder;Roguelite
2516980,Heroes & Redemption,"Nov 18, 2024",2024-11-18,2024,86,88,"42804,122,4885,3959,6730,3871,3964",0,,Action Roguelike;Roguelike;Roguelite
3380820,ReSpaced,"Jan 24, 2025",2025-01-24,2025,87,88,"19,1663,1774,3959,3877,5395,3839",0,,Roguelite
1600910,Demon's Mirror,"Sep 5, 2024",2024-09-05,2024,85,89,"1666,791774,1716,32322,3959,9,1720",1999,0,Roguelike;Roguelite
1755870,The Monster Within,"Oct 22, 2022",2022-10-22,2022,77,89,"9,1666,32322,4182,3959,1751,3871",1499,0,Roguelite
2483730,Banner of Conquest,"Apr 23, 2025",2025-04-23,2025,65,89,"42804,723991,1646,4255,4637,4885,3959",499,0,Action Roguelike;Roguelike;Roguelite
2582540,RoGlass,"Sep 21, 2024",2024-09-21,2024,98,89,"5652,3959,1664,560542,9,4094,1741",999,0,Roguelite
3040270,Bees vs Zombees,"Oct 31, 2024",2024-10-31,2024,92,89,"1645,1716,9,3959,1676,4182,1091588",799,0,Roguelike;Roguelike Deckbuilder;Roguelite
3191110,Time Snatcher Handy,"Nov 26, 2025",2025-11-26,2025,96,89,"6625,42804,1716,5796,4885,1759,3964",999,0,Action Roguelike;Roguelike
1931510,Attacker-chan!,"Aug 9, 2022",2022-08-09,2022,85,90,"19,42804,4726,4085,3871,7208,4168",499,0,Action Roguelike
2062920,TTV4,"Jul 7, 2022",2022-07-07,2022,93,90,"19,597,1714,1773,4106,1664,5900",99,0,Action Roguelike;Roguelike
2074910,Photogenic Minds : Identity,"Sep 29, 2022",2022-09-29,2022,88,90,"9,1666,1716,13070,3959,4191,3839",1999,0,Roguelike;Roguelite
2228010,Right and Down and Dice,"Jan 23, 2024",2024-01-23,2024,87,90,"1091588,791774,3959,32322,1666,9,1677",1199,0,Roguelike;Roguelike Deckbuilder;Roguelite
2433850,Arcane Tower Survivors,"Oct 23, 2025",2025-10-23,2025,75,90,"42804,4885,3959,4106,19,1716,3871",399,0,Action Roguelike;Roguelike;Roguelite
2974620,SignaNota,"Apr 25, 2025",2025-04-25,2025,94,90,"3964,19,1742,21,597,5796,4325",999,0,Roguelike
3575930,出将入相,"Nov 6, 2025",2025-11-06,2025,72,90,"14139,3959,1084988,1666,1716,9,3871",699,0,Roguelike;Roguelite
1929900,Touhou: Dreamland of Infinity,"Nov 15, 2022",2022-11-15,2022,80,91,"493,1708,6426,32322,1716,791774,9",1999,0,Roguelike;Roguelite
2054770,Combo Card Clashers,"May 16, 2024",2024-05-16,2024,78,91,"1708,1091588,791774,9,1084988,4182,1716",599,0,Roguelike;Roguelike Deckbuilder;Roguelite
2202010,Neon Ascending,"Mar 1, 2025",2025-03-01,2025,82,91,"4885,3959,1645,560542,1759,1716,1676",399,0,Roguelike;Roguelike Deckbuilder;Roguelite
2754370,Voidsayer,"Jun 2, 2025",2025-06-02,2025,69,91,"3959,916648,4434,6730,9,122,1708",1499,0,Roguelite
1877650,Zero Orders Tactics,"Nov 4, 2024",2024-11-04,2024,90,92,"9,1741,3964,1084988,14139,1716,1664",419,65,Roguelike;Roguelite
3828280,Deckstination,"Jul 25, 2025",2025-07-25,2025,93,92,"19,9,492,32322,1716,4115,3813",0,,Action Roguelike;Roguelike;Roguelike Deckbuilder
2372950,Meteorfall: Rustbowl Rumble,"Mar 26, 2025",2025-03-26,2025,91,93,"9,1666,791774,3959,3871,4562,4136",1499,0,Roguelite
3885520,Dice of Kalma,"Nov 14, 2025",2025-11-14,2025,88,93,"6835,1091588,32322,1666,16250,7556,3964",499,0,Roguelike;Roguelike Deckbuilder;Roguelite
973070,Bound By Blades,"Nov 15, 2022",2022-11-15,2022,77,94,"19,122,21,492,1685,4231,3871",1099,0,Roguelite
1537480,玉言·离光,"Dec 2, 2024",2024-12-02,2024,67,94,"791774,9,3959,3834,1666,1716,3871",699,0,Roguelike;Roguelite
2659970,Lucky Mayor,"Nov 28, 2023",2023-11-28,2023,77,94,"9,3959,1666,1716,791774,3964,1654",699,0,Roguelike;Roguelite
2837280,Counterpick Labs,"Jul 12, 2024",2024-07-12,2024,89,94,"4736,42804,1743,1773,113,4747,1775",0,,Action Roguelike;Roguelite
3019160,Creeping Dusk,"Aug 15, 2024",2024-08-15,2024,65,94,"9,1645,3959,7332,1643,8945,1708",599,0,Roguelite
1677090,Godless,"Jun 3, 2024",2024-06-03,2024,90,95,"1717,14139,3959,1084988,1741,1677,9",999,0,Roguelike;Roguelite
2186580,Shuffle Tactics,"Jun 24, 2025",2025-06-24,2025,70,95,"4182,1716,21725,14139,5851,3964,492",1499,0,Roguelike
2288880,Acolyte of the Altar,"Mar 25, 2024",2024-03-25,2024,71,96,"1091588,1666,791774,9,1716,32322,3959",999,0,Roguelike;Roguelike Deckbuilder;Roguelite
2427050,Munch,"Nov 4, 2024",2024-11-04,2024,60,96,"11333,1646,3959,19,4345,4604,21",1666,0,Roguelite
2574030,Snake Crush Survivors,"Jan 19, 2024",2024-01-19,2024,87,96,"42804,1665,4885,4195,597,10808,6815",399,0,Action Roguelike;Roguelike;Roguelite
3031590,13F,"Jun 20, 2024",2024-06-20,2024,94,96,"21,599,122,9551,1716,1664,5379",399,0,Roguelike;Roguelite
3101770,Wander Hero,"Aug 23, 2024",2024-08-23,2024,71,96,"9,122,1091588,4195,4325,1666,492",1199,0,Roguelike Deckbuilder;Roguelite
3292980,Hacky,"Nov 1, 2024",2024-11-01,2024,92,96,"5502,1674,3959,597,1036,6378,1716",499,0,Roguelike;Roguelite
2298950,Flying Tank,"Dec 6, 2024",2024-12-06,2024,86,97,"3798,3841,1685,4885,6815,4085,3835",1499,0,Action Roguelike
2648990,Nerd Survivors,"Feb 12, 2024",2024-02-12,2024,92,97,"19,42804,1716,4885,3959,1684,3871",499,0,Action Roguelike;Roguelike;Roguelite
2658030,Clicker Arena,"Apr 15, 2024",2024-04-15,2024,51,97,"560542,9,3959,4695,1084988,32322,122",899,0,Roguelike;Roguelite
2882930,GRUEL,"Mar 5, 2025",2025-03-05,2025,97,97,"1023537,1773,42804,4004,620519,1663,3964",999,0,Action Roguelike;Roguelite
3052500,ColdRidge,"Oct 28, 2024",2024-10-28,2024,73,97,"3959,1664,16250,1647,1741,5125,1717",999,0,Roguelike;Roguelite
1708950,Battle Train,"Jun 17, 2025",2025-06-17,2025,84,98,"1091588,791774,32322,1666,9,1616,3959",1999,0,Roguelike;Roguelike Deckbuilder;Roguelite
1372660,An Amazing Wizard,"May 22, 2025",2025-05-22,2025,83,99,"493,3993,42804,122,3959,3964,1628",1199,0,Action Roguelike;Roguelike;Roguelite
2323980,Dungeons & Jewels,"Apr 21, 2023",2023-04-21,2023,89,100,"3959,1664,1665,9,597,122,492",499,0,Roguelike;Roguelite
2334500,Wizard Shrimp,"Dec 13, 2024",2024-12-13,2024,98,100,"42804,597,4885,4057,3964,30358,1684",299,0,Action Roguelike
3669940,Changgwi,"Aug 28, 2025",2025-08-28,2025,73,100,"1667,3859,3839,3978,1721,4342,3843",0,,Roguelike
841600,Aura of Worlds,"Sep 24, 2024",2024-09-24,2024,96,101,"1716,1625,1628,29482,3798,3964,3959",1499,0,Action Roguelike;Roguelike;Roguelite
1966110,Greed,"Jun 21, 2022",2022-06-21,2022,66,101,"113,19,42804,1646,4182,1684,4195",0,,Action Roguelike
3442280,Phantomancer,"Apr 10, 2025",2025-04-10,2025,92,101,"9,32322,791774,1716,4085,1684,4182",1199,0,Roguelike;Roguelike Deckbuilder;Roguelite
2206240,Footgun: Underground,"Apr 30, 2024",2024-04-30,2024,85,102,"42804,1773,3871,3959,1254546,4182,3964",1499,0,Action Roguelike;Roguelike;Roguelite
3349860,Dr. COG,"Dec 16, 2024",2024-12-16,2024,83,102,"3799,1091588,492,1698,4166,4085,1676",0,,Roguelike;Roguelike Deckbuilder
1304130,ReRoad,"Jun 26, 2024",2024-06-26,2024,74,104,"9,1645,3959,597,6426,3813,1708",149,90,Roguelite
1919750,Ponchoman,"Mar 15, 2022",2022-03-15,2022,99,104,"19,1716,4637,4975,4604,1646,4182",99,0,Roguelike
3040560,Elite Exorcist Miko,"Dec 25, 2024",2024-12-25,2024,96,104,"493,4255,4885,4758,42804,3959,3798",999,0,Action Roguelike;Roguelike;Roguelite
1650860,Chambers of Devious Design,"Sep 5, 2022",2022-09-05,2022,90,105,"1770,1664,7332,14139,17389,4711,3959",1199,0,Roguelite
2416050,Cento,"May 15, 2024",2024-05-15,2024,96,105,"1752,597,3964,1091588,14139,32322,3959",999,0,Roguelike Deckbuilder;Roguelite
2815610,Chronicon: Survivors,"Aug 21, 2024",2024-08-21,2024,53,105,"122,19,42804,6730,3871,3964,1684",599,0,Action Roguelike
2341760,Defensurvivor,"Dec 11, 2024",2024-12-11,2024,71,106,"4885,3959,1645,6730,7332,1676,9",1099,0,Roguelite
3045660,东方醉游稽传~Touhou Drunken Rebellion,"Nov 19, 2025",2025-11-19,2025,88,106,"42804,19,1716,3964,21,3871,122",899,0,Action Roguelike;Roguelike
3093050,Kill The Music,"Aug 21, 2025",2025-08-21,2025,96,106,"723991,1752,42804,3959,4885,19,3871",999,0,Action Roguelike;Roguelike;Roguelite
3890990,Computer Sillow,"Aug 25, 2025",2025-08-25,2025,94,106,"560542,597,4252,8093,7250,1742,3871",499,0,Roguelike
1849310,天天地下城,"Jan 12, 2022",2022-01-12,2022,97,107,"21,19,122,4736,42804,1774,3871",499,0,Action Roguelike
1952930,Soul Wargame,"Jan 10, 2023",2023-01-10,2023,78,107,"9,1716,122,492,17305,21,1741",799,0,Roguelike;Roguelite
3073350,Genesis Survivors,"Dec 10, 2024",2024-12-10,2024,69,107,"42804,4885,4191,4821,4115,492,19",499,0,Action Roguelike;Roguelite
3551370,Book Shooter,"Aug 22, 2025",2025-08-22,2025,86,107,"597,1645,1716,1774,4885,5796,492",699,0,Roguelike;Roguelite;Traditional Roguelike
2563550,闲置神话,"Mar 25, 2024",2024-03-25,2024,49,108,"615955,597,24003,4236,9,560542,31275",299,0,Roguelike;Roguelite
3025160,Pirates Outlaws 2: Heritage,"Dec 3, 2025",2025-12-03,2025,62,108,"493,1091588,1666,1681,791774,1741,9",1499,0,Roguelike;Roguelike Deckbuilder
3439320,Red or Blue,"Mar 28, 2025",2025-03-28,2025,96,108,"6426,599,4166,1716,9204,3839,4191",399,0,Roguelike
2263510,The Simulacrum,"Jun 24, 2023",2023-06-24,2023,88,109,"1666,597,5125,9,1716,791774,32322",499,0,Roguelike
2269320,Natti,"Feb 15, 2023",2023-02-15,2023,58,109,"493,1645,597,1716,9,492,4026",799,0,Roguelike
2615010,Necromantic,"May 22, 2024",2024-05-22,2024,56,109,"493,4885,1646,42804,3952,4604,1667",699,0,Action Roguelike;Roguelike;Roguelite
2975180,Break the Empire,"Mar 26, 2025",2025-03-26,2025,90,110,"19,4231,42804,3871,4094,3964,4791",499,0,Action Roguelike
2318810,HAZAMA_QUEEN,"Apr 20, 2023",2023-04-20,2023,97,111,"1023537,19995,19,42804,3959,7208,1774",499,0,Action Roguelike;Roguelite
1884750,SCP: Abhorrent,"Mar 12, 2022",2022-03-12,2022,58,112,"492,19,1667,4182,1697,1774,42804",0,,Action Roguelike
2399310,Lhama Clicker Prologue,"Jun 5, 2023",2023-06-05,2023,91,112,"597,560542,1716,4305,9,10235,255534",0,,Roguelike
2452820,Skogdal,"Apr 28, 2025",2025-04-28,2025,98,112,"1666,1091588,21,791774,32322,3959,9",1999,0,Roguelike;Roguelike Deckbuilder;Roguelite
1902870,Vertical Kingdom,"Apr 15, 2024",2024-04-15,2024,75,113,"4328,1666,3959,7332,1643,1741,3964",1999,0,Roguelite
3953060,Galaxy Defense War,"Dec 15, 2025",2025-12-15,2025,97,113,"9,3959,1645,3871,7332,1643,4562",772,0,Roguelite
2850100,Dungeon Exiles,"Aug 7, 2024",2024-08-07,2024,75,115,"9,1084988,1716,3871,3993,122,4155",499,0,Roguelike;Roguelite
2336730,Dungeon Survivors,"Feb 23, 2024",2024-02-23,2024,62,116,"42804,3843,4885,3959,3964,122,3871",499,0,Action Roguelike;Roguelike;Roguelite
2406360,SpeedOverflow,"Jul 19, 2023",2023-07-19,2023,72,116,"42804,597,4158,3959,19,323922,4791",499,0,Action Roguelike;Roguelite
1153150,PARA♰BELLUM ~ 魔弹帕菈,"Apr 30, 2024",2024-04-30,2024,95,117,"42804,3959,4255,4885,4637,19,1774",149,50,Action Roguelike;Roguelite
1554970,Rogue Spirit,"Mar 7, 2023",2023-03-07,2023,76,117,"1697,4191,42804,19,4182,21,5125",1999,0,Action Roguelike;Roguelike;Roguelite
2144460,Path to purge,"Jan 15, 2024",2024-01-15,2024,81,117,"492,4182,19,4191,4726,1716,597",599,0,Action Roguelike;Roguelike
2459180,Praise Dead,"Dec 5, 2023",2023-12-05,2023,71,118,"122,9,492,4325,1716,4604,3964",499,0,Action Roguelike;Roguelike;Roguelite
1598910,The Excrawlers,"Feb 27, 2023",2023-02-27,2023,87,119,"1646,4026,29482,3871,4234,4791,3964",1299,0,Action Roguelike;Roguelite
1848710,Ninja Soul,"Sep 16, 2022",2022-09-16,2022,74,119,"42804,1646,19,3959,1625,7208,492",999,0,Action Roguelike;Roguelike;Roguelite
980210,HordeCore,"Mar 2, 2022",2022-03-02,2022,64,120,"723991,42804,4885,3959,4975,492,4182",599,0,Action Roguelike;Roguelike;Roguelite
2369950,Blade of the Netherworld,"May 10, 2024",2024-05-10,2024,73,120,"19,42804,1646,3871,492,3964,5379",699,0,Action Roguelike;Roguelike;Roguelite
1162470,IIslands of War,"Mar 10, 2024",2024-03-10,2024,82,122,"492,19,21,1643,42804,3964",499,0,Action Roguelike
1332340,DISORDER,"Jan 21, 2025",2025-01-21,2025,50,123,"122,19,1646,7208,1716,3959,4182",2999,0,Action Roguelike;Roguelike;Roguelite
2816940,Bloody Heaven 2,"May 11, 2024",2024-05-11,2024,82,123,"19,42804,1716,4191,4791,4172,4057",499,0,Action Roguelike;Roguelike
2343920,Trackline Express,"Apr 18, 2024",2024-04-18,2024,84,124,"42804,1616,597,1662,4026,3798,9",1499,0,Action Roguelike
3822990,Stellar Witch,"Jul 25, 2025",2025-07-25,2025,96,124,"6276,9,7208,1091588,19,3964,42804",0,,Action Roguelike;Roguelike;Roguelike Deckbuilder
2342690,Call of Boba,"Mar 10, 2025",2025-03-10,2025,67,125,"493,597,599,4726,87918,10235,3964",1299,0,Roguelite
2569330,Pixel Descent,"Mar 6, 2024",2024-03-06,2024,84,125,"42804,492,4885,3964,4255,597,3871",599,0,Action Roguelike;Roguelike
3619760,Yoiyami Biscuit,"Oct 26, 2025",2025-10-26,2025,95,125,"19,42804,4758,4885,3871,4726,4791",599,0,Action Roguelike
3734140,Super Cabbage Kabumi,"Nov 28, 2025",2025-11-28,2025,67,125,"1716,1773,3959,3871,32322,7208,1654",1499,0,Roguelike;Roguelite
1980770,Floor44,"Mar 9, 2023",2023-03-09,2023,70,126,"3859,1685,21,1716,1720,1662,3978",999,0,Roguelike;Roguelite
2146180,Cyclo Chambers,"Feb 21, 2023",2023-02-21,2023,83,126,"42804,4758,4885,3959,1773,4637,5547",499,0,Action Roguelike;Roguelike;Roguelite
1979570,Tomomon,"Sep 23, 2024",2024-09-23,2024,70,127,"916648,5652,492,3964,17305,1741,1677",1499,0,Roguelite
2142300,Alquiem,"Oct 31, 2025",2025-10-31,2025,87,128,"122,1720,4172,4325,1716,615955,3959",0,,Roguelike;Roguelite
1698350,Full Metal Sergeant,"Apr 3, 2023",2023-04-03,2023,85,129,"12472,9,599,4168,1084988,3959,7332",999,0,Roguelite
1296660,Wartorn,"Nov 11, 2025",2025-11-11,2025,73,130,"9,3959,19,1684,42804,1676,1716",3499,0,Action Roguelike;Roguelike;Roguelite
1401400,Lovecraft's Untold Stories 2,"Sep 13, 2022",2022-09-13,2022,37,130,"4231,7432,1716,19,122,21,6052",1999,0,Action Roguelike;Roguelike
2549380,Cryptical Path,"Jan 29, 2025",2025-01-29,2025,86,130,"42804,1646,1716,3993,1742,5125,19",1499,0,Action Roguelike;Roguelike;Roguelite
2287150,Revenge of the Mage,"Jan 16, 2025",2025-01-16,2025,76,131,"493,19,4057,597,492,4885,122",599,0,Action Roguelike;Roguelike;Roguelite
2321770,The Druid,"May 24, 2023",2023-05-24,2023,84,131,"19,21,42804,1716,3871,3964,1684",0,,Action Roguelike;Roguelike
2500460,Inventorix,"Sep 1, 2025",2025-09-01,2025,100,131,"6276,1091588,1677,4711,4845,4182,9",499,0,Roguelike;Roguelike Deckbuilder
1037940,Dead Monarchy,"May 19, 2023",2023-05-19,2023,81,132,"492,9,122,4667,4345,14139,1708",999,0,Roguelike
2746030,Deep Among the Swarm,"Sep 25, 2024",2024-09-25,2024,85,132,"1676,7332,1645,1662,3959,9,8945",899,0,Roguelike;Roguelite
2286450,Striving for Light: Survival,"Dec 2, 2023",2023-12-02,2023,73,133,"19,42804,597,4231,1716,5547,1646",499,0,Action Roguelike;Roguelike;Roguelite
2569170,Widow in the Endless Labyrinth,"Nov 1, 2023",2023-11-01,2023,78,133,"19,42804,492,1716,4106,1646,3959",1499,0,Action Roguelike;Roguelike;Roguelite
2797650,Pip My Dice,"Jul 25, 2025",2025-07-25,2025,87,133,"9,1091588,4711,7556,597,5154,17389",1099,0,Roguelike;Roguelike Deckbuilder;Roguelite
2886470,Valefor,"Nov 8, 2024",2024-11-08,2024,66,133,"1084988,6276,492,9,1775,3859,1091588",1499,0,Roguelike;Roguelike Deckbuilder
1643850,Slaycation Paradise,"Aug 18, 2022",2022-08-18,2022,81,134,"19,1774,1659,42804,4637,492,1645",1499,0,Action Roguelike
2643010,Becoming Saint,"Jul 15, 2025",2025-07-15,2025,64,134,"599,9,26921,3813,4172,1676,1084988",1499,0,Roguelike
2812610,Curtain Call,"Nov 14, 2024",2024-11-14,2024,85,134,"791774,9,1666,3959,1716,32322,1091588",699,0,Roguelike;Roguelike Deckbuilder;Roguelite
2979650,Ruiga Pirates: Cursed Seas,"May 24, 2024",2024-05-24,2024,69,134,"42804,4885,19,597,4255,4158,6730",0,,Action Roguelike
2100050,Spell Defender,"Oct 10, 2022",2022-10-10,2022,85,135,"42804,3959,1716,19,1662,1773,4158",299,0,Action Roguelike;Roguelike;Roguelite
4209630,ELbab,"Dec 12, 2025",2025-12-12,2025,80,135,"122,1646,3959,1084988,1716,1720,3964",699,0,Roguelike;Roguelite
2286790,Helmetman,"Mar 12, 2023",2023-03-12,2023,78,137,"493,1091588,1716,1666,9551,3799,791774",1999,0,Roguelike;Roguelike Deckbuilder
2735950,Necro Rumble,"Jan 10, 2024",2024-01-10,2024,81,137,"597,42804,6730,3964,19,3871,1662",0,,Action Roguelike
2960500,Sparedevil,"Jul 18, 2024",2024-07-18,2024,98,137,"1663,42804,1773,19,3839,7328,6691",1199,0,Action Roguelike
2340510,Moon's Creed,"Sep 22, 2025",2025-09-22,2025,70,138,"1091588,32322,1666,791774,1716,14139,1720",1199,0,Roguelike;Roguelike Deckbuilder;Roguelite
2870150,Brawl To The West,"Jun 2, 2025",2025-06-02,2025,71,139,"1084988,1666,3959,32322,597,1741,9",899,0,Roguelike;Roguelite
3621050,Doomspire,"Sep 19, 2025",2025-09-19,2025,54,139,"21,597,122,1666,1716,791774,3871",1499,0,Roguelike
3693590,Legends of Gems,"Nov 21, 2025",2025-11-21,2025,81,139,"3959,9,14139,3871,492,1716,4182",899,0,Roguelike;Roguelite
1393570,Superbugs: Awaken,"Mar 23, 2022",2022-03-23,2022,92,140,"3843,4026,1734,1664,1685,19,3859",1499,0,Roguelike
1844130,Stellar Orphans,"Oct 7, 2024",2024-10-07,2024,70,140,"1091588,32322,1666,4711,9,1741,3959",1699,0,Roguelike;Roguelike Deckbuilder;Roguelite
2287990,GemCrusty,"Apr 20, 2023",2023-04-20,2023,88,140,"597,21,9551,113,3799,492,3959",0,,Roguelite
2758280,Boldly Forward,"Feb 7, 2024",2024-02-07,2024,44,141,"9,1716,3959,3871,4136,3993,21",399,0,Roguelike;Roguelite
3585160,From The Top,"Dec 9, 2025",2025-12-09,2025,84,141,"42804,1091588,1702,597,6730,4191,1716",399,0,Action Roguelike;Roguelike;Roguelike Deckbuilder
2352040,FatSheep Crisis,"May 4, 2023",2023-05-04,2023,74,142,"42804,597,3964,4885,3959,122,3871",399,0,Action Roguelike;Roguelike;Roguelite
2666230,Dog And Goblin,"Nov 14, 2024",2024-11-14,2024,75,142,"1091588,32322,1084988,9,1716,1666,4094",799,0,Roguelike;Roguelike Deckbuilder;Roguelite
3427090,Refence,"Mar 4, 2025",2025-03-04,2025,77,142,"3959,560542,615955,1645,1716,9,3871",599,0,Roguelike;Roguelite
3241540,xd1,"Aug 20, 2025",2025-08-20,2025,94,143,"1710,1716,113,13782,4182,4711,3834",0,,Action Roguelike;Roguelike
1543960,Squiggle Football,"Aug 13, 2025",2025-08-13,2025,93,144,"701,599,1084988,12472,1666,1091588,32322",1699,0,Roguelike;Roguelike Deckbuilder;Roguelite
1969100,MIGHT'N MOW'EM: CO-OP SURVIVORS ONLINE,"Oct 24, 2022",2022-10-24,2022,59,144,"4182,493,7743,492,4604,4004,4231",299,0,Action Roguelike;Roguelite
3610940,Gunbot Diplomacy: Blast Off,"Apr 25, 2025",2025-04-25,2025,87,144,"19,4885,42804,4637,5765,5547,3959",0,,Action Roguelike;Roguelike;Roguelite
3760160,Dungeon Raid: Zero Floor,"Sep 1, 2025",2025-09-01,2025,91,144,"1716,1091588,32322,4182,3959,1666,1720",0,,Roguelike;Roguelike Deckbuilder;Roguelite
1611420,Sea Horizon,"Oct 19, 2022",2022-10-19,2022,75,145,"3959,4325,4182,122,17389,21,4252",1499,0,Roguelike;Roguelite
1120400,Terra Randoma,"May 23, 2024",2024-05-23,2024,87,146,"1677,1695,454187,3810,5125,1720,14139",749,50,Roguelike;Traditional Roguelike
1309510,Glaze Cup: Journey to the West,"Jul 11, 2024",2024-07-11,2024,75,146,"42804,5379,4158,6915,1625,4231,1716",1499,0,Action Roguelike;Roguelike
1907380,Arcane Vale,"Dec 16, 2022",2022-12-16,2022,73,146,"19,21,122,4231,4106,3964,3871",1199,0,Roguelike
3952930,仙旅异闻录,"Nov 6, 2025",2025-11-06,2025,79,148,"122,9,6915,6426,6971,3959,1759",399,0,Roguelite
3054210,Identifile: Desktop Dungeon,"Nov 24, 2025",2025-11-24,2025,91,149,"42804,1716,4885,1720,916648,19,560542",999,0,Action Roguelike;Roguelike
3641420,Magecraft: Spellbuilding,"Sep 12, 2025",2025-09-12,2025,97,149,"1091588,1666,791774,3959,32322,1720,1741",0,,Roguelike Deckbuilder;Roguelite
2750920,Flower Fight,"May 16, 2024",2024-05-16,2024,62,150,"9,122,1666,1716,17305,791774,3871",0,,Roguelike;Roguelite
1860600,the World According to Girl,"Feb 22, 2022",2022-02-22,2022,70,152,"4726,1091588,3835,32322,1716,21,1666",999,0,Roguelike;Roguelike Deckbuilder
2831910,CastingPlz,"Mar 5, 2024",2024-03-05,2024,92,152,"19,21,42804,4106,4726,3871,4172",0,,Action Roguelike
3898150,Гвалт,"Nov 27, 2025",2025-11-27,2025,93,152,"597,24003,1716,1674,3871,492,3964",799,0,Roguelike
1590160,Liberte,"May 23, 2023",2023-05-23,2023,63,153,"4182,492,19,3993,6426,4342,122",1999,0,Action Roguelike;Roguelike;Roguelite
2144220,DUNGEON ARTIFACT,"Apr 3, 2024",2024-04-03,2024,95,154,"493,791774,14139,1666,1716,1091588,7208",999,0,Roguelike;Roguelike Deckbuilder
721700,Holomento,"Apr 27, 2022",2022-04-27,2022,72,155,"493,42804,3814,19,492,353880,122",1999,0,Action Roguelike
1397130,Primateria,"Jan 8, 2024",2024-01-08,2024,83,155,"791774,1720,3959,3834,1666,9,1716",1199,0,Roguelike;Roguelite
704000,GUNHEAD,"Nov 8, 2023",2023-11-08,2023,68,156,"19,492,1663,1716,3959,4821,4195",1999,0,Action Roguelike;Roguelike;Roguelite
1938850,Temp Zero,"Apr 28, 2022",2022-04-28,2022,94,156,"42804,1752,1716,1621,4885,19,1773",499,0,Action Roguelike;Roguelike;Roguelite
2118500,Touhou Library Survivors,"Oct 14, 2022",2022-10-14,2022,89,156,"42804,4885,19,4255,4637,597,4231",499,0,Action Roguelike;Roguelike
1793330,Brew,"Nov 6, 2025",2025-11-06,2025,81,157,"42804,19,1716,122,492,3959,3814",1999,0,Action Roguelike;Roguelike;Roguelite
2998040,BLOODSAINT,"Dec 5, 2024",2024-12-05,2024,97,157,"4791,4004,4166,1734,19,3871,3964",99,0,Action Roguelike;Roguelike
3349850,Balantica,"Dec 16, 2024",2024-12-16,2024,92,157,"492,9,1666,1091588,13070,32322,1716",0,,Roguelike;Roguelike Deckbuilder
2582470,Wacky West,"Aug 26, 2025",2025-08-26,2025,88,158,"492,113,3959,1697,7250,353880,8666",0,,Action Roguelike;Roguelike;Roguelite
2885480,BattleCap,"Dec 30, 2024",2024-12-30,2024,96,159,"4840,3841,4637,4994,3959,1775,1774",1199,0,Roguelite
3048660,公主：东方与远征（Princess: The East and the Expedition）,"Jul 19, 2024",2024-07-19,2024,83,159,"12095,9551,4975,4182,21,6815,42804",218,0,Action Roguelike;Roguelike
1907060,Craft Hero - Prologue,"Mar 7, 2022",2022-03-07,2022,94,160,"1702,3810,7332,3964,4791,1720,1662",0,,Roguelite
3966360,After School Grounds (방과후운동장),"Nov 3, 2025",2025-11-03,2025,99,160,"723991,42804,4885,3964,3871,492,597",399,0,Action Roguelike
2537300,大宋英雄传(SongHeros),"Apr 3, 2025",2025-04-03,2025,78,163,"9,122,6915,3810,1716,21,615955",999,0,Roguelike;Roguelite
2336580,Mareld,"May 2, 2024",2024-05-02,2024,87,164,"4085,1666,122,9,1643,4182,492",699,0,Roguelite
2958790,Cyclopean: The Great Abyss,"Jul 17, 2025",2025-07-17,2025,89,164,"4325,1720,122,7432,4604,4474,7569",999,0,Roguelike
2447310,Knight Overloaded,"Jun 15, 2023",2023-06-15,2023,84,166,"19,3959,3964,32322,21,3871,597",0,,Roguelike;Roguelite
3123120,Kill the Brickman,"Aug 21, 2025",2025-08-21,2025,75,166,"3959,1773,1716,9,4026,1654,4182",499,0,Action Roguelike;Roguelike;Roguelike Deckbuilder;Roguelite
2321350,StormEdge,"Sep 13, 2024",2024-09-13,2024,67,167,"3959,42804,3964,4711,3871,1716,4026",1499,0,Action Roguelike;Roguelike;Roguelite
2881800,SuperTaxCity,"Jan 29, 2025",2025-01-29,2025,89,167,"1091588,32322,3959,4328,1716,6426,16250",999,0,Roguelike;Roguelike Deckbuilder;Roguelite
2455500,Time Survivors: Chapter 0,"Sep 18, 2023",2023-09-18,2023,80,168,"19,42804,4885,1716,597,4598,122",0,,Action Roguelike;Roguelike;Roguelite
2010420,Pewt 'em Up!,"Jun 8, 2022",2022-06-08,2022,96,171,"19,1773,1774,4255,3959,3871,3964",0,,Roguelite
2581750,W.A.N.D. Project,"Nov 29, 2024",2024-11-29,2024,68,172,"4231,42804,4085,4885,7208,19,492",999,0,Action Roguelike;Roguelike;Roguelite
3449690,Malys,"Oct 23, 2025",2025-10-23,2025,79,172,"9,1091588,6815,9541,3959,1742,1666",1499,0,Roguelike;Roguelike Deckbuilder;Roguelite
1646790,Striving for Light,"Jul 11, 2025",2025-07-11,2025,73,173,"4231,1646,42804,3959,122,1720,1759",1799,0,Action Roguelike;Roguelike;Roguelite
2688900,Super Algebrawl,"Jan 18, 2024",2024-01-18,2024,91,173,"492,6129,14139,10695,1684,32322,4562",599,0,Roguelike;Roguelike Deckbuilder
1643180,Artist Life Simulator,"Dec 13, 2022",2022-12-13,2022,79,174,"1666,9,122,1716,10235,7107,1702",1999,0,Roguelike;Roguelite
2190230,Dust and Aliens,"Jun 26, 2023",2023-06-26,2023,86,174,"5547,1663,4885,3959,1774,19,4191",0,,Roguelite
2862890,Become the Moon,"Jun 19, 2025",2025-06-19,2025,77,175,"1084988,32322,4026,1716,1666,6730,1091588",764,55,Roguelike;Roguelike Deckbuilder;Roguelite
2900530,Nine Realms Prologue,"Apr 15, 2024",2024-04-15,2024,59,175,"19,42804,4191,16094,1646,113,4182",0,,Action Roguelike;Roguelike
2443090,Deathless: Survivors,"Jul 29, 2024",2024-07-29,2024,58,177,"493,42804,3843,3959,1773,4191,1716",999,0,Action Roguelike;Roguelike;Roguelite
3161850,Boosted Survivors,"Aug 29, 2024",2024-08-29,2024,95,178,"122,42804,19,3810,1773,1716,7481",99,0,Action Roguelike;Roguelike
1902300,DROP - System Breach,"Mar 28, 2023",2023-03-28,2023,86,179,"19,5502,492,9,599,42804,3959",999,0,Action Roguelike;Roguelite
2072980,Final Knight,"Jan 12, 2025",2025-01-12,2025,77,180,"493,42804,1773,4158,10695,4236,4231",1399,0,Action Roguelike;Roguelike
2827780,Summonsters,"Feb 29, 2024",2024-02-29,2024,75,181,"9,1084988,32322,1716,492,1662,4182",299,0,Roguelike;Roguelite
3158260,HSS:Reload,"Sep 20, 2024",2024-09-20,2024,71,181,"3959,4182,19,4726,4085,4637,4758",899,0,Action Roguelike;Roguelite
3162110,Space Cycle,"Oct 29, 2024",2024-10-29,2024,93,181,"3959,1645,9,1755,3942,4182,492",199,0,Roguelite
1907000,Gloomgrave,"Sep 25, 2023",2023-09-25,2023,87,183,"1720,3839,122,492,1663,3964,1716",499,0,Roguelike
2102320,MISTROGUE: Mist and the Living Dungeons,"Oct 26, 2023",2023-10-26,2023,65,184,"4434,4231,198631,1720,3955,42804,1716",1299,0,Action Roguelike;Roguelike;Roguelite
2236590,Psionic Awake,"Apr 10, 2025",2025-04-10,2025,63,184,"4255,1716,1645,1720,1774,3959,1659",499,0,Action Roguelike;Roguelike;Roguelite
2769070,Ultimate Hero,"Apr 16, 2025",2025-04-16,2025,65,184,"1091588,3959,4325,9,1716,6915,4608",999,0,Roguelike;Roguelike Deckbuilder;Roguelite
1739650,Dimensions: Dreadnought Architect,"Feb 1, 2023",2023-02-01,2023,56,185,"493,1643,4291,3959,3810,3968,4885",1599,0,Roguelite
3145320,Elements and build,"Nov 11, 2024",2024-11-11,2024,73,185,"1645,1084988,9,3959,32322,3813,1716",899,0,Roguelike;Roguelite
2269540,ANIWARS: Call of the Void,"Nov 17, 2025",2025-11-17,2025,93,187,"493,21725,14139,4474,10695,1741,1716",1299,0,Roguelike
2800840,Gunbot Diplomacy,"May 13, 2025",2025-05-13,2025,86,187,"723991,4885,1716,4711,3959,1717,5547",499,0,Action Roguelike;Roguelike;Roguelite
3510060,Hellbrella,"Sep 18, 2025",2025-09-18,2025,95,187,"1773,3959,9541,4711,42804,1734,4345",799,0,Action Roguelike;Roguelite
2942700,Seed of Heroes,"Sep 17, 2024",2024-09-17,2024,75,188,"19,1716,597,1662,4885,1684,42804",1499,0,Action Roguelike;Roguelike
3860590,Barrel Roll,"Oct 23, 2025",2025-10-23,2025,96,188,"1716,32322,1647,1091588,4325,3959,4191",499,0,Roguelike;Roguelike Deckbuilder;Roguelite
2717450,Museum Mystery: Deckbuilding Card Game,"Mar 14, 2024",2024-03-14,2024,82,189,"791774,3959,1677,1666,1716,9,122",0,,Roguelike;Roguelike Deckbuilder;Roguelite
640340,Serious Sam: Tormental,"Apr 8, 2022",2022-04-08,2022,74,194,"19,42804,492,4885,3959,4637,4758",1199,0,Action Roguelike;Roguelike;Roguelite
2113770,In Woods,"Aug 19, 2024",2024-08-19,2024,84,195,"42804,122,4791,19,1662,4231,3959",699,0,Action Roguelike;Roguelike;Roguelite
2154240,Odinfall,"Mar 11, 2025",2025-03-11,2025,83,195,"493,3959,3964,492,4026,4885,19",1299,0,Action Roguelike;Roguelite
1575830,ArcRunner,"Apr 27, 2023",2023-04-27,2023,68,196,"42804,4115,3814,1774,1697,3843,3942",1999,0,Action Roguelike;Roguelite
1641240,Hero's Quest,"Mar 16, 2023",2023-03-16,2023,80,197,"3834,3959,1084988,6730,1716,122,3871",399,0,Roguelike;Roguelite
2481670,Dino Path Trail,"May 9, 2025",2025-05-09,2025,76,197,"1662,4106,42804,1100689,19,1702,5160",1499,0,Action Roguelike;Roguelike
3496500,Orb Tower,"Mar 10, 2025",2025-03-10,2025,95,197,"19,597,1773,42804,3959,3871,3964",199,0,Action Roguelike;Roguelike;Roguelite
2147530,Raining Blood: Hellfire,"Jul 11, 2025",2025-07-11,2025,89,198,"42804,4885,4758,4637,4026,1659,3959",799,0,Action Roguelike;Roguelike;Roguelite
3730600,Aestheta,"Jun 4, 2025",2025-06-04,2025,89,198,"9,1666,1716,1676,3813,3959,3871",299,0,Roguelike;Roguelite
1649630,Berserk Mode,"May 19, 2023",2023-05-19,2023,93,199,"42804,3839,1646,4004,1684,3959,6730",799,0,Action Roguelike;Roguelike;Roguelite
3349840,InKing,"Dec 16, 2024",2024-12-16,2024,95,200,"42804,3964,492,1646,1734,4026,4726",0,,Action Roguelike;Roguelike;Roguelite
3405540,Tiny Auto Knights,"Nov 7, 2025",2025-11-07,2025,82,200,"1084988,9,1775,1677,32322,791774,17770",1499,18,Roguelike
1934100,Ardor,"May 6, 2022",2022-05-06,2022,95,201,"32322,7569,4182,9,4325,3871,1666",0,,Roguelike
1989560,Endless waves survival,"May 13, 2025",2025-05-13,2025,79,201,"597,1084988,1716,1662,42804,3871,3964",199,0,Action Roguelike;Roguelike
3347620,Deadland Garden,"Sep 11, 2025",2025-09-11,2025,92,201,"9130,12095,6650,7208,42804,19,122",399,0,Action Roguelike;Roguelike
2506440,Trolddom,"Nov 5, 2025",2025-11-05,2025,93,204,"122,3959,6730,1775,1754,3871,4791",999,0,Roguelite
1314770,Three Kingdom: The Journey,"Apr 18, 2023",2023-04-18,2023,79,206,"1716,32322,791774,1666,9,3987,1091588",1299,0,Roguelike;Roguelike Deckbuilder;Roguelite
2626860,Dragon Eclipse,"Dec 5, 2024",2024-12-05,2024,61,206,"1091588,1666,791774,1716,9,32322,1677",1299,0,Roguelike;Roguelike Deckbuilder;Roguelite
1945230,Diablo The Abyss,"Aug 22, 2023",2023-08-22,2023,83,207,"1716,21,9,17305,16689,3834,492",799,0,Roguelike;Roguelite
1955030,SCP: EVENT CLASSIFIED,"Apr 26, 2024",2024-04-26,2024,41,207,"19,1774,3839,42804,4175,3859,4598",999,0,Action Roguelike;Roguelike
2249550,WarLeague,"Jan 3, 2023",2023-01-03,2023,50,207,"493,113,1084988,3859,1775,32322,9",0,,Roguelite;Traditional Roguelike
1290750,Crawl Tactics,"Dec 8, 2022",2022-12-08,2022,91,208,"597,122,9,14139,1677,21725,4325",1999,0,Roguelike;Roguelite
2404170,Museum No.9,"Feb 9, 2025",2025-02-09,2025,75,208,"599,597,21,122,3959,10235,3987",999,0,Roguelite
2811200,Machick,"Mar 22, 2024",2024-03-22,2024,84,208,"723991,42804,4885,1662,19,3959,3871",699,0,Action Roguelike;Roguelike;Roguelite
3057760,CROPS!,"Jul 17, 2024",2024-07-17,2024,88,208,"9,1084988,32322,3959,6426,1708,3964",799,0,Roguelike;Roguelite
3818230,Maru Expedition: We can fly,"Jul 25, 2025",2025-07-25,2025,94,209,"19,597,1773,1716,42804,3798,3871",0,,Action Roguelike;Roguelike
3912370,BEERCRUSH,"Nov 20, 2025",2025-11-20,2025,100,209,"42804,3839,8666,1773,4191,1716,1759",499,0,Action Roguelike;Roguelike
1804270,Swordship,"Dec 5, 2022",2022-12-05,2022,85,210,"1773,4094,1716,4255,5154,1708,4885",1999,0,Action Roguelike;Roguelike
2776450,Multiverse Loot Hunter,"Aug 15, 2025",2025-08-15,2025,84,211,"916648,122,4236,615955,10679,4325,9",1199,0,Roguelite
2510850,Slay the Minotaur,"Feb 22, 2024",2024-02-22,2024,91,212,"42804,1646,1720,3959,1773,4231,1716",499,0,Action Roguelike;Roguelike;Roguelite
2009380,They Don't Sleep,"Sep 14, 2022",2022-09-14,2022,96,215,"42804,3964,10235,1662,3871,1659,3959",299,0,Action Roguelike;Roguelike;Roguelite
2598800,Psionic Sentry : Infinite,"Feb 2, 2025",2025-02-02,2025,83,215,"7208,4085,492,3814,13382,1697,3959",499,0,Action Roguelike;Roguelike;Roguelite
1093320,Devil's Deck,"Mar 24, 2022",2022-03-24,2022,65,218,"1091588,492,122,9,791774,32322,21",1499,0,Roguelike Deckbuilder;Roguelite
2516990,Gunner-chan!,"May 30, 2025",2025-05-30,2025,90,220,"19,42804,4637,7208,4975,4821,5752",999,0,Action Roguelike
3057190,LOOTPLOT,"Sep 9, 2025",2025-09-09,2025,94,221,"9,1716,3959,3871,3964,4182,1669",699,0,Roguelike;Roguelite
1220010,Home Behind 2,"Feb 16, 2022",2022-02-16,2022,77,222,"9,122,21,1716,492,599,3959",1999,0,Roguelike;Roguelite
1124080,Active DBG: Brave's Rage,"Feb 1, 2023",2023-02-01,2023,80,224,"1091588,1716,32322,791774,1666,3813,5796",1799,0,Roguelike;Roguelike Deckbuilder;Roguelite
2508890,Etaine: Magic Survivor / 伊泰恩：魔法幸存者,"Aug 5, 2024",2024-08-05,2024,86,224,"7208,6650,42804,3964,4085,4885,3959",349,0,Action Roguelike;Roguelike;Roguelite
1338490,AFTERBLAST,"Nov 26, 2025",2025-11-26,2025,76,225,"493,1663,42804,3843,3959,1685,19",1499,0,Action Roguelike;Roguelike;Roguelite
2278830,GunSuit Guardians,"Mar 31, 2023",2023-03-31,2023,87,228,"493,723991,42804,4758,3964,492,3959",299,0,Action Roguelike;Roguelike;Roguelite
1842730,Nightmare: The Lunatic,"Mar 31, 2024",2024-03-31,2024,87,229,"42804,1646,4026,4711,3964,3959,1716",1699,0,Action Roguelike;Roguelike;Roguelite
1304090,Cannibal Crossing,"May 26, 2022",2022-05-26,2022,63,231,"42804,3843,7332,19,4637,1100689,1695",1999,0,Action Roguelike;Roguelike
2220870,Fantasy Survivors,"May 1, 2024",2024-05-01,2024,87,232,"19,597,3959,3964,1684,492,4236",699,0,Action Roguelike;Roguelite
3432500,Sin and Love,"May 23, 2025",2025-05-23,2025,65,232,"42804,3959,1646,16094,4604,3871,1716",1499,0,Action Roguelike;Roguelike;Roguelite
1895820,Greedventory,"May 17, 2023",2023-05-17,2023,76,233,"19,4026,21,3964,1646,3798,4106",1999,0,Roguelike
1379600,Pandemic Train,"Oct 18, 2023",2023-10-18,2023,57,238,"1662,1616,4166,9,4182,6426,3834",1699,0,Roguelike
1995780,Aliens After Ava,"Jan 13, 2023",2023-01-13,2023,99,239,"492,19,8666,1673,6730,3959,6052",0,,Roguelite
2490160,NecroAttack！,"Oct 28, 2023",2023-10-28,2023,72,241,"1659,10695,3871,4562,597,4172,9",999,0,Roguelike;Roguelite
3187880,The Fable: Manga Build Roguelike,"Nov 5, 2025",2025-11-05,2025,91,241,"9,1716,1741,32322,3959,791774,3964",999,0,Roguelike;Roguelite
2715370,Ancient Cultivatrix,"Feb 13, 2025",2025-02-13,2025,67,242,"3959,4885,560542,4255,1662,1645,1716",899,0,Roguelike;Roguelite
2633080,Struggle F.O,"Nov 14, 2024",2024-11-14,2024,67,243,"19,597,5160,3942,1716,122,42804",880,0,Action Roguelike;Roguelike
1535100,Nadir: A Grimdark Deckbuilder,"Feb 7, 2023",2023-02-07,2023,61,244,"1091588,1666,791774,32322,1716,122,9",1999,0,Roguelike;Roguelike Deckbuilder;Roguelite
3005620,Drop Pockets,"Aug 8, 2025",2025-08-08,2025,84,244,"4852,701,3959,14139,1664,17389,3968",1499,0,Roguelike;Roguelite
2757630,Lonely Knight - Idle Roguelike RPG,"Mar 18, 2024",2024-03-18,2024,66,247,"597,599,42804,1084988,1720,615955,4726",0,,Action Roguelike;Roguelike
2305900,GUNFIELD,"Nov 1, 2024",2024-11-01,2024,95,249,"42804,4255,4885,723991,4637,3959,1774",499,0,Action Roguelike;Roguelite
1976230,Outnumbered,"Sep 9, 2022",2022-09-09,2022,78,250,"597,19,4885,42804,492,3959,7481",0,,Action Roguelike;Roguelite
3683850,Evolve or Die,"Nov 29, 2025",2025-11-29,2025,98,251,"19,42804,353880,4885,1774,1716,4182",499,0,Action Roguelike;Roguelike
2086140,RICE - Repetitive Indie Combat Experience™,"May 1, 2023",2023-05-01,2023,73,253,"493,597,42804,4885,723991,4758,3959",499,0,Action Roguelike;Roguelite
3112170,Dice Legends,"Oct 10, 2025",2025-10-10,2025,77,253,"1091588,1720,791774,1666,1716,32322,4325",1999,0,Roguelike;Roguelike Deckbuilder
2856370,Into the Emberlands,"Jan 20, 2025",2025-01-20,2025,79,254,"97376,3834,4726,552282,21,492,597",659,0,Roguelike
4189910,Dice In You,"Dec 11, 2025",2025-12-11,2025,95,254,"1091588,32322,9,599,1716,1770,7556",0,,Roguelike;Roguelike Deckbuilder
2761610,Creator of Another World,"Apr 30, 2024",2024-04-30,2024,85,257,"122,1716,1684,1646,5379,3871,4182",1899,0,Roguelike
2870430,Godslayer Arena,"Jun 16, 2025",2025-06-16,2025,76,258,"493,1716,1084988,9,1666,4231,791774",1499,0,Roguelike;Roguelike Deckbuilder
1518220,Spells & Secrets,"Nov 9, 2023",2023-11-09,2023,74,260,"97376,599,4182,19,7481,597,1684",2499,0,Roguelike;Roguelite
3371510,Roulette Hero,"Oct 23, 2025",2025-10-23,2025,92,261,"1773,32322,3959,492,1716,3871,4182",999,0,Roguelike;Roguelite
1683100,Ultra Age,"Apr 27, 2022",2022-04-27,2022,80,263,"4026,19,1646,4231,42804,4182,492",2499,0,Action Roguelike
882590,Outcast Tales: The First Journey,"Jan 29, 2024",2024-01-29,2024,85,268,"3959,4325,1677,1716,10695,14139,3835",0,,Roguelike;Roguelite
2657310,Godrop,"Apr 3, 2024",2024-04-03,2024,93,269,"42804,4726,7208,4291,3942,4562,19",899,0,Action Roguelike;Roguelike;Roguelite
2336590,White Night Dream,"Jun 11, 2023",2023-06-11,2023,88,271,"4085,9,1666,3959,3964,4726,1654",99,0,Roguelike;Roguelike Deckbuilder;Roguelite
2211390,Time Survivors,"Jan 15, 2024",2024-01-15,2024,61,272,"42804,4885,3964,3959,4604,19,597",499,0,Action Roguelike;Roguelike;Roguelite
3024640,None Shall Intrude: Descent,"Sep 27, 2024",2024-09-27,2024,88,272,"9,4046,791774,3959,1666,1684,3934",0,,Roguelite
1865930,Space Prison,"Jul 18, 2024",2024-07-18,2024,84,273,"14139,1751,17305,122,3942,599,3834",1999,0,Roguelike;Roguelite
2097030,Union of Gnomes,"May 29, 2025",2025-05-29,2025,80,273,"1091588,1666,1677,1716,4325,4535,32322",1499,0,Roguelike;Roguelike Deckbuilder;Roguelite
2289390,Crab God,"Jun 20, 2024",2024-06-20,2024,81,273,"4182,1716,9,3798,9157,492,552282",399,80,Roguelike
2881660,Holy Shoot,"Jul 30, 2025",2025-07-30,2025,77,273,"1663,42804,3959,1774,493,1716,492",1299,0,Action Roguelike;Roguelike;Roguelite
2134560,9th Sentinel Sisters,"Sep 10, 2025",2025-09-10,2025,68,274,"3959,19,1646,3835,4342,7208,4295",799,0,Action Roguelike;Roguelite
3324320,MYRIAD DEATH,"Mar 24, 2025",2025-03-24,2025,85,274,"42804,3834,4885,4637,1646,3959,7208",899,0,Action Roguelike;Roguelite
2782530,Shrimp.io,"Feb 12, 2024",2024-02-12,2024,84,275,"19,597,9,42804,1773,4885,3959",0,,Action Roguelike;Roguelite
2713070,Few Nights More: Genesis,"Dec 20, 2023",2023-12-20,2023,79,278,"122,1716,1741,3959,14139,3871,6815",0,,Roguelike;Roguelite
2784620,ROGUE FLIGHT,"Oct 24, 2024",2024-10-24,2024,96,279,"15045,19,1774,3959,1773,7481,6971",1999,0,Roguelite
2909250,Extreme Climbing,"Jun 5, 2024",2024-06-05,2024,92,280,"597,701,21,599,4106,5055,21978",799,0,Action Roguelike
1296450,Dust & Neon,"Feb 16, 2023",2023-02-16,2023,76,284,"4191,4231,122,4758,42804,3959,4026",1499,0,Action Roguelike;Roguelike;Roguelite
1847150,Touhou Genso Wanderer -FORESIGHT-,"May 14, 2024",2024-05-14,2024,46,290,"122,198631,1716,21,7208,3959,4085",2449,30,Roguelike;Roguelite
2321210,Neon Echo,"Apr 20, 2023",2023-04-20,2023,59,292,"42804,122,19,3798,3959,5395,1625",1499,0,Action Roguelike;Roguelike;Roguelite
2960560,Union of Gnomes: Prologue,"May 23, 2024",2024-05-23,2024,81,295,"1091588,1666,1677,1716,4325,4535,32322",0,,Roguelike;Roguelike Deckbuilder;Roguelite
2216660,Mortal Glory 2,"Mar 4, 2024",2024-03-04,2024,87,296,"14139,1716,3916,4325,10695,12472,3959",1199,0,Roguelike;Roguelite
2427450,Flick Shot Rogues,"Sep 17, 2025",2025-09-17,2025,87,296,"492,3959,1741,3968,9,14139,1770",1499,0,Roguelike;Roguelike Deckbuilder;Roguelite;Traditional Roguelike
3167970,Starless Abyss,"Apr 25, 2025",2025-04-25,2025,83,297,"9,492,7432,1091588,4325,3871,4182",799,60,Roguelike;Roguelike Deckbuilder
3464970,Holder of Place,"Nov 26, 2025",2025-11-26,2025,90,297,"1084988,1716,9,791774,4166,4604,492",449,55,Roguelike
2071430,Roots of Yggdrasil,"Sep 6, 2024",2024-09-06,2024,85,300,"32322,7208,4328,1716,1741,492,7332",1999,0,Roguelike;Roguelike Deckbuilder;Roguelite
1248800,The Rule of Land: Pioneers,"Jul 18, 2023",2023-07-18,2023,65,301,"1662,8945,6276,7332,1702,599,9564",1099,0,Roguelike
600610,The Hand of Merlin,"Jun 14, 2022",2022-06-14,2022,69,302,"1741,1708,1716,9,1742,1684,14139",2499,0,Roguelike;Roguelite
1295630,Helskate,"Jan 20, 2025",2025-01-20,2025,65,302,"1753,42804,1646,96359,3993,19,4182",2499,0,Action Roguelike;Roguelike;Roguelite
2635500,City Defense Z,"Aug 25, 2025",2025-08-25,2025,73,302,"1716,597,1659,492,3959,1645,3835",999,0,Roguelike;Roguelite
3201070,Gigantes Ex Machina,"Aug 5, 2025",2025-08-05,2025,83,304,"4637,4885,723991,4821,19,492,493",1499,0,Action Roguelike;Roguelike;Roguelite
2088650,Mist Slayer,"Aug 17, 2023",2023-08-17,2023,64,305,"42804,19,3959,1685,3859,3843,1716",799,0,Action Roguelike;Roguelike;Roguelite
3406850,Debugging Hero,"May 30, 2025",2025-05-30,2025,87,307,"42804,1646,3964,4791,19,3959,1684",999,0,Action Roguelike;Roguelike;Roguelite
915230,Zombie Rollerz: Pinball Heroes,"Mar 2, 2022",2022-03-02,2022,82,308,"6621,1659,3959,492,4255,19,599",1499,0,Action Roguelike;Roguelike;Roguelite
2523250,FatalZone: Outbreak,"Sep 25, 2023",2023-09-25,2023,75,308,"42804,4885,1659,1662,19,3959,4637",0,,Action Roguelike;Roguelike;Roguelite
1807090,Wantless : Solace at World’s End,"May 16, 2024",2024-05-16,2024,89,310,"21725,14139,4026,3959,492,1708,122",1799,0,Roguelite
1702990,Legend of the Outlaw Mage,"Feb 18, 2022",2022-02-18,2022,95,311,"19,492,42804,7208,3959,4252,4975",0,,Action Roguelike;Roguelite
2118250,Kitchen Crisis,"Apr 2, 2024",2024-04-02,2024,74,311,"597,1645,1716,3959,3871,4726,5851",1499,0,Roguelike;Roguelite
2400960,SolForge Fusion,"Apr 16, 2024",2024-04-16,2024,74,311,"493,113,1666,1091588,9271,3959,791774",0,,Roguelike Deckbuilder;Roguelite
1815230,Summum Aeterna,"Sep 14, 2023",2023-09-14,2023,83,312,"21,3959,42804,3871,1716,4711,1646",1999,0,Action Roguelike;Roguelike;Roguelite
3385370,Maze Mice,"Jul 11, 2025",2025-07-11,2025,88,316,"723991,42804,5796,6625,1773,3959,4885",999,0,Action Roguelike;Roguelike;Roguelite
3201570,VR Sailing,"Oct 15, 2024",2024-10-15,2024,96,317,"699,599,13577,701,19,597,21978",799,0,Action Roguelike
1256530,Sentimental K,"Jan 17, 2022",2022-01-17,2022,82,322,"19,492,42804,1716,1646,4191,1759",2499,0,Action Roguelike;Roguelike
1689350,My life as an archeologist,"Jan 10, 2022",2022-01-10,2022,88,322,"1646,560542,5652,3959,6730,1773,1716",399,0,Roguelike;Roguelite
1919720,Crimson Dawn,"Apr 11, 2023",2023-04-11,2023,61,328,"122,19,1716,3959,4885,3871,3964",399,0,Action Roguelike;Roguelike;Roguelite
1311570,Desecrators,"Feb 28, 2025",2025-02-28,2025,96,330,"15045,4835,3839,4182,1774,3916,1023537",1499,0,Roguelike
2330870,CD 2: Trap Master,"Mar 28, 2024",2024-03-28,2024,79,330,"492,4191,1645,791774,1716,32322,4342",1499,0,Roguelike;Roguelite
3176850,Second Stellar,"Dec 10, 2025",2025-12-10,2025,99,333,"492,42804,3964,6730,3871,493,4791",499,0,Action Roguelike
2517810,The Last Flame: Prologue,"Jan 8, 2024",2024-01-08,2024,86,334,"9,1084988,1716,21,1708,122,14139",0,,Roguelike
2543510,GUNTOUCHABLES,"Aug 7, 2025",2025-08-07,2025,76,338,"42804,3859,3959,3835,3843,1659,1685",499,0,Action Roguelike;Roguelite
809310,Sipho,"Sep 30, 2023",2023-09-30,2023,83,341,"42804,19,492,599,9,3810,9157",1799,15,Action Roguelike;Roguelite
2380320,Choice of Life: Wild Islands,"Sep 26, 2024",2024-09-26,2024,92,343,"122,4486,1666,3871,4136,597,492",699,0,Roguelike Deckbuilder
3107590,スペルトナエル,"Sep 13, 2024",2024-09-13,2024,97,343,"42804,4057,1708,4885,4026,492,9",899,0,Action Roguelike;Roguelike
1895860,Monster Girls and the Mysterious Adventure 2,"Aug 26, 2022",2022-08-26,2022,89,344,"198631,122,599,1716,9,1646,4182",2499,0,Roguelike;Traditional Roguelike
2726870,Loopstructor,"Aug 7, 2024",2024-08-07,2024,81,344,"9,1645,1716,492,1662,1676,4182",699,0,Roguelike;Roguelike Deckbuilder;Roguelite
2323080,Tiny Survivors,"Dec 22, 2023",2023-12-22,2023,59,345,"42804,4885,1646,1773,3959,3871,4791",0,,Action Roguelike;Roguelite
2003050,Perseus: Titan Slayer,"Feb 13, 2023",2023-02-13,2023,63,348,"19,492,42804,3959,122,21,1716",799,0,Action Roguelike;Roguelike;Roguelite
3686580,Repel The Rifts,"Nov 24, 2025",2025-11-24,2025,84,350,"1645,1716,4821,3942,1708,1677,3959",1299,0,Roguelike;Roguelite
1929360,Tumbleweed Destiny,"Mar 31, 2022",2022-03-31,2022,95,351,"560542,3959,615955,4106,122,4191,1697",299,0,Roguelite
3777060,Gold Miner:Classic Edition,"Jul 20, 2025",2025-07-20,2025,82,354,"5981,14720,1647,5652,1773,9,3959",399,0,Roguelike;Roguelite
1808320,Lake of Creatures,"Nov 15, 2024",2024-11-15,2024,92,358,"492,42804,1716,4711,3964,4026,4182",1249,0,Action Roguelike;Roguelike;Roguelite
1098610,Crush the Industry,"Apr 16, 2025",2025-04-16,2025,89,361,"1091588,4711,1677,4004,3964,1716,9",1499,0,Roguelike;Roguelike Deckbuilder;Roguelite
1811430,Biters & Bullets: Prologue,"Jul 19, 2022",2022-07-19,2022,90,361,"19,42804,597,4885,3959,4191,4252",0,,Action Roguelike;Roguelite
2009860,Tower Escape,"Feb 15, 2023",2023-02-15,2023,83,362,"3959,1091588,1645,916648,492,1084988,4004",799,0,Roguelike;Roguelike Deckbuilder;Roguelite
1016360,PERISH,"Feb 2, 2023",2023-02-02,2023,68,364,"4345,19,4667,492,3959,3839,3843",1999,0,Roguelite
2125420,Zorbus,"Sep 14, 2022",2022-09-14,2022,90,364,"454187,1716,1720,122,1684,5125,4325",499,0,Roguelike;Traditional Roguelike
3353100,Passant: A Chess Roguelike,"Aug 11, 2025",2025-08-11,2025,79,365,"9,4184,597,1716,1741,4182,3959",1199,0,Roguelike;Roguelite
1882040,Craft Hero,"Oct 9, 2022",2022-10-09,2022,81,368,"7332,1702,3810,1662,599,122,1643",499,0,Roguelike;Roguelite
2981070,Arcane Trigger,"Nov 12, 2025",2025-11-12,2025,85,369,"3959,9,3964,1666,1716,122,597",899,0,Roguelike;Roguelite
2099220,Mobmania,"Jul 11, 2025",2025-07-11,2025,86,370,"1773,4231,3959,4085,42804,4182,3843",499,0,Action Roguelike;Roguelike;Roguelite
2281820,Evolings,"Sep 21, 2023",2023-09-21,2023,77,379,"916648,42804,122,14139,6730,17305,19",499,0,Action Roguelike
1394130,Breach Wanderers,"Jun 9, 2023",2023-06-09,2023,87,381,"1091588,32322,791774,3959,1666,1716,14139",1499,0,Roguelike;Roguelike Deckbuilder;Roguelite
2542140,Ketz: Galactic Overlords,"May 9, 2025",2025-05-09,2025,71,385,"723991,42804,4236,4885,3959,122,1646",899,34,Action Roguelike;Roguelike;Roguelite
3519530,Merge Maestro,"Jun 19, 2025",2025-06-19,2025,93,385,"1091588,9,1716,1773,32322,1741,492",399,0,Roguelike;Roguelike Deckbuilder
1491200,Few Nights More,"Jan 22, 2025",2025-01-22,2025,81,388,"122,1716,1741,12686,7332,4182,14139",1499,0,Roguelike;Roguelite
3063750,Pixel Dungeon VR,"May 27, 2025",2025-05-27,2025,90,393,"599,21978,1720,4231,1685,4106,3959",1999,0,Action Roguelike;Roguelike;Roguelite
3109580,I Am Legion: Stand Survivors,"Mar 6, 2025",2025-03-06,2025,89,395,"42804,4885,3959,4255,492,4236,4791",449,50,Action Roguelike;Roguelike;Roguelite
1189490,觅长生,"Jan 12, 2023",2023-01-12,2023,94,398,"122,1695,6915,9,760247,1684,4325",1499,0,Roguelite
3151760,Roboquest VR,"Nov 20, 2025",2025-11-20,2025,87,399,"19,21978,1716,5752,21,597,1774",2999,0,Roguelike;Roguelite
2083900,FLERP,"Sep 9, 2022",2022-09-09,2022,86,401,"19,1716,6730,1773,42804,5154,8945",299,0,Action Roguelike;Roguelike;Roguelite
2424650,Froggy's Battle,"Jul 19, 2023",2023-07-19,2023,94,401,"42804,1753,3959,1773,492,3871,4726",99,50,Action Roguelike;Roguelike;Roguelite
3140120,Wordatro!,"Jun 23, 2025",2025-06-23,2025,85,401,"9,1716,24003,3959,13070,4094,4305",999,0,Roguelike;Roguelite
3201010,Starlight Revolver,"Aug 27, 2025",2025-08-27,2025,54,404,"4085,4106,4305,8093,4726,3959,44868",1299,0,Action Roguelike;Roguelite
2118370,Bosorka,"Apr 14, 2023",2023-04-14,2023,90,405,"19,42804,4255,1684,4252,7208,4758",599,0,Action Roguelike;Roguelike
3997630,Spartan Survivors,"Oct 28, 2025",2025-10-28,2025,87,405,"19,4885,3959,597,4637,3964,3871",0,,Action Roguelike;Roguelite
3091390,Ashes of the Union,"Jul 23, 2024",2024-07-23,2024,63,406,"42804,353880,1100687,4747,3835,4191,4791",1299,0,Action Roguelike
1709050,Nitro Kid,"Oct 18, 2022",2022-10-18,2022,88,411,"492,1091588,5851,7743,6915,32322,3942",1999,0,Roguelike;Roguelike Deckbuilder;Roguelite
3088410,7th Domain:Tree of Chaos,"Aug 16, 2024",2024-08-16,2024,85,414,"122,19,4604,42804,3964,1628,4057",1199,0,Action Roguelike
3206200,Magic Rune Stone,"Apr 25, 2025",2025-04-25,2025,77,414,"19,42804,3871,3964,1716,4057,4182",999,0,Action Roguelike;Roguelike
2198680,Dead Town Tales,"May 25, 2023",2023-05-25,2023,82,417,"9,1666,3959,3871,6815,5716,5613",1199,0,Roguelite
1454010,Diary of Lucie,"Feb 24, 2023",2023-02-24,2023,88,418,"42804,19,3959,5716,1684,3964,3871",1299,0,Action Roguelike;Roguelike;Roguelite
2270750,Black Gunner Wukong,"Feb 4, 2024",2024-02-04,2024,98,420,"4255,42804,353880,3814,5547,620519,1774",999,0,Action Roguelike;Roguelike
2516820,LuckLand,"Aug 26, 2023",2023-08-26,2023,95,422,"1091588,32322,3959,9,492,1716,1666",899,0,Roguelike;Roguelike Deckbuilder;Roguelite
2246110,Q REMASTERED,"May 1, 2023",2023-05-01,2023,82,424,"1664,4026,3968,597,6815,4182,492",449,50,Roguelike
1664670,Refactor,"Mar 28, 2022",2022-03-28,2022,83,430,"1645,3959,1643,14139,9,3964,1732",499,0,Roguelike;Roguelite
3096270,NETHER DUNGEONS,"Nov 15, 2024",2024-11-15,2024,82,432,"42804,1720,3959,6730,4026,1774,1716",0,,Action Roguelike;Roguelike;Roguelite
2760790,Another Farm Roguelike: Rebirth,"Aug 1, 2025",2025-08-01,2025,69,435,"1091588,1741,32322,87918,9,3964,1716",699,0,Roguelike;Roguelike Deckbuilder;Roguelite
1903560,Atomic Picnic,"Nov 7, 2024",2024-11-07,2024,70,443,"1716,3959,42804,4885,3843,3814,493",1999,0,Action Roguelike;Roguelike;Roguelite
2129810,Reignbreaker,"Mar 18, 2025",2025-03-18,2025,75,445,"4231,42804,3959,1716,1646,3993,4182",999,0,Action Roguelike;Roguelike;Roguelite;Traditional Roguelike
2100150,Shadow of the Depth,"Apr 9, 2025",2025-04-09,2025,69,448,"492,19,42804,1646,3959,122,1716",1499,0,Action Roguelike;Roguelike;Roguelite
4158400,Clockwork Cleanup,"Dec 8, 2025",2025-12-08,2025,99,449,"9,1084988,1664,1716,597,3964,6815",0,,Roguelike
1285060,Winter Falling: Battle Tactics,"Nov 8, 2022",2022-11-08,2022,90,450,"1677,4182,1741,1684,9,8122,14139",1499,0,Roguelite
2252960,Flashback,"Feb 20, 2023",2023-02-20,2023,85,450,"4085,6426,6971,3959,597,1664,7208",99,0,Roguelike;Roguelite
2752720,Dice Player One,"Sep 12, 2024",2024-09-12,2024,90,456,"1091588,4711,32322,17389,1716,4182,9",899,40,Roguelike;Roguelike Deckbuilder;Roguelite
1393420,TOKOYO: The Tower of Perpetuity,"Jun 1, 2022",2022-06-01,2022,87,457,"42804,5379,4885,3959,4026,1625,7208",1199,0,Action Roguelike;Roguelike;Roguelite
2332260,Feed the Deep,"Aug 16, 2024",2024-08-16,2024,88,462,"3959,7432,492,1716,3834,3968,4342",279,60,Roguelike;Roguelite
1163740,Card Hog,"Dec 4, 2023",2023-12-04,2023,93,464,"791774,1677,1091588,32322,3959,1741,1719",599,0,Roguelike;Roguelike Deckbuilder;Roguelite
2536960,Shadowveil: Legend of The Five Rings,"Mar 4, 2025",2025-03-04,2025,74,469,"21,3959,9,1091588,1716,32322,17305",999,60,Roguelike;Roguelike Deckbuilder;Roguelite
3141720,Monster Battles,"May 15, 2025",2025-05-15,2025,74,471,"1091588,1084988,14139,6276,9,1716,1775",1499,28,Roguelike;Roguelike Deckbuilder;Roguelite
2096510,The Ouroboros King,"Feb 27, 2023",2023-02-27,2023,80,472,"14139,3959,4026,1770,4184,1741,1716",999,0,Roguelike;Roguelite
2097720,Black Market of Bulletphilia  ~ 100th Black Market.,"Aug 14, 2022",2022-08-14,2022,83,477,"4255,7208,1774,3871,180368,19,4726",1499,0,Roguelite
3288300,Dark Fairy Tale: Dreamland Survivors,"Jun 19, 2025",2025-06-19,2025,90,479,"42804,4885,1716,4637,1662,5547,3871",499,0,Action Roguelike;Roguelike
1487270,Last Command,"Oct 25, 2022",2022-10-25,2022,96,489,"4885,4726,3871,4085,4026,7208,19",974,35,Action Roguelike
2332410,Hero of Fate,"Sep 1, 2023",2023-09-01,2023,78,495,"7107,1676,6426,4486,3959,1684,1662",299,0,Roguelike Deckbuilder;Roguelite
3032830,Katanaut,"Sep 10, 2025",2025-09-10,2025,88,495,"19,42804,1716,1646,1734,3959,4026",1799,0,Action Roguelike;Roguelike;Roguelite
3393750,我的人生,"Mar 5, 2025",2025-03-05,2025,65,496,"1091588,1666,10235,492,32322,4136,6971",699,0,Roguelike;Roguelike Deckbuilder;Roguelite
2421310,桃色武林,"Dec 5, 2024",2024-12-05,2024,78,505,"1659,12095,9130,6650,4085,3799,122",999,0,Action Roguelike;Roguelike;Roguelite
2348090,Crop Rotation,"Sep 15, 2023",2023-09-15,2023,94,508,"1091588,32322,1666,1084988,4520,1716,9",999,0,Roguelike;Roguelike Deckbuilder
809540,Mechs V Kaijus - Tower Defense,"Feb 17, 2022",2022-02-17,2022,83,510,"1645,492,9,4821,19,3964,5752",1299,0,Roguelike;Roguelite
2951580,Rhythm Witch: Beat Death,"May 8, 2025",2025-05-08,2025,93,510,"1752,723991,4885,42804,4726,7208,4255",599,0,Action Roguelike;Roguelike
2311990,Rack and Slay,"May 27, 2024",2024-05-27,2024,91,516,"1716,4852,1720,3959,9,3871,4711",599,0,Action Roguelike;Roguelike;Roguelike Deckbuilder;Roguelite
3363560,Shard Squad,"Nov 10, 2025",2025-11-10,2025,82,516,"723991,42804,916648,4885,3959,3964,1716",699,0,Action Roguelike;Roguelike;Roguelite
1299620,Fabled Lands,"May 26, 2022",2022-05-26,2022,79,524,"4474,1695,4486,122,3959,11014,1742",1899,0,Roguelike;Roguelite
2050590,Fhtagn Simulator,"Oct 21, 2022",2022-10-21,2022,89,537,"32322,1091588,7432,3959,1084988,255534,1666",799,0,Roguelike;Roguelike Deckbuilder;Roguelite
2074480,Sunset Routes,"Nov 16, 2022",2022-11-16,2022,95,546,"9,4085,1091588,3959,13577,32322,597",99,0,Roguelike;Roguelike Deckbuilder;Roguelite
2853160,SHOOPER NOVA,"Apr 2, 2025",2025-04-02,2025,83,547,"9,3959,597,19,1645,4885,42804",272,61,Action Roguelike;Roguelike;Roguelite
3315330,Big Winner,"Jun 13, 2025",2025-06-13,2025,82,552,"122,599,9,1666,17305,791774,3964",1299,0,Roguelite
1719040,Morsels,"Nov 18, 2025",2025-11-18,2025,75,553,"42804,3964,19,4758,4604,17894,4562",1499,0,Action Roguelike;Roguelike;Roguelite
2455920,Mimic Logic,"Feb 22, 2024",2024-02-22,2024,97,553,"1664,1716,5125,1684,4004,4182,492",399,0,Roguelike
2843640,Idle Colony,"Dec 16, 2024",2024-12-16,2024,82,553,"560542,597,255534,9,615955,4695,12472",599,0,Roguelite
3573070,Toy Smash Kaboom!,"Dec 3, 2025",2025-12-03,2025,84,553,"1084988,1775,3859,17770,1091588,4085,4562",979,30,Roguelike;Roguelike Deckbuilder;Roguelite
3265060,Touhou Dystopian,"Oct 17, 2025",2025-10-17,2025,97,556,"42804,7208,19,3959,4191,1697,4726",999,0,Action Roguelike;Roguelike;Roguelite
2218400,Greedland,"Sep 15, 2025",2025-09-15,2025,83,559,"4255,3959,4758,4885,3814,1716,3942",519,60,Roguelike;Roguelite
2388460,Pathfinder: Gallowspire Survivors,"Apr 4, 2024",2024-04-04,2024,59,560,"4231,122,4885,42804,3959,597,1773",699,0,Action Roguelike;Roguelite
1824580,Dungeon Drafters,"Apr 27, 2023",2023-04-27,2023,76,563,"21725,198631,1720,3959,1666,4434,7208",2499,0,Roguelite
3021630,Savara,"May 6, 2025",2025-05-06,2025,87,563,"42804,1720,29482,122,19,3959,4182",1999,0,Action Roguelike;Roguelike;Roguelite
2082410,Anomaly Collapse,"Apr 11, 2024",2024-04-11,2024,85,567,"14139,1741,1677,4325,10695,3959,9",1999,0,Roguelike;Roguelite
2251010,The Witch's Cauldron,"Jan 24, 2024",2024-01-24,2024,90,576,"6426,599,6971,1702,1742,492,1684",799,0,Roguelike;Roguelite
2917350,Spin Hero,"Oct 8, 2024",2024-10-08,2024,73,576,"1716,1084988,1091588,492,12472,6426,5125",399,50,Roguelike;Roguelike Deckbuilder;Roguelite
2891120,Mad Smartphone Tycoon,"Sep 12, 2024",2024-09-12,2024,71,577,"12472,599,597,9,4191,1643,4182",1199,29,Roguelite
2688680,Girls of The Tower,"Feb 23, 2024",2024-02-23,2024,84,581,"1084988,1716,9,7208,3799,122,4434",699,0,Roguelike
1168870,Mists of Noyah,"May 22, 2022",2022-05-22,2022,63,583,"492,122,19,3964,3859,1662,1625",1999,0,Roguelike
1717090,Into the Necrovale,"Sep 30, 2024",2024-09-30,2024,84,584,"42804,1646,1720,4231,1716,4106,4604",1499,0,Action Roguelike;Roguelike;Roguelite
1493520,Beat Hazard 3,"Jun 22, 2024",2024-06-22,2024,84,585,"1752,8253,1621,4885,1716,4758,492",1999,0,Roguelike;Roguelite
3064290,Trizon,"May 14, 2025",2025-05-14,2025,92,589,"14139,32322,9,3959,1666,1741,6730",899,0,Roguelike;Roguelite
3232040,BodyRecords,"Apr 17, 2025",2025-04-17,2025,70,590,"1664,1667,3834,1685,1738,1716,1695",699,0,Roguelike
2092850,Krzyżacy - The Knights of the Cross,"Jul 19, 2023",2023-07-19,2023,74,591,"791774,3964,6971,122,17305,4172,4182",1599,0,Roguelite
1889620,AI Roguelite,"Oct 25, 2023",2023-10-25,2023,83,603,"122,31275,7926,10695,4486,3799,3959",1499,0,Roguelike;Roguelite
3096620,Legacy of Defense - Prologue,"Aug 4, 2024",2024-08-04,2024,81,603,"1645,9,32322,3959,599,1720,597",0,,Roguelike;Roguelite
2281650,An Ankou,"Aug 17, 2023",2023-08-17,2023,67,604,"3834,1716,42804,1773,1646,4604,4791",499,0,Action Roguelike;Roguelike
1167680,Orbital Bullet – The 360° Rogue-lite,"Mar 21, 2022",2022-03-21,2022,82,605,"1625,3964,1716,42804,19,5379,4026",1699,0,Action Roguelike;Roguelike
1668290,Dungeons of Aether,"Feb 28, 2023",2023-02-28,2023,82,609,"9,3964,1741,3959,4325,1777,4182",1499,0,Roguelike;Roguelite
1766390,FORWARD: Escape the Fold - Ultimate Edition,"Mar 29, 2022",2022-03-29,2022,85,610,"1716,9,1666,1720,14139,1741,597",999,0,Roguelike;Roguelike Deckbuilder;Roguelite
3449040,Machick 2,"Sep 10, 2025",2025-09-10,2025,88,610,"723991,1716,42804,4885,1662,3959,3871",699,0,Action Roguelike;Roguelike;Roguelite
2608350,Snezhinka:Sentinel Girls2,"Aug 26, 2024",2024-08-26,2024,98,612,"4085,3964,4726,4758,42804,4885,3959",799,0,Action Roguelike;Roguelike;Roguelite
1998450,Black & White,"Mar 16, 2023",2023-03-16,2023,70,613,"21,9,122,1741,4434,3799,17305",1499,0,Roguelike
1724770,Castle Of Alchemists,"Apr 10, 2025",2025-04-10,2025,80,618,"1645,4231,3964,19,4637,1702,4255",1499,0,Roguelike
2842150,Pair A Dice,"Jul 31, 2025",2025-07-31,2025,57,619,"3843,113,6730,492,3839,21,1685",0,,Roguelike
3667230,The Deadseat,"May 14, 2025",2025-05-14,2025,97,625,"4182,1742,3978,1667,4342,19,1716",299,0,Roguelike
1266430,Lost In Fantaland,"Sep 26, 2024",2024-09-26,2024,84,631,"1091588,9,3964,122,492,32322,791774",1399,0,Roguelike Deckbuilder;Roguelite
2630080,They Are Coming,"Oct 30, 2023",2023-10-30,2023,90,632,"493,492,42804,1774,4255,1645,1659",299,0,Action Roguelike
1934080,Floating Life2,"Oct 26, 2023",2023-10-26,2023,50,637,"4325,21,122,3834,1664,4486,1695",1999,0,Roguelite
3026450,Deadly Days: Roadtrip,"Sep 22, 2025",2025-09-22,2025,88,638,"493,6276,42804,723991,4236,3964,4885",1499,0,Action Roguelike;Roguelike;Roguelite
1269710,Kainga: Seeds of Civilization,"Dec 6, 2022",2022-12-06,2022,74,641,"4328,3959,492,4182,3916,9,5300",1999,0,Roguelike;Roguelite
1638390,Indies' Lies,"Jan 15, 2023",2023-01-15,2023,74,662,"1091588,1666,791774,32322,1716,1677,9",1499,0,Roguelike;Roguelike Deckbuilder;Roguelite
1766010,Force Reboot,"Aug 25, 2022",2022-08-25,2022,94,662,"1663,1734,19,3839,1774,3959,4004",299,0,Action Roguelike;Roguelike;Roguelite
2803280,Dragon Is Dead,"Jun 6, 2025",2025-06-06,2025,75,663,"42804,1716,3959,1646,4231,19,122",1999,0,Action Roguelike;Roguelike;Roguelite
1140150,Touhou: Lost Branch of Legend,"Aug 17, 2022",2022-08-17,2022,97,666,"1091588,4085,9,791774,1716,1666,32322",2999,0,Roguelike;Roguelike Deckbuilder;Roguelite
1425000,Endless Alice,"Jan 15, 2025",2025-01-15,2025,90,667,"493,42804,492,3814,3843,1646,4434",899,0,Action Roguelike;Roguelite
3177970,Bioweaver,"Nov 15, 2024",2024-11-15,2024,77,668,"5432,21725,353880,4231,1646,4885,32322",699,0,Action Roguelike;Roguelite
2002220,Keeper's Toll,"Oct 28, 2024",2024-10-28,2024,88,669,"42804,723991,3959,3964,4885,1716,4231",699,0,Action Roguelike;Roguelike;Roguelite
2061150,Ikki Unite,"Feb 14, 2023",2023-02-14,2023,77,675,"597,19,42804,4885,3843,3859,6730",1199,0,Action Roguelike;Roguelite
1048350,Nigate Tale,"Sep 24, 2024",2024-09-24,2024,67,679,"42804,4057,492,1646,19,1716,4182",1999,0,Action Roguelike;Roguelike;Roguelite
3419220,Dungeon Warfare 3,"Aug 29, 2025",2025-08-29,2025,78,682,"1645,9,599,3968,1643,3964,6730",1899,0,Roguelite
1184820,Poker Quest: Swords and Spades,"Nov 14, 2022",2022-11-14,2022,86,685,"1666,1716,1091588,32322,4026,6835,4182",1499,0,Roguelike;Roguelike Deckbuilder;Roguelite
1911360,Trinity Fusion,"Dec 15, 2023",2023-12-15,2023,85,691,"42804,3959,1628,1625,1716,29482,4231",1999,0,Action Roguelike;Roguelike;Roguelite
1589570,Dunjungle,"Dec 10, 2025",2025-12-10,2025,96,695,"42804,4182,5125,3964,4026,7481,1716",1499,0,Action Roguelike;Roguelike;Roguelite
3469750,Military Incremental Complex,"Nov 21, 2025",2025-11-21,2025,82,695,"560542,615955,599,255534,4845,4695,12472",999,0,Roguelike
1390700,The Crackpet Show,"Dec 15, 2022",2022-12-15,2022,86,703,"4136,4026,4758,42804,1716,5923,4726",1699,0,Action Roguelike;Roguelike;Roguelite
1175360,Doomsday Hunters,"Jul 20, 2023",2023-07-20,2023,89,704,"1773,4758,4026,1759,4885,1720,4975",1599,0,Action Roguelike;Roguelike;Roguelite
2296550,Axon TD: Uprising - Tower Defense,"Sep 27, 2024",2024-09-27,2024,86,708,"1645,3813,3959,9,6730,1676,1716",1999,0,Roguelike;Roguelite
1694420,Card Survival: Tropical Island,"Sep 16, 2022",2022-09-16,2022,94,715,"1662,1666,21,599,4182,1702,1759",2499,0,Roguelike
2423300,School Labyrinth,"Feb 21, 2024",2024-02-21,2024,83,715,"1667,3843,3859,5125,19,1687,1685",699,0,Roguelike;Roguelite
3839300,Dogpile,"Dec 10, 2025",2025-12-10,2025,95,716,"1091588,3968,1666,6815,597,1654,1664",999,0,Roguelike;Roguelike Deckbuilder
3553210,Auto Rogue,"May 23, 2025",2025-05-23,2025,91,719,"1716,5432,492,255534,1084988,4711,3959",699,0,Roguelike;Roguelite
3054610,Artifact Seeker: Resurrection,"Jul 26, 2024",2024-07-26,2024,79,726,"42804,4885,3959,1662,492,723991,4791",899,0,Action Roguelike;Roguelite
1619570,Death Roads: Tournament,"Nov 15, 2023",2023-11-15,2023,80,730,"9,4325,1091588,1666,699,492,3959",1499,0,Roguelike;Roguelike Deckbuilder;Roguelite
2464880,Terracards,"Nov 7, 2023",2023-11-07,2023,84,730,"493,9,1091588,32322,3959,597,12472",899,0,Roguelike;Roguelike Deckbuilder;Roguelite
4066790,The Backrooms Deluxe 2,"Dec 24, 2025",2025-12-24,2025,49,732,"21,3859,5900,3839,113,3834,3959",0,,Roguelike;Roguelite
2095890,Black Gunner Wukong: Prologue,"Nov 10, 2023",2023-11-10,2023,97,738,"16094,4231,19,122,29482,1742,353880",0,,Action Roguelike;Roguelike
2058570,Rift Wizard 2,"Jan 31, 2025",2025-01-31,2025,91,744,"454187,4057,5125,4094,4004,122,6691",1999,0,Roguelike;Traditional Roguelike
2354600,Renfield: Bring Your Own Blood,"Sep 20, 2023",2023-09-20,2023,77,748,"42804,4885,3964,3959,3871,12686,4182",499,0,Action Roguelike;Roguelike;Roguelite
1817500,Abandoned Archive,"Nov 24, 2025",2025-11-24,2025,93,749,"42804,1720,1759,1716,6730,4057,3871",599,0,Action Roguelike;Roguelike
2746910,Three Kingdoms: The Blood Moon,"Apr 2, 2025",2025-04-02,2025,91,756,"1091588,32322,1666,791774,1741,9,1677",269,81,Roguelike;Roguelike Deckbuilder;Roguelite
2488510,FatalZone,"Sep 17, 2024",2024-09-17,2024,70,759,"42804,4885,1659,1662,3959,4637,5547",699,0,Action Roguelike;Roguelike;Roguelite
2335130,"FROM ASHES, BLOOM","Mar 11, 2024",2024-03-11,2024,92,765,"30358,42804,1645,4305,1662,4726,5851",0,,Action Roguelike
1036740,METAL DOGS,"Mar 23, 2023",2023-03-23,2023,81,766,"1646,597,1637,4726,42804,4182,3835",1999,0,Action Roguelike;Roguelite
3353830,LivingBattle,"Sep 12, 2025",2025-09-12,2025,36,766,"1721,1695,5923,699,4026,15277,3968",0,,Action Roguelike;Roguelite
2564520,Lost in Random: The Eternal Die,"Jun 17, 2025",2025-06-17,2025,84,773,"19,3959,1646,42804,1716,4711,7208",2499,0,Action Roguelike;Roguelike;Roguelite;Traditional Roguelike
2494810,Dark Hunting Ground,"Sep 6, 2025",2025-09-06,2025,92,774,"4236,4231,1646,615955,353880,122,3964",1299,0,Roguelike
2305500,FAIRY TAIL: DUNGEONS,"Aug 26, 2024",2024-08-26,2024,92,778,"1091588,3959,1677,4711,1666,492,3964",1399,0,Roguelike;Roguelike Deckbuilder;Roguelite
2964410,NETHER HEROES,"Jun 5, 2024",2024-06-05,2024,89,778,"42804,5379,19,1625,113,4106,1716",0,,Action Roguelike;Roguelike
3074110,The Rangers In The South,"Jan 9, 2025",2025-01-09,2025,81,781,"42804,3964,4975,1684,1716,1646,1695",399,0,Action Roguelike;Roguelike;Roguelite
3247500,"Shooters, Ready!","Mar 27, 2025",2025-03-27,2025,99,809,"1663,4726,1773,1774,5154,701,1742",499,0,Roguelite
582330,Warriors: Rise to Glory,"Jan 20, 2022",2022-01-20,2022,77,849,"9,3859,122,1677,10397,3959,3843",1999,0,Roguelite
2151580,Infinite Tao,"May 8, 2023",2023-05-08,2023,79,853,"42804,4885,597,19,1084988,32322,1716",399,0,Action Roguelike;Roguelike;Roguelite
1769170,Shattered Pixel Dungeon,"Mar 23, 2022",2022-03-23,2022,92,855,"454187,1720,1716,1677,122,198631,1759",999,0,Roguelike;Traditional Roguelike
2113050,RUNGORE: Beginner Experience,"Sep 2, 2022",2022-09-02,2022,91,860,"1091588,1666,791774,1716,9,3959,32322",0,,Roguelike;Roguelike Deckbuilder;Roguelite
1266630,懒人修仙传2,"Jun 21, 2022",2022-06-21,2022,71,875,"615955,3834,16689,3959,24003,6915,12472",799,0,Roguelite
2644610,Menace from the Deep,"Nov 11, 2024",2024-11-11,2024,89,880,"7432,1091588,32322,1716,791774,4342,1666",1699,26,Roguelike;Roguelike Deckbuilder;Roguelite
1910780,Fray Fight,"Jun 9, 2022",2022-06-09,2022,74,883,"42804,122,4885,19,1662,113,3871",0,,Action Roguelike;Roguelite
2870340,Decktamer,"Oct 27, 2025",2025-10-27,2025,89,888,"1091588,916648,1666,791774,4325,32322,9",1599,0,Roguelike;Roguelike Deckbuilder
3471350,Alpha League HD,"Feb 14, 2025",2025-02-14,2025,88,906,"1084988,1741,597,1716,1666,122,14139",0,,Roguelike;Roguelite
2531940,Stray Path,"Feb 6, 2025",2025-02-06,2025,73,920,"791774,9,3964,3959,1666,3834,21",1499,25,Roguelike;Roguelite
2325920,Forestrike,"Nov 17, 2025",2025-11-17,2025,91,925,"19,4736,3959,3964,3871,6915,3993",999,0,Roguelite
2949320,Ratatan,"Sep 18, 2025",2025-09-18,2025,90,927,"492,1621,4085,1716,4726,1752,3871",2499,0,Action Roguelike;Roguelike
2934190,Aooni,"Jul 25, 2024",2024-07-25,2024,77,934,"122,1667,3871,4182,4434,492,21",999,0,Roguelite
2518630,None Shall Intrude,"Jan 21, 2025",2025-01-21,2025,73,936,"9,1666,791774,3959,3871,4046,1684",1499,0,Roguelite
1573630,Choice of Life: Middle Ages 2,"Sep 30, 2022",2022-09-30,2022,94,940,"21,4182,122,599,1666,9,6426",699,0,Roguelike Deckbuilder
2185780,Return to abyss 重返深渊,"Jan 6, 2023",2023-01-06,2023,79,949,"21,19,42804,4106,4231,4885,3959",499,0,Action Roguelike;Roguelite
3399950,Your Mother,"Feb 28, 2025",2025-02-28,2025,93,952,"1320952,4085,7208,4667,3871,4726,1663",99,0,Roguelike
3066570,Aotenjo: Infinite Hands,"Jan 19, 2025",2025-01-19,2025,87,960,"9,1091588,32322,8945,4711,1666,1716",799,20,Roguelike;Roguelike Deckbuilder
2094910,Pile Up!,"Jul 23, 2025",2025-07-23,2025,73,962,"1654,7332,492,597,4166,3810,4094",999,0,Roguelite
1323470,GetsuFumaDen: Undying Moon,"Feb 16, 2022",2022-02-16,2022,76,963,"1716,1646,4166,4026,42804,4711,7948",2499,31,Action Roguelike;Roguelike;Roguelite
2618840,末世少女 Zombie Girl,"Oct 13, 2023",2023-10-13,2023,50,968,"12095,6650,7208,3814,1659,1774,3835",999,0,Roguelite
3081280,Wretch: Divine Ascent,"Nov 19, 2025",2025-11-19,2025,75,977,"9,1084988,1775,4172,19,492,1716",1169,22,Roguelike
1131240,Dungeons of Edera,"Jun 16, 2022",2022-06-16,2022,67,983,"19,122,21,492,1720,3959,1646",1499,0,Action Roguelike;Roguelike;Roguelite
1421290,Battle Shapers,"Dec 4, 2024",2024-12-04,2024,80,985,"1663,3959,42804,1774,353880,4252,1716",2499,0,Action Roguelike;Roguelike;Roguelite
3011360,Primordialis,"Jul 2, 2025",2025-07-02,2025,93,988,"493,599,3968,42804,30358,3834,1716",1999,0,Action Roguelike;Roguelike;Roguelite
2113040,RUNGORE,"May 16, 2024",2024-05-16,2024,85,993,"9271,492,1666,791774,3813,4026,4711",1499,0,Roguelike;Roguelike Deckbuilder;Roguelite
1457080,The Mageseeker: A League of Legends Story™,"Apr 18, 2023",2023-04-18,2023,82,1004,"122,3964,3871,1646,4182,1684,4057",2999,0,Action Roguelike;Roguelike
877010,Beyond Contact,"Apr 4, 2023",2023-04-04,2023,71,1005,"1100689,21,1662,1685,492,7332,1702",1999,0,Roguelike
1515640,Arcadegeddon,"Jul 18, 2023",2023-07-18,2023,76,1009,"3959,1773,19,3814,1774,4305,353880",0,,Action Roguelike;Roguelite
3586660,Word Play,"Jul 14, 2025",2025-07-14,2025,89,1012,"597,24003,71389,1716,1674,3871,31275",799,0,Roguelike
2770460,Lunavania,"Jan 23, 2025",2025-01-23,2025,87,1015,"42804,122,19,1774,21,3871,4182",999,0,Action Roguelike
2258890,Xanadu Land,"Aug 2, 2025",2025-08-02,2025,83,1026,"128,4508,4885,113,1716,3859,1734",0,,Roguelike
3411020,Villages & Dungeons,"May 19, 2025",2025-05-19,2025,91,1041,"32322,1716,1084988,1677,1720,9,198631",699,0,Roguelike
1668690,Alina of the Arena,"Oct 13, 2022",2022-10-13,2022,92,1047,"1091588,1716,14139,1717,1666,3959,9",1499,0,Roguelike;Roguelike Deckbuilder;Roguelite
1755830,Astrea: Six-Sided Oracles,"Sep 21, 2023",2023-09-21,2023,94,1054,"7556,1091588,791774,1666,1716,1677,9",2499,0,Roguelike;Roguelike Deckbuilder;Roguelite
1347970,Patch Quest,"Mar 2, 2023",2023-03-02,2023,95,1057,"21,916648,3959,4885,7332,4255,5547",1499,0,Action Roguelike;Roguelike;Roguelite
1402120,9 Years of Shadows,"Mar 27, 2023",2023-03-27,2023,76,1070,"1628,1625,3798,1684,4085,3964,4231",1999,0,Action Roguelike
2788310,Twilight Survivors,"Apr 1, 2024",2024-04-01,2024,89,1073,"42804,4885,4255,492,4231,3959,3993",299,0,Action Roguelike;Roguelike;Roguelite
2196790,Jianghu Survivor,"May 31, 2023",2023-05-31,2023,86,1076,"597,19,122,4106,42804,1716,3871",699,0,Action Roguelike;Roguelike
3458620,轮回修仙传,"Nov 28, 2025",2025-11-28,2025,81,1085,"760247,122,599,6426,6971,3959,4325",499,0,Roguelite
2226730,OVIS LOOP,"Aug 14, 2025",2025-08-14,2025,88,1091,"493,3871,42804,3964,21,4711,1646",1699,0,Action Roguelike;Roguelike;Roguelite
1479140,AK-xolotl: Together,"Sep 14, 2023",2023-09-14,2023,75,1096,"4182,4885,42804,3964,1716,4726,4026",1899,0,Action Roguelike;Roguelike;Roguelite
2334170,Metal Bringer,"Mar 11, 2025",2025-03-11,2025,87,1119,"4821,42804,1646,4777,3959,1720,4747",1999,0,Action Roguelike;Roguelite
3861280,挂机手游模拟器,"Jul 29, 2025",2025-07-29,2025,91,1119,"9,597,615955,4236,1741,3959,599",299,0,Roguelite
1579880,The Light Brigade: Definitive Edition,"Feb 22, 2023",2023-02-22,2023,88,1128,"21978,19,1774,3968,4182,3839,1663",2499,0,Roguelike;Roguelite
1803400,Beneath Oresa,"Sep 27, 2023",2023-09-27,2023,78,1128,"1091588,32322,1666,9,1716,4191,6815",749,70,Roguelike;Roguelike Deckbuilder;Roguelite
1618380,Spellmasons,"Jan 31, 2023",2023-01-31,2023,91,1130,"1716,1708,1677,3843,9,5765,492",1999,0,Roguelike;Roguelite
1812060,Yokai Art: Night Parade of One Hundred Demons,"Sep 28, 2022",2022-09-28,2022,89,1133,"12095,3959,1645,9,3813,4182,597",699,0,Roguelike;Roguelite
2078230,"Badlands Crew - Drive, Command, Conquer","Apr 28, 2025",2025-04-28,2025,78,1134,"11104,9,1643,3835,492,19,4684",1899,0,Roguelite
2216130,沉默的蟋蟀,"Jul 19, 2023",2023-07-19,2023,88,1135,"916648,3959,6691,7743,5652,14720,9",1499,0,Roguelite
3093400,Knightica,"Aug 21, 2025",2025-08-21,2025,74,1137,"1084988,1645,32322,1677,1716,791774,6276",1499,0,Roguelike;Roguelite
2868860,Card Survival: Fantasy Forest,"Feb 28, 2025",2025-02-28,2025,76,1141,"493,599,1100689,1662,10235,3810,122",2199,0,Roguelike
1608290,GNOSIA,"Jan 23, 2022",2022-01-23,2022,93,1145,"3799,1742,4085,10679,3942,4182,5716",2499,0,Roguelite
1375900,Swarm Grinder,"Apr 22, 2024",2024-04-22,2024,76,1169,"1716,3959,42804,4885,4821,5125,3871",799,56,Action Roguelike;Roguelike;Roguelite
2735630,Frostrain,"Jan 10, 2024",2024-01-10,2024,88,1183,"1091588,9,1616,32322,3835,599,1716",0,,Roguelike;Roguelike Deckbuilder
3177890,Rana Card,"Sep 15, 2025",2025-09-15,2025,89,1183,"597,1666,3959,32322,9,22602,3871",1299,0,Roguelike Deckbuilder;Roguelite
2332210,Born Again,"Dec 15, 2023",2023-12-15,2023,83,1189,"19,1754,122,3964,21,1716,128",0,,Action Roguelike;Roguelike;Roguelite
4067130,Drifter Star: Evolution,"Dec 10, 2025",2025-12-10,2025,72,1190,"1755,597,492,3968,9,1654,21",399,0,Roguelike
3617620,My Card Is Better Than Your Card!,"Oct 6, 2025",2025-10-06,2025,94,1193,"1716,1666,32322,1677,9,1091588,3959",1499,0,Roguelike;Roguelike Deckbuilder;Roguelite
3480990,There Are No Orcs,"Nov 5, 2025",2025-11-05,2025,93,1197,"1676,1084988,1645,4328,1666,9,4684",899,0,Roguelite
3649580,FrostBound,"Nov 26, 2025",2025-11-26,2025,82,1197,"32322,1666,1716,9,1741,4182,4172",1499,0,Roguelike;Roguelite
2400160,Glyphica: Typing Survival,"Oct 9, 2024",2024-10-09,2024,92,1210,"493,1674,42804,5547,4885,4637,19",999,0,Action Roguelike;Roguelike;Roguelite
2226700,挂姬恶魔 IDLE DEVILS,"Jan 30, 2024",2024-01-30,2024,79,1225,"4236,122,492,6650,3959,615955,597",399,0,Roguelite
1709900,Tower Tactics: Liberation,"Feb 6, 2023",2023-02-06,2023,88,1227,"1645,1091588,791774,1666,1716,32322,9",1299,0,Roguelike;Roguelike Deckbuilder;Roguelite
1674890,👑 Idle Calibur 👑（选王之剑）,"Jan 14, 2022",2022-01-14,2022,86,1243,"492,3959,615955,9,4085,4684,3964",799,0,Action Roguelike;Roguelike;Roguelite
1226510,Trigon: Space Story,"Apr 28, 2022",2022-04-28,2022,67,1247,"5851,1716,1755,9,4182,4486,8945",1999,0,Roguelike
357330,Space Beast Terror Fright,"Jun 3, 2022",2022-06-03,2022,91,1256,"42804,19,1667,492,1685,1663,1673",1499,0,Action Roguelike;Roguelike;Roguelite
1100930,Legioncraft,"Aug 19, 2022",2022-08-19,2022,78,1257,"492,9,122,3959,21,493,17305",1399,0,Roguelite
1955830,Touhou Hero of Ice Fairy,"Apr 3, 2024",2024-04-03,2024,97,1260,"4885,4085,7208,3798,3959,4726,1625",342,51,Roguelite
2621150,Lizard Survivors: Battle for Hyperborea,"Nov 16, 2023",2023-11-16,2023,85,1286,"3964,4885,4604,3959,3871,492,4004",99,0,Action Roguelike;Roguelite
1830970,The Last Flame,"Jan 9, 2025",2025-01-09,2025,90,1288,"1084988,1716,9,1708,1741,1717,21",1999,0,Roguelike
585020,Big Bia,"Jun 10, 2022",2022-06-10,2022,69,1296,"9,3959,4325,1716,1732,1666,1770",1499,0,Roguelike;Roguelite
1227280,Despot's Game: Dystopian Battle Simulator,"Sep 29, 2022",2022-09-29,2022,82,1307,"1084988,3964,1716,1708,492,14139,122",1999,0,Roguelike;Roguelite
1296830,暖雪 Warm Snow,"Jan 18, 2022",2022-01-18,2022,94,1311,"42804,3959,6915,4106,1716,3871,4791",1799,0,Action Roguelike;Roguelike;Roguelite
1232580,Knock on the Coffin Lid,"Aug 8, 2024",2024-08-08,2024,80,1320,"1684,4604,1659,1091588,1666,791774,1716",2499,0,Roguelike;Roguelike Deckbuilder;Roguelite
2934220,Monsters are Coming!,"Nov 20, 2025",2025-11-20,2025,81,1326,"19,1645,3959,4791,4885,42804,3993",899,0,Action Roguelike;Roguelite
3832630,Wheelchair Wizards,"Jul 30, 2025",2025-07-30,2025,97,1341,"1775,4057,4136,3871,1716,19,3964",0,,Action Roguelike;Roguelike
3339780,Desktop Survivors 98,"May 20, 2025",2025-05-20,2025,94,1344,"42804,4885,19,597,1720,3871,1716",499,0,Action Roguelike;Roguelike
2289650,Mini Airways - ATC simulator,"Jul 30, 2024",2024-07-30,2024,92,1353,"599,15045,9,597,16689,10383,4094",999,0,Roguelike
3361510,Coal LLC,"Sep 11, 2025",2025-09-11,2025,92,1354,"12472,5981,3959,4845,4695,16689,1716",1499,0,Roguelike;Roguelite
4005560,Maktala: Slime Lootfest,"Nov 21, 2025",2025-11-21,2025,79,1354,"560542,4236,615955,122,19,3959,9",499,0,Roguelike;Roguelite
1059980,Just King,"Dec 19, 2023",2023-12-19,2023,89,1362,"3959,9,1084988,5547,1708,1716,32322",499,0,Action Roguelike;Roguelike;Roguelite
3352240,Raiders of Blackveil,"Dec 15, 2025",2025-12-15,2025,61,1393,"42804,3959,3859,4236,4791,3843,1720",1999,0,Action Roguelike;Roguelike;Roguelite
2499520,Be My Horde,"Jun 18, 2024",2024-06-18,2024,84,1404,"492,42804,723991,4885,493,3959,1084988",999,0,Action Roguelike;Roguelike;Roguelite
1135810,Vault of the Void,"Oct 4, 2022",2022-10-04,2022,93,1412,"492,1091588,32322,6426,9,791774,1666",1799,0,Roguelike;Roguelike Deckbuilder;Roguelite
2118810,Breachway,"Sep 26, 2024",2024-09-26,2024,74,1420,"9,1716,1666,32322,1091588,791774,4325",1999,0,Roguelike;Roguelike Deckbuilder;Roguelite
2093910,Time Walker: Dark World,"Nov 29, 2023",2023-11-29,2023,85,1434,"1084988,3959,1741,4747,8945,3964,9",499,0,Roguelike;Roguelite
3503440,Astro Prospector,"Jul 14, 2025",2025-07-14,2025,94,1446,"560542,1716,597,3959,42804,4885,723991",499,0,Action Roguelike;Roguelike;Roguelite
2929730,Cat Bait,"Aug 27, 2024",2024-08-27,2024,96,1451,"17894,492,4726,3964,1721,4885,9130",499,0,Action Roguelike;Roguelike;Roguelite
3028310,Nordhold,"Mar 25, 2025",2025-03-25,2025,85,1460,"1645,9,3959,4604,1741,1716,492",1999,0,Roguelike;Roguelite
2435090,Talented,"Dec 20, 2024",2024-12-20,2024,91,1477,"42804,3964,3959,4255,4004,492,3871",599,0,Action Roguelike;Roguelike;Roguelite
2106670,Gatekeeper,"Aug 1, 2025",2025-08-01,2025,84,1486,"1685,4182,1716,4885,492,21,42804",1499,0,Action Roguelike;Roguelike;Roguelite
1929870,Nomad Survival,"Oct 8, 2022",2022-10-08,2022,87,1517,"42804,3959,4885,1084988,6730,723991,1716",349,30,Action Roguelike;Roguelike;Roguelite
2501600,DICEOMANCER,"Oct 9, 2024",2024-10-09,2024,95,1520,"9,1666,1091588,791774,4305,1716,32322",1499,0,Roguelike;Roguelike Deckbuilder;Roguelite
1914580,Spirit Hunters: Infinite Horde,"Jun 20, 2023",2023-06-20,2023,78,1541,"723991,42804,3959,19,4231,4885,4604",799,0,Action Roguelike;Roguelike;Roguelite
1711610,Dungeon 100,"Aug 10, 2023",2023-08-10,2023,81,1563,"17305,1084988,32322,1716,1759,122,9",1199,0,Roguelike
1990110,SpellRogue,"Apr 24, 2025",2025-04-24,2025,86,1573,"32322,7556,1091588,791774,4026,1666,3959",1999,0,Roguelike;Roguelike Deckbuilder;Roguelite
2288470,Aethermancer,"Sep 23, 2025",2025-09-23,2025,93,1618,"493,1716,916648,1677,10695,9,4434",2599,0,Roguelike;Roguelite
1043260,Gladiator Guild Manager,"Jun 22, 2024",2024-06-22,2024,80,1634,"1084988,9,12472,122,1708,17305,4172",1499,0,Roguelite
2455060,Taboo Trial,"Jul 31, 2023",2023-07-31,2023,83,1655,"7208,12095,122,6650,42804,492,19",1499,0,Action Roguelike;Roguelike;Roguelite
3177920,PUMPKIN PANIC,"Oct 30, 2024",2024-10-30,2024,95,1679,"113,1667,22602,4182,1759,4726,87918",0,,Roguelike
1863750,挂机神话,"Apr 6, 2023",2023-04-06,2023,90,1693,"615955,597,24003,4236,9,560542,31275",199,0,Roguelike;Roguelite
1534980,Terminus: Zombie Survivors,"Aug 19, 2024",2024-08-19,2024,94,1723,"1662,1659,1716,1100689,1741,1695,3810",1999,0,Roguelike
1761380,Otherworld Legends,"Oct 30, 2024",2024-10-30,2024,67,1726,"1685,122,19,1716,3964,3859,492",0,,Roguelike;Roguelite
1260590,Hadean Tactics,"Aug 24, 2023",2023-08-24,2023,89,1728,"1091588,1084988,791774,1716,1666,32322,1720",1999,0,Roguelike;Roguelike Deckbuilder;Roguelite
3772810,Desktop Defender,"Nov 4, 2025",2025-11-04,2025,92,1768,"1320952,615955,560542,1084988,1645,597,3964",499,0,Roguelike;Roguelite
1951230,Pizza Possum,"Sep 28, 2023",2023-09-28,2023,93,1808,"21,3834,9,4305,4191,4791,3964",279,60,Roguelike;Roguelite
1280930,Astral Ascent,"Nov 14, 2023",2023-11-14,2023,95,1817,"42804,3959,1646,492,4166,4711,4026",2499,0,Action Roguelike;Roguelike;Roguelite
1367300,Blade Assault,"Jan 17, 2022",2022-01-17,2022,74,1818,"19,1716,3964,1625,5379,4106,4115",1799,0,Action Roguelike;Roguelike;Roguelite
2689470,CRUEL,"Jan 9, 2025",2025-01-09,2025,95,1824,"19,3839,1716,1023537,5125,1774,1759",999,0,Roguelike
981430,Gordian Quest,"Jun 23, 2022",2022-06-23,2022,87,1841,"122,1666,791774,9,21,4711,1677",1999,0,Roguelike;Roguelike Deckbuilder
659540,Warsim: The Realm of Aslona,"Dec 20, 2022",2022-12-20,2022,96,1842,"31275,599,122,9,5125,492,4182",999,0,Roguelike
615120,COMPOUND,"Jul 19, 2022",2022-07-19,2022,97,1858,"19,3959,21978,492,4004,1774,1663",1999,0,Action Roguelike;Roguelike;Roguelite
1782460,Hell Clock,"Jul 22, 2025",2025-07-22,2025,83,1858,"4342,42804,1720,4598,492,1759,4231",1999,0,Action Roguelike
2097230,Turnip Boy Robs a Bank,"Jan 18, 2024",2024-01-18,2024,95,1893,"4255,4637,3959,4106,1716,1646,4758",1499,0,Roguelike;Roguelite
3238670,Conquest Dark,"Apr 30, 2025",2025-04-30,2025,90,1944,"723991,19,4231,3959,42804,4885,122",999,45,Action Roguelike;Roguelike;Roguelite
1245430,Golden Light,"Mar 11, 2022",2022-03-11,2022,91,1959,"4191,19,4182,1687,21,5125,3916",1999,0,Roguelike;Roguelite
727130,Between the Stars,"Mar 7, 2024",2024-03-07,2024,75,1966,"1755,122,19,599,492,9,21",2999,0,Roguelite
2206270,Vampire Hunters,"Oct 30, 2024",2024-10-30,2024,89,1966,"723991,42804,1663,3959,4885,1023537,1662",449,70,Action Roguelike;Roguelike;Roguelite
2193540,Wizard of Legend 2,"Jun 12, 2025",2025-06-12,2025,53,1972,"42804,3843,1716,1720,1646,3859,1734",2499,0,Action Roguelike;Roguelike;Roguelite
1866880,Cultivation Story: Reincarnation,"Jan 30, 2023",2023-01-30,2023,92,1993,"122,42804,3959,4885,19,1716,3871",999,0,Action Roguelike;Roguelike;Roguelite
1710100,Bing in Wonderland,"Jan 12, 2023",2023-01-12,2023,97,2020,"597,5379,6815,4195,4726,4305,492",899,0,Action Roguelike;Roguelite
1915510,Yao-Guai Hunter,"Apr 17, 2025",2025-04-17,2025,83,2087,"1091588,1666,4711,1716,791774,4195,1677",1699,0,Roguelike;Roguelike Deckbuilder;Roguelite
2827200,MIMESIS,"Oct 27, 2025",2025-10-27,2025,78,2110,"493,3843,745697,1721,4136,6730,3835",999,0,Roguelite
2464530,VOIN,"Dec 10, 2024",2024-12-10,2024,94,2130,"493,19,1646,42804,122,29482,4231",1999,0,Action Roguelike;Roguelike;Roguelite
3925760,Unfair Flips,"Sep 25, 2025",2025-09-25,2025,88,2263,"597,560542,599,3871,3964,4305,4845",199,0,Roguelike
1286580,Ship of Fools,"Nov 22, 2022",2022-11-22,2022,87,2264,"3841,3843,42804,3959,7368,1685,4637",999,75,Action Roguelike;Roguelike;Roguelite
2273980,Orcs Must Die! Deathtrap,"Jan 28, 2025",2025-01-28,2025,73,2400,"1645,1685,3959,3814,19,9,3968",2999,0,Action Roguelike;Roguelite
2726450,Windowkill,"Feb 23, 2024",2024-02-23,2024,96,2494,"19,492,42804,4885,1773,3871,4758",499,0,Action Roguelike;Roguelite
992300,嗜血印 Bloody Spell,"Jan 26, 2022",2022-01-26,2022,86,2514,"6650,12095,7208,4231,1646,19,6915",2499,0,Action Roguelike;Roguelike;Roguelite
1188930,Chrono Ark,"May 2, 2024",2024-05-02,2024,93,2624,"1091588,4085,122,9,492,21,3959",2499,0,Roguelike;Roguelike Deckbuilder;Roguelite
1763250,SWORN,"Sep 23, 2025",2025-09-23,2025,82,2696,"3959,1685,492,42804,1646,19,3843",1053,66,Action Roguelike;Roguelike;Roguelite
2128270,Path of Achra,"May 7, 2024",2024-05-07,2024,97,2879,"1716,4747,4325,122,1720,1759,454187",999,0,Roguelike;Traditional Roguelike
1993150,轮回修仙路,"Jun 19, 2023",2023-06-19,2023,82,2950,"3834,15045,5395,760247,3959,3810,1755",1699,0,Roguelike;Roguelite
3247750,Mycopunk,"Jul 10, 2025",2025-07-10,2025,91,2999,"19,1663,3843,1774,6730,353880,4305",1499,0,Roguelike
2820820,Jotunnslayer: Hordes of Hel,"Sep 3, 2025",2025-09-03,2025,84,3036,"42804,723991,3959,1646,4231,1716,597",899,53,Action Roguelike;Roguelike;Roguelite
2289750,Super Fantasy Kingdom,"Oct 24, 2025",2025-10-24,2025,87,3092,"9,1716,3959,1684,122,1666,32322",1999,0,Roguelike;Roguelike Deckbuilder;Roguelite
1197260,The Perfect Tower II,"Nov 30, 2025",2025-11-30,2025,85,3309,"1645,615955,9,255534,8945,19,8093",0,,Roguelike
1721110,Abyssus,"Aug 12, 2025",2025-08-12,2025,87,3623,"1663,1685,1716,3843,3959,6730,3859",2499,0,Action Roguelike;Roguelike;Roguelite
2103140,Magicraft,"Nov 1, 2024",2024-11-01,2024,95,3643,"42804,3959,4885,353880,1716,17305,122",1199,25,Action Roguelike;Roguelike;Roguelite
2088250,瘟疫清零计划 Project Zero,"Sep 11, 2022",2022-09-11,2022,92,3713,"42804,1659,113,4182,1716,19,9",0,,Action Roguelike;Roguelike
2824490,He is Coming,"Jul 17, 2025",2025-07-17,2025,84,3853,"9,1716,3959,1720,1684,122,1666",1999,0,Roguelike;Roguelike Deckbuilder;Roguelite
1944570,Boneraiser Minions,"Mar 9, 2023",2023-03-09,2023,96,4012,"42804,4885,3964,3959,3871,12686,723991",499,0,Action Roguelike;Roguelike;Roguelite
1740720,Have a Nice Death,"Mar 22, 2023",2023-03-22,2023,87,4200,"42804,1646,3871,4182,4136,19,5379",2499,0,Action Roguelike;Roguelike;Roguelite
3631290,Slots & Daggers,"Oct 24, 2025",2025-10-24,2025,93,4507,"9,597,1716,4604,6691,16250,3959",799,0,Roguelike;Roguelite
1494810,Mortal Sin,"Aug 29, 2025",2025-08-29,2025,94,4580,"3839,42804,1720,1646,122,492,19",2499,0,Action Roguelike;Roguelike;Roguelite
1904480,Absolum,"Oct 9, 2025",2025-10-09,2025,93,4731,"4158,3959,3841,1684,6815,1685,19",2499,0,Action Roguelike;Roguelite
2273430,BlazBlue Entropy Effect,"Feb 14, 2024",2024-02-14,2024,94,4734,"42804,3871,19,4106,1625,4711,3964",1199,40,Action Roguelike
2111190,MULLET MADJACK,"May 15, 2024",2024-05-15,2024,97,4810,"1663,1023537,1734,1773,19,4115,4182",1999,0,Roguelite
1911610,Windblown,"Oct 24, 2024",2024-10-24,2024,92,4921,"42804,1646,3843,3959,3993,1628,1734",2499,0,Action Roguelike;Roguelike;Roguelite
2742830,Monster Train 2,"May 21, 2025",2025-05-21,2025,95,5062,"1091588,1666,1716,32322,1741,9,14139",2499,0,Roguelike;Roguelike Deckbuilder
1063420,Void Crew,"Nov 25, 2024",2024-11-25,2024,88,5113,"1685,16598,3859,3959,6730,4747,21",2499,0,Roguelite
1404850,Luck be a Landlord,"Jan 6, 2023",2023-01-06,2023,94,5332,"1091588,32322,3959,9,5125,3964,599",999,0,Roguelike;Roguelike Deckbuilder;Roguelite
2427700,Backpack Battles,"Jun 13, 2025",2025-06-13,2025,92,5585,"1084988,6276,9,1775,1091588,17770,3859",1499,0,Roguelike;Roguelike Deckbuilder
1461810,《蜀山：初章》买断版,"Nov 17, 2022",2022-11-17,2022,74,5771,"128,1695,1716,122,4747,4202,4486",2499,0,Roguelike
1147860,UFO 50,"Sep 18, 2024",2024-09-18,2024,95,6571,"492,3964,4004,19,3871,1773,9",2499,0,Roguelike
1473350,(the) Gnorp Apologue,"Dec 14, 2023",2023-12-14,2023,95,7394,"560542,615955,9,1643,4695,12472,3959",699,0,Roguelike;Roguelite
2088570,Tiny Rogues,"Sep 23, 2022",2022-09-23,2022,96,7675,"42804,4885,4711,4637,4026,3959,1720",999,0,Action Roguelike;Roguelike;Roguelite
1253920,Rogue Legacy 2,"Apr 28, 2022",2022-04-28,2022,91,7717,"1773,1628,1625,19,492,21,3959",2499,0,Action Roguelike;Roguelike;Roguelite
1385380,Across the Obelisk,"Aug 16, 2022",2022-08-16,2022,81,7869,"597,21,1708,1741,1091588,1666,1716",1999,0,Roguelike;Roguelike Deckbuilder;Roguelite
2138710,Sifu,"Mar 28, 2023",2023-03-28,2023,92,8268,"19,6915,4158,4026,1697,4182,29482",3999,39,Action Roguelike;Roguelike
1757300,Jump Space,"Sep 19, 2025",2025-09-19,2025,87,8286,"1685,6730,1755,3942,1663,3959,3839",1999,0,Roguelite
2071280,Ravenswatch,"Sep 26, 2024",2024-09-26,2024,85,8424,"1716,1685,42804,3843,19,3859,3959",2499,0,Action Roguelike;Roguelike;Roguelite
2784470,9 Kings,"May 23, 2025",2025-05-23,2025,92,10112,"9,1716,1666,32322,1091588,3859,4325",1999,0,Roguelike;Roguelike Deckbuilder;Roguelite
1296610,Peglin,"Aug 27, 2024",2024-08-27,2024,88,10304,"32322,1716,3959,6621,1677,9,1759",1999,0,Roguelike;Roguelite
3167020,Escape From Duckov,"Oct 16, 2025",2025-10-16,2025,93,10665,"21,19,1199779,353880,4637,1774,3834",1799,0,Action Roguelike;Roguelite
1948280,Stacklands,"Apr 8, 2022",2022-04-08,2022,95,11952,"1666,12472,1662,3959,791774,4328,9",799,0,Roguelite
3314790,CloverPit,"Sep 26, 2025",2025-09-26,2025,90,12743,"16250,1716,3959,1721,9,3839,1667",999,0,Roguelike;Roguelite
692890,Roboquest,"Nov 7, 2023",2023-11-07,2023,95,13727,"1663,42804,3959,1774,3843,1685,1734",2499,0,Action Roguelike;Roguelike;Roguelite
1569580,Blue Prince,"Apr 10, 2025",2025-04-10,2025,85,14712,"1664,5716,3834,8369,3959,4182,1742",2999,0,Roguelike;Roguelite
2062430,BALL x PIT,"Oct 15, 2025",2025-10-15,2025,95,15553,"19,3959,1773,4885,1716,42804,4255",989,34,Action Roguelike;Roguelike;Roguelite
3191030,Nubby's Number Factory,"Mar 7, 2025",2025-03-07,2025,97,16931,"1716,9,1710,1773,4182,1721,4252",499,0,Roguelike;Roguelite
2835570,Buckshot Roulette,"Apr 4, 2024",2024-04-04,2024,95,36370,"3859,4342,16250,1667,3839,9,4182",299,0,Roguelike;Roguelite
1868140,DAVE THE DIVER,"Jun 28, 2023",2023-06-28,2023,96,51182,"3964,12472,597,21,1654,3834,4182",1999,0,Roguelite
3405340,Megabonk,"Sep 18, 2025",2025-09-18,2025,93,58316,"723991,42804,1716,3959,492,4885,4236",599,40,Action Roguelike;Roguelike;Roguelite
1313140,Cult of the Lamb,"Aug 11, 2022",2022-08-11,2022,96,61063,"7332,42804,4726,52406,4182,1720,3959",2499,0,Action Roguelike;Roguelite
1145350,Hades II,"Sep 25, 2025",2025-09-25,2025,96,65825,"19,1716,3959,1646,16094,42804,7208",2099,30,Action Roguelike;Roguelike;Roguelite
2379780,Balatro,"Feb 20, 2024",2024-02-20,2024,98,104698,"1666,1716,1091588,32322,4182,9,3964",1499,0,Roguelike;Roguelike Deckbuilder;Roguelite
1794680,Vampire Survivors,"Oct 20, 2022",2022-10-20,2022,98,128142,"42804,4885,3959,3964,12686,3871,492",499,0,Action Roguelike;Roguelike;Roguelite
